2026-04-10 00:00:14.837 INFO  [http-nio-8080-exec-10] o.h.e.i.StatisticalLoggingSessionEventListener - Session Metrics {
    725900 nanoseconds spent acquiring 1 JDBC connections;
    0 nanoseconds spent releasing 0 JDBC connections;
    1759800 nanoseconds spent preparing 3 JDBC statements;
    46198700 nanoseconds spent executing 3 JDBC statements;
    0 nanoseconds spent executing 0 JDBC batches;
    0 nanoseconds spent performing 0 L2C puts;
    0 nanoseconds spent performing 0 L2C hits;
    0 nanoseconds spent performing 0 L2C misses;
    78387500 nanoseconds spent executing 1 flushes (flushing a total of 2 entities and 1 collections);
    0 nanoseconds spent executing 0 pre-partial-flushes;
    0 nanoseconds spent executing 0 partial-flushes (flushing a total of 0 entities and 0 collections)
}
2026-04-10 00:00:14.855 INFO  [http-nio-8080-exec-5] o.h.e.i.StatisticalLoggingSessionEventListener - Session Metrics {
    1004800 nanoseconds spent acquiring 1 JDBC connections;
    0 nanoseconds spent releasing 0 JDBC connections;
    1194600 nanoseconds spent preparing 1 JDBC statements;
    2082600 nanoseconds spent executing 1 JDBC statements;
    0 nanoseconds spent executing 0 JDBC batches;
    0 nanoseconds spent performing 0 L2C puts;
    0 nanoseconds spent performing 0 L2C hits;
    0 nanoseconds spent performing 0 L2C misses;
    0 nanoseconds spent executing 0 flushes (flushing a total of 0 entities and 0 collections);
    0 nanoseconds spent executing 0 pre-partial-flushes;
    0 nanoseconds spent executing 0 partial-flushes (flushing a total of 0 entities and 0 collections)
}
2026-04-10 00:00:28.861 INFO  [SpringApplicationShutdownHook] o.s.b.w.e.tomcat.GracefulShutdown - Commencing graceful shutdown. Waiting for active requests to complete
2026-04-10 00:00:29.121 INFO  [tomcat-shutdown] o.s.b.w.e.tomcat.GracefulShutdown - Graceful shutdown complete
2026-04-10 00:00:29.147 INFO  [SpringApplicationShutdownHook] o.s.o.j.LocalContainerEntityManagerFactoryBean - Closing JPA EntityManagerFactory for persistence unit 'default'
2026-04-10 00:00:29.149 INFO  [SpringApplicationShutdownHook] com.zaxxer.hikari.HikariDataSource - HikariPool-1 - Shutdown initiated...
2026-04-10 00:00:29.528 INFO  [SpringApplicationShutdownHook] com.zaxxer.hikari.HikariDataSource - HikariPool-1 - Shutdown completed.
2026-04-10 00:05:38.259 INFO  [main] t.report.mainapp.MainAppApplication - Starting MainAppApplication using Java 18.0.2 with PID 19864 (D:\06-05-2025\report\main-app\target\classes started by Precision 7540 in D:\06-05-2025\report)
2026-04-10 00:05:38.262 INFO  [main] t.report.mainapp.MainAppApplication - No active profile set, falling back to 1 default profile: "default"
2026-04-10 00:05:39.474 INFO  [main] o.s.d.r.c.RepositoryConfigurationDelegate - Multiple Spring Data modules found, entering strict repository configuration mode
2026-04-10 00:05:39.475 INFO  [main] o.s.d.r.c.RepositoryConfigurationDelegate - Bootstrapping Spring Data JPA repositories in DEFAULT mode.
2026-04-10 00:05:39.497 INFO  [main] o.s.d.r.c.RepositoryConfigurationDelegate - Finished Spring Data repository scanning in 13 ms. Found 0 JPA repository interfaces.
2026-04-10 00:05:39.508 INFO  [main] o.s.d.r.c.RepositoryConfigurationDelegate - Multiple Spring Data modules found, entering strict repository configuration mode
2026-04-10 00:05:39.509 INFO  [main] o.s.d.r.c.RepositoryConfigurationDelegate - Bootstrapping Spring Data Redis repositories in DEFAULT mode.
2026-04-10 00:05:39.525 INFO  [main] o.s.d.r.c.RepositoryConfigurationDelegate - Finished Spring Data repository scanning in 5 ms. Found 0 Redis repository interfaces.
2026-04-10 00:05:40.201 INFO  [main] o.s.b.w.e.tomcat.TomcatWebServer - Tomcat initialized with port 8080 (http)
2026-04-10 00:05:40.223 INFO  [main] o.a.coyote.http11.Http11NioProtocol - Initializing ProtocolHandler ["http-nio-8080"]
2026-04-10 00:05:40.223 INFO  [main] o.a.catalina.core.StandardService - Starting service [Tomcat]
2026-04-10 00:05:40.224 INFO  [main] o.a.catalina.core.StandardEngine - Starting Servlet engine: [Apache Tomcat/10.1.42]
2026-04-10 00:05:40.314 INFO  [main] o.a.c.c.C.[Tomcat].[localhost].[/] - Initializing Spring embedded WebApplicationContext
2026-04-10 00:05:40.314 INFO  [main] o.s.b.w.s.c.ServletWebServerApplicationContext - Root WebApplicationContext: initialization completed in 2007 ms
2026-04-10 00:05:40.854 INFO  [main] com.zaxxer.hikari.HikariDataSource - HikariPool-1 - Starting...
2026-04-10 00:06:13.642 INFO  [main] com.zaxxer.hikari.pool.HikariPool - HikariPool-1 - Added connection oracle.jdbc.driver.T4CConnection@254513e8
2026-04-10 00:06:13.648 INFO  [main] com.zaxxer.hikari.HikariDataSource - HikariPool-1 - Start completed.
2026-04-10 00:06:13.749 INFO  [main] o.h.jpa.internal.util.LogHelper - HHH000204: Processing PersistenceUnitInfo [name: default]
2026-04-10 00:06:13.851 INFO  [main] org.hibernate.Version - HHH000412: Hibernate ORM core version 6.6.18.Final
2026-04-10 00:06:13.908 INFO  [main] o.h.c.i.RegionFactoryInitiator - HHH000026: Second-level cache disabled
2026-04-10 00:06:14.259 INFO  [main] o.s.o.j.p.SpringPersistenceUnitInfo - No LoadTimeWeaver setup: ignoring JPA class transformer
2026-04-10 00:06:14.592 INFO  [main] o.hibernate.orm.connections.pooling - HHH10001005: Database info:
	Database JDBC URL [Connecting through datasource 'HikariDataSource (HikariPool-1)']
	Database driver: undefined/unknown
	Database version: 19.3
	Autocommit mode: undefined/unknown
	Isolation level: undefined/unknown
	Minimum pool size: undefined/unknown
	Maximum pool size: undefined/unknown
2026-04-10 00:06:15.879 INFO  [main] o.h.e.t.j.p.i.JtaPlatformInitiator - HHH000489: No JTA platform available (set 'hibernate.transaction.jta.platform' to enable JTA platform integration)
2026-04-10 00:06:15.883 INFO  [main] o.s.o.j.LocalContainerEntityManagerFactoryBean - Initialized JPA EntityManagerFactory for persistence unit 'default'
2026-04-10 00:06:18.387 INFO  [main] o.s.b.a.e.web.EndpointLinksResolver - Exposing 3 endpoints beneath base path '/actuator'
2026-04-10 00:06:18.588 INFO  [main] o.a.coyote.http11.Http11NioProtocol - Starting ProtocolHandler ["http-nio-8080"]
2026-04-10 00:06:18.641 INFO  [main] o.s.b.w.e.tomcat.TomcatWebServer - Tomcat started on port 8080 (http) with context path '/'
2026-04-10 00:06:21.044 INFO  [http-nio-8080-exec-1] o.a.c.c.C.[Tomcat].[localhost].[/] - Initializing Spring DispatcherServlet 'dispatcherServlet'
2026-04-10 00:06:21.044 INFO  [http-nio-8080-exec-1] o.s.web.servlet.DispatcherServlet - Initializing Servlet 'dispatcherServlet'
2026-04-10 00:06:21.047 INFO  [http-nio-8080-exec-1] o.s.web.servlet.DispatcherServlet - Completed initialization in 2 ms
2026-04-10 00:06:21.855 INFO  [http-nio-8080-exec-3] o.h.e.i.StatisticalLoggingSessionEventListener - Session Metrics {
    1397200 nanoseconds spent acquiring 1 JDBC connections;
    0 nanoseconds spent releasing 0 JDBC connections;
    32594800 nanoseconds spent preparing 1 JDBC statements;
    12012400 nanoseconds spent executing 1 JDBC statements;
    0 nanoseconds spent executing 0 JDBC batches;
    0 nanoseconds spent performing 0 L2C puts;
    0 nanoseconds spent performing 0 L2C hits;
    0 nanoseconds spent performing 0 L2C misses;
    0 nanoseconds spent executing 0 flushes (flushing a total of 0 entities and 0 collections);
    0 nanoseconds spent executing 0 pre-partial-flushes;
    0 nanoseconds spent executing 0 partial-flushes (flushing a total of 0 entities and 0 collections)
}
2026-04-10 00:06:21.861 INFO  [http-nio-8080-exec-4] o.h.e.i.StatisticalLoggingSessionEventListener - Session Metrics {
    150970400 nanoseconds spent acquiring 1 JDBC connections;
    0 nanoseconds spent releasing 0 JDBC connections;
    151204600 nanoseconds spent preparing 1 JDBC statements;
    2086100 nanoseconds spent executing 1 JDBC statements;
    0 nanoseconds spent executing 0 JDBC batches;
    0 nanoseconds spent performing 0 L2C puts;
    0 nanoseconds spent performing 0 L2C hits;
    0 nanoseconds spent performing 0 L2C misses;
    0 nanoseconds spent executing 0 flushes (flushing a total of 0 entities and 0 collections);
    0 nanoseconds spent executing 0 pre-partial-flushes;
    0 nanoseconds spent executing 0 partial-flushes (flushing a total of 0 entities and 0 collections)
}
2026-04-10 00:06:28.243 INFO  [http-nio-8080-exec-6] o.h.e.i.StatisticalLoggingSessionEventListener - Session Metrics {
    925600 nanoseconds spent acquiring 1 JDBC connections;
    0 nanoseconds spent releasing 0 JDBC connections;
    1078000 nanoseconds spent preparing 1 JDBC statements;
    3271600 nanoseconds spent executing 1 JDBC statements;
    0 nanoseconds spent executing 0 JDBC batches;
    0 nanoseconds spent performing 0 L2C puts;
    0 nanoseconds spent performing 0 L2C hits;
    0 nanoseconds spent performing 0 L2C misses;
    0 nanoseconds spent executing 0 flushes (flushing a total of 0 entities and 0 collections);
    0 nanoseconds spent executing 0 pre-partial-flushes;
    0 nanoseconds spent executing 0 partial-flushes (flushing a total of 0 entities and 0 collections)
}
2026-04-10 00:06:28.247 INFO  [http-nio-8080-exec-7] o.h.e.i.StatisticalLoggingSessionEventListener - Session Metrics {
    9044100 nanoseconds spent acquiring 1 JDBC connections;
    0 nanoseconds spent releasing 0 JDBC connections;
    9246000 nanoseconds spent preparing 1 JDBC statements;
    1687700 nanoseconds spent executing 1 JDBC statements;
    0 nanoseconds spent executing 0 JDBC batches;
    0 nanoseconds spent performing 0 L2C puts;
    0 nanoseconds spent performing 0 L2C hits;
    0 nanoseconds spent performing 0 L2C misses;
    0 nanoseconds spent executing 0 flushes (flushing a total of 0 entities and 0 collections);
    0 nanoseconds spent executing 0 pre-partial-flushes;
    0 nanoseconds spent executing 0 partial-flushes (flushing a total of 0 entities and 0 collections)
}
2026-04-10 00:06:28.311 INFO  [http-nio-8080-exec-10] o.h.e.i.StatisticalLoggingSessionEventListener - Session Metrics {
    12966600 nanoseconds spent acquiring 1 JDBC connections;
    0 nanoseconds spent releasing 0 JDBC connections;
    13317500 nanoseconds spent preparing 2 JDBC statements;
    6838100 nanoseconds spent executing 2 JDBC statements;
    0 nanoseconds spent executing 0 JDBC batches;
    0 nanoseconds spent performing 0 L2C puts;
    0 nanoseconds spent performing 0 L2C hits;
    0 nanoseconds spent performing 0 L2C misses;
    0 nanoseconds spent executing 0 flushes (flushing a total of 0 entities and 0 collections);
    0 nanoseconds spent executing 0 pre-partial-flushes;
    0 nanoseconds spent executing 0 partial-flushes (flushing a total of 0 entities and 0 collections)
}
2026-04-10 00:06:28.321 INFO  [http-nio-8080-exec-9] o.h.e.i.StatisticalLoggingSessionEventListener - Session Metrics {
    77613200 nanoseconds spent acquiring 1 JDBC connections;
    0 nanoseconds spent releasing 0 JDBC connections;
    77928800 nanoseconds spent preparing 2 JDBC statements;
    6089900 nanoseconds spent executing 2 JDBC statements;
    0 nanoseconds spent executing 0 JDBC batches;
    0 nanoseconds spent performing 0 L2C puts;
    0 nanoseconds spent performing 0 L2C hits;
    0 nanoseconds spent performing 0 L2C misses;
    0 nanoseconds spent executing 0 flushes (flushing a total of 0 entities and 0 collections);
    0 nanoseconds spent executing 0 pre-partial-flushes;
    0 nanoseconds spent executing 0 partial-flushes (flushing a total of 0 entities and 0 collections)
}
2026-04-10 00:06:28.335 INFO  [http-nio-8080-exec-5] o.h.e.i.StatisticalLoggingSessionEventListener - Session Metrics {
    87755600 nanoseconds spent acquiring 1 JDBC connections;
    0 nanoseconds spent releasing 0 JDBC connections;
    88181200 nanoseconds spent preparing 2 JDBC statements;
    9467100 nanoseconds spent executing 2 JDBC statements;
    0 nanoseconds spent executing 0 JDBC batches;
    0 nanoseconds spent performing 0 L2C puts;
    0 nanoseconds spent performing 0 L2C hits;
    0 nanoseconds spent performing 0 L2C misses;
    0 nanoseconds spent executing 0 flushes (flushing a total of 0 entities and 0 collections);
    0 nanoseconds spent executing 0 pre-partial-flushes;
    0 nanoseconds spent executing 0 partial-flushes (flushing a total of 0 entities and 0 collections)
}
2026-04-10 00:06:28.345 INFO  [http-nio-8080-exec-8] o.h.e.i.StatisticalLoggingSessionEventListener - Session Metrics {
    101203600 nanoseconds spent acquiring 1 JDBC connections;
    0 nanoseconds spent releasing 0 JDBC connections;
    101577000 nanoseconds spent preparing 2 JDBC statements;
    5407100 nanoseconds spent executing 2 JDBC statements;
    0 nanoseconds spent executing 0 JDBC batches;
    0 nanoseconds spent performing 0 L2C puts;
    0 nanoseconds spent performing 0 L2C hits;
    0 nanoseconds spent performing 0 L2C misses;
    0 nanoseconds spent executing 0 flushes (flushing a total of 0 entities and 0 collections);
    0 nanoseconds spent executing 0 pre-partial-flushes;
    0 nanoseconds spent executing 0 partial-flushes (flushing a total of 0 entities and 0 collections)
}
2026-04-10 00:06:29.430 INFO  [http-nio-8080-exec-2] o.h.e.i.StatisticalLoggingSessionEventListener - Session Metrics {
    2348100 nanoseconds spent acquiring 1 JDBC connections;
    0 nanoseconds spent releasing 0 JDBC connections;
    2667900 nanoseconds spent preparing 2 JDBC statements;
    4727200 nanoseconds spent executing 2 JDBC statements;
    0 nanoseconds spent executing 0 JDBC batches;
    0 nanoseconds spent performing 0 L2C puts;
    0 nanoseconds spent performing 0 L2C hits;
    0 nanoseconds spent performing 0 L2C misses;
    0 nanoseconds spent executing 0 flushes (flushing a total of 0 entities and 0 collections);
    0 nanoseconds spent executing 0 pre-partial-flushes;
    0 nanoseconds spent executing 0 partial-flushes (flushing a total of 0 entities and 0 collections)
}
2026-04-10 00:06:29.453 INFO  [http-nio-8080-exec-1] o.h.e.i.StatisticalLoggingSessionEventListener - Session Metrics {
    40500 nanoseconds spent acquiring 1 JDBC connections;
    0 nanoseconds spent releasing 0 JDBC connections;
    327800 nanoseconds spent preparing 2 JDBC statements;
    5129500 nanoseconds spent executing 2 JDBC statements;
    0 nanoseconds spent executing 0 JDBC batches;
    0 nanoseconds spent performing 0 L2C puts;
    0 nanoseconds spent performing 0 L2C hits;
    0 nanoseconds spent performing 0 L2C misses;
    0 nanoseconds spent executing 0 flushes (flushing a total of 0 entities and 0 collections);
    0 nanoseconds spent executing 0 pre-partial-flushes;
    0 nanoseconds spent executing 0 partial-flushes (flushing a total of 0 entities and 0 collections)
}
2026-04-10 00:06:29.472 INFO  [http-nio-8080-exec-3] o.h.e.i.StatisticalLoggingSessionEventListener - Session Metrics {
    30000 nanoseconds spent acquiring 1 JDBC connections;
    0 nanoseconds spent releasing 0 JDBC connections;
    329300 nanoseconds spent preparing 2 JDBC statements;
    6694000 nanoseconds spent executing 2 JDBC statements;
    0 nanoseconds spent executing 0 JDBC batches;
    0 nanoseconds spent performing 0 L2C puts;
    0 nanoseconds spent performing 0 L2C hits;
    0 nanoseconds spent performing 0 L2C misses;
    0 nanoseconds spent executing 0 flushes (flushing a total of 0 entities and 0 collections);
    0 nanoseconds spent executing 0 pre-partial-flushes;
    0 nanoseconds spent executing 0 partial-flushes (flushing a total of 0 entities and 0 collections)
}
2026-04-10 00:06:29.479 INFO  [http-nio-8080-exec-4] o.h.e.i.StatisticalLoggingSessionEventListener - Session Metrics {
    11352600 nanoseconds spent acquiring 1 JDBC connections;
    0 nanoseconds spent releasing 0 JDBC connections;
    11637700 nanoseconds spent preparing 2 JDBC statements;
    3751800 nanoseconds spent executing 2 JDBC statements;
    0 nanoseconds spent executing 0 JDBC batches;
    0 nanoseconds spent performing 0 L2C puts;
    0 nanoseconds spent performing 0 L2C hits;
    0 nanoseconds spent performing 0 L2C misses;
    0 nanoseconds spent executing 0 flushes (flushing a total of 0 entities and 0 collections);
    0 nanoseconds spent executing 0 pre-partial-flushes;
    0 nanoseconds spent executing 0 partial-flushes (flushing a total of 0 entities and 0 collections)
}
2026-04-10 00:06:29.488 INFO  [http-nio-8080-exec-6] o.h.e.i.StatisticalLoggingSessionEventListener - Session Metrics {
    3245700 nanoseconds spent acquiring 1 JDBC connections;
    0 nanoseconds spent releasing 0 JDBC connections;
    3519000 nanoseconds spent preparing 2 JDBC statements;
    4946800 nanoseconds spent executing 2 JDBC statements;
    0 nanoseconds spent executing 0 JDBC batches;
    0 nanoseconds spent performing 0 L2C puts;
    0 nanoseconds spent performing 0 L2C hits;
    0 nanoseconds spent performing 0 L2C misses;
    0 nanoseconds spent executing 0 flushes (flushing a total of 0 entities and 0 collections);
    0 nanoseconds spent executing 0 pre-partial-flushes;
    0 nanoseconds spent executing 0 partial-flushes (flushing a total of 0 entities and 0 collections)
}
2026-04-10 00:06:29.494 INFO  [http-nio-8080-exec-7] o.h.e.i.StatisticalLoggingSessionEventListener - Session Metrics {
    3379100 nanoseconds spent acquiring 1 JDBC connections;
    0 nanoseconds spent releasing 0 JDBC connections;
    3672300 nanoseconds spent preparing 2 JDBC statements;
    3476600 nanoseconds spent executing 2 JDBC statements;
    0 nanoseconds spent executing 0 JDBC batches;
    0 nanoseconds spent performing 0 L2C puts;
    0 nanoseconds spent performing 0 L2C hits;
    0 nanoseconds spent performing 0 L2C misses;
    0 nanoseconds spent executing 0 flushes (flushing a total of 0 entities and 0 collections);
    0 nanoseconds spent executing 0 pre-partial-flushes;
    0 nanoseconds spent executing 0 partial-flushes (flushing a total of 0 entities and 0 collections)
}
2026-04-10 00:06:29.504 INFO  [http-nio-8080-exec-10] o.h.e.i.StatisticalLoggingSessionEventListener - Session Metrics {
    1973800 nanoseconds spent acquiring 1 JDBC connections;
    0 nanoseconds spent releasing 0 JDBC connections;
    2228600 nanoseconds spent preparing 2 JDBC statements;
    6593900 nanoseconds spent executing 2 JDBC statements;
    0 nanoseconds spent executing 0 JDBC batches;
    0 nanoseconds spent performing 0 L2C puts;
    0 nanoseconds spent performing 0 L2C hits;
    0 nanoseconds spent performing 0 L2C misses;
    0 nanoseconds spent executing 0 flushes (flushing a total of 0 entities and 0 collections);
    0 nanoseconds spent executing 0 pre-partial-flushes;
    0 nanoseconds spent executing 0 partial-flushes (flushing a total of 0 entities and 0 collections)
}
2026-04-10 00:06:29.511 INFO  [http-nio-8080-exec-9] o.h.e.i.StatisticalLoggingSessionEventListener - Session Metrics {
    4034700 nanoseconds spent acquiring 1 JDBC connections;
    0 nanoseconds spent releasing 0 JDBC connections;
    4295200 nanoseconds spent preparing 2 JDBC statements;
    3681800 nanoseconds spent executing 2 JDBC statements;
    0 nanoseconds spent executing 0 JDBC batches;
    0 nanoseconds spent performing 0 L2C puts;
    0 nanoseconds spent performing 0 L2C hits;
    0 nanoseconds spent performing 0 L2C misses;
    0 nanoseconds spent executing 0 flushes (flushing a total of 0 entities and 0 collections);
    0 nanoseconds spent executing 0 pre-partial-flushes;
    0 nanoseconds spent executing 0 partial-flushes (flushing a total of 0 entities and 0 collections)
}
2026-04-10 00:06:34.978 INFO  [http-nio-8080-exec-5] o.h.e.i.StatisticalLoggingSessionEventListener - Session Metrics {
    1551100 nanoseconds spent acquiring 1 JDBC connections;
    0 nanoseconds spent releasing 0 JDBC connections;
    1695200 nanoseconds spent preparing 1 JDBC statements;
    11561800 nanoseconds spent executing 1 JDBC statements;
    0 nanoseconds spent executing 0 JDBC batches;
    0 nanoseconds spent performing 0 L2C puts;
    0 nanoseconds spent performing 0 L2C hits;
    0 nanoseconds spent performing 0 L2C misses;
    0 nanoseconds spent executing 0 flushes (flushing a total of 0 entities and 0 collections);
    0 nanoseconds spent executing 0 pre-partial-flushes;
    0 nanoseconds spent executing 0 partial-flushes (flushing a total of 0 entities and 0 collections)
}
2026-04-10 00:06:34.981 INFO  [http-nio-8080-exec-1] o.h.e.i.StatisticalLoggingSessionEventListener - Session Metrics {
    741000 nanoseconds spent acquiring 1 JDBC connections;
    0 nanoseconds spent releasing 0 JDBC connections;
    957400 nanoseconds spent preparing 2 JDBC statements;
    4233400 nanoseconds spent executing 2 JDBC statements;
    0 nanoseconds spent executing 0 JDBC batches;
    0 nanoseconds spent performing 0 L2C puts;
    0 nanoseconds spent performing 0 L2C hits;
    0 nanoseconds spent performing 0 L2C misses;
    0 nanoseconds spent executing 0 flushes (flushing a total of 0 entities and 0 collections);
    0 nanoseconds spent executing 0 pre-partial-flushes;
    0 nanoseconds spent executing 0 partial-flushes (flushing a total of 0 entities and 0 collections)
}
2026-04-10 00:06:34.981 INFO  [http-nio-8080-exec-3] o.h.e.i.StatisticalLoggingSessionEventListener - Session Metrics {
    817200 nanoseconds spent acquiring 1 JDBC connections;
    0 nanoseconds spent releasing 0 JDBC connections;
    1003100 nanoseconds spent preparing 2 JDBC statements;
    3728100 nanoseconds spent executing 2 JDBC statements;
    0 nanoseconds spent executing 0 JDBC batches;
    0 nanoseconds spent performing 0 L2C puts;
    0 nanoseconds spent performing 0 L2C hits;
    0 nanoseconds spent performing 0 L2C misses;
    0 nanoseconds spent executing 0 flushes (flushing a total of 0 entities and 0 collections);
    0 nanoseconds spent executing 0 pre-partial-flushes;
    0 nanoseconds spent executing 0 partial-flushes (flushing a total of 0 entities and 0 collections)
}
2026-04-10 00:06:34.987 INFO  [http-nio-8080-exec-2] o.h.e.i.StatisticalLoggingSessionEventListener - Session Metrics {
    19665300 nanoseconds spent acquiring 1 JDBC connections;
    0 nanoseconds spent releasing 0 JDBC connections;
    19809500 nanoseconds spent preparing 1 JDBC statements;
    3566900 nanoseconds spent executing 1 JDBC statements;
    0 nanoseconds spent executing 0 JDBC batches;
    0 nanoseconds spent performing 0 L2C puts;
    0 nanoseconds spent performing 0 L2C hits;
    0 nanoseconds spent performing 0 L2C misses;
    0 nanoseconds spent executing 0 flushes (flushing a total of 0 entities and 0 collections);
    0 nanoseconds spent executing 0 pre-partial-flushes;
    0 nanoseconds spent executing 0 partial-flushes (flushing a total of 0 entities and 0 collections)
}
2026-04-10 00:06:35.011 INFO  [main] t.report.mainapp.MainAppApplication - Started MainAppApplication in 57.476 seconds (process running for 59.003)
2026-04-10 00:06:38.399 INFO  [http-nio-8080-exec-4] o.h.e.i.StatisticalLoggingSessionEventListener - Session Metrics {
    1412800 nanoseconds spent acquiring 1 JDBC connections;
    0 nanoseconds spent releasing 0 JDBC connections;
    1626600 nanoseconds spent preparing 1 JDBC statements;
    1820900 nanoseconds spent executing 1 JDBC statements;
    0 nanoseconds spent executing 0 JDBC batches;
    0 nanoseconds spent performing 0 L2C puts;
    0 nanoseconds spent performing 0 L2C hits;
    0 nanoseconds spent performing 0 L2C misses;
    0 nanoseconds spent executing 0 flushes (flushing a total of 0 entities and 0 collections);
    0 nanoseconds spent executing 0 pre-partial-flushes;
    0 nanoseconds spent executing 0 partial-flushes (flushing a total of 0 entities and 0 collections)
}
2026-04-10 00:07:05.832 INFO  [SpringApplicationShutdownHook] o.s.b.w.e.tomcat.GracefulShutdown - Commencing graceful shutdown. Waiting for active requests to complete
2026-04-10 00:07:05.987 INFO  [http-nio-8080-exec-6] o.h.e.i.StatisticalLoggingSessionEventListener - Session Metrics {
    1426400 nanoseconds spent acquiring 1 JDBC connections;
    0 nanoseconds spent releasing 0 JDBC connections;
    1794000 nanoseconds spent preparing 3 JDBC statements;
    13345200 nanoseconds spent executing 3 JDBC statements;
    0 nanoseconds spent executing 0 JDBC batches;
    0 nanoseconds spent performing 0 L2C puts;
    0 nanoseconds spent performing 0 L2C hits;
    0 nanoseconds spent performing 0 L2C misses;
    24858600 nanoseconds spent executing 1 flushes (flushing a total of 2 entities and 1 collections);
    0 nanoseconds spent executing 0 pre-partial-flushes;
    0 nanoseconds spent executing 0 partial-flushes (flushing a total of 0 entities and 0 collections)
}
2026-04-10 00:07:06.255 INFO  [tomcat-shutdown] o.s.b.w.e.tomcat.GracefulShutdown - Graceful shutdown complete
2026-04-10 00:07:06.275 INFO  [SpringApplicationShutdownHook] o.s.o.j.LocalContainerEntityManagerFactoryBean - Closing JPA EntityManagerFactory for persistence unit 'default'
2026-04-10 00:07:06.277 INFO  [SpringApplicationShutdownHook] com.zaxxer.hikari.HikariDataSource - HikariPool-1 - Shutdown initiated...
2026-04-10 00:07:06.291 INFO  [SpringApplicationShutdownHook] com.zaxxer.hikari.HikariDataSource - HikariPool-1 - Shutdown completed.
2026-04-10 00:09:36.998 INFO  [main] t.report.mainapp.MainAppApplication - Starting MainAppApplication using Java 18.0.2 with PID 18464 (D:\06-05-2025\report\main-app\target\classes started by Precision 7540 in D:\06-05-2025\report)
2026-04-10 00:09:37.000 INFO  [main] t.report.mainapp.MainAppApplication - No active profile set, falling back to 1 default profile: "default"
2026-04-10 00:09:38.399 INFO  [main] o.s.d.r.c.RepositoryConfigurationDelegate - Multiple Spring Data modules found, entering strict repository configuration mode
2026-04-10 00:09:38.401 INFO  [main] o.s.d.r.c.RepositoryConfigurationDelegate - Bootstrapping Spring Data JPA repositories in DEFAULT mode.
2026-04-10 00:09:38.421 INFO  [main] o.s.d.r.c.RepositoryConfigurationDelegate - Finished Spring Data repository scanning in 12 ms. Found 0 JPA repository interfaces.
2026-04-10 00:09:38.433 INFO  [main] o.s.d.r.c.RepositoryConfigurationDelegate - Multiple Spring Data modules found, entering strict repository configuration mode
2026-04-10 00:09:38.434 INFO  [main] o.s.d.r.c.RepositoryConfigurationDelegate - Bootstrapping Spring Data Redis repositories in DEFAULT mode.
2026-04-10 00:09:38.446 INFO  [main] o.s.d.r.c.RepositoryConfigurationDelegate - Finished Spring Data repository scanning in 4 ms. Found 0 Redis repository interfaces.
2026-04-10 00:09:39.050 INFO  [main] o.s.b.w.e.tomcat.TomcatWebServer - Tomcat initialized with port 8080 (http)
2026-04-10 00:09:39.064 INFO  [main] o.a.coyote.http11.Http11NioProtocol - Initializing ProtocolHandler ["http-nio-8080"]
2026-04-10 00:09:39.066 INFO  [main] o.a.catalina.core.StandardService - Starting service [Tomcat]
2026-04-10 00:09:39.066 INFO  [main] o.a.catalina.core.StandardEngine - Starting Servlet engine: [Apache Tomcat/10.1.42]
2026-04-10 00:09:39.130 INFO  [main] o.a.c.c.C.[Tomcat].[localhost].[/] - Initializing Spring embedded WebApplicationContext
2026-04-10 00:09:39.130 INFO  [main] o.s.b.w.s.c.ServletWebServerApplicationContext - Root WebApplicationContext: initialization completed in 2083 ms
2026-04-10 00:09:39.626 INFO  [main] com.zaxxer.hikari.HikariDataSource - HikariPool-1 - Starting...
2026-04-10 00:09:56.416 INFO  [main] com.zaxxer.hikari.pool.HikariPool - HikariPool-1 - Added connection oracle.jdbc.driver.T4CConnection@414e8b31
2026-04-10 00:09:56.418 INFO  [main] com.zaxxer.hikari.HikariDataSource - HikariPool-1 - Start completed.
2026-04-10 00:09:56.460 INFO  [main] o.h.jpa.internal.util.LogHelper - HHH000204: Processing PersistenceUnitInfo [name: default]
2026-04-10 00:09:56.507 INFO  [main] org.hibernate.Version - HHH000412: Hibernate ORM core version 6.6.18.Final
2026-04-10 00:09:56.538 INFO  [main] o.h.c.i.RegionFactoryInitiator - HHH000026: Second-level cache disabled
2026-04-10 00:09:56.790 INFO  [main] o.s.o.j.p.SpringPersistenceUnitInfo - No LoadTimeWeaver setup: ignoring JPA class transformer
2026-04-10 00:09:57.048 INFO  [main] o.hibernate.orm.connections.pooling - HHH10001005: Database info:
	Database JDBC URL [Connecting through datasource 'HikariDataSource (HikariPool-1)']
	Database driver: undefined/unknown
	Database version: 19.3
	Autocommit mode: undefined/unknown
	Isolation level: undefined/unknown
	Minimum pool size: undefined/unknown
	Maximum pool size: undefined/unknown
2026-04-10 00:09:57.980 INFO  [main] o.h.e.t.j.p.i.JtaPlatformInitiator - HHH000489: No JTA platform available (set 'hibernate.transaction.jta.platform' to enable JTA platform integration)
2026-04-10 00:09:57.984 INFO  [main] o.s.o.j.LocalContainerEntityManagerFactoryBean - Initialized JPA EntityManagerFactory for persistence unit 'default'
2026-04-10 00:09:59.789 INFO  [main] o.s.b.a.e.web.EndpointLinksResolver - Exposing 3 endpoints beneath base path '/actuator'
2026-04-10 00:09:59.891 INFO  [main] o.a.coyote.http11.Http11NioProtocol - Starting ProtocolHandler ["http-nio-8080"]
2026-04-10 00:09:59.925 INFO  [main] o.s.b.w.e.tomcat.TomcatWebServer - Tomcat started on port 8080 (http) with context path '/'
2026-04-10 00:10:00.149 INFO  [main] t.report.mainapp.MainAppApplication - Started MainAppApplication in 23.996 seconds (process running for 25.186)
2026-04-10 00:10:00.480 INFO  [RMI TCP Connection(5)-192.168.1.245] o.a.c.c.C.[Tomcat].[localhost].[/] - Initializing Spring DispatcherServlet 'dispatcherServlet'
2026-04-10 00:10:00.481 INFO  [RMI TCP Connection(5)-192.168.1.245] o.s.web.servlet.DispatcherServlet - Initializing Servlet 'dispatcherServlet'
2026-04-10 00:10:00.484 INFO  [RMI TCP Connection(5)-192.168.1.245] o.s.web.servlet.DispatcherServlet - Completed initialization in 3 ms
2026-04-10 00:10:05.463 INFO  [http-nio-8080-exec-1] o.h.e.i.StatisticalLoggingSessionEventListener - Session Metrics {
    819000 nanoseconds spent acquiring 1 JDBC connections;
    0 nanoseconds spent releasing 0 JDBC connections;
    28508700 nanoseconds spent preparing 1 JDBC statements;
    13866600 nanoseconds spent executing 1 JDBC statements;
    0 nanoseconds spent executing 0 JDBC batches;
    0 nanoseconds spent performing 0 L2C puts;
    0 nanoseconds spent performing 0 L2C hits;
    0 nanoseconds spent performing 0 L2C misses;
    0 nanoseconds spent executing 0 flushes (flushing a total of 0 entities and 0 collections);
    0 nanoseconds spent executing 0 pre-partial-flushes;
    0 nanoseconds spent executing 0 partial-flushes (flushing a total of 0 entities and 0 collections)
}
2026-04-10 00:11:06.821 INFO  [http-nio-8080-exec-6] o.h.e.i.StatisticalLoggingSessionEventListener - Session Metrics {
    659700 nanoseconds spent acquiring 1 JDBC connections;
    0 nanoseconds spent releasing 0 JDBC connections;
    1573000 nanoseconds spent preparing 3 JDBC statements;
    30256700 nanoseconds spent executing 3 JDBC statements;
    0 nanoseconds spent executing 0 JDBC batches;
    0 nanoseconds spent performing 0 L2C puts;
    0 nanoseconds spent performing 0 L2C hits;
    0 nanoseconds spent performing 0 L2C misses;
    31219400 nanoseconds spent executing 1 flushes (flushing a total of 2 entities and 1 collections);
    25100 nanoseconds spent executing 1 pre-partial-flushes;
    11100 nanoseconds spent executing 1 partial-flushes (flushing a total of 0 entities and 0 collections)
}
2026-04-10 00:11:07.113 INFO  [http-nio-8080-exec-3] o.h.e.i.StatisticalLoggingSessionEventListener - Session Metrics {
    48400 nanoseconds spent acquiring 1 JDBC connections;
    0 nanoseconds spent releasing 0 JDBC connections;
    244900 nanoseconds spent preparing 1 JDBC statements;
    43711900 nanoseconds spent executing 1 JDBC statements;
    0 nanoseconds spent executing 0 JDBC batches;
    0 nanoseconds spent performing 0 L2C puts;
    0 nanoseconds spent performing 0 L2C hits;
    0 nanoseconds spent performing 0 L2C misses;
    0 nanoseconds spent executing 0 flushes (flushing a total of 0 entities and 0 collections);
    0 nanoseconds spent executing 0 pre-partial-flushes;
    0 nanoseconds spent executing 0 partial-flushes (flushing a total of 0 entities and 0 collections)
}
2026-04-10 00:11:07.200 INFO  [SpringApplicationShutdownHook] o.s.b.w.e.tomcat.GracefulShutdown - Commencing graceful shutdown. Waiting for active requests to complete
2026-04-10 00:11:08.155 INFO  [tomcat-shutdown] o.s.b.w.e.tomcat.GracefulShutdown - Graceful shutdown complete
2026-04-10 00:11:08.176 INFO  [SpringApplicationShutdownHook] o.s.o.j.LocalContainerEntityManagerFactoryBean - Closing JPA EntityManagerFactory for persistence unit 'default'
2026-04-10 00:11:08.179 INFO  [SpringApplicationShutdownHook] com.zaxxer.hikari.HikariDataSource - HikariPool-1 - Shutdown initiated...
2026-04-10 00:11:08.195 INFO  [SpringApplicationShutdownHook] com.zaxxer.hikari.HikariDataSource - HikariPool-1 - Shutdown completed.
2026-04-10 00:16:46.593 INFO  [main] t.report.mainapp.MainAppApplication - Starting MainAppApplication using Java 18.0.2 with PID 17660 (D:\06-05-2025\report\main-app\target\classes started by Precision 7540 in D:\06-05-2025\report)
2026-04-10 00:16:46.595 INFO  [main] t.report.mainapp.MainAppApplication - No active profile set, falling back to 1 default profile: "default"
2026-04-10 00:16:47.882 INFO  [main] o.s.d.r.c.RepositoryConfigurationDelegate - Multiple Spring Data modules found, entering strict repository configuration mode
2026-04-10 00:16:47.884 INFO  [main] o.s.d.r.c.RepositoryConfigurationDelegate - Bootstrapping Spring Data JPA repositories in DEFAULT mode.
2026-04-10 00:16:47.907 INFO  [main] o.s.d.r.c.RepositoryConfigurationDelegate - Finished Spring Data repository scanning in 15 ms. Found 0 JPA repository interfaces.
2026-04-10 00:16:47.921 INFO  [main] o.s.d.r.c.RepositoryConfigurationDelegate - Multiple Spring Data modules found, entering strict repository configuration mode
2026-04-10 00:16:47.922 INFO  [main] o.s.d.r.c.RepositoryConfigurationDelegate - Bootstrapping Spring Data Redis repositories in DEFAULT mode.
2026-04-10 00:16:47.936 INFO  [main] o.s.d.r.c.RepositoryConfigurationDelegate - Finished Spring Data repository scanning in 4 ms. Found 0 Redis repository interfaces.
2026-04-10 00:16:48.644 INFO  [main] o.s.b.w.e.tomcat.TomcatWebServer - Tomcat initialized with port 8080 (http)
2026-04-10 00:16:48.660 INFO  [main] o.a.coyote.http11.Http11NioProtocol - Initializing ProtocolHandler ["http-nio-8080"]
2026-04-10 00:16:48.661 INFO  [main] o.a.catalina.core.StandardService - Starting service [Tomcat]
2026-04-10 00:16:48.662 INFO  [main] o.a.catalina.core.StandardEngine - Starting Servlet engine: [Apache Tomcat/10.1.42]
2026-04-10 00:16:48.734 INFO  [main] o.a.c.c.C.[Tomcat].[localhost].[/] - Initializing Spring embedded WebApplicationContext
2026-04-10 00:16:48.734 INFO  [main] o.s.b.w.s.c.ServletWebServerApplicationContext - Root WebApplicationContext: initialization completed in 2091 ms
2026-04-10 00:16:49.207 INFO  [main] com.zaxxer.hikari.HikariDataSource - HikariPool-1 - Starting...
2026-04-10 00:17:06.630 INFO  [main] com.zaxxer.hikari.pool.HikariPool - HikariPool-1 - Added connection oracle.jdbc.driver.T4CConnection@2bf4fa1
2026-04-10 00:17:06.631 INFO  [main] com.zaxxer.hikari.HikariDataSource - HikariPool-1 - Start completed.
2026-04-10 00:17:06.672 INFO  [main] o.h.jpa.internal.util.LogHelper - HHH000204: Processing PersistenceUnitInfo [name: default]
2026-04-10 00:17:06.717 INFO  [main] org.hibernate.Version - HHH000412: Hibernate ORM core version 6.6.18.Final
2026-04-10 00:17:06.746 INFO  [main] o.h.c.i.RegionFactoryInitiator - HHH000026: Second-level cache disabled
2026-04-10 00:17:07.000 INFO  [main] o.s.o.j.p.SpringPersistenceUnitInfo - No LoadTimeWeaver setup: ignoring JPA class transformer
2026-04-10 00:17:07.264 INFO  [main] o.hibernate.orm.connections.pooling - HHH10001005: Database info:
	Database JDBC URL [Connecting through datasource 'HikariDataSource (HikariPool-1)']
	Database driver: undefined/unknown
	Database version: 19.3
	Autocommit mode: undefined/unknown
	Isolation level: undefined/unknown
	Minimum pool size: undefined/unknown
	Maximum pool size: undefined/unknown
2026-04-10 00:17:08.119 INFO  [main] o.h.e.t.j.p.i.JtaPlatformInitiator - HHH000489: No JTA platform available (set 'hibernate.transaction.jta.platform' to enable JTA platform integration)
2026-04-10 00:17:08.122 INFO  [main] o.s.o.j.LocalContainerEntityManagerFactoryBean - Initialized JPA EntityManagerFactory for persistence unit 'default'
2026-04-10 00:17:09.924 INFO  [main] o.s.b.a.e.web.EndpointLinksResolver - Exposing 3 endpoints beneath base path '/actuator'
2026-04-10 00:17:10.009 INFO  [main] o.a.coyote.http11.Http11NioProtocol - Starting ProtocolHandler ["http-nio-8080"]
2026-04-10 00:17:10.027 INFO  [main] o.s.b.w.e.tomcat.TomcatWebServer - Tomcat started on port 8080 (http) with context path '/'
2026-04-10 00:17:16.768 INFO  [http-nio-8080-exec-1] o.a.c.c.C.[Tomcat].[localhost].[/] - Initializing Spring DispatcherServlet 'dispatcherServlet'
2026-04-10 00:17:16.769 INFO  [http-nio-8080-exec-1] o.s.web.servlet.DispatcherServlet - Initializing Servlet 'dispatcherServlet'
2026-04-10 00:17:16.772 INFO  [http-nio-8080-exec-1] o.s.web.servlet.DispatcherServlet - Completed initialization in 2 ms
2026-04-10 00:17:17.645 INFO  [http-nio-8080-exec-1] o.h.e.i.StatisticalLoggingSessionEventListener - Session Metrics {
    961800 nanoseconds spent acquiring 1 JDBC connections;
    0 nanoseconds spent releasing 0 JDBC connections;
    27409500 nanoseconds spent preparing 1 JDBC statements;
    12726100 nanoseconds spent executing 1 JDBC statements;
    0 nanoseconds spent executing 0 JDBC batches;
    0 nanoseconds spent performing 0 L2C puts;
    0 nanoseconds spent performing 0 L2C hits;
    0 nanoseconds spent performing 0 L2C misses;
    0 nanoseconds spent executing 0 flushes (flushing a total of 0 entities and 0 collections);
    0 nanoseconds spent executing 0 pre-partial-flushes;
    0 nanoseconds spent executing 0 partial-flushes (flushing a total of 0 entities and 0 collections)
}
2026-04-10 00:24:49.944 INFO  [HikariPool-1:connection-adder] oracle.jdbc - entering args (oracle.jdbc.internal.AbstractConnectionBuilder$1@14cfaa1b)
2026-04-10 00:24:49.945 INFO  [HikariPool-1:connection-adder] oracle.jdbc - traceId=1971AED7. 
2026-04-10 00:24:49.948 INFO  [HikariPool-1:connection-adder] oracle.jdbc - Session Attributes: 
sdu=8192, tdu=2097152
nt: host=192.168.1.122, port=1521, socketOptions={0=YES, 1=NO, 17=0, 18=false, 2=30000, 20=true, 38=TLS, 23=40, 24=50, 40=false, 25=0}
    socket=null
client profile={oracle.net.encryption_types_client=(), oracle.net.crypto_seed=, oracle.net.authentication_services=(), oracle.net.setFIPSMode=false, oracle.net.kerberos5_mutual_authentication=false, oracle.net.encryption_client=ACCEPTED, oracle.net.crypto_checksum_client=ACCEPTED, oracle.net.crypto_checksum_types_client=()}
connection options=[host=192.168.1.122 port=1521 protocol=TCP addr=(ADDRESS=(PROTOCOL=TCP)(HOST=192.168.1.122)(PORT=1521)) conn_data=(DESCRIPTION=(ADDRESS=(PROTOCOL=TCP)(PORT=1521)(HOST=192.168.1.130)(HOSTNAME=rac-cluster-scan.txuyen.local))(CONNECT_DATA=(CID=(PROGRAM=MainAppApplication)(HOST=DESKTOP-CR3SMLK)(USER=Precision 7540))(SERVICE_NAME=pdb.txuyen.local)(CONNECTION_ID=4dNGN4DvQHiKfl1wTgXTUw==)(SERVER=dedicated)(INSTANCE_NAME=orcl2))) done=false]
onBreakReset=false, dataEOF=false, negotiatedOptions=0xc41, connected=false
TTIINIT enabled=false, TTC cookie enabled=false

2026-04-10 00:24:49.948 INFO  [HikariPool-1:connection-adder] oracle.jdbc - traceId=1971AED7, anoEnabled=true. 
2026-04-10 00:24:49.949 INFO  [HikariPool-1:connection-adder] oracle.jdbc - Got Redirect, SessionTraceId = 1971AED7
2026-04-10 00:24:49.949 INFO  [HikariPool-1:connection-adder] oracle.jdbc - Session Attributes: 
sdu=8192, tdu=2097152
nt: host=192.168.1.122, port=1521, socketOptions={0=YES, 1=NO, 17=0, 18=false, 2=30000, 20=true, 38=TLS, 23=40, 24=50, 40=false, 25=0}
    socket=null
client profile={oracle.net.encryption_types_client=(), oracle.net.crypto_seed=, oracle.net.authentication_services=(), oracle.net.setFIPSMode=false, oracle.net.kerberos5_mutual_authentication=false, oracle.net.encryption_client=ACCEPTED, oracle.net.crypto_checksum_client=ACCEPTED, oracle.net.crypto_checksum_types_client=()}
connection options=[host=192.168.1.122 port=1521 protocol=TCP addr=(ADDRESS=(PROTOCOL=TCP)(HOST=192.168.1.122)(PORT=1521)) conn_data=(DESCRIPTION=(ADDRESS=(PROTOCOL=TCP)(PORT=1521)(HOST=192.168.1.130)(HOSTNAME=rac-cluster-scan.txuyen.local))(CONNECT_DATA=(CID=(PROGRAM=MainAppApplication)(HOST=DESKTOP-CR3SMLK)(USER=Precision 7540))(SERVICE_NAME=pdb.txuyen.local)(CONNECTION_ID=4dNGN4DvQHiKfl1wTgXTUw==)(SERVER=dedicated)(INSTANCE_NAME=orcl2))) done=false]
onBreakReset=false, dataEOF=false, negotiatedOptions=0xc41, connected=false
TTIINIT enabled=false, TTC cookie enabled=false

2026-04-10 00:24:49.949 INFO  [HikariPool-1:connection-adder] oracle.jdbc - Got Resend, SessionTraceId = 1971AED7
2026-04-10 00:24:49.950 INFO  [HikariPool-1:connection-adder] oracle.jdbc - Connection established. Cleared conn strategy stack
2026-04-10 00:24:49.950 INFO  [HikariPool-1:connection-adder] oracle.jdbc - Sending break marker, SessionTraceId = 1971AED7
2026-04-10 00:24:49.950 INFO  [HikariPool-1:connection-adder] oracle.jdbc - throwing
java.sql.SQLRecoverableException: ORA-17002: I/O error: Connection reset by peer, Authentication lapse 2 ms.
https://docs.oracle.com/error-help/db/ora-17002/
	at oracle.jdbc.driver.T4CConnection.handleLogonIOException(T4CConnection.java:1896)
	at oracle.jdbc.driver.T4CConnection.logon(T4CConnection.java:1207)
	at oracle.jdbc.driver.PhysicalConnection.connect(PhysicalConnection.java:1189)
	at oracle.jdbc.driver.T4CDriverExtension.getConnection(T4CDriverExtension.java:106)
	at oracle.jdbc.driver.OracleDriver.connect(OracleDriver.java:887)
	at oracle.jdbc.driver.OracleDriver.connect(OracleDriver.java:694)
	at com.zaxxer.hikari.util.DriverDataSource.getConnection(DriverDataSource.java:139)
	at com.zaxxer.hikari.pool.PoolBase.newConnection(PoolBase.java:368)
	at com.zaxxer.hikari.pool.PoolBase.newPoolEntry(PoolBase.java:205)
	at com.zaxxer.hikari.pool.HikariPool.createPoolEntry(HikariPool.java:483)
	at com.zaxxer.hikari.pool.HikariPool$PoolEntryCreator.call(HikariPool.java:747)
	at com.zaxxer.hikari.pool.HikariPool$PoolEntryCreator.call(HikariPool.java:726)
	at java.base/java.util.concurrent.FutureTask.run$$$capture(FutureTask.java:264)
	at java.base/java.util.concurrent.FutureTask.run(FutureTask.java)
	at java.base/java.util.concurrent.ThreadPoolExecutor.runWorker(ThreadPoolExecutor.java:1136)
	at java.base/java.util.concurrent.ThreadPoolExecutor$Worker.run(ThreadPoolExecutor.java:635)
	at java.base/java.lang.Thread.run(Thread.java:833)
Caused by: java.io.IOException: Connection reset by peer, Authentication lapse 2 ms.
	at oracle.jdbc.driver.T4CConnection.handleLogonIOException(T4CConnection.java:1891)
	... 16 common frames omitted
Caused by: java.io.IOException: Connection reset by peer
	at java.base/sun.nio.ch.SocketDispatcher.write0(Native Method)
	at java.base/sun.nio.ch.SocketDispatcher.write(SocketDispatcher.java:54)
	at java.base/sun.nio.ch.SocketChannelImpl.tryWrite(SocketChannelImpl.java:1315)
	at java.base/sun.nio.ch.SocketChannelImpl.blockingWriteFully(SocketChannelImpl.java:1348)
	at java.base/sun.nio.ch.SocketAdaptor$2.write(SocketAdaptor.java:224)
	at oracle.net.nt.TimeoutSocketChannel.doBlockedWrite(TimeoutSocketChannel.java:774)
	at oracle.net.nt.TimeoutSocketChannel.write(TimeoutSocketChannel.java:715)
	at oracle.net.ns.NIOPacket.writeToSocketChannel(NIOPacket.java:374)
	at oracle.net.ns.NIONSDataChannel.writeDataToSocketChannel(NIONSDataChannel.java:216)
	at oracle.jdbc.driver.T4CMAREngineNIO.flush(T4CMAREngineNIO.java:888)
	at oracle.jdbc.driver.T4CMAREngineNIO.prepareForUnmarshall(T4CMAREngineNIO.java:920)
	at oracle.jdbc.driver.T4CMAREngineNIO.unmarshalUB1(T4CMAREngineNIO.java:466)
	at oracle.jdbc.driver.T4CTTIfun.receive(T4CTTIfun.java:814)
	at oracle.jdbc.driver.T4CTTIfun.doRPC(T4CTTIfun.java:237)
	at oracle.jdbc.driver.T4CTTIoauthenticate.doOSESSKEY(T4CTTIoauthenticate.java:859)
	at oracle.jdbc.driver.T4CConnection.authenticateWithPassword(T4CConnection.java:2277)
	at oracle.jdbc.driver.T4CConnection.authenticateUserForLogon(T4CConnection.java:2231)
	at oracle.jdbc.driver.T4CConnection.logon(T4CConnection.java:1155)
	... 15 common frames omitted
2026-04-10 00:24:49.952 INFO  [HikariPool-1:connection-adder] oracle.jdbc - properties={LOCALE=en_US, DriverVersion=23.7.0.25.01, java.library.path: =C:\Users\Precision 7540\.jdks\corretto-18.0.2\bin;C:\Windows\Sun\Java\bin;C:\Windows\system32;C:\Windows;C:\WINDOWS.X64_193000_db_home\bin;C:\app\23ai\dbhomeFree\bin;D:\WINDOWS.X64_193000_db_home\bin;C:\Program Files (x86)\VMware\VMware Workstation\bin\;C:\Program Files\Amazon Corretto\jdk17.0.10_7\bin;C:\Python312\Scripts\;C:\Python312\;C:\Windows\system32;C:\Windows;C:\Windows\System32\Wbem;C:\Windows\System32\WindowsPowerShell\v1.0\;C:\Windows\System32\OpenSSH\;C:\Program Files\Microsoft SQL Server\150\Tools\Binn\;C:\Program Files\Microsoft SQL Server\Client SDK\ODBC\170\Tools\Binn\;C:\Program Files\dotnet\;C:\Program Files (x86)\Windows Kits\10\Windows Performance Toolkit\;C:\Program Files (x86)\Microsoft SQL Server\150\DTS\Binn\;C:\Program Files\Azure Data Studio\bin;C:\Program Files (x86)\Microsoft SQL Server\150\Tools\Binn\;C:\Program Files\Microsoft SQL Server\150\DTS\Binn\;C:\Program Files\nodejs\;C:\ProgramData\chocolatey\bin;C:\Program Files (x86)\Yarn\bin\;C:\Program Files\Amazon\AWSCLIV2\;C:\Program Files\Git\cmd;C:\Program Files\PuTTY\;C:\Program Files (x86)\Microsoft SQL Server\160\DTS\Binn\;C:\Program Files\Docker\Docker\resources\bin;C:\Program Files\MySQL\MySQL Shell 8.0\bin\;C:\Users\Precision 7540\AppData\Local\Microsoft\WindowsApps;C:\Users\Precision 7540\.dotnet\tools;C:\Program Files\Azure Data Studio\bin;C:\Users\Precision 7540\AppData\Roaming\npm;C:\Users\Precision 7540\AppData\Local\Yarn\bin;C:\Users\Precision 7540\AppData\Local\Programs\Microsoft VS Code\bin;C:\apache-maven-3.9.6\bin;C:\terraform;C:\Program Files\Neovim\bin;C:\Users\Precision 7540\AppData\Local\Muse Hub\lib;C:\Program Files\JetBrains\IntelliJ IDEA 2025.3.3\bin;., java.class.path: =D:\06-05-2025\report\main-app\target\classes;C:\Users\Precision 7540\.m2\repository\org\springframework\boot\spring-boot-starter-data-jpa\3.5.3\spring-boot-starter-data-jpa-3.5.3.jar;C:\Users\Precision 7540\.m2\repository\org\springframework\boot\spring-boot-starter\3.5.3\spring-boot-starter-3.5.3.jar;C:\Users\Precision 7540\.m2\repository\org\springframework\boot\spring-boot\3.5.3\spring-boot-3.5.3.jar;C:\Users\Precision 7540\.m2\repository\org\springframework\boot\spring-boot-autoconfigure\3.5.3\spring-boot-autoconfigure-3.5.3.jar;C:\Users\Precision 7540\.m2\repository\org\springframework\boot\spring-boot-starter-logging\3.5.3\spring-boot-starter-logging-3.5.3.jar;C:\Users\Precision 7540\.m2\repository\ch\qos\logback\logback-classic\1.5.18\logback-classic-1.5.18.jar;C:\Users\Precision 7540\.m2\repository\ch\qos\logback\logback-core\1.5.18\logback-core-1.5.18.jar;C:\Users\Precision 7540\.m2\repository\org\apache\logging\log4j\log4j-to-slf4j\2.24.3\log4j-to-slf4j-2.24.3.jar;C:\Users\Precision 7540\.m2\repository\org\apache\logging\log4j\log4j-api\2.24.3\log4j-api-2.24.3.jar;C:\Users\Precision 7540\.m2\repository\org\slf4j\jul-to-slf4j\2.0.17\jul-to-slf4j-2.0.17.jar;C:\Users\Precision 7540\.m2\repository\jakarta\annotation\jakarta.annotation-api\2.1.1\jakarta.annotation-api-2.1.1.jar;C:\Users\Precision 7540\.m2\repository\org\yaml\snakeyaml\2.4\snakeyaml-2.4.jar;C:\Users\Precision 7540\.m2\repository\org\springframework\boot\spring-boot-starter-jdbc\3.5.3\spring-boot-starter-jdbc-3.5.3.jar;C:\Users\Precision 7540\.m2\repository\com\zaxxer\HikariCP\6.3.0\HikariCP-6.3.0.jar;C:\Users\Precision 7540\.m2\repository\org\springframework\spring-jdbc\6.2.8\spring-jdbc-6.2.8.jar;C:\Users\Precision 7540\.m2\repository\org\hibernate\orm\hibernate-core\6.6.18.Final\hibernate-core-6.6.18.Final.jar;C:\Users\Precision 7540\.m2\repository\jakarta\persistence\jakarta.persistence-api\3.1.0\jakarta.persistence-api-3.1.0.jar;C:\Users\Precision 7540\.m2\repository\jakarta\transaction\jakarta.transaction-api\2.0.1\jakarta.transaction-api-2.0.1.jar;C:\Users\Precision 7540\.m2\repository\org\jboss\logging\jboss-logging\3.6.1.Final\jboss-logging-3.6.1.Final.jar;C:\Users\Precision 7540\.m2\repository\org\hibernate\common\hibernate-commons-annotations\7.0.3.Final\hibernate-commons-annotations-7.0.3.Final.jar;C:\Users\Precision 7540\.m2\repository\io\smallrye\jandex\3.2.0\jandex-3.2.0.jar;C:\Users\Precision 7540\.m2\repository\com\fasterxml\classmate\1.7.0\classmate-1.7.0.jar;C:\Users\Precision 7540\.m2\repository\net\bytebuddy\byte-buddy\1.17.6\byte-buddy-1.17.6.jar;C:\Users\Precision 7540\.m2\repository\org\glassfish\jaxb\jaxb-runtime\4.0.5\jaxb-runtime-4.0.5.jar;C:\Users\Precision 7540\.m2\repository\org\glassfish\jaxb\jaxb-core\4.0.5\jaxb-core-4.0.5.jar;C:\Users\Precision 7540\.m2\repository\org\eclipse\angus\angus-activation\2.0.2\angus-activation-2.0.2.jar;C:\Users\Precision 7540\.m2\repository\org\glassfish\jaxb\txw2\4.0.5\txw2-4.0.5.jar;C:\Users\Precision 7540\.m2\repository\com\sun\istack\istack-commons-runtime\4.1.2\istack-commons-runtime-4.1.2.jar;C:\Users\Precision 7540\.m2\repository\jakarta\inject\jakarta.inject-api\2.0.1\jakarta.inject-api-2.0.1.jar;C:\Users\Precision 7540\.m2\repository\org\antlr\antlr4-runtime\4.13.0\antlr4-runtime-4.13.0.jar;C:\Users\Precision 7540\.m2\repository\org\springframework\data\spring-data-jpa\3.5.1\spring-data-jpa-3.5.1.jar;C:\Users\Precision 7540\.m2\repository\org\springframework\data\spring-data-commons\3.5.1\spring-data-commons-3.5.1.jar;C:\Users\Precision 7540\.m2\repository\org\springframework\spring-orm\6.2.8\spring-orm-6.2.8.jar;C:\Users\Precision 7540\.m2\repository\org\springframework\spring-aop\6.2.8\spring-aop-6.2.8.jar;C:\Users\Precision 7540\.m2\repository\org\springframework\spring-beans\6.2.8\spring-beans-6.2.8.jar;C:\Users\Precision 7540\.m2\repository\org\springframework\spring-aspects\6.2.8\spring-aspects-6.2.8.jar;C:\Users\Precision 7540\.m2\repository\org\aspectj\aspectjweaver\1.9.24\aspectjweaver-1.9.24.jar;C:\Users\Precision 7540\.m2\repository\org\springframework\boot\spring-boot-starter-web\3.5.3\spring-boot-starter-web-3.5.3.jar;C:\Users\Precision 7540\.m2\repository\org\springframework\boot\spring-boot-starter-json\3.5.3\spring-boot-starter-json-3.5.3.jar;C:\Users\Precision 7540\.m2\repository\com\fasterxml\jackson\datatype\jackson-datatype-jdk8\2.19.1\jackson-datatype-jdk8-2.19.1.jar;C:\Users\Precision 7540\.m2\repository\com\fasterxml\jackson\datatype\jackson-datatype-jsr310\2.19.1\jackson-datatype-jsr310-2.19.1.jar;C:\Users\Precision 7540\.m2\repository\com\fasterxml\jackson\module\jackson-module-parameter-names\2.19.1\jackson-module-parameter-names-2.19.1.jar;C:\Users\Precision 7540\.m2\repository\org\springframework\boot\spring-boot-starter-tomcat\3.5.3\spring-boot-starter-tomcat-3.5.3.jar;C:\Users\Precision 7540\.m2\repository\org\apache\tomcat\embed\tomcat-embed-core\10.1.42\tomcat-embed-core-10.1.42.jar;C:\Users\Precision 7540\.m2\repository\org\apache\tomcat\embed\tomcat-embed-el\10.1.42\tomcat-embed-el-10.1.42.jar;C:\Users\Precision 7540\.m2\repository\org\apache\tomcat\embed\tomcat-embed-websocket\10.1.42\tomcat-embed-websocket-10.1.42.jar;C:\Users\Precision 7540\.m2\repository\org\springframework\spring-web\6.2.8\spring-web-6.2.8.jar;C:\Users\Precision 7540\.m2\repository\org\springframework\spring-webmvc\6.2.8\spring-webmvc-6.2.8.jar;C:\Users\Precision 7540\.m2\repository\org\springframework\spring-expression\6.2.8\spring-expression-6.2.8.jar;C:\Users\Precision 7540\.m2\repository\com\oracle\database\jdbc\ojdbc11\23.7.0.25.01\ojdbc11-23.7.0.25.01.jar;C:\Users\Precision 7540\.m2\repository\org\projectlombok\lombok\1.18.38\lombok-1.18.38.jar;C:\Users\Precision 7540\.m2\repository\jakarta\xml\bind\jakarta.xml.bind-api\4.0.2\jakarta.xml.bind-api-4.0.2.jar;C:\Users\Precision 7540\.m2\repository\jakarta\activation\jakarta.activation-api\2.1.3\jakarta.activation-api-2.1.3.jar;C:\Users\Precision 7540\.m2\repository\org\springframework\spring-core\6.2.8\spring-core-6.2.8.jar;C:\Users\Precision 7540\.m2\repository\org\springframework\spring-jcl\6.2.8\spring-jcl-6.2.8.jar;C:\Users\Precision 7540\.m2\repository\txu\common\1.0.0\common-1.0.0.jar;C:\Users\Precision 7540\.m2\repository\org\mapstruct\mapstruct\1.5.5.Final\mapstruct-1.5.5.Final.jar;C:\Users\Precision 7540\.m2\repository\org\springframework\boot\spring-boot-starter-data-redis\3.5.3\spring-boot-starter-data-redis-3.5.3.jar;C:\Users\Precision 7540\.m2\repository\io\lettuce\lettuce-core\6.6.0.RELEASE\lettuce-core-6.6.0.RELEASE.jar;C:\Users\Precision 7540\.m2\repository\redis\clients\authentication\redis-authx-core\0.1.1-beta2\redis-authx-core-0.1.1-beta2.jar;C:\Users\Precision 7540\.m2\repository\io\projectreactor\reactor-core\3.7.7\reactor-core-3.7.7.jar;C:\Users\Precision 7540\.m2\repository\org\springframework\data\spring-data-redis\3.5.1\spring-data-redis-3.5.1.jar;C:\Users\Precision 7540\.m2\repository\org\springframework\data\spring-data-keyvalue\3.5.1\spring-data-keyvalue-3.5.1.jar;C:\Users\Precision 7540\.m2\repository\org\springframework\spring-oxm\6.2.8\spring-oxm-6.2.8.jar;C:\Users\Precision 7540\.m2\repository\org\springframework\spring-context-support\6.2.8\spring-context-support-6.2.8.jar;C:\Users\Precision 7540\.m2\repository\txu\erp-grpc\1.0.0\erp-grpc-1.0.0.jar;C:\Users\Precision 7540\.m2\repository\javax\annotation\javax.annotation-api\1.3.2\javax.annotation-api-1.3.2.jar;C:\Users\Precision 7540\.m2\repository\io\awspring\cloud\spring-cloud-starter-aws-parameter-store-config\2.4.2\spring-cloud-starter-aws-parameter-store-config-2.4.2.jar;C:\Users\Precision 7540\.m2\repository\io\awspring\cloud\spring-cloud-aws-parameter-store-config\2.4.2\spring-cloud-aws-parameter-store-config-2.4.2.jar;C:\Users\Precision 7540\.m2\repository\org\springframework\cloud\spring-cloud-context\3.1.0\spring-cloud-context-3.1.0.jar;C:\Users\Precision 7540\.m2\repository\org\springframework\security\spring-security-crypto\6.5.1\spring-security-crypto-6.5.1.jar;C:\Users\Precision 7540\.m2\repository\com\amazonaws\aws-java-sdk-ssm\1.12.266\aws-java-sdk-ssm-1.12.266.jar;C:\Users\Precision 7540\.m2\repository\io\awspring\cloud\spring-cloud-aws-core\2.4.2\spring-cloud-aws-core-2.4.2.jar;C:\Users\Precision 7540\.m2\repository\com\amazonaws\aws-java-sdk-ec2\1.12.266\aws-java-sdk-ec2-1.12.266.jar;C:\Users\Precision 7540\.m2\repository\org\slf4j\slf4j-api\2.0.17\slf4j-api-2.0.17.jar;C:\Users\Precision 7540\.m2\repository\javax\activation\javax.activation-api\1.2.0\javax.activation-api-1.2.0.jar;C:\Users\Precision 7540\.m2\repository\commons-io\commons-io\2.11.0\commons-io-2.11.0.jar;C:\Users\Precision 7540\.m2\repository\io\grpc\grpc-netty\1.50.0\grpc-netty-1.50.0.jar;C:\Users\Precision 7540\.m2\repository\io\grpc\grpc-core\1.50.0\grpc-core-1.50.0.jar;C:\Users\Precision 7540\.m2\repository\com\google\code\gson\gson\2.13.1\gson-2.13.1.jar;C:\Users\Precision 7540\.m2\repository\com\google\android\annotations\4.1.1.4\annotations-4.1.1.4.jar;C:\Users\Precision 7540\.m2\repository\org\codehaus\mojo\animal-sniffer-annotations\1.21\animal-sniffer-annotations-1.21.jar;C:\Users\Precision 7540\.m2\repository\io\netty\netty-codec-http2\4.1.122.Final\netty-codec-http2-4.1.122.Final.jar;C:\Users\Precision 7540\.m2\repository\io\netty\netty-common\4.1.122.Final\netty-common-4.1.122.Final.jar;C:\Users\Precision 7540\.m2\repository\io\netty\netty-buffer\4.1.122.Final\netty-buffer-4.1.122.Final.jar;C:\Users\Precision 7540\.m2\repository\io\netty\netty-transport\4.1.122.Final\netty-transport-4.1.122.Final.jar;C:\Users\Precision 7540\.m2\repository\io\netty\netty-codec\4.1.122.Final\netty-codec-4.1.122.Final.jar;C:\Users\Precision 7540\.m2\repository\io\netty\netty-handler\4.1.122.Final\netty-handler-4.1.122.Final.jar;C:\Users\Precision 7540\.m2\repository\io\netty\netty-codec-http\4.1.122.Final\netty-codec-http-4.1.122.Final.jar;C:\Users\Precision 7540\.m2\repository\io\netty\netty-handler-proxy\4.1.122.Final\netty-handler-proxy-4.1.122.Final.jar;C:\Users\Precision 7540\.m2\repository\io\netty\netty-codec-socks\4.1.122.Final\netty-codec-socks-4.1.122.Final.jar;C:\Users\Precision 7540\.m2\repository\com\google\guava\guava\31.1-android\guava-31.1-android.jar;C:\Users\Precision 7540\.m2\repository\com\google\guava\failureaccess\1.0.1\failureaccess-1.0.1.jar;C:\Users\Precision 7540\.m2\repository\com\google\guava\listenablefuture\9999.0-empty-to-avoid-conflict-with-guava\listenablefuture-9999.0-empty-to-avoid-conflict-with-guava.jar;C:\Users\Precision 7540\.m2\repository\org\checkerframework\checker-qual\3.12.0\checker-qual-3.12.0.jar;C:\Users\Precision 7540\.m2\repository\com\google\j2objc\j2objc-annotations\1.3\j2objc-annotations-1.3.jar;C:\Users\Precision 7540\.m2\repository\com\google\errorprone\error_prone_annotations\2.14.0\error_prone_annotations-2.14.0.jar;C:\Users\Precision 7540\.m2\repository\io\perfmark\perfmark-api\0.25.0\perfmark-api-0.25.0.jar;C:\Users\Precision 7540\.m2\repository\io\netty\netty-transport-native-unix-common\4.1.122.Final\netty-transport-native-unix-common-4.1.122.Final.jar;C:\Users\Precision 7540\.m2\repository\io\grpc\grpc-protobuf\1.50.0\grpc-protobuf-1.50.0.jar;C:\Users\Precision 7540\.m2\repository\io\grpc\grpc-api\1.50.0\grpc-api-1.50.0.jar;C:\Users\Precision 7540\.m2\repository\io\grpc\grpc-context\1.50.0\grpc-context-1.50.0.jar;C:\Users\Precision 7540\.m2\repository\com\google\code\findbugs\jsr305\3.0.2\jsr305-3.0.2.jar;C:\Users\Precision 7540\.m2\repository\com\google\protobuf\protobuf-java\3.21.7\protobuf-java-3.21.7.jar;C:\Users\Precision 7540\.m2\repository\com\google\api\grpc\proto-google-common-protos\2.9.0\proto-google-common-protos-2.9.0.jar;C:\Users\Precision 7540\.m2\repository\io\grpc\grpc-protobuf-lite\1.50.0\grpc-protobuf-lite-1.50.0.jar;C:\Users\Precision 7540\.m2\repository\io\grpc\grpc-stub\1.50.0\grpc-stub-1.50.0.jar;C:\Users\Precision 7540\.m2\repository\io\jsonwebtoken\jjwt\0.9.1\jjwt-0.9.1.jar;C:\Users\Precision 7540\.m2\repository\com\fasterxml\jackson\core\jackson-databind\2.19.1\jackson-databind-2.19.1.jar;C:\Users\Precision 7540\.m2\repository\com\fasterxml\jackson\core\jackson-annotations\2.19.1\jackson-annotations-2.19.1.jar;C:\Users\Precision 7540\.m2\repository\com\fasterxml\jackson\core\jackson-core\2.19.1\jackson-core-2.19.1.jar;C:\Users\Precision 7540\.m2\repository\javax\xml\bind\jaxb-api\2.2.11\jaxb-api-2.2.11.jar;C:\Users\Precision 7540\.m2\repository\com\sun\xml\bind\jaxb-core\2.2.11\jaxb-core-2.2.11.jar;C:\Users\Precision 7540\.m2\repository\com\sun\xml\bind\jaxb-impl\2.2.11\jaxb-impl-2.2.11.jar;C:\Users\Precision 7540\.m2\repository\io\micrometer\micrometer-registry-prometheus\1.15.1\micrometer-registry-prometheus-1.15.1.jar;C:\Users\Precision 7540\.m2\repository\io\micrometer\micrometer-core\1.15.1\micrometer-core-1.15.1.jar;C:\Users\Precision 7540\.m2\repository\io\micrometer\micrometer-commons\1.15.1\micrometer-commons-1.15.1.jar;C:\Users\Precision 7540\.m2\repository\org\hdrhistogram\HdrHistogram\2.2.2\HdrHistogram-2.2.2.jar;C:\Users\Precision 7540\.m2\repository\org\latencyutils\LatencyUtils\2.0.3\LatencyUtils-2.0.3.jar;C:\Users\Precision 7540\.m2\repository\io\prometheus\prometheus-metrics-core\1.3.8\prometheus-metrics-core-1.3.8.jar;C:\Users\Precision 7540\.m2\repository\io\prometheus\prometheus-metrics-model\1.3.8\prometheus-metrics-model-1.3.8.jar;C:\Users\Precision 7540\.m2\repository\io\prometheus\prometheus-metrics-config\1.3.8\prometheus-metrics-config-1.3.8.jar;C:\Users\Precision 7540\.m2\repository\io\prometheus\prometheus-metrics-tracer-common\1.3.8\prometheus-metrics-tracer-common-1.3.8.jar;C:\Users\Precision 7540\.m2\repository\io\prometheus\prometheus-metrics-exposition-formats\1.3.8\prometheus-metrics-exposition-formats-1.3.8.jar;C:\Users\Precision 7540\.m2\repository\io\prometheus\prometheus-metrics-exposition-formats-no-protobuf\1.3.8\prometheus-metrics-exposition-formats-no-protobuf-1.3.8.jar;C:\Users\Precision 7540\.m2\repository\io\prometheus\prometheus-metrics-exposition-textformats\1.3.8\prometheus-metrics-exposition-textformats-1.3.8.jar;C:\Users\Precision 7540\.m2\repository\org\springframework\boot\spring-boot-starter-actuator\3.5.3\spring-boot-starter-actuator-3.5.3.jar;C:\Users\Precision 7540\.m2\repository\org\springframework\boot\spring-boot-actuator-autoconfigure\3.5.3\spring-boot-actuator-autoconfigure-3.5.3.jar;C:\Users\Precision 7540\.m2\repository\org\springframework\boot\spring-boot-actuator\3.5.3\spring-boot-actuator-3.5.3.jar;C:\Users\Precision 7540\.m2\repository\io\micrometer\micrometer-observation\1.15.1\micrometer-observation-1.15.1.jar;C:\Users\Precision 7540\.m2\repository\io\micrometer\micrometer-jakarta9\1.15.1\micrometer-jakarta9-1.15.1.jar;C:\Users\Precision 7540\.m2\repository\software\amazon\awssdk\s3\2.39.6\s3-2.39.6.jar;C:\Users\Precision 7540\.m2\repository\software\amazon\awssdk\aws-xml-protocol\2.39.6\aws-xml-protocol-2.39.6.jar;C:\Users\Precision 7540\.m2\repository\software\amazon\awssdk\aws-query-protocol\2.39.6\aws-query-protocol-2.39.6.jar;C:\Users\Precision 7540\.m2\repository\software\amazon\awssdk\protocol-core\2.39.6\protocol-core-2.39.6.jar;C:\Users\Precision 7540\.m2\repository\software\amazon\awssdk\arns\2.39.6\arns-2.39.6.jar;C:\Users\Precision 7540\.m2\repository\software\amazon\awssdk\profiles\2.39.6\profiles-2.39.6.jar;C:\Users\Precision 7540\.m2\repository\software\amazon\awssdk\crt-core\2.39.6\crt-core-2.39.6.jar;C:\Users\Precision 7540\.m2\repository\software\amazon\awssdk\http-auth\2.39.6\http-auth-2.39.6.jar;C:\Users\Precision 7540\.m2\repository\software\amazon\awssdk\identity-spi\2.39.6\identity-spi-2.39.6.jar;C:\Users\Precision 7540\.m2\repository\software\amazon\awssdk\http-auth-spi\2.39.6\http-auth-spi-2.39.6.jar;C:\Users\Precision 7540\.m2\repository\org\reactivestreams\reactive-streams\1.0.4\reactive-streams-1.0.4.jar;C:\Users\Precision 7540\.m2\repository\software\amazon\awssdk\http-auth-aws\2.39.6\http-auth-aws-2.39.6.jar;C:\Users\Precision 7540\.m2\repository\software\amazon\awssdk\checksums\2.39.6\checksums-2.39.6.jar;C:\Users\Precision 7540\.m2\repository\software\amazon\awssdk\checksums-spi\2.39.6\checksums-spi-2.39.6.jar;C:\Users\Precision 7540\.m2\repository\software\amazon\awssdk\retries-spi\2.39.6\retries-spi-2.39.6.jar;C:\Users\Precision 7540\.m2\repository\software\amazon\awssdk\sdk-core\2.39.6\sdk-core-2.39.6.jar;C:\Users\Precision 7540\.m2\repository\software\amazon\awssdk\retries\2.39.6\retries-2.39.6.jar;C:\Users\Precision 7540\.m2\repository\software\amazon\awssdk\auth\2.39.6\auth-2.39.6.jar;C:\Users\Precision 7540\.m2\repository\software\amazon\awssdk\http-auth-aws-eventstream\2.39.6\http-auth-aws-eventstream-2.39.6.jar;C:\Users\Precision 7540\.m2\repository\software\amazon\eventstream\eventstream\1.0.1\eventstream-1.0.1.jar;C:\Users\Precision 7540\.m2\repository\software\amazon\awssdk\http-client-spi\2.39.6\http-client-spi-2.39.6.jar;C:\Users\Precision 7540\.m2\repository\software\amazon\awssdk\regions\2.39.6\regions-2.39.6.jar;C:\Users\Precision 7540\.m2\repository\software\amazon\awssdk\annotations\2.39.6\annotations-2.39.6.jar;C:\Users\Precision 7540\.m2\repository\software\amazon\awssdk\utils\2.39.6\utils-2.39.6.jar;C:\Users\Precision 7540\.m2\repository\software\amazon\awssdk\aws-core\2.39.6\aws-core-2.39.6.jar;C:\Users\Precision 7540\.m2\repository\software\amazon\awssdk\utils-lite\2.39.6\utils-lite-2.39.6.jar;C:\Users\Precision 7540\.m2\repository\software\amazon\awssdk\metrics-spi\2.39.6\metrics-spi-2.39.6.jar;C:\Users\Precision 7540\.m2\repository\software\amazon\awssdk\json-utils\2.39.6\json-utils-2.39.6.jar;C:\Users\Precision 7540\.m2\repository\software\amazon\awssdk\third-party-jackson-core\2.39.6\third-party-jackson-core-2.39.6.jar;C:\Users\Precision 7540\.m2\repository\software\amazon\awssdk\endpoints-spi\2.39.6\endpoints-spi-2.39.6.jar;C:\Users\Precision 7540\.m2\repository\software\amazon\awssdk\apache-client\2.39.6\apache-client-2.39.6.jar;C:\Users\Precision 7540\.m2\repository\org\apache\httpcomponents\httpclient\4.5.13\httpclient-4.5.13.jar;C:\Users\Precision 7540\.m2\repository\org\apache\httpcomponents\httpcore\4.4.16\httpcore-4.4.16.jar;C:\Users\Precision 7540\.m2\repository\commons-codec\commons-codec\1.18.0\commons-codec-1.18.0.jar;C:\Users\Precision 7540\.m2\repository\software\amazon\awssdk\netty-nio-client\2.39.6\netty-nio-client-2.39.6.jar;C:\Users\Precision 7540\.m2\repository\io\netty\netty-transport-classes-epoll\4.1.122.Final\netty-transport-classes-epoll-4.1.122.Final.jar;C:\Users\Precision 7540\.m2\repository\io\netty\netty-resolver\4.1.122.Final\netty-resolver-4.1.122.Final.jar;C:\Users\Precision 7540\.m2\repository\com\amazonaws\aws-java-sdk-s3\1.12.794\aws-java-sdk-s3-1.12.794.jar;C:\Users\Precision 7540\.m2\repository\com\amazonaws\aws-java-sdk-kms\1.12.794\aws-java-sdk-kms-1.12.794.jar;C:\Users\Precision 7540\.m2\repository\com\amazonaws\aws-java-sdk-core\1.12.794\aws-java-sdk-core-1.12.794.jar;C:\Users\Precision 7540\.m2\repository\commons-logging\commons-logging\1.1.3\commons-logging-1.1.3.jar;C:\Users\Precision 7540\.m2\repository\com\fasterxml\jackson\dataformat\jackson-dataformat-cbor\2.19.1\jackson-dataformat-cbor-2.19.1.jar;C:\Users\Precision 7540\.m2\repository\joda-time\joda-time\2.12.7\joda-time-2.12.7.jar;C:\Users\Precision 7540\.m2\repository\com\amazonaws\jmespath-java\1.12.794\jmespath-java-1.12.794.jar;C:\Users\Precision 7540\.m2\repository\org\apache\commons\commons-pool2\2.12.1\commons-pool2-2.12.1.jar;C:\Users\Precision 7540\.m2\repository\org\springframework\kafka\spring-kafka\3.3.7\spring-kafka-3.3.7.jar;C:\Users\Precision 7540\.m2\repository\org\springframework\spring-context\6.2.8\spring-context-6.2.8.jar;C:\Users\Precision 7540\.m2\repository\org\springframework\spring-messaging\6.2.8\spring-messaging-6.2.8.jar;C:\Users\Precision 7540\.m2\repository\org\springframework\spring-tx\6.2.8\spring-tx-6.2.8.jar;C:\Users\Precision 7540\.m2\repository\org\springframework\retry\spring-retry\2.0.12\spring-retry-2.0.12.jar;C:\Users\Precision 7540\.m2\repository\org\apache\kafka\kafka-clients\3.9.1\kafka-clients-3.9.1.jar;C:\Users\Precision 7540\.m2\repository\com\github\luben\zstd-jni\1.5.6-4\zstd-jni-1.5.6-4.jar;C:\Users\Precision 7540\.m2\repository\org\lz4\lz4-java\1.8.0\lz4-java-1.8.0.jar;C:\Users\Precision 7540\.m2\repository\org\xerial\snappy\snappy-java\1.1.10.5\snappy-java-1.1.10.5.jar;C:\Users\Precision 7540\.m2\repository\org\springframework\boot\spring-boot-starter-activemq\3.5.3\spring-boot-starter-activemq-3.5.3.jar;C:\Users\Precision 7540\.m2\repository\org\springframework\spring-jms\6.2.8\spring-jms-6.2.8.jar;C:\Users\Precision 7540\.m2\repository\org\apache\activemq\activemq-client\6.1.6\activemq-client-6.1.6.jar;C:\Users\Precision 7540\.m2\repository\jakarta\jms\jakarta.jms-api\3.1.0\jakarta.jms-api-3.1.0.jar;C:\Users\Precision 7540\.m2\repository\org\fusesource\hawtbuf\hawtbuf\1.11\hawtbuf-1.11.jar;C:\Program Files\JetBrains\IntelliJ IDEA 2024.2.4\lib\idea_rt.jar, java.version: =18.0.2}. 
2026-04-10 00:24:49.975 INFO  [main] t.report.mainapp.MainAppApplication - Started MainAppApplication in 484.0 seconds (process running for 485.027)
2026-04-10 00:24:50.011 INFO  [SpringApplicationShutdownHook] o.s.b.w.e.tomcat.GracefulShutdown - Commencing graceful shutdown. Waiting for active requests to complete
2026-04-10 00:24:52.043 INFO  [http-nio-8080-exec-3] o.h.e.i.StatisticalLoggingSessionEventListener - Session Metrics {
    772700 nanoseconds spent acquiring 1 JDBC connections;
    0 nanoseconds spent releasing 0 JDBC connections;
    1347500 nanoseconds spent preparing 3 JDBC statements;
    15358200 nanoseconds spent executing 3 JDBC statements;
    0 nanoseconds spent executing 0 JDBC batches;
    0 nanoseconds spent performing 0 L2C puts;
    0 nanoseconds spent performing 0 L2C hits;
    0 nanoseconds spent performing 0 L2C misses;
    25009900 nanoseconds spent executing 1 flushes (flushing a total of 2 entities and 1 collections);
    27800 nanoseconds spent executing 1 pre-partial-flushes;
    11800 nanoseconds spent executing 1 partial-flushes (flushing a total of 0 entities and 0 collections)
}
2026-04-10 00:24:52.095 INFO  [tomcat-shutdown] o.s.b.w.e.tomcat.GracefulShutdown - Graceful shutdown complete
2026-04-10 00:24:52.131 INFO  [SpringApplicationShutdownHook] o.s.o.j.LocalContainerEntityManagerFactoryBean - Closing JPA EntityManagerFactory for persistence unit 'default'
2026-04-10 00:24:52.139 INFO  [SpringApplicationShutdownHook] com.zaxxer.hikari.HikariDataSource - HikariPool-1 - Shutdown initiated...
2026-04-10 00:25:06.538 INFO  [SpringApplicationShutdownHook] com.zaxxer.hikari.HikariDataSource - HikariPool-1 - Shutdown completed.
2026-04-10 00:31:10.111 INFO  [main] t.report.mainapp.MainAppApplication - Starting MainAppApplication using Java 18.0.2 with PID 13268 (D:\06-05-2025\report\main-app\target\classes started by Precision 7540 in D:\06-05-2025\report)
2026-04-10 00:31:10.113 INFO  [main] t.report.mainapp.MainAppApplication - No active profile set, falling back to 1 default profile: "default"
2026-04-10 00:31:11.292 INFO  [main] o.s.d.r.c.RepositoryConfigurationDelegate - Multiple Spring Data modules found, entering strict repository configuration mode
2026-04-10 00:31:11.294 INFO  [main] o.s.d.r.c.RepositoryConfigurationDelegate - Bootstrapping Spring Data JPA repositories in DEFAULT mode.
2026-04-10 00:31:11.316 INFO  [main] o.s.d.r.c.RepositoryConfigurationDelegate - Finished Spring Data repository scanning in 14 ms. Found 0 JPA repository interfaces.
2026-04-10 00:31:11.327 INFO  [main] o.s.d.r.c.RepositoryConfigurationDelegate - Multiple Spring Data modules found, entering strict repository configuration mode
2026-04-10 00:31:11.328 INFO  [main] o.s.d.r.c.RepositoryConfigurationDelegate - Bootstrapping Spring Data Redis repositories in DEFAULT mode.
2026-04-10 00:31:11.340 INFO  [main] o.s.d.r.c.RepositoryConfigurationDelegate - Finished Spring Data repository scanning in 3 ms. Found 0 Redis repository interfaces.
2026-04-10 00:31:12.122 INFO  [main] o.s.b.w.e.tomcat.TomcatWebServer - Tomcat initialized with port 8080 (http)
2026-04-10 00:31:12.141 INFO  [main] o.a.coyote.http11.Http11NioProtocol - Initializing ProtocolHandler ["http-nio-8080"]
2026-04-10 00:31:12.142 INFO  [main] o.a.catalina.core.StandardService - Starting service [Tomcat]
2026-04-10 00:31:12.142 INFO  [main] o.a.catalina.core.StandardEngine - Starting Servlet engine: [Apache Tomcat/10.1.42]
2026-04-10 00:31:12.235 INFO  [main] o.a.c.c.C.[Tomcat].[localhost].[/] - Initializing Spring embedded WebApplicationContext
2026-04-10 00:31:12.235 INFO  [main] o.s.b.w.s.c.ServletWebServerApplicationContext - Root WebApplicationContext: initialization completed in 2077 ms
2026-04-10 00:31:12.902 INFO  [main] com.zaxxer.hikari.HikariDataSource - HikariPool-1 - Starting...
2026-04-10 00:31:13.864 INFO  [main] com.zaxxer.hikari.pool.HikariPool - HikariPool-1 - Added connection oracle.jdbc.driver.T4CConnection@2586e878
2026-04-10 00:31:13.866 INFO  [main] com.zaxxer.hikari.HikariDataSource - HikariPool-1 - Start completed.
2026-04-10 00:31:13.906 INFO  [main] o.h.jpa.internal.util.LogHelper - HHH000204: Processing PersistenceUnitInfo [name: default]
2026-04-10 00:31:13.956 INFO  [main] org.hibernate.Version - HHH000412: Hibernate ORM core version 6.6.18.Final
2026-04-10 00:31:13.989 INFO  [main] o.h.c.i.RegionFactoryInitiator - HHH000026: Second-level cache disabled
2026-04-10 00:31:14.247 INFO  [main] o.s.o.j.p.SpringPersistenceUnitInfo - No LoadTimeWeaver setup: ignoring JPA class transformer
2026-04-10 00:31:14.500 INFO  [main] o.hibernate.orm.connections.pooling - HHH10001005: Database info:
	Database JDBC URL [Connecting through datasource 'HikariDataSource (HikariPool-1)']
	Database driver: undefined/unknown
	Database version: 19.3
	Autocommit mode: undefined/unknown
	Isolation level: undefined/unknown
	Minimum pool size: undefined/unknown
	Maximum pool size: undefined/unknown
2026-04-10 00:31:15.343 INFO  [main] o.h.e.t.j.p.i.JtaPlatformInitiator - HHH000489: No JTA platform available (set 'hibernate.transaction.jta.platform' to enable JTA platform integration)
2026-04-10 00:31:15.347 INFO  [main] o.s.o.j.LocalContainerEntityManagerFactoryBean - Initialized JPA EntityManagerFactory for persistence unit 'default'
2026-04-10 00:31:17.240 INFO  [main] o.s.b.a.e.web.EndpointLinksResolver - Exposing 3 endpoints beneath base path '/actuator'
2026-04-10 00:31:17.333 INFO  [main] o.a.coyote.http11.Http11NioProtocol - Starting ProtocolHandler ["http-nio-8080"]
2026-04-10 00:31:17.362 INFO  [main] o.s.b.w.e.tomcat.TomcatWebServer - Tomcat started on port 8080 (http) with context path '/'
2026-04-10 00:31:17.567 INFO  [main] t.report.mainapp.MainAppApplication - Started MainAppApplication in 8.198 seconds (process running for 9.286)
2026-04-10 00:31:17.873 INFO  [RMI TCP Connection(2)-192.168.1.245] o.a.c.c.C.[Tomcat].[localhost].[/] - Initializing Spring DispatcherServlet 'dispatcherServlet'
2026-04-10 00:31:17.873 INFO  [RMI TCP Connection(2)-192.168.1.245] o.s.web.servlet.DispatcherServlet - Initializing Servlet 'dispatcherServlet'
2026-04-10 00:31:17.876 INFO  [RMI TCP Connection(2)-192.168.1.245] o.s.web.servlet.DispatcherServlet - Completed initialization in 3 ms
2026-04-10 00:32:32.732 INFO  [http-nio-8080-exec-2] o.h.e.i.StatisticalLoggingSessionEventListener - Session Metrics {
    912100 nanoseconds spent acquiring 1 JDBC connections;
    0 nanoseconds spent releasing 0 JDBC connections;
    33398400 nanoseconds spent preparing 1 JDBC statements;
    14236900 nanoseconds spent executing 1 JDBC statements;
    0 nanoseconds spent executing 0 JDBC batches;
    0 nanoseconds spent performing 0 L2C puts;
    0 nanoseconds spent performing 0 L2C hits;
    0 nanoseconds spent performing 0 L2C misses;
    0 nanoseconds spent executing 0 flushes (flushing a total of 0 entities and 0 collections);
    0 nanoseconds spent executing 0 pre-partial-flushes;
    0 nanoseconds spent executing 0 partial-flushes (flushing a total of 0 entities and 0 collections)
}
2026-04-10 00:32:32.732 INFO  [http-nio-8080-exec-1] o.h.e.i.StatisticalLoggingSessionEventListener - Session Metrics {
    1693100 nanoseconds spent acquiring 1 JDBC connections;
    0 nanoseconds spent releasing 0 JDBC connections;
    33389100 nanoseconds spent preparing 1 JDBC statements;
    14236900 nanoseconds spent executing 1 JDBC statements;
    0 nanoseconds spent executing 0 JDBC batches;
    0 nanoseconds spent performing 0 L2C puts;
    0 nanoseconds spent performing 0 L2C hits;
    0 nanoseconds spent performing 0 L2C misses;
    0 nanoseconds spent executing 0 flushes (flushing a total of 0 entities and 0 collections);
    0 nanoseconds spent executing 0 pre-partial-flushes;
    0 nanoseconds spent executing 0 partial-flushes (flushing a total of 0 entities and 0 collections)
}
2026-04-10 00:32:39.017 INFO  [http-nio-8080-exec-5] o.h.e.i.StatisticalLoggingSessionEventListener - Session Metrics {
    1202700 nanoseconds spent acquiring 1 JDBC connections;
    0 nanoseconds spent releasing 0 JDBC connections;
    1441200 nanoseconds spent preparing 1 JDBC statements;
    4307700 nanoseconds spent executing 1 JDBC statements;
    0 nanoseconds spent executing 0 JDBC batches;
    0 nanoseconds spent performing 0 L2C puts;
    0 nanoseconds spent performing 0 L2C hits;
    0 nanoseconds spent performing 0 L2C misses;
    0 nanoseconds spent executing 0 flushes (flushing a total of 0 entities and 0 collections);
    0 nanoseconds spent executing 0 pre-partial-flushes;
    0 nanoseconds spent executing 0 partial-flushes (flushing a total of 0 entities and 0 collections)
}
2026-04-10 00:32:39.017 INFO  [http-nio-8080-exec-9] o.h.e.i.StatisticalLoggingSessionEventListener - Session Metrics {
    1306900 nanoseconds spent acquiring 1 JDBC connections;
    0 nanoseconds spent releasing 0 JDBC connections;
    1513400 nanoseconds spent preparing 1 JDBC statements;
    10809100 nanoseconds spent executing 1 JDBC statements;
    0 nanoseconds spent executing 0 JDBC batches;
    0 nanoseconds spent performing 0 L2C puts;
    0 nanoseconds spent performing 0 L2C hits;
    0 nanoseconds spent performing 0 L2C misses;
    0 nanoseconds spent executing 0 flushes (flushing a total of 0 entities and 0 collections);
    0 nanoseconds spent executing 0 pre-partial-flushes;
    0 nanoseconds spent executing 0 partial-flushes (flushing a total of 0 entities and 0 collections)
}
2026-04-10 00:32:39.068 INFO  [http-nio-8080-exec-6] o.h.e.i.StatisticalLoggingSessionEventListener - Session Metrics {
    81800 nanoseconds spent acquiring 1 JDBC connections;
    0 nanoseconds spent releasing 0 JDBC connections;
    371700 nanoseconds spent preparing 2 JDBC statements;
    6011100 nanoseconds spent executing 2 JDBC statements;
    0 nanoseconds spent executing 0 JDBC batches;
    0 nanoseconds spent performing 0 L2C puts;
    0 nanoseconds spent performing 0 L2C hits;
    0 nanoseconds spent performing 0 L2C misses;
    0 nanoseconds spent executing 0 flushes (flushing a total of 0 entities and 0 collections);
    0 nanoseconds spent executing 0 pre-partial-flushes;
    0 nanoseconds spent executing 0 partial-flushes (flushing a total of 0 entities and 0 collections)
}
2026-04-10 00:32:39.068 INFO  [http-nio-8080-exec-7] o.h.e.i.StatisticalLoggingSessionEventListener - Session Metrics {
    113800 nanoseconds spent acquiring 1 JDBC connections;
    0 nanoseconds spent releasing 0 JDBC connections;
    377500 nanoseconds spent preparing 2 JDBC statements;
    6331700 nanoseconds spent executing 2 JDBC statements;
    0 nanoseconds spent executing 0 JDBC batches;
    0 nanoseconds spent performing 0 L2C puts;
    0 nanoseconds spent performing 0 L2C hits;
    0 nanoseconds spent performing 0 L2C misses;
    0 nanoseconds spent executing 0 flushes (flushing a total of 0 entities and 0 collections);
    0 nanoseconds spent executing 0 pre-partial-flushes;
    0 nanoseconds spent executing 0 partial-flushes (flushing a total of 0 entities and 0 collections)
}
2026-04-10 00:32:43.930 INFO  [http-nio-8080-exec-3] o.h.e.i.StatisticalLoggingSessionEventListener - Session Metrics {
    664500 nanoseconds spent acquiring 1 JDBC connections;
    0 nanoseconds spent releasing 0 JDBC connections;
    832200 nanoseconds spent preparing 1 JDBC statements;
    1158100 nanoseconds spent executing 1 JDBC statements;
    0 nanoseconds spent executing 0 JDBC batches;
    0 nanoseconds spent performing 0 L2C puts;
    0 nanoseconds spent performing 0 L2C hits;
    0 nanoseconds spent performing 0 L2C misses;
    0 nanoseconds spent executing 0 flushes (flushing a total of 0 entities and 0 collections);
    0 nanoseconds spent executing 0 pre-partial-flushes;
    0 nanoseconds spent executing 0 partial-flushes (flushing a total of 0 entities and 0 collections)
}
2026-04-10 06:48:34.600 INFO  [http-nio-8080-exec-4] o.h.e.i.StatisticalLoggingSessionEventListener - Session Metrics {
    681100 nanoseconds spent acquiring 1 JDBC connections;
    0 nanoseconds spent releasing 0 JDBC connections;
    3085900 nanoseconds spent preparing 3 JDBC statements;
    25954100 nanoseconds spent executing 3 JDBC statements;
    0 nanoseconds spent executing 0 JDBC batches;
    0 nanoseconds spent performing 0 L2C puts;
    0 nanoseconds spent performing 0 L2C hits;
    0 nanoseconds spent performing 0 L2C misses;
    66445400 nanoseconds spent executing 1 flushes (flushing a total of 2 entities and 1 collections);
    28900 nanoseconds spent executing 1 pre-partial-flushes;
    40700 nanoseconds spent executing 1 partial-flushes (flushing a total of 0 entities and 0 collections)
}
2026-04-10 06:56:05.478 INFO  [main] t.report.mainapp.MainAppApplication - Starting MainAppApplication using Java 18.0.2 with PID 19864 (D:\06-05-2025\report\main-app\target\classes started by Precision 7540 in D:\06-05-2025\report)
2026-04-10 06:56:05.482 INFO  [main] t.report.mainapp.MainAppApplication - No active profile set, falling back to 1 default profile: "default"
2026-04-10 06:56:07.198 INFO  [main] o.s.d.r.c.RepositoryConfigurationDelegate - Multiple Spring Data modules found, entering strict repository configuration mode
2026-04-10 06:56:07.201 INFO  [main] o.s.d.r.c.RepositoryConfigurationDelegate - Bootstrapping Spring Data JPA repositories in DEFAULT mode.
2026-04-10 06:56:07.230 INFO  [main] o.s.d.r.c.RepositoryConfigurationDelegate - Finished Spring Data repository scanning in 17 ms. Found 0 JPA repository interfaces.
2026-04-10 06:56:07.246 INFO  [main] o.s.d.r.c.RepositoryConfigurationDelegate - Multiple Spring Data modules found, entering strict repository configuration mode
2026-04-10 06:56:07.247 INFO  [main] o.s.d.r.c.RepositoryConfigurationDelegate - Bootstrapping Spring Data Redis repositories in DEFAULT mode.
2026-04-10 06:56:07.267 INFO  [main] o.s.d.r.c.RepositoryConfigurationDelegate - Finished Spring Data repository scanning in 6 ms. Found 0 Redis repository interfaces.
2026-04-10 06:56:09.143 INFO  [main] o.s.b.w.e.tomcat.TomcatWebServer - Tomcat initialized with port 8080 (http)
2026-04-10 06:56:09.186 INFO  [main] o.a.coyote.http11.Http11NioProtocol - Initializing ProtocolHandler ["http-nio-8080"]
2026-04-10 06:56:09.192 INFO  [main] o.a.catalina.core.StandardService - Starting service [Tomcat]
2026-04-10 06:56:09.192 INFO  [main] o.a.catalina.core.StandardEngine - Starting Servlet engine: [Apache Tomcat/10.1.42]
2026-04-10 06:56:09.367 INFO  [main] o.a.c.c.C.[Tomcat].[localhost].[/] - Initializing Spring embedded WebApplicationContext
2026-04-10 06:56:09.371 INFO  [main] o.s.b.w.s.c.ServletWebServerApplicationContext - Root WebApplicationContext: initialization completed in 3808 ms
2026-04-10 06:56:10.976 INFO  [main] com.zaxxer.hikari.HikariDataSource - HikariPool-1 - Starting...
2026-04-10 06:56:28.281 INFO  [main] o.h.jpa.internal.util.LogHelper - HHH000204: Processing PersistenceUnitInfo [name: default]
2026-04-10 06:56:28.439 INFO  [main] org.hibernate.Version - HHH000412: Hibernate ORM core version 6.6.18.Final
2026-04-10 06:56:28.532 INFO  [main] o.h.c.i.RegionFactoryInitiator - HHH000026: Second-level cache disabled
2026-04-10 06:56:29.211 INFO  [main] o.s.o.j.p.SpringPersistenceUnitInfo - No LoadTimeWeaver setup: ignoring JPA class transformer
2026-04-10 06:56:29.283 INFO  [main] com.zaxxer.hikari.HikariDataSource - HikariPool-1 - Starting...
2026-04-10 06:56:30.665 INFO  [main] o.hibernate.orm.connections.pooling - HHH10001005: Database info:
	Database JDBC URL [Connecting through datasource 'HikariDataSource (null)']
	Database driver: undefined/unknown
	Database version: 19.0
	Autocommit mode: undefined/unknown
	Isolation level: undefined/unknown
	Minimum pool size: undefined/unknown
	Maximum pool size: undefined/unknown
2026-04-10 06:56:32.389 INFO  [main] o.h.e.t.j.p.i.JtaPlatformInitiator - HHH000489: No JTA platform available (set 'hibernate.transaction.jta.platform' to enable JTA platform integration)
2026-04-10 06:56:32.394 INFO  [main] o.s.o.j.LocalContainerEntityManagerFactoryBean - Initialized JPA EntityManagerFactory for persistence unit 'default'
2026-04-10 06:56:36.396 INFO  [main] o.s.b.a.e.web.EndpointLinksResolver - Exposing 3 endpoints beneath base path '/actuator'
2026-04-10 06:56:36.572 INFO  [main] o.a.coyote.http11.Http11NioProtocol - Starting ProtocolHandler ["http-nio-8080"]
2026-04-10 06:56:36.606 INFO  [main] o.s.b.w.e.tomcat.TomcatWebServer - Tomcat started on port 8080 (http) with context path '/'
2026-04-10 06:56:37.738 INFO  [main] t.report.mainapp.MainAppApplication - Started MainAppApplication in 33.147 seconds (process running for 35.21)
2026-04-10 06:56:38.135 INFO  [RMI TCP Connection(9)-192.168.1.245] o.a.c.c.C.[Tomcat].[localhost].[/] - Initializing Spring DispatcherServlet 'dispatcherServlet'
2026-04-10 06:56:38.136 INFO  [RMI TCP Connection(9)-192.168.1.245] o.s.web.servlet.DispatcherServlet - Initializing Servlet 'dispatcherServlet'
2026-04-10 06:56:38.138 INFO  [RMI TCP Connection(8)-192.168.1.245] com.zaxxer.hikari.HikariDataSource - HikariPool-1 - Starting...
2026-04-10 06:56:38.139 INFO  [RMI TCP Connection(9)-192.168.1.245] o.s.web.servlet.DispatcherServlet - Completed initialization in 3 ms
2026-04-10 06:56:51.586 INFO  [http-nio-8080-exec-1] com.zaxxer.hikari.HikariDataSource - HikariPool-1 - Starting...
2026-04-10 06:57:08.344 INFO  [http-nio-8080-exec-2] com.zaxxer.hikari.HikariDataSource - HikariPool-1 - Starting...
2026-04-10 06:57:08.380 INFO  [http-nio-8080-exec-1] o.h.e.i.StatisticalLoggingSessionEventListener - Session Metrics {
    16756749700 nanoseconds spent acquiring 1 JDBC connections;
    0 nanoseconds spent releasing 0 JDBC connections;
    16758125900 nanoseconds spent preparing 1 JDBC statements;
    0 nanoseconds spent executing 0 JDBC statements;
    0 nanoseconds spent executing 0 JDBC batches;
    0 nanoseconds spent performing 0 L2C puts;
    0 nanoseconds spent performing 0 L2C hits;
    0 nanoseconds spent performing 0 L2C misses;
    0 nanoseconds spent executing 0 flushes (flushing a total of 0 entities and 0 collections);
    0 nanoseconds spent executing 0 pre-partial-flushes;
    0 nanoseconds spent executing 0 partial-flushes (flushing a total of 0 entities and 0 collections)
}
2026-04-10 06:57:26.667 INFO  [http-nio-8080-exec-2] o.h.e.i.StatisticalLoggingSessionEventListener - Session Metrics {
    29543463000 nanoseconds spent acquiring 1 JDBC connections;
    0 nanoseconds spent releasing 0 JDBC connections;
    29544722500 nanoseconds spent preparing 1 JDBC statements;
    0 nanoseconds spent executing 0 JDBC statements;
    0 nanoseconds spent executing 0 JDBC batches;
    0 nanoseconds spent performing 0 L2C puts;
    0 nanoseconds spent performing 0 L2C hits;
    0 nanoseconds spent performing 0 L2C misses;
    0 nanoseconds spent executing 0 flushes (flushing a total of 0 entities and 0 collections);
    0 nanoseconds spent executing 0 pre-partial-flushes;
    0 nanoseconds spent executing 0 partial-flushes (flushing a total of 0 entities and 0 collections)
}
2026-04-10 06:57:32.085 INFO  [http-nio-8080-exec-3] o.h.e.i.StatisticalLoggingSessionEventListener - Session Metrics {
    0 nanoseconds spent acquiring 0 JDBC connections;
    0 nanoseconds spent releasing 0 JDBC connections;
    0 nanoseconds spent preparing 0 JDBC statements;
    0 nanoseconds spent executing 0 JDBC statements;
    0 nanoseconds spent executing 0 JDBC batches;
    0 nanoseconds spent performing 0 L2C puts;
    0 nanoseconds spent performing 0 L2C hits;
    0 nanoseconds spent performing 0 L2C misses;
    0 nanoseconds spent executing 0 flushes (flushing a total of 0 entities and 0 collections);
    0 nanoseconds spent executing 0 pre-partial-flushes;
    0 nanoseconds spent executing 0 partial-flushes (flushing a total of 0 entities and 0 collections)
}
2026-04-10 06:57:35.388 INFO  [http-nio-8080-exec-4] com.zaxxer.hikari.HikariDataSource - HikariPool-1 - Starting...
2026-04-10 06:57:37.335 INFO  [http-nio-8080-exec-5] com.zaxxer.hikari.HikariDataSource - HikariPool-1 - Starting...
2026-04-10 06:57:37.336 INFO  [http-nio-8080-exec-4] o.h.e.i.StatisticalLoggingSessionEventListener - Session Metrics {
    1946514900 nanoseconds spent acquiring 1 JDBC connections;
    0 nanoseconds spent releasing 0 JDBC connections;
    1946904000 nanoseconds spent preparing 1 JDBC statements;
    0 nanoseconds spent executing 0 JDBC statements;
    0 nanoseconds spent executing 0 JDBC batches;
    0 nanoseconds spent performing 0 L2C puts;
    0 nanoseconds spent performing 0 L2C hits;
    0 nanoseconds spent performing 0 L2C misses;
    0 nanoseconds spent executing 0 flushes (flushing a total of 0 entities and 0 collections);
    0 nanoseconds spent executing 0 pre-partial-flushes;
    0 nanoseconds spent executing 0 partial-flushes (flushing a total of 0 entities and 0 collections)
}
2026-04-10 06:57:52.459 INFO  [http-nio-8080-exec-8] com.zaxxer.hikari.HikariDataSource - HikariPool-1 - Starting...
2026-04-10 06:57:52.460 INFO  [http-nio-8080-exec-5] o.h.e.i.StatisticalLoggingSessionEventListener - Session Metrics {
    17068269600 nanoseconds spent acquiring 1 JDBC connections;
    0 nanoseconds spent releasing 0 JDBC connections;
    17068664900 nanoseconds spent preparing 1 JDBC statements;
    0 nanoseconds spent executing 0 JDBC statements;
    0 nanoseconds spent executing 0 JDBC batches;
    0 nanoseconds spent performing 0 L2C puts;
    0 nanoseconds spent performing 0 L2C hits;
    0 nanoseconds spent performing 0 L2C misses;
    0 nanoseconds spent executing 0 flushes (flushing a total of 0 entities and 0 collections);
    0 nanoseconds spent executing 0 pre-partial-flushes;
    0 nanoseconds spent executing 0 partial-flushes (flushing a total of 0 entities and 0 collections)
}
2026-04-10 06:58:24.119 INFO  [http-nio-8080-exec-7] com.zaxxer.hikari.HikariDataSource - HikariPool-1 - Starting...
2026-04-10 06:58:24.121 INFO  [http-nio-8080-exec-8] o.h.e.i.StatisticalLoggingSessionEventListener - Session Metrics {
    40955803000 nanoseconds spent acquiring 1 JDBC connections;
    0 nanoseconds spent releasing 0 JDBC connections;
    40956302900 nanoseconds spent preparing 1 JDBC statements;
    0 nanoseconds spent executing 0 JDBC statements;
    0 nanoseconds spent executing 0 JDBC batches;
    0 nanoseconds spent performing 0 L2C puts;
    0 nanoseconds spent performing 0 L2C hits;
    0 nanoseconds spent performing 0 L2C misses;
    0 nanoseconds spent executing 0 flushes (flushing a total of 0 entities and 0 collections);
    0 nanoseconds spent executing 0 pre-partial-flushes;
    0 nanoseconds spent executing 0 partial-flushes (flushing a total of 0 entities and 0 collections)
}
2026-04-10 06:58:24.389 INFO  [http-nio-8080-exec-6] com.zaxxer.hikari.HikariDataSource - HikariPool-1 - Starting...
2026-04-10 06:58:24.391 INFO  [http-nio-8080-exec-7] o.h.e.i.StatisticalLoggingSessionEventListener - Session Metrics {
    41226771500 nanoseconds spent acquiring 1 JDBC connections;
    0 nanoseconds spent releasing 0 JDBC connections;
    41227287800 nanoseconds spent preparing 1 JDBC statements;
    0 nanoseconds spent executing 0 JDBC statements;
    0 nanoseconds spent executing 0 JDBC batches;
    0 nanoseconds spent performing 0 L2C puts;
    0 nanoseconds spent performing 0 L2C hits;
    0 nanoseconds spent performing 0 L2C misses;
    0 nanoseconds spent executing 0 flushes (flushing a total of 0 entities and 0 collections);
    0 nanoseconds spent executing 0 pre-partial-flushes;
    0 nanoseconds spent executing 0 partial-flushes (flushing a total of 0 entities and 0 collections)
}
2026-04-10 06:58:25.626 INFO  [http-nio-8080-exec-1] o.h.e.i.StatisticalLoggingSessionEventListener - Session Metrics {
    0 nanoseconds spent acquiring 0 JDBC connections;
    0 nanoseconds spent releasing 0 JDBC connections;
    0 nanoseconds spent preparing 0 JDBC statements;
    0 nanoseconds spent executing 0 JDBC statements;
    0 nanoseconds spent executing 0 JDBC batches;
    0 nanoseconds spent performing 0 L2C puts;
    0 nanoseconds spent performing 0 L2C hits;
    0 nanoseconds spent performing 0 L2C misses;
    0 nanoseconds spent executing 0 flushes (flushing a total of 0 entities and 0 collections);
    0 nanoseconds spent executing 0 pre-partial-flushes;
    0 nanoseconds spent executing 0 partial-flushes (flushing a total of 0 entities and 0 collections)
}
2026-04-10 06:58:40.781 INFO  [http-nio-8080-exec-3] com.zaxxer.hikari.HikariDataSource - HikariPool-1 - Starting...
2026-04-10 06:58:40.783 INFO  [http-nio-8080-exec-6] o.h.e.i.StatisticalLoggingSessionEventListener - Session Metrics {
    63366160100 nanoseconds spent acquiring 1 JDBC connections;
    0 nanoseconds spent releasing 0 JDBC connections;
    63366647900 nanoseconds spent preparing 1 JDBC statements;
    0 nanoseconds spent executing 0 JDBC statements;
    0 nanoseconds spent executing 0 JDBC batches;
    0 nanoseconds spent performing 0 L2C puts;
    0 nanoseconds spent performing 0 L2C hits;
    0 nanoseconds spent performing 0 L2C misses;
    0 nanoseconds spent executing 0 flushes (flushing a total of 0 entities and 0 collections);
    0 nanoseconds spent executing 0 pre-partial-flushes;
    0 nanoseconds spent executing 0 partial-flushes (flushing a total of 0 entities and 0 collections)
}
2026-04-10 06:58:42.915 INFO  [http-nio-8080-exec-2] com.zaxxer.hikari.HikariDataSource - HikariPool-1 - Starting...
2026-04-10 06:58:42.917 INFO  [http-nio-8080-exec-3] o.h.e.i.StatisticalLoggingSessionEventListener - Session Metrics {
    13312124900 nanoseconds spent acquiring 1 JDBC connections;
    0 nanoseconds spent releasing 0 JDBC connections;
    13312557400 nanoseconds spent preparing 1 JDBC statements;
    0 nanoseconds spent executing 0 JDBC statements;
    0 nanoseconds spent executing 0 JDBC batches;
    0 nanoseconds spent performing 0 L2C puts;
    0 nanoseconds spent performing 0 L2C hits;
    0 nanoseconds spent performing 0 L2C misses;
    0 nanoseconds spent executing 0 flushes (flushing a total of 0 entities and 0 collections);
    0 nanoseconds spent executing 0 pre-partial-flushes;
    0 nanoseconds spent executing 0 partial-flushes (flushing a total of 0 entities and 0 collections)
}
2026-04-10 06:58:43.196 INFO  [http-nio-8080-exec-10] com.zaxxer.hikari.HikariDataSource - HikariPool-1 - Starting...
2026-04-10 06:58:43.198 INFO  [http-nio-8080-exec-2] o.h.e.i.StatisticalLoggingSessionEventListener - Session Metrics {
    13594295400 nanoseconds spent acquiring 1 JDBC connections;
    0 nanoseconds spent releasing 0 JDBC connections;
    13594813400 nanoseconds spent preparing 1 JDBC statements;
    0 nanoseconds spent executing 0 JDBC statements;
    0 nanoseconds spent executing 0 JDBC batches;
    0 nanoseconds spent performing 0 L2C puts;
    0 nanoseconds spent performing 0 L2C hits;
    0 nanoseconds spent performing 0 L2C misses;
    0 nanoseconds spent executing 0 flushes (flushing a total of 0 entities and 0 collections);
    0 nanoseconds spent executing 0 pre-partial-flushes;
    0 nanoseconds spent executing 0 partial-flushes (flushing a total of 0 entities and 0 collections)
}
2026-04-10 06:58:45.391 INFO  [http-nio-8080-exec-9] com.zaxxer.hikari.HikariDataSource - HikariPool-1 - Starting...
2026-04-10 06:58:45.393 INFO  [http-nio-8080-exec-10] o.h.e.i.StatisticalLoggingSessionEventListener - Session Metrics {
    19759689800 nanoseconds spent acquiring 1 JDBC connections;
    0 nanoseconds spent releasing 0 JDBC connections;
    19760265800 nanoseconds spent preparing 1 JDBC statements;
    0 nanoseconds spent executing 0 JDBC statements;
    0 nanoseconds spent executing 0 JDBC batches;
    0 nanoseconds spent performing 0 L2C puts;
    0 nanoseconds spent performing 0 L2C hits;
    0 nanoseconds spent performing 0 L2C misses;
    0 nanoseconds spent executing 0 flushes (flushing a total of 0 entities and 0 collections);
    0 nanoseconds spent executing 0 pre-partial-flushes;
    0 nanoseconds spent executing 0 partial-flushes (flushing a total of 0 entities and 0 collections)
}
2026-04-10 06:58:46.535 INFO  [http-nio-8080-exec-5] com.zaxxer.hikari.HikariDataSource - HikariPool-1 - Starting...
2026-04-10 06:58:46.536 INFO  [http-nio-8080-exec-9] o.h.e.i.StatisticalLoggingSessionEventListener - Session Metrics {
    53990678800 nanoseconds spent acquiring 1 JDBC connections;
    0 nanoseconds spent releasing 0 JDBC connections;
    53991060100 nanoseconds spent preparing 1 JDBC statements;
    0 nanoseconds spent executing 0 JDBC statements;
    0 nanoseconds spent executing 0 JDBC batches;
    0 nanoseconds spent performing 0 L2C puts;
    0 nanoseconds spent performing 0 L2C hits;
    0 nanoseconds spent performing 0 L2C misses;
    0 nanoseconds spent executing 0 flushes (flushing a total of 0 entities and 0 collections);
    0 nanoseconds spent executing 0 pre-partial-flushes;
    0 nanoseconds spent executing 0 partial-flushes (flushing a total of 0 entities and 0 collections)
}
2026-04-10 06:58:48.621 INFO  [http-nio-8080-exec-4] com.zaxxer.hikari.HikariDataSource - HikariPool-1 - Starting...
2026-04-10 06:58:48.623 INFO  [http-nio-8080-exec-5] o.h.e.i.StatisticalLoggingSessionEventListener - Session Metrics {
    5279401100 nanoseconds spent acquiring 1 JDBC connections;
    0 nanoseconds spent releasing 0 JDBC connections;
    5279865900 nanoseconds spent preparing 1 JDBC statements;
    0 nanoseconds spent executing 0 JDBC statements;
    0 nanoseconds spent executing 0 JDBC batches;
    0 nanoseconds spent performing 0 L2C puts;
    0 nanoseconds spent performing 0 L2C hits;
    0 nanoseconds spent performing 0 L2C misses;
    0 nanoseconds spent executing 0 flushes (flushing a total of 0 entities and 0 collections);
    0 nanoseconds spent executing 0 pre-partial-flushes;
    0 nanoseconds spent executing 0 partial-flushes (flushing a total of 0 entities and 0 collections)
}
2026-04-10 06:58:48.857 INFO  [http-nio-8080-exec-7] com.zaxxer.hikari.HikariDataSource - HikariPool-1 - Starting...
2026-04-10 06:58:48.859 INFO  [http-nio-8080-exec-4] o.h.e.i.StatisticalLoggingSessionEventListener - Session Metrics {
    5790601600 nanoseconds spent acquiring 1 JDBC connections;
    0 nanoseconds spent releasing 0 JDBC connections;
    5791002900 nanoseconds spent preparing 1 JDBC statements;
    0 nanoseconds spent executing 0 JDBC statements;
    0 nanoseconds spent executing 0 JDBC batches;
    0 nanoseconds spent performing 0 L2C puts;
    0 nanoseconds spent performing 0 L2C hits;
    0 nanoseconds spent performing 0 L2C misses;
    0 nanoseconds spent executing 0 flushes (flushing a total of 0 entities and 0 collections);
    0 nanoseconds spent executing 0 pre-partial-flushes;
    0 nanoseconds spent executing 0 partial-flushes (flushing a total of 0 entities and 0 collections)
}
2026-04-10 06:58:48.995 INFO  [http-nio-8080-exec-8] com.zaxxer.hikari.HikariDataSource - HikariPool-1 - Starting...
2026-04-10 06:58:48.997 INFO  [http-nio-8080-exec-7] o.h.e.i.StatisticalLoggingSessionEventListener - Session Metrics {
    488897300 nanoseconds spent acquiring 1 JDBC connections;
    0 nanoseconds spent releasing 0 JDBC connections;
    489250600 nanoseconds spent preparing 1 JDBC statements;
    0 nanoseconds spent executing 0 JDBC statements;
    0 nanoseconds spent executing 0 JDBC batches;
    0 nanoseconds spent performing 0 L2C puts;
    0 nanoseconds spent performing 0 L2C hits;
    0 nanoseconds spent performing 0 L2C misses;
    0 nanoseconds spent executing 0 flushes (flushing a total of 0 entities and 0 collections);
    0 nanoseconds spent executing 0 pre-partial-flushes;
    0 nanoseconds spent executing 0 partial-flushes (flushing a total of 0 entities and 0 collections)
}
2026-04-10 06:58:49.187 INFO  [http-nio-8080-exec-1] com.zaxxer.hikari.HikariDataSource - HikariPool-1 - Starting...
2026-04-10 06:58:49.190 INFO  [http-nio-8080-exec-8] o.h.e.i.StatisticalLoggingSessionEventListener - Session Metrics {
    682437300 nanoseconds spent acquiring 1 JDBC connections;
    0 nanoseconds spent releasing 0 JDBC connections;
    682938600 nanoseconds spent preparing 1 JDBC statements;
    0 nanoseconds spent executing 0 JDBC statements;
    0 nanoseconds spent executing 0 JDBC batches;
    0 nanoseconds spent performing 0 L2C puts;
    0 nanoseconds spent performing 0 L2C hits;
    0 nanoseconds spent performing 0 L2C misses;
    0 nanoseconds spent executing 0 flushes (flushing a total of 0 entities and 0 collections);
    0 nanoseconds spent executing 0 pre-partial-flushes;
    0 nanoseconds spent executing 0 partial-flushes (flushing a total of 0 entities and 0 collections)
}
2026-04-10 06:58:50.609 INFO  [http-nio-8080-exec-6] com.zaxxer.hikari.HikariDataSource - HikariPool-1 - Starting...
2026-04-10 06:58:50.611 INFO  [http-nio-8080-exec-1] o.h.e.i.StatisticalLoggingSessionEventListener - Session Metrics {
    1539661500 nanoseconds spent acquiring 1 JDBC connections;
    0 nanoseconds spent releasing 0 JDBC connections;
    1540147300 nanoseconds spent preparing 1 JDBC statements;
    0 nanoseconds spent executing 0 JDBC statements;
    0 nanoseconds spent executing 0 JDBC batches;
    0 nanoseconds spent performing 0 L2C puts;
    0 nanoseconds spent performing 0 L2C hits;
    0 nanoseconds spent performing 0 L2C misses;
    0 nanoseconds spent executing 0 flushes (flushing a total of 0 entities and 0 collections);
    0 nanoseconds spent executing 0 pre-partial-flushes;
    0 nanoseconds spent executing 0 partial-flushes (flushing a total of 0 entities and 0 collections)
}
2026-04-10 06:58:52.695 INFO  [http-nio-8080-exec-6] o.h.e.i.StatisticalLoggingSessionEventListener - Session Metrics {
    3424991400 nanoseconds spent acquiring 1 JDBC connections;
    0 nanoseconds spent releasing 0 JDBC connections;
    3425488700 nanoseconds spent preparing 1 JDBC statements;
    0 nanoseconds spent executing 0 JDBC statements;
    0 nanoseconds spent executing 0 JDBC batches;
    0 nanoseconds spent performing 0 L2C puts;
    0 nanoseconds spent performing 0 L2C hits;
    0 nanoseconds spent performing 0 L2C misses;
    0 nanoseconds spent executing 0 flushes (flushing a total of 0 entities and 0 collections);
    0 nanoseconds spent executing 0 pre-partial-flushes;
    0 nanoseconds spent executing 0 partial-flushes (flushing a total of 0 entities and 0 collections)
}
2026-04-10 07:00:14.478 INFO  [SpringApplicationShutdownHook] o.s.b.w.e.tomcat.GracefulShutdown - Commencing graceful shutdown. Waiting for active requests to complete
2026-04-10 07:00:14.864 INFO  [tomcat-shutdown] o.s.b.w.e.tomcat.GracefulShutdown - Graceful shutdown complete
2026-04-10 07:00:14.891 INFO  [SpringApplicationShutdownHook] o.s.o.j.LocalContainerEntityManagerFactoryBean - Closing JPA EntityManagerFactory for persistence unit 'default'
2026-04-10 07:00:20.545 INFO  [main] t.report.mainapp.MainAppApplication - Starting MainAppApplication using Java 18.0.2 with PID 11680 (D:\06-05-2025\report\main-app\target\classes started by Precision 7540 in D:\06-05-2025\report)
2026-04-10 07:00:20.547 INFO  [main] t.report.mainapp.MainAppApplication - No active profile set, falling back to 1 default profile: "default"
2026-04-10 07:00:22.193 INFO  [main] o.s.d.r.c.RepositoryConfigurationDelegate - Multiple Spring Data modules found, entering strict repository configuration mode
2026-04-10 07:00:22.200 INFO  [main] o.s.d.r.c.RepositoryConfigurationDelegate - Bootstrapping Spring Data JPA repositories in DEFAULT mode.
2026-04-10 07:00:22.242 INFO  [main] o.s.d.r.c.RepositoryConfigurationDelegate - Finished Spring Data repository scanning in 26 ms. Found 0 JPA repository interfaces.
2026-04-10 07:00:22.264 INFO  [main] o.s.d.r.c.RepositoryConfigurationDelegate - Multiple Spring Data modules found, entering strict repository configuration mode
2026-04-10 07:00:22.266 INFO  [main] o.s.d.r.c.RepositoryConfigurationDelegate - Bootstrapping Spring Data Redis repositories in DEFAULT mode.
2026-04-10 07:00:22.287 INFO  [main] o.s.d.r.c.RepositoryConfigurationDelegate - Finished Spring Data repository scanning in 7 ms. Found 0 Redis repository interfaces.
2026-04-10 07:00:23.208 INFO  [main] o.s.b.w.e.tomcat.TomcatWebServer - Tomcat initialized with port 8080 (http)
2026-04-10 07:00:23.240 INFO  [main] o.a.coyote.http11.Http11NioProtocol - Initializing ProtocolHandler ["http-nio-8080"]
2026-04-10 07:00:23.243 INFO  [main] o.a.catalina.core.StandardService - Starting service [Tomcat]
2026-04-10 07:00:23.243 INFO  [main] o.a.catalina.core.StandardEngine - Starting Servlet engine: [Apache Tomcat/10.1.42]
2026-04-10 07:00:23.373 INFO  [main] o.a.c.c.C.[Tomcat].[localhost].[/] - Initializing Spring embedded WebApplicationContext
2026-04-10 07:00:23.375 INFO  [main] o.s.b.w.s.c.ServletWebServerApplicationContext - Root WebApplicationContext: initialization completed in 2765 ms
2026-04-10 07:00:24.152 INFO  [main] com.zaxxer.hikari.HikariDataSource - HikariPool-1 - Starting...
2026-04-10 07:00:55.438 INFO  [main] com.zaxxer.hikari.pool.HikariPool - HikariPool-1 - Added connection oracle.jdbc.driver.T4CConnection@40aad17d
2026-04-10 07:00:55.444 INFO  [main] com.zaxxer.hikari.HikariDataSource - HikariPool-1 - Start completed.
2026-04-10 07:00:55.495 INFO  [main] o.h.jpa.internal.util.LogHelper - HHH000204: Processing PersistenceUnitInfo [name: default]
2026-04-10 07:00:55.587 INFO  [main] org.hibernate.Version - HHH000412: Hibernate ORM core version 6.6.18.Final
2026-04-10 07:00:55.647 INFO  [main] o.h.c.i.RegionFactoryInitiator - HHH000026: Second-level cache disabled
2026-04-10 07:00:56.012 INFO  [main] o.s.o.j.p.SpringPersistenceUnitInfo - No LoadTimeWeaver setup: ignoring JPA class transformer
2026-04-10 07:00:56.316 INFO  [main] o.hibernate.orm.connections.pooling - HHH10001005: Database info:
	Database JDBC URL [Connecting through datasource 'HikariDataSource (HikariPool-1)']
	Database driver: undefined/unknown
	Database version: 19.3
	Autocommit mode: undefined/unknown
	Isolation level: undefined/unknown
	Minimum pool size: undefined/unknown
	Maximum pool size: undefined/unknown
2026-04-10 07:00:57.287 INFO  [main] o.h.e.t.j.p.i.JtaPlatformInitiator - HHH000489: No JTA platform available (set 'hibernate.transaction.jta.platform' to enable JTA platform integration)
2026-04-10 07:00:57.290 INFO  [main] o.s.o.j.LocalContainerEntityManagerFactoryBean - Initialized JPA EntityManagerFactory for persistence unit 'default'
2026-04-10 07:00:59.249 INFO  [main] o.s.b.a.e.web.EndpointLinksResolver - Exposing 3 endpoints beneath base path '/actuator'
2026-04-10 07:00:59.344 INFO  [main] o.a.coyote.http11.Http11NioProtocol - Starting ProtocolHandler ["http-nio-8080"]
2026-04-10 07:00:59.372 INFO  [main] o.s.b.w.e.tomcat.TomcatWebServer - Tomcat started on port 8080 (http) with context path '/'
2026-04-10 07:01:13.431 INFO  [http-nio-8080-exec-2] o.a.c.c.C.[Tomcat].[localhost].[/] - Initializing Spring DispatcherServlet 'dispatcherServlet'
2026-04-10 07:01:13.432 INFO  [http-nio-8080-exec-2] o.s.web.servlet.DispatcherServlet - Initializing Servlet 'dispatcherServlet'
2026-04-10 07:01:13.433 INFO  [http-nio-8080-exec-2] o.s.web.servlet.DispatcherServlet - Completed initialization in 1 ms
2026-04-10 07:01:14.632 INFO  [main] t.report.mainapp.MainAppApplication - Started MainAppApplication in 55.074 seconds (process running for 56.54)
2026-04-10 07:01:14.683 INFO  [http-nio-8080-exec-2] o.h.e.i.StatisticalLoggingSessionEventListener - Session Metrics {
    1596200 nanoseconds spent acquiring 1 JDBC connections;
    0 nanoseconds spent releasing 0 JDBC connections;
    44264000 nanoseconds spent preparing 1 JDBC statements;
    192635100 nanoseconds spent executing 1 JDBC statements;
    0 nanoseconds spent executing 0 JDBC batches;
    0 nanoseconds spent performing 0 L2C puts;
    0 nanoseconds spent performing 0 L2C hits;
    0 nanoseconds spent performing 0 L2C misses;
    0 nanoseconds spent executing 0 flushes (flushing a total of 0 entities and 0 collections);
    0 nanoseconds spent executing 0 pre-partial-flushes;
    0 nanoseconds spent executing 0 partial-flushes (flushing a total of 0 entities and 0 collections)
}
2026-04-10 07:01:14.683 INFO  [http-nio-8080-exec-1] o.h.e.i.StatisticalLoggingSessionEventListener - Session Metrics {
    815700 nanoseconds spent acquiring 1 JDBC connections;
    0 nanoseconds spent releasing 0 JDBC connections;
    43923900 nanoseconds spent preparing 1 JDBC statements;
    194150000 nanoseconds spent executing 1 JDBC statements;
    0 nanoseconds spent executing 0 JDBC batches;
    0 nanoseconds spent performing 0 L2C puts;
    0 nanoseconds spent performing 0 L2C hits;
    0 nanoseconds spent performing 0 L2C misses;
    0 nanoseconds spent executing 0 flushes (flushing a total of 0 entities and 0 collections);
    0 nanoseconds spent executing 0 pre-partial-flushes;
    0 nanoseconds spent executing 0 partial-flushes (flushing a total of 0 entities and 0 collections)
}
2026-04-10 07:01:26.037 INFO  [http-nio-8080-exec-8] o.h.e.i.StatisticalLoggingSessionEventListener - Session Metrics {
    1703200 nanoseconds spent acquiring 1 JDBC connections;
    0 nanoseconds spent releasing 0 JDBC connections;
    2012200 nanoseconds spent preparing 1 JDBC statements;
    40227600 nanoseconds spent executing 1 JDBC statements;
    0 nanoseconds spent executing 0 JDBC batches;
    0 nanoseconds spent performing 0 L2C puts;
    0 nanoseconds spent performing 0 L2C hits;
    0 nanoseconds spent performing 0 L2C misses;
    0 nanoseconds spent executing 0 flushes (flushing a total of 0 entities and 0 collections);
    0 nanoseconds spent executing 0 pre-partial-flushes;
    0 nanoseconds spent executing 0 partial-flushes (flushing a total of 0 entities and 0 collections)
}
2026-04-10 07:01:26.044 INFO  [http-nio-8080-exec-5] o.h.e.i.StatisticalLoggingSessionEventListener - Session Metrics {
    49190400 nanoseconds spent acquiring 1 JDBC connections;
    0 nanoseconds spent releasing 0 JDBC connections;
    49388900 nanoseconds spent preparing 1 JDBC statements;
    3493800 nanoseconds spent executing 1 JDBC statements;
    0 nanoseconds spent executing 0 JDBC batches;
    0 nanoseconds spent performing 0 L2C puts;
    0 nanoseconds spent performing 0 L2C hits;
    0 nanoseconds spent performing 0 L2C misses;
    0 nanoseconds spent executing 0 flushes (flushing a total of 0 entities and 0 collections);
    0 nanoseconds spent executing 0 pre-partial-flushes;
    0 nanoseconds spent executing 0 partial-flushes (flushing a total of 0 entities and 0 collections)
}
2026-04-10 07:01:26.131 INFO  [http-nio-8080-exec-6] o.h.e.i.StatisticalLoggingSessionEventListener - Session Metrics {
    1925900 nanoseconds spent acquiring 1 JDBC connections;
    0 nanoseconds spent releasing 0 JDBC connections;
    2170100 nanoseconds spent preparing 2 JDBC statements;
    56975300 nanoseconds spent executing 2 JDBC statements;
    0 nanoseconds spent executing 0 JDBC batches;
    0 nanoseconds spent performing 0 L2C puts;
    0 nanoseconds spent performing 0 L2C hits;
    0 nanoseconds spent performing 0 L2C misses;
    0 nanoseconds spent executing 0 flushes (flushing a total of 0 entities and 0 collections);
    0 nanoseconds spent executing 0 pre-partial-flushes;
    0 nanoseconds spent executing 0 partial-flushes (flushing a total of 0 entities and 0 collections)
}
2026-04-10 07:01:26.131 INFO  [http-nio-8080-exec-10] o.h.e.i.StatisticalLoggingSessionEventListener - Session Metrics {
    1515000 nanoseconds spent acquiring 1 JDBC connections;
    0 nanoseconds spent releasing 0 JDBC connections;
    1964300 nanoseconds spent preparing 2 JDBC statements;
    56342700 nanoseconds spent executing 2 JDBC statements;
    0 nanoseconds spent executing 0 JDBC batches;
    0 nanoseconds spent performing 0 L2C puts;
    0 nanoseconds spent performing 0 L2C hits;
    0 nanoseconds spent performing 0 L2C misses;
    0 nanoseconds spent executing 0 flushes (flushing a total of 0 entities and 0 collections);
    0 nanoseconds spent executing 0 pre-partial-flushes;
    0 nanoseconds spent executing 0 partial-flushes (flushing a total of 0 entities and 0 collections)
}
2026-04-10 07:01:26.132 INFO  [http-nio-8080-exec-9] o.h.e.i.StatisticalLoggingSessionEventListener - Session Metrics {
    3774000 nanoseconds spent acquiring 1 JDBC connections;
    0 nanoseconds spent releasing 0 JDBC connections;
    4149700 nanoseconds spent preparing 2 JDBC statements;
    55837300 nanoseconds spent executing 2 JDBC statements;
    0 nanoseconds spent executing 0 JDBC batches;
    0 nanoseconds spent performing 0 L2C puts;
    0 nanoseconds spent performing 0 L2C hits;
    0 nanoseconds spent performing 0 L2C misses;
    0 nanoseconds spent executing 0 flushes (flushing a total of 0 entities and 0 collections);
    0 nanoseconds spent executing 0 pre-partial-flushes;
    0 nanoseconds spent executing 0 partial-flushes (flushing a total of 0 entities and 0 collections)
}
2026-04-10 07:01:26.166 INFO  [http-nio-8080-exec-7] o.h.e.i.StatisticalLoggingSessionEventListener - Session Metrics {
    3940300 nanoseconds spent acquiring 1 JDBC connections;
    0 nanoseconds spent releasing 0 JDBC connections;
    4358200 nanoseconds spent preparing 2 JDBC statements;
    96534300 nanoseconds spent executing 2 JDBC statements;
    0 nanoseconds spent executing 0 JDBC batches;
    0 nanoseconds spent performing 0 L2C puts;
    0 nanoseconds spent performing 0 L2C hits;
    0 nanoseconds spent performing 0 L2C misses;
    0 nanoseconds spent executing 0 flushes (flushing a total of 0 entities and 0 collections);
    0 nanoseconds spent executing 0 pre-partial-flushes;
    0 nanoseconds spent executing 0 partial-flushes (flushing a total of 0 entities and 0 collections)
}
2026-04-10 07:01:27.952 INFO  [http-nio-8080-exec-1] o.h.e.i.StatisticalLoggingSessionEventListener - Session Metrics {
    2578300 nanoseconds spent acquiring 1 JDBC connections;
    0 nanoseconds spent releasing 0 JDBC connections;
    2976300 nanoseconds spent preparing 2 JDBC statements;
    33337600 nanoseconds spent executing 2 JDBC statements;
    0 nanoseconds spent executing 0 JDBC batches;
    0 nanoseconds spent performing 0 L2C puts;
    0 nanoseconds spent performing 0 L2C hits;
    0 nanoseconds spent performing 0 L2C misses;
    0 nanoseconds spent executing 0 flushes (flushing a total of 0 entities and 0 collections);
    0 nanoseconds spent executing 0 pre-partial-flushes;
    0 nanoseconds spent executing 0 partial-flushes (flushing a total of 0 entities and 0 collections)
}
2026-04-10 07:01:27.971 INFO  [http-nio-8080-exec-2] o.h.e.i.StatisticalLoggingSessionEventListener - Session Metrics {
    4079700 nanoseconds spent acquiring 1 JDBC connections;
    0 nanoseconds spent releasing 0 JDBC connections;
    4465200 nanoseconds spent preparing 2 JDBC statements;
    7035700 nanoseconds spent executing 2 JDBC statements;
    0 nanoseconds spent executing 0 JDBC batches;
    0 nanoseconds spent performing 0 L2C puts;
    0 nanoseconds spent performing 0 L2C hits;
    0 nanoseconds spent performing 0 L2C misses;
    0 nanoseconds spent executing 0 flushes (flushing a total of 0 entities and 0 collections);
    0 nanoseconds spent executing 0 pre-partial-flushes;
    0 nanoseconds spent executing 0 partial-flushes (flushing a total of 0 entities and 0 collections)
}
2026-04-10 07:01:28.037 INFO  [http-nio-8080-exec-4] o.h.e.i.StatisticalLoggingSessionEventListener - Session Metrics {
    45600 nanoseconds spent acquiring 1 JDBC connections;
    0 nanoseconds spent releasing 0 JDBC connections;
    962300 nanoseconds spent preparing 2 JDBC statements;
    6734300 nanoseconds spent executing 2 JDBC statements;
    0 nanoseconds spent executing 0 JDBC batches;
    0 nanoseconds spent performing 0 L2C puts;
    0 nanoseconds spent performing 0 L2C hits;
    0 nanoseconds spent performing 0 L2C misses;
    0 nanoseconds spent executing 0 flushes (flushing a total of 0 entities and 0 collections);
    0 nanoseconds spent executing 0 pre-partial-flushes;
    0 nanoseconds spent executing 0 partial-flushes (flushing a total of 0 entities and 0 collections)
}
2026-04-10 07:01:28.039 INFO  [http-nio-8080-exec-3] o.h.e.i.StatisticalLoggingSessionEventListener - Session Metrics {
    30500 nanoseconds spent acquiring 1 JDBC connections;
    0 nanoseconds spent releasing 0 JDBC connections;
    337000 nanoseconds spent preparing 2 JDBC statements;
    10089700 nanoseconds spent executing 2 JDBC statements;
    0 nanoseconds spent executing 0 JDBC batches;
    0 nanoseconds spent performing 0 L2C puts;
    0 nanoseconds spent performing 0 L2C hits;
    0 nanoseconds spent performing 0 L2C misses;
    0 nanoseconds spent executing 0 flushes (flushing a total of 0 entities and 0 collections);
    0 nanoseconds spent executing 0 pre-partial-flushes;
    0 nanoseconds spent executing 0 partial-flushes (flushing a total of 0 entities and 0 collections)
}
2026-04-10 07:01:28.054 INFO  [http-nio-8080-exec-5] o.h.e.i.StatisticalLoggingSessionEventListener - Session Metrics {
    37100 nanoseconds spent acquiring 1 JDBC connections;
    0 nanoseconds spent releasing 0 JDBC connections;
    400600 nanoseconds spent preparing 2 JDBC statements;
    4164100 nanoseconds spent executing 2 JDBC statements;
    0 nanoseconds spent executing 0 JDBC batches;
    0 nanoseconds spent performing 0 L2C puts;
    0 nanoseconds spent performing 0 L2C hits;
    0 nanoseconds spent performing 0 L2C misses;
    0 nanoseconds spent executing 0 flushes (flushing a total of 0 entities and 0 collections);
    0 nanoseconds spent executing 0 pre-partial-flushes;
    0 nanoseconds spent executing 0 partial-flushes (flushing a total of 0 entities and 0 collections)
}
2026-04-10 07:01:28.054 INFO  [http-nio-8080-exec-8] o.h.e.i.StatisticalLoggingSessionEventListener - Session Metrics {
    40900 nanoseconds spent acquiring 1 JDBC connections;
    0 nanoseconds spent releasing 0 JDBC connections;
    764000 nanoseconds spent preparing 2 JDBC statements;
    5870300 nanoseconds spent executing 2 JDBC statements;
    0 nanoseconds spent executing 0 JDBC batches;
    0 nanoseconds spent performing 0 L2C puts;
    0 nanoseconds spent performing 0 L2C hits;
    0 nanoseconds spent performing 0 L2C misses;
    0 nanoseconds spent executing 0 flushes (flushing a total of 0 entities and 0 collections);
    0 nanoseconds spent executing 0 pre-partial-flushes;
    0 nanoseconds spent executing 0 partial-flushes (flushing a total of 0 entities and 0 collections)
}
2026-04-10 07:01:28.083 INFO  [http-nio-8080-exec-6] o.h.e.i.StatisticalLoggingSessionEventListener - Session Metrics {
    1336600 nanoseconds spent acquiring 1 JDBC connections;
    0 nanoseconds spent releasing 0 JDBC connections;
    1687400 nanoseconds spent preparing 2 JDBC statements;
    13980000 nanoseconds spent executing 2 JDBC statements;
    0 nanoseconds spent executing 0 JDBC batches;
    0 nanoseconds spent performing 0 L2C puts;
    0 nanoseconds spent performing 0 L2C hits;
    0 nanoseconds spent performing 0 L2C misses;
    0 nanoseconds spent executing 0 flushes (flushing a total of 0 entities and 0 collections);
    0 nanoseconds spent executing 0 pre-partial-flushes;
    0 nanoseconds spent executing 0 partial-flushes (flushing a total of 0 entities and 0 collections)
}
2026-04-10 07:01:28.086 INFO  [http-nio-8080-exec-9] o.h.e.i.StatisticalLoggingSessionEventListener - Session Metrics {
    3765500 nanoseconds spent acquiring 1 JDBC connections;
    0 nanoseconds spent releasing 0 JDBC connections;
    4142300 nanoseconds spent preparing 2 JDBC statements;
    12772000 nanoseconds spent executing 2 JDBC statements;
    0 nanoseconds spent executing 0 JDBC batches;
    0 nanoseconds spent performing 0 L2C puts;
    0 nanoseconds spent performing 0 L2C hits;
    0 nanoseconds spent performing 0 L2C misses;
    0 nanoseconds spent executing 0 flushes (flushing a total of 0 entities and 0 collections);
    0 nanoseconds spent executing 0 pre-partial-flushes;
    0 nanoseconds spent executing 0 partial-flushes (flushing a total of 0 entities and 0 collections)
}
2026-04-10 07:01:38.347 INFO  [http-nio-8080-exec-2] o.h.e.i.StatisticalLoggingSessionEventListener - Session Metrics {
    3435486600 nanoseconds spent acquiring 1 JDBC connections;
    0 nanoseconds spent releasing 0 JDBC connections;
    3435752500 nanoseconds spent preparing 2 JDBC statements;
    127196500 nanoseconds spent executing 2 JDBC statements;
    0 nanoseconds spent executing 0 JDBC batches;
    0 nanoseconds spent performing 0 L2C puts;
    0 nanoseconds spent performing 0 L2C hits;
    0 nanoseconds spent performing 0 L2C misses;
    0 nanoseconds spent executing 0 flushes (flushing a total of 0 entities and 0 collections);
    0 nanoseconds spent executing 0 pre-partial-flushes;
    0 nanoseconds spent executing 0 partial-flushes (flushing a total of 0 entities and 0 collections)
}
2026-04-10 07:01:38.348 INFO  [http-nio-8080-exec-3] o.h.e.i.StatisticalLoggingSessionEventListener - Session Metrics {
    3430729800 nanoseconds spent acquiring 1 JDBC connections;
    0 nanoseconds spent releasing 0 JDBC connections;
    3431169200 nanoseconds spent preparing 2 JDBC statements;
    121194700 nanoseconds spent executing 2 JDBC statements;
    0 nanoseconds spent executing 0 JDBC batches;
    0 nanoseconds spent performing 0 L2C puts;
    0 nanoseconds spent performing 0 L2C hits;
    0 nanoseconds spent performing 0 L2C misses;
    0 nanoseconds spent executing 0 flushes (flushing a total of 0 entities and 0 collections);
    0 nanoseconds spent executing 0 pre-partial-flushes;
    0 nanoseconds spent executing 0 partial-flushes (flushing a total of 0 entities and 0 collections)
}
2026-04-10 07:01:38.356 INFO  [http-nio-8080-exec-7] o.h.e.i.StatisticalLoggingSessionEventListener - Session Metrics {
    1368500 nanoseconds spent acquiring 1 JDBC connections;
    0 nanoseconds spent releasing 0 JDBC connections;
    1589600 nanoseconds spent preparing 1 JDBC statements;
    205657000 nanoseconds spent executing 1 JDBC statements;
    0 nanoseconds spent executing 0 JDBC batches;
    0 nanoseconds spent performing 0 L2C puts;
    0 nanoseconds spent performing 0 L2C hits;
    0 nanoseconds spent performing 0 L2C misses;
    0 nanoseconds spent executing 0 flushes (flushing a total of 0 entities and 0 collections);
    0 nanoseconds spent executing 0 pre-partial-flushes;
    0 nanoseconds spent executing 0 partial-flushes (flushing a total of 0 entities and 0 collections)
}
2026-04-10 07:01:38.356 INFO  [http-nio-8080-exec-4] o.h.e.i.StatisticalLoggingSessionEventListener - Session Metrics {
    1441300 nanoseconds spent acquiring 1 JDBC connections;
    0 nanoseconds spent releasing 0 JDBC connections;
    1629400 nanoseconds spent preparing 1 JDBC statements;
    203565900 nanoseconds spent executing 1 JDBC statements;
    0 nanoseconds spent executing 0 JDBC batches;
    0 nanoseconds spent performing 0 L2C puts;
    0 nanoseconds spent performing 0 L2C hits;
    0 nanoseconds spent performing 0 L2C misses;
    0 nanoseconds spent executing 0 flushes (flushing a total of 0 entities and 0 collections);
    0 nanoseconds spent executing 0 pre-partial-flushes;
    0 nanoseconds spent executing 0 partial-flushes (flushing a total of 0 entities and 0 collections)
}
2026-04-10 07:01:45.006 INFO  [http-nio-8080-exec-8] o.h.e.i.StatisticalLoggingSessionEventListener - Session Metrics {
    2022800 nanoseconds spent acquiring 1 JDBC connections;
    0 nanoseconds spent releasing 0 JDBC connections;
    2294900 nanoseconds spent preparing 1 JDBC statements;
    3044200 nanoseconds spent executing 1 JDBC statements;
    0 nanoseconds spent executing 0 JDBC batches;
    0 nanoseconds spent performing 0 L2C puts;
    0 nanoseconds spent performing 0 L2C hits;
    0 nanoseconds spent performing 0 L2C misses;
    0 nanoseconds spent executing 0 flushes (flushing a total of 0 entities and 0 collections);
    0 nanoseconds spent executing 0 pre-partial-flushes;
    0 nanoseconds spent executing 0 partial-flushes (flushing a total of 0 entities and 0 collections)
}
2026-04-10 07:17:34.592 INFO  [http-nio-8080-exec-9] o.h.e.i.StatisticalLoggingSessionEventListener - Session Metrics {
    1673300 nanoseconds spent acquiring 1 JDBC connections;
    0 nanoseconds spent releasing 0 JDBC connections;
    7671100 nanoseconds spent preparing 3 JDBC statements;
    10019329900 nanoseconds spent executing 3 JDBC statements;
    0 nanoseconds spent executing 0 JDBC batches;
    0 nanoseconds spent performing 0 L2C puts;
    0 nanoseconds spent performing 0 L2C hits;
    0 nanoseconds spent performing 0 L2C misses;
    10207274100 nanoseconds spent executing 1 flushes (flushing a total of 2 entities and 1 collections);
    45900 nanoseconds spent executing 1 pre-partial-flushes;
    16300 nanoseconds spent executing 1 partial-flushes (flushing a total of 0 entities and 0 collections)
}
2026-04-10 07:17:34.663 INFO  [http-nio-8080-exec-4] o.h.e.i.StatisticalLoggingSessionEventListener - Session Metrics {
    192300 nanoseconds spent acquiring 1 JDBC connections;
    0 nanoseconds spent releasing 0 JDBC connections;
    605700 nanoseconds spent preparing 1 JDBC statements;
    4702600 nanoseconds spent executing 1 JDBC statements;
    0 nanoseconds spent executing 0 JDBC batches;
    0 nanoseconds spent performing 0 L2C puts;
    0 nanoseconds spent performing 0 L2C hits;
    0 nanoseconds spent performing 0 L2C misses;
    0 nanoseconds spent executing 0 flushes (flushing a total of 0 entities and 0 collections);
    0 nanoseconds spent executing 0 pre-partial-flushes;
    0 nanoseconds spent executing 0 partial-flushes (flushing a total of 0 entities and 0 collections)
}
2026-04-10 07:17:37.962 INFO  [SpringApplicationShutdownHook] o.s.b.w.e.tomcat.GracefulShutdown - Commencing graceful shutdown. Waiting for active requests to complete
2026-04-10 07:17:38.260 INFO  [tomcat-shutdown] o.s.b.w.e.tomcat.GracefulShutdown - Graceful shutdown complete
2026-04-10 07:17:38.297 INFO  [SpringApplicationShutdownHook] o.s.o.j.LocalContainerEntityManagerFactoryBean - Closing JPA EntityManagerFactory for persistence unit 'default'
2026-04-10 07:17:38.305 INFO  [SpringApplicationShutdownHook] com.zaxxer.hikari.HikariDataSource - HikariPool-1 - Shutdown initiated...
2026-04-10 07:17:55.349 INFO  [SpringApplicationShutdownHook] com.zaxxer.hikari.HikariDataSource - HikariPool-1 - Shutdown completed.
2026-04-10 07:18:22.438 INFO  [main] t.report.mainapp.MainAppApplication - Starting MainAppApplication using Java 18.0.2 with PID 17636 (D:\06-05-2025\report\main-app\target\classes started by Precision 7540 in D:\06-05-2025\report)
2026-04-10 07:18:22.440 INFO  [main] t.report.mainapp.MainAppApplication - No active profile set, falling back to 1 default profile: "default"
2026-04-10 07:18:24.874 INFO  [main] o.s.d.r.c.RepositoryConfigurationDelegate - Multiple Spring Data modules found, entering strict repository configuration mode
2026-04-10 07:18:24.878 INFO  [main] o.s.d.r.c.RepositoryConfigurationDelegate - Bootstrapping Spring Data JPA repositories in DEFAULT mode.
2026-04-10 07:18:24.913 INFO  [main] o.s.d.r.c.RepositoryConfigurationDelegate - Finished Spring Data repository scanning in 22 ms. Found 0 JPA repository interfaces.
2026-04-10 07:18:24.935 INFO  [main] o.s.d.r.c.RepositoryConfigurationDelegate - Multiple Spring Data modules found, entering strict repository configuration mode
2026-04-10 07:18:24.936 INFO  [main] o.s.d.r.c.RepositoryConfigurationDelegate - Bootstrapping Spring Data Redis repositories in DEFAULT mode.
2026-04-10 07:18:24.954 INFO  [main] o.s.d.r.c.RepositoryConfigurationDelegate - Finished Spring Data repository scanning in 6 ms. Found 0 Redis repository interfaces.
2026-04-10 07:18:25.910 INFO  [main] o.s.b.w.e.tomcat.TomcatWebServer - Tomcat initialized with port 8080 (http)
2026-04-10 07:18:25.924 INFO  [main] o.a.coyote.http11.Http11NioProtocol - Initializing ProtocolHandler ["http-nio-8080"]
2026-04-10 07:18:25.926 INFO  [main] o.a.catalina.core.StandardService - Starting service [Tomcat]
2026-04-10 07:18:25.926 INFO  [main] o.a.catalina.core.StandardEngine - Starting Servlet engine: [Apache Tomcat/10.1.42]
2026-04-10 07:18:25.996 INFO  [main] o.a.c.c.C.[Tomcat].[localhost].[/] - Initializing Spring embedded WebApplicationContext
2026-04-10 07:18:25.996 INFO  [main] o.s.b.w.s.c.ServletWebServerApplicationContext - Root WebApplicationContext: initialization completed in 3499 ms
2026-04-10 07:18:26.666 INFO  [main] com.zaxxer.hikari.HikariDataSource - HikariPool-1 - Starting...
2026-04-10 07:18:28.014 INFO  [main] com.zaxxer.hikari.pool.HikariPool - HikariPool-1 - Added connection oracle.jdbc.driver.T4CConnection@4e3ffd0
2026-04-10 07:18:28.017 INFO  [main] com.zaxxer.hikari.HikariDataSource - HikariPool-1 - Start completed.
2026-04-10 07:18:28.095 INFO  [main] o.h.jpa.internal.util.LogHelper - HHH000204: Processing PersistenceUnitInfo [name: default]
2026-04-10 07:18:28.237 INFO  [main] org.hibernate.Version - HHH000412: Hibernate ORM core version 6.6.18.Final
2026-04-10 07:18:28.322 INFO  [main] o.h.c.i.RegionFactoryInitiator - HHH000026: Second-level cache disabled
2026-04-10 07:18:28.669 INFO  [main] o.s.o.j.p.SpringPersistenceUnitInfo - No LoadTimeWeaver setup: ignoring JPA class transformer
2026-04-10 07:18:29.003 INFO  [main] o.hibernate.orm.connections.pooling - HHH10001005: Database info:
	Database JDBC URL [Connecting through datasource 'HikariDataSource (HikariPool-1)']
	Database driver: undefined/unknown
	Database version: 19.3
	Autocommit mode: undefined/unknown
	Isolation level: undefined/unknown
	Minimum pool size: undefined/unknown
	Maximum pool size: undefined/unknown
2026-04-10 07:18:30.225 INFO  [main] o.h.e.t.j.p.i.JtaPlatformInitiator - HHH000489: No JTA platform available (set 'hibernate.transaction.jta.platform' to enable JTA platform integration)
2026-04-10 07:18:30.230 INFO  [main] o.s.o.j.LocalContainerEntityManagerFactoryBean - Initialized JPA EntityManagerFactory for persistence unit 'default'
2026-04-10 07:18:32.872 INFO  [main] o.s.b.a.e.web.EndpointLinksResolver - Exposing 3 endpoints beneath base path '/actuator'
2026-04-10 07:18:32.979 INFO  [main] o.a.coyote.http11.Http11NioProtocol - Starting ProtocolHandler ["http-nio-8080"]
2026-04-10 07:18:32.999 INFO  [main] o.s.b.w.e.tomcat.TomcatWebServer - Tomcat started on port 8080 (http) with context path '/'
2026-04-10 07:18:33.368 INFO  [main] t.report.mainapp.MainAppApplication - Started MainAppApplication in 11.796 seconds (process running for 13.069)
2026-04-10 07:18:33.582 INFO  [RMI TCP Connection(11)-192.168.1.245] o.a.c.c.C.[Tomcat].[localhost].[/] - Initializing Spring DispatcherServlet 'dispatcherServlet'
2026-04-10 07:18:33.583 INFO  [RMI TCP Connection(11)-192.168.1.245] o.s.web.servlet.DispatcherServlet - Initializing Servlet 'dispatcherServlet'
2026-04-10 07:18:33.586 INFO  [RMI TCP Connection(11)-192.168.1.245] o.s.web.servlet.DispatcherServlet - Completed initialization in 3 ms
2026-04-10 07:18:45.352 INFO  [http-nio-8080-exec-1] o.h.e.i.StatisticalLoggingSessionEventListener - Session Metrics {
    1148600 nanoseconds spent acquiring 1 JDBC connections;
    0 nanoseconds spent releasing 0 JDBC connections;
    32601300 nanoseconds spent preparing 1 JDBC statements;
    13627000 nanoseconds spent executing 1 JDBC statements;
    0 nanoseconds spent executing 0 JDBC batches;
    0 nanoseconds spent performing 0 L2C puts;
    0 nanoseconds spent performing 0 L2C hits;
    0 nanoseconds spent performing 0 L2C misses;
    0 nanoseconds spent executing 0 flushes (flushing a total of 0 entities and 0 collections);
    0 nanoseconds spent executing 0 pre-partial-flushes;
    0 nanoseconds spent executing 0 partial-flushes (flushing a total of 0 entities and 0 collections)
}
2026-04-10 07:20:12.223 INFO  [SpringApplicationShutdownHook] o.s.b.w.e.tomcat.GracefulShutdown - Commencing graceful shutdown. Waiting for active requests to complete
2026-04-10 07:20:23.124 INFO  [http-nio-8080-exec-2] o.h.e.i.StatisticalLoggingSessionEventListener - Session Metrics {
    1423200 nanoseconds spent acquiring 1 JDBC connections;
    0 nanoseconds spent releasing 0 JDBC connections;
    1860300 nanoseconds spent preparing 3 JDBC statements;
    9586570800 nanoseconds spent executing 3 JDBC statements;
    0 nanoseconds spent executing 0 JDBC batches;
    0 nanoseconds spent performing 0 L2C puts;
    0 nanoseconds spent performing 0 L2C hits;
    0 nanoseconds spent performing 0 L2C misses;
    9586275800 nanoseconds spent executing 1 flushes (flushing a total of 2 entities and 1 collections);
    28400 nanoseconds spent executing 1 pre-partial-flushes;
    11900 nanoseconds spent executing 1 partial-flushes (flushing a total of 0 entities and 0 collections)
}
2026-04-10 07:20:23.173 INFO  [tomcat-shutdown] o.s.b.w.e.tomcat.GracefulShutdown - Graceful shutdown complete
2026-04-10 07:20:23.196 INFO  [SpringApplicationShutdownHook] o.s.o.j.LocalContainerEntityManagerFactoryBean - Closing JPA EntityManagerFactory for persistence unit 'default'
2026-04-10 07:20:23.199 INFO  [SpringApplicationShutdownHook] com.zaxxer.hikari.HikariDataSource - HikariPool-1 - Shutdown initiated...
2026-04-10 07:20:23.215 INFO  [SpringApplicationShutdownHook] com.zaxxer.hikari.HikariDataSource - HikariPool-1 - Shutdown completed.
2026-04-10 07:21:27.994 INFO  [main] t.report.mainapp.MainAppApplication - Starting MainAppApplication using Java 18.0.2 with PID 7120 (D:\06-05-2025\report\main-app\target\classes started by Precision 7540 in D:\06-05-2025\report)
2026-04-10 07:21:27.996 INFO  [main] t.report.mainapp.MainAppApplication - No active profile set, falling back to 1 default profile: "default"
2026-04-10 07:21:30.923 INFO  [main] o.s.d.r.c.RepositoryConfigurationDelegate - Multiple Spring Data modules found, entering strict repository configuration mode
2026-04-10 07:21:30.929 INFO  [main] o.s.d.r.c.RepositoryConfigurationDelegate - Bootstrapping Spring Data JPA repositories in DEFAULT mode.
2026-04-10 07:21:30.978 INFO  [main] o.s.d.r.c.RepositoryConfigurationDelegate - Finished Spring Data repository scanning in 27 ms. Found 0 JPA repository interfaces.
2026-04-10 07:21:31.001 INFO  [main] o.s.d.r.c.RepositoryConfigurationDelegate - Multiple Spring Data modules found, entering strict repository configuration mode
2026-04-10 07:21:31.003 INFO  [main] o.s.d.r.c.RepositoryConfigurationDelegate - Bootstrapping Spring Data Redis repositories in DEFAULT mode.
2026-04-10 07:21:31.025 INFO  [main] o.s.d.r.c.RepositoryConfigurationDelegate - Finished Spring Data repository scanning in 8 ms. Found 0 Redis repository interfaces.
2026-04-10 07:21:31.828 INFO  [main] o.s.b.w.e.tomcat.TomcatWebServer - Tomcat initialized with port 8080 (http)
2026-04-10 07:21:31.850 INFO  [main] o.a.coyote.http11.Http11NioProtocol - Initializing ProtocolHandler ["http-nio-8080"]
2026-04-10 07:21:31.854 INFO  [main] o.a.catalina.core.StandardService - Starting service [Tomcat]
2026-04-10 07:21:31.854 INFO  [main] o.a.catalina.core.StandardEngine - Starting Servlet engine: [Apache Tomcat/10.1.42]
2026-04-10 07:21:31.934 INFO  [main] o.a.c.c.C.[Tomcat].[localhost].[/] - Initializing Spring embedded WebApplicationContext
2026-04-10 07:21:31.935 INFO  [main] o.s.b.w.s.c.ServletWebServerApplicationContext - Root WebApplicationContext: initialization completed in 3891 ms
2026-04-10 07:21:32.603 INFO  [main] com.zaxxer.hikari.HikariDataSource - HikariPool-1 - Starting...
2026-04-10 07:21:35.001 INFO  [main] com.zaxxer.hikari.pool.HikariPool - HikariPool-1 - Added connection oracle.jdbc.driver.T4CConnection@621a387f
2026-04-10 07:21:35.004 INFO  [main] com.zaxxer.hikari.HikariDataSource - HikariPool-1 - Start completed.
2026-04-10 07:21:35.068 INFO  [main] o.h.jpa.internal.util.LogHelper - HHH000204: Processing PersistenceUnitInfo [name: default]
2026-04-10 07:21:35.148 INFO  [main] org.hibernate.Version - HHH000412: Hibernate ORM core version 6.6.18.Final
2026-04-10 07:21:35.198 INFO  [main] o.h.c.i.RegionFactoryInitiator - HHH000026: Second-level cache disabled
2026-04-10 07:21:35.521 INFO  [main] o.s.o.j.p.SpringPersistenceUnitInfo - No LoadTimeWeaver setup: ignoring JPA class transformer
2026-04-10 07:21:35.824 INFO  [main] o.hibernate.orm.connections.pooling - HHH10001005: Database info:
	Database JDBC URL [Connecting through datasource 'HikariDataSource (HikariPool-1)']
	Database driver: undefined/unknown
	Database version: 19.3
	Autocommit mode: undefined/unknown
	Isolation level: undefined/unknown
	Minimum pool size: undefined/unknown
	Maximum pool size: undefined/unknown
2026-04-10 07:21:36.796 INFO  [main] o.h.e.t.j.p.i.JtaPlatformInitiator - HHH000489: No JTA platform available (set 'hibernate.transaction.jta.platform' to enable JTA platform integration)
2026-04-10 07:21:36.799 INFO  [main] o.s.o.j.LocalContainerEntityManagerFactoryBean - Initialized JPA EntityManagerFactory for persistence unit 'default'
2026-04-10 07:21:38.874 INFO  [main] o.s.b.a.e.web.EndpointLinksResolver - Exposing 3 endpoints beneath base path '/actuator'
2026-04-10 07:21:38.973 INFO  [main] o.a.coyote.http11.Http11NioProtocol - Starting ProtocolHandler ["http-nio-8080"]
2026-04-10 07:21:38.995 INFO  [main] o.s.b.w.e.tomcat.TomcatWebServer - Tomcat started on port 8080 (http) with context path '/'
2026-04-10 07:21:39.233 INFO  [main] t.report.mainapp.MainAppApplication - Started MainAppApplication in 12.044 seconds (process running for 13.269)
2026-04-10 07:21:39.576 INFO  [RMI TCP Connection(3)-192.168.1.245] o.a.c.c.C.[Tomcat].[localhost].[/] - Initializing Spring DispatcherServlet 'dispatcherServlet'
2026-04-10 07:21:39.576 INFO  [RMI TCP Connection(3)-192.168.1.245] o.s.web.servlet.DispatcherServlet - Initializing Servlet 'dispatcherServlet'
2026-04-10 07:21:39.578 INFO  [RMI TCP Connection(3)-192.168.1.245] o.s.web.servlet.DispatcherServlet - Completed initialization in 2 ms
2026-04-10 07:21:57.195 INFO  [http-nio-8080-exec-1] o.h.e.i.StatisticalLoggingSessionEventListener - Session Metrics {
    1002100 nanoseconds spent acquiring 1 JDBC connections;
    0 nanoseconds spent releasing 0 JDBC connections;
    32590100 nanoseconds spent preparing 1 JDBC statements;
    12543300 nanoseconds spent executing 1 JDBC statements;
    0 nanoseconds spent executing 0 JDBC batches;
    0 nanoseconds spent performing 0 L2C puts;
    0 nanoseconds spent performing 0 L2C hits;
    0 nanoseconds spent performing 0 L2C misses;
    0 nanoseconds spent executing 0 flushes (flushing a total of 0 entities and 0 collections);
    0 nanoseconds spent executing 0 pre-partial-flushes;
    0 nanoseconds spent executing 0 partial-flushes (flushing a total of 0 entities and 0 collections)
}
2026-04-10 07:23:09.770 INFO  [http-nio-8080-exec-3] o.h.e.i.StatisticalLoggingSessionEventListener - Session Metrics {
    1487600 nanoseconds spent acquiring 1 JDBC connections;
    0 nanoseconds spent releasing 0 JDBC connections;
    1487700 nanoseconds spent preparing 3 JDBC statements;
    17917300 nanoseconds spent executing 3 JDBC statements;
    0 nanoseconds spent executing 0 JDBC batches;
    0 nanoseconds spent performing 0 L2C puts;
    0 nanoseconds spent performing 0 L2C hits;
    0 nanoseconds spent performing 0 L2C misses;
    40651700 nanoseconds spent executing 1 flushes (flushing a total of 2 entities and 1 collections);
    54600 nanoseconds spent executing 1 pre-partial-flushes;
    13300 nanoseconds spent executing 1 partial-flushes (flushing a total of 0 entities and 0 collections)
}
2026-04-10 07:23:46.171 INFO  [http-nio-8080-exec-2] o.h.e.i.StatisticalLoggingSessionEventListener - Session Metrics {
    862000 nanoseconds spent acquiring 1 JDBC connections;
    0 nanoseconds spent releasing 0 JDBC connections;
    1037500 nanoseconds spent preparing 1 JDBC statements;
    3968800 nanoseconds spent executing 1 JDBC statements;
    0 nanoseconds spent executing 0 JDBC batches;
    0 nanoseconds spent performing 0 L2C puts;
    0 nanoseconds spent performing 0 L2C hits;
    0 nanoseconds spent performing 0 L2C misses;
    0 nanoseconds spent executing 0 flushes (flushing a total of 0 entities and 0 collections);
    0 nanoseconds spent executing 0 pre-partial-flushes;
    0 nanoseconds spent executing 0 partial-flushes (flushing a total of 0 entities and 0 collections)
}
2026-04-10 07:23:47.173 INFO  [SpringApplicationShutdownHook] o.s.b.w.e.tomcat.GracefulShutdown - Commencing graceful shutdown. Waiting for active requests to complete
2026-04-10 07:23:47.480 INFO  [tomcat-shutdown] o.s.b.w.e.tomcat.GracefulShutdown - Graceful shutdown complete
2026-04-10 07:23:47.509 INFO  [SpringApplicationShutdownHook] o.s.o.j.LocalContainerEntityManagerFactoryBean - Closing JPA EntityManagerFactory for persistence unit 'default'
2026-04-10 07:23:47.512 INFO  [SpringApplicationShutdownHook] com.zaxxer.hikari.HikariDataSource - HikariPool-1 - Shutdown initiated...
2026-04-10 07:23:56.803 INFO  [main] t.report.mainapp.MainAppApplication - Starting MainAppApplication using Java 18.0.2 with PID 14120 (D:\06-05-2025\report\main-app\target\classes started by Precision 7540 in D:\06-05-2025\report)
2026-04-10 07:23:56.805 INFO  [main] t.report.mainapp.MainAppApplication - No active profile set, falling back to 1 default profile: "default"
2026-04-10 07:23:58.488 INFO  [main] o.s.d.r.c.RepositoryConfigurationDelegate - Multiple Spring Data modules found, entering strict repository configuration mode
2026-04-10 07:23:58.489 INFO  [main] o.s.d.r.c.RepositoryConfigurationDelegate - Bootstrapping Spring Data JPA repositories in DEFAULT mode.
2026-04-10 07:23:58.514 INFO  [main] o.s.d.r.c.RepositoryConfigurationDelegate - Finished Spring Data repository scanning in 16 ms. Found 0 JPA repository interfaces.
2026-04-10 07:23:58.525 INFO  [main] o.s.d.r.c.RepositoryConfigurationDelegate - Multiple Spring Data modules found, entering strict repository configuration mode
2026-04-10 07:23:58.526 INFO  [main] o.s.d.r.c.RepositoryConfigurationDelegate - Bootstrapping Spring Data Redis repositories in DEFAULT mode.
2026-04-10 07:23:58.539 INFO  [main] o.s.d.r.c.RepositoryConfigurationDelegate - Finished Spring Data repository scanning in 4 ms. Found 0 Redis repository interfaces.
2026-04-10 07:23:59.225 INFO  [main] o.s.b.w.e.tomcat.TomcatWebServer - Tomcat initialized with port 8080 (http)
2026-04-10 07:23:59.239 INFO  [main] o.a.coyote.http11.Http11NioProtocol - Initializing ProtocolHandler ["http-nio-8080"]
2026-04-10 07:23:59.241 INFO  [main] o.a.catalina.core.StandardService - Starting service [Tomcat]
2026-04-10 07:23:59.242 INFO  [main] o.a.catalina.core.StandardEngine - Starting Servlet engine: [Apache Tomcat/10.1.42]
2026-04-10 07:23:59.328 INFO  [main] o.a.c.c.C.[Tomcat].[localhost].[/] - Initializing Spring embedded WebApplicationContext
2026-04-10 07:23:59.328 INFO  [main] o.s.b.w.s.c.ServletWebServerApplicationContext - Root WebApplicationContext: initialization completed in 2472 ms
2026-04-10 07:23:59.879 INFO  [main] com.zaxxer.hikari.HikariDataSource - HikariPool-1 - Starting...
2026-04-10 07:24:01.562 INFO  [main] com.zaxxer.hikari.pool.HikariPool - HikariPool-1 - Added connection oracle.jdbc.driver.T4CConnection@ec3944
2026-04-10 07:24:01.564 INFO  [main] com.zaxxer.hikari.HikariDataSource - HikariPool-1 - Start completed.
2026-04-10 07:24:01.608 INFO  [main] o.h.jpa.internal.util.LogHelper - HHH000204: Processing PersistenceUnitInfo [name: default]
2026-04-10 07:24:01.662 INFO  [main] org.hibernate.Version - HHH000412: Hibernate ORM core version 6.6.18.Final
2026-04-10 07:24:01.696 INFO  [main] o.h.c.i.RegionFactoryInitiator - HHH000026: Second-level cache disabled
2026-04-10 07:24:01.941 INFO  [main] o.s.o.j.p.SpringPersistenceUnitInfo - No LoadTimeWeaver setup: ignoring JPA class transformer
2026-04-10 07:24:02.251 INFO  [main] o.hibernate.orm.connections.pooling - HHH10001005: Database info:
	Database JDBC URL [Connecting through datasource 'HikariDataSource (HikariPool-1)']
	Database driver: undefined/unknown
	Database version: 19.3
	Autocommit mode: undefined/unknown
	Isolation level: undefined/unknown
	Minimum pool size: undefined/unknown
	Maximum pool size: undefined/unknown
2026-04-10 07:24:03.143 INFO  [main] o.h.e.t.j.p.i.JtaPlatformInitiator - HHH000489: No JTA platform available (set 'hibernate.transaction.jta.platform' to enable JTA platform integration)
2026-04-10 07:24:03.147 INFO  [main] o.s.o.j.LocalContainerEntityManagerFactoryBean - Initialized JPA EntityManagerFactory for persistence unit 'default'
2026-04-10 07:24:05.313 INFO  [main] o.s.b.a.e.web.EndpointLinksResolver - Exposing 3 endpoints beneath base path '/actuator'
2026-04-10 07:24:05.416 INFO  [main] o.a.coyote.http11.Http11NioProtocol - Starting ProtocolHandler ["http-nio-8080"]
2026-04-10 07:24:05.437 INFO  [main] o.s.b.w.e.tomcat.TomcatWebServer - Tomcat started on port 8080 (http) with context path '/'
2026-04-10 07:24:05.676 INFO  [main] t.report.mainapp.MainAppApplication - Started MainAppApplication in 9.702 seconds (process running for 11.335)
2026-04-10 07:24:05.932 INFO  [RMI TCP Connection(2)-192.168.1.245] o.a.c.c.C.[Tomcat].[localhost].[/] - Initializing Spring DispatcherServlet 'dispatcherServlet'
2026-04-10 07:24:05.932 INFO  [RMI TCP Connection(2)-192.168.1.245] o.s.web.servlet.DispatcherServlet - Initializing Servlet 'dispatcherServlet'
2026-04-10 07:24:05.935 INFO  [RMI TCP Connection(2)-192.168.1.245] o.s.web.servlet.DispatcherServlet - Completed initialization in 2 ms
2026-04-10 07:24:47.483 INFO  [http-nio-8080-exec-4] o.h.e.i.StatisticalLoggingSessionEventListener - Session Metrics {
    1223200 nanoseconds spent acquiring 1 JDBC connections;
    0 nanoseconds spent releasing 0 JDBC connections;
    33461000 nanoseconds spent preparing 1 JDBC statements;
    13161700 nanoseconds spent executing 1 JDBC statements;
    0 nanoseconds spent executing 0 JDBC batches;
    0 nanoseconds spent performing 0 L2C puts;
    0 nanoseconds spent performing 0 L2C hits;
    0 nanoseconds spent performing 0 L2C misses;
    0 nanoseconds spent executing 0 flushes (flushing a total of 0 entities and 0 collections);
    0 nanoseconds spent executing 0 pre-partial-flushes;
    0 nanoseconds spent executing 0 partial-flushes (flushing a total of 0 entities and 0 collections)
}
2026-04-10 07:24:47.483 INFO  [http-nio-8080-exec-5] o.h.e.i.StatisticalLoggingSessionEventListener - Session Metrics {
    1414100 nanoseconds spent acquiring 1 JDBC connections;
    0 nanoseconds spent releasing 0 JDBC connections;
    33406500 nanoseconds spent preparing 1 JDBC statements;
    11482100 nanoseconds spent executing 1 JDBC statements;
    0 nanoseconds spent executing 0 JDBC batches;
    0 nanoseconds spent performing 0 L2C puts;
    0 nanoseconds spent performing 0 L2C hits;
    0 nanoseconds spent performing 0 L2C misses;
    0 nanoseconds spent executing 0 flushes (flushing a total of 0 entities and 0 collections);
    0 nanoseconds spent executing 0 pre-partial-flushes;
    0 nanoseconds spent executing 0 partial-flushes (flushing a total of 0 entities and 0 collections)
}
2026-04-10 07:24:47.483 INFO  [http-nio-8080-exec-1] o.h.e.i.StatisticalLoggingSessionEventListener - Session Metrics {
    875600 nanoseconds spent acquiring 1 JDBC connections;
    0 nanoseconds spent releasing 0 JDBC connections;
    33328400 nanoseconds spent preparing 1 JDBC statements;
    13142500 nanoseconds spent executing 1 JDBC statements;
    0 nanoseconds spent executing 0 JDBC batches;
    0 nanoseconds spent performing 0 L2C puts;
    0 nanoseconds spent performing 0 L2C hits;
    0 nanoseconds spent performing 0 L2C misses;
    0 nanoseconds spent executing 0 flushes (flushing a total of 0 entities and 0 collections);
    0 nanoseconds spent executing 0 pre-partial-flushes;
    0 nanoseconds spent executing 0 partial-flushes (flushing a total of 0 entities and 0 collections)
}
2026-04-10 07:24:47.483 INFO  [http-nio-8080-exec-2] o.h.e.i.StatisticalLoggingSessionEventListener - Session Metrics {
    1274000 nanoseconds spent acquiring 1 JDBC connections;
    0 nanoseconds spent releasing 0 JDBC connections;
    33564300 nanoseconds spent preparing 2 JDBC statements;
    17027800 nanoseconds spent executing 2 JDBC statements;
    0 nanoseconds spent executing 0 JDBC batches;
    0 nanoseconds spent performing 0 L2C puts;
    0 nanoseconds spent performing 0 L2C hits;
    0 nanoseconds spent performing 0 L2C misses;
    0 nanoseconds spent executing 0 flushes (flushing a total of 0 entities and 0 collections);
    0 nanoseconds spent executing 0 pre-partial-flushes;
    0 nanoseconds spent executing 0 partial-flushes (flushing a total of 0 entities and 0 collections)
}
2026-04-10 07:24:47.483 INFO  [http-nio-8080-exec-3] o.h.e.i.StatisticalLoggingSessionEventListener - Session Metrics {
    902200 nanoseconds spent acquiring 1 JDBC connections;
    0 nanoseconds spent releasing 0 JDBC connections;
    33420300 nanoseconds spent preparing 2 JDBC statements;
    16635400 nanoseconds spent executing 2 JDBC statements;
    0 nanoseconds spent executing 0 JDBC batches;
    0 nanoseconds spent performing 0 L2C puts;
    0 nanoseconds spent performing 0 L2C hits;
    0 nanoseconds spent performing 0 L2C misses;
    0 nanoseconds spent executing 0 flushes (flushing a total of 0 entities and 0 collections);
    0 nanoseconds spent executing 0 pre-partial-flushes;
    0 nanoseconds spent executing 0 partial-flushes (flushing a total of 0 entities and 0 collections)
}
2026-04-10 07:25:48.542 INFO  [http-nio-8080-exec-6] o.h.e.i.StatisticalLoggingSessionEventListener - Session Metrics {
    933700 nanoseconds spent acquiring 1 JDBC connections;
    0 nanoseconds spent releasing 0 JDBC connections;
    3122400 nanoseconds spent preparing 3 JDBC statements;
    17809900 nanoseconds spent executing 3 JDBC statements;
    0 nanoseconds spent executing 0 JDBC batches;
    0 nanoseconds spent performing 0 L2C puts;
    0 nanoseconds spent performing 0 L2C hits;
    0 nanoseconds spent performing 0 L2C misses;
    26343100 nanoseconds spent executing 1 flushes (flushing a total of 2 entities and 1 collections);
    38600 nanoseconds spent executing 1 pre-partial-flushes;
    201000 nanoseconds spent executing 1 partial-flushes (flushing a total of 0 entities and 0 collections)
}
2026-04-10 07:25:53.641 INFO  [http-nio-8080-exec-3] o.h.e.i.StatisticalLoggingSessionEventListener - Session Metrics {
    3595500 nanoseconds spent acquiring 1 JDBC connections;
    0 nanoseconds spent releasing 0 JDBC connections;
    3807400 nanoseconds spent preparing 1 JDBC statements;
    2547000 nanoseconds spent executing 1 JDBC statements;
    0 nanoseconds spent executing 0 JDBC batches;
    0 nanoseconds spent performing 0 L2C puts;
    0 nanoseconds spent performing 0 L2C hits;
    0 nanoseconds spent performing 0 L2C misses;
    0 nanoseconds spent executing 0 flushes (flushing a total of 0 entities and 0 collections);
    0 nanoseconds spent executing 0 pre-partial-flushes;
    0 nanoseconds spent executing 0 partial-flushes (flushing a total of 0 entities and 0 collections)
}
2026-04-10 07:26:01.867 INFO  [http-nio-8080-exec-1] o.h.e.i.StatisticalLoggingSessionEventListener - Session Metrics {
    3497200 nanoseconds spent acquiring 1 JDBC connections;
    0 nanoseconds spent releasing 0 JDBC connections;
    3973700 nanoseconds spent preparing 1 JDBC statements;
    2711100 nanoseconds spent executing 1 JDBC statements;
    0 nanoseconds spent executing 0 JDBC batches;
    0 nanoseconds spent performing 0 L2C puts;
    0 nanoseconds spent performing 0 L2C hits;
    0 nanoseconds spent performing 0 L2C misses;
    0 nanoseconds spent executing 0 flushes (flushing a total of 0 entities and 0 collections);
    0 nanoseconds spent executing 0 pre-partial-flushes;
    0 nanoseconds spent executing 0 partial-flushes (flushing a total of 0 entities and 0 collections)
}
2026-04-10 07:27:29.365 INFO  [SpringApplicationShutdownHook] o.s.b.w.e.tomcat.GracefulShutdown - Commencing graceful shutdown. Waiting for active requests to complete
2026-04-10 07:27:31.133 INFO  [http-nio-8080-exec-5] o.h.e.i.StatisticalLoggingSessionEventListener - Session Metrics {
    864200 nanoseconds spent acquiring 1 JDBC connections;
    0 nanoseconds spent releasing 0 JDBC connections;
    1836900 nanoseconds spent preparing 3 JDBC statements;
    14778000 nanoseconds spent executing 3 JDBC statements;
    0 nanoseconds spent executing 0 JDBC batches;
    0 nanoseconds spent performing 0 L2C puts;
    0 nanoseconds spent performing 0 L2C hits;
    0 nanoseconds spent performing 0 L2C misses;
    11724100 nanoseconds spent executing 1 flushes (flushing a total of 2 entities and 1 collections);
    8800 nanoseconds spent executing 1 pre-partial-flushes;
    4300 nanoseconds spent executing 1 partial-flushes (flushing a total of 0 entities and 0 collections)
}
2026-04-10 07:27:31.179 INFO  [tomcat-shutdown] o.s.b.w.e.tomcat.GracefulShutdown - Graceful shutdown complete
2026-04-10 07:27:31.218 INFO  [SpringApplicationShutdownHook] o.s.o.j.LocalContainerEntityManagerFactoryBean - Closing JPA EntityManagerFactory for persistence unit 'default'
2026-04-10 07:27:31.227 INFO  [SpringApplicationShutdownHook] com.zaxxer.hikari.HikariDataSource - HikariPool-1 - Shutdown initiated...
2026-04-10 07:27:44.598 INFO  [main] t.report.mainapp.MainAppApplication - Starting MainAppApplication using Java 18.0.2 with PID 20136 (D:\06-05-2025\report\main-app\target\classes started by Precision 7540 in D:\06-05-2025\report)
2026-04-10 07:27:44.599 INFO  [main] t.report.mainapp.MainAppApplication - No active profile set, falling back to 1 default profile: "default"
2026-04-10 07:27:45.832 INFO  [main] o.s.d.r.c.RepositoryConfigurationDelegate - Multiple Spring Data modules found, entering strict repository configuration mode
2026-04-10 07:27:45.834 INFO  [main] o.s.d.r.c.RepositoryConfigurationDelegate - Bootstrapping Spring Data JPA repositories in DEFAULT mode.
2026-04-10 07:27:45.857 INFO  [main] o.s.d.r.c.RepositoryConfigurationDelegate - Finished Spring Data repository scanning in 14 ms. Found 0 JPA repository interfaces.
2026-04-10 07:27:45.867 INFO  [main] o.s.d.r.c.RepositoryConfigurationDelegate - Multiple Spring Data modules found, entering strict repository configuration mode
2026-04-10 07:27:45.868 INFO  [main] o.s.d.r.c.RepositoryConfigurationDelegate - Bootstrapping Spring Data Redis repositories in DEFAULT mode.
2026-04-10 07:27:45.883 INFO  [main] o.s.d.r.c.RepositoryConfigurationDelegate - Finished Spring Data repository scanning in 4 ms. Found 0 Redis repository interfaces.
2026-04-10 07:27:46.584 INFO  [main] o.s.b.w.e.tomcat.TomcatWebServer - Tomcat initialized with port 8080 (http)
2026-04-10 07:27:46.604 INFO  [main] o.a.coyote.http11.Http11NioProtocol - Initializing ProtocolHandler ["http-nio-8080"]
2026-04-10 07:27:46.606 INFO  [main] o.a.catalina.core.StandardService - Starting service [Tomcat]
2026-04-10 07:27:46.606 INFO  [main] o.a.catalina.core.StandardEngine - Starting Servlet engine: [Apache Tomcat/10.1.42]
2026-04-10 07:27:46.701 INFO  [main] o.a.c.c.C.[Tomcat].[localhost].[/] - Initializing Spring embedded WebApplicationContext
2026-04-10 07:27:46.702 INFO  [main] o.s.b.w.s.c.ServletWebServerApplicationContext - Root WebApplicationContext: initialization completed in 2057 ms
2026-04-10 07:27:47.418 INFO  [main] com.zaxxer.hikari.HikariDataSource - HikariPool-1 - Starting...
2026-04-10 07:28:03.611 INFO  [main] com.zaxxer.hikari.pool.HikariPool - HikariPool-1 - Added connection oracle.jdbc.driver.T4CConnection@5d2e65bd
2026-04-10 07:28:03.614 INFO  [main] com.zaxxer.hikari.HikariDataSource - HikariPool-1 - Start completed.
2026-04-10 07:28:03.673 INFO  [main] o.h.jpa.internal.util.LogHelper - HHH000204: Processing PersistenceUnitInfo [name: default]
2026-04-10 07:28:03.774 INFO  [main] org.hibernate.Version - HHH000412: Hibernate ORM core version 6.6.18.Final
2026-04-10 07:28:03.828 INFO  [main] o.h.c.i.RegionFactoryInitiator - HHH000026: Second-level cache disabled
2026-04-10 07:28:04.212 INFO  [main] o.s.o.j.p.SpringPersistenceUnitInfo - No LoadTimeWeaver setup: ignoring JPA class transformer
2026-04-10 07:28:04.610 INFO  [main] o.hibernate.orm.connections.pooling - HHH10001005: Database info:
	Database JDBC URL [Connecting through datasource 'HikariDataSource (HikariPool-1)']
	Database driver: undefined/unknown
	Database version: 19.3
	Autocommit mode: undefined/unknown
	Isolation level: undefined/unknown
	Minimum pool size: undefined/unknown
	Maximum pool size: undefined/unknown
2026-04-10 07:28:06.029 INFO  [main] o.h.e.t.j.p.i.JtaPlatformInitiator - HHH000489: No JTA platform available (set 'hibernate.transaction.jta.platform' to enable JTA platform integration)
2026-04-10 07:28:06.033 INFO  [main] o.s.o.j.LocalContainerEntityManagerFactoryBean - Initialized JPA EntityManagerFactory for persistence unit 'default'
2026-04-10 07:28:08.412 INFO  [main] o.s.b.a.e.web.EndpointLinksResolver - Exposing 3 endpoints beneath base path '/actuator'
2026-04-10 07:28:08.529 INFO  [main] o.a.coyote.http11.Http11NioProtocol - Starting ProtocolHandler ["http-nio-8080"]
2026-04-10 07:28:08.561 INFO  [main] o.s.b.w.e.tomcat.TomcatWebServer - Tomcat started on port 8080 (http) with context path '/'
2026-04-10 07:28:08.792 INFO  [main] t.report.mainapp.MainAppApplication - Started MainAppApplication in 24.948 seconds (process running for 26.817)
2026-04-10 07:30:46.353 INFO  [http-nio-8080-exec-1] o.a.c.c.C.[Tomcat].[localhost].[/] - Initializing Spring DispatcherServlet 'dispatcherServlet'
2026-04-10 07:30:46.353 INFO  [http-nio-8080-exec-1] o.s.web.servlet.DispatcherServlet - Initializing Servlet 'dispatcherServlet'
2026-04-10 07:30:46.355 INFO  [http-nio-8080-exec-1] o.s.web.servlet.DispatcherServlet - Completed initialization in 2 ms
2026-04-10 07:30:47.413 INFO  [http-nio-8080-exec-1] o.h.e.i.StatisticalLoggingSessionEventListener - Session Metrics {
    1012000 nanoseconds spent acquiring 1 JDBC connections;
    0 nanoseconds spent releasing 0 JDBC connections;
    46773300 nanoseconds spent preparing 1 JDBC statements;
    16535100 nanoseconds spent executing 1 JDBC statements;
    0 nanoseconds spent executing 0 JDBC batches;
    0 nanoseconds spent performing 0 L2C puts;
    0 nanoseconds spent performing 0 L2C hits;
    0 nanoseconds spent performing 0 L2C misses;
    0 nanoseconds spent executing 0 flushes (flushing a total of 0 entities and 0 collections);
    0 nanoseconds spent executing 0 pre-partial-flushes;
    0 nanoseconds spent executing 0 partial-flushes (flushing a total of 0 entities and 0 collections)
}
2026-04-10 07:33:22.604 INFO  [http-nio-8080-exec-2] o.h.e.i.StatisticalLoggingSessionEventListener - Session Metrics {
    1402400 nanoseconds spent acquiring 1 JDBC connections;
    0 nanoseconds spent releasing 0 JDBC connections;
    1723700 nanoseconds spent preparing 3 JDBC statements;
    9553953900 nanoseconds spent executing 3 JDBC statements;
    0 nanoseconds spent executing 0 JDBC batches;
    0 nanoseconds spent performing 0 L2C puts;
    0 nanoseconds spent performing 0 L2C hits;
    0 nanoseconds spent performing 0 L2C misses;
    9568473500 nanoseconds spent executing 1 flushes (flushing a total of 2 entities and 1 collections);
    26600 nanoseconds spent executing 1 pre-partial-flushes;
    13900 nanoseconds spent executing 1 partial-flushes (flushing a total of 0 entities and 0 collections)
}
2026-04-10 07:33:24.960 INFO  [http-nio-8080-exec-3] o.h.e.i.StatisticalLoggingSessionEventListener - Session Metrics {
    948000 nanoseconds spent acquiring 1 JDBC connections;
    0 nanoseconds spent releasing 0 JDBC connections;
    1155700 nanoseconds spent preparing 1 JDBC statements;
    2420700 nanoseconds spent executing 1 JDBC statements;
    0 nanoseconds spent executing 0 JDBC batches;
    0 nanoseconds spent performing 0 L2C puts;
    0 nanoseconds spent performing 0 L2C hits;
    0 nanoseconds spent performing 0 L2C misses;
    0 nanoseconds spent executing 0 flushes (flushing a total of 0 entities and 0 collections);
    0 nanoseconds spent executing 0 pre-partial-flushes;
    0 nanoseconds spent executing 0 partial-flushes (flushing a total of 0 entities and 0 collections)
}
2026-04-10 07:33:39.228 INFO  [http-nio-8080-exec-4] o.h.e.i.StatisticalLoggingSessionEventListener - Session Metrics {
    1891800 nanoseconds spent acquiring 1 JDBC connections;
    0 nanoseconds spent releasing 0 JDBC connections;
    2130300 nanoseconds spent preparing 1 JDBC statements;
    1541600 nanoseconds spent executing 1 JDBC statements;
    0 nanoseconds spent executing 0 JDBC batches;
    0 nanoseconds spent performing 0 L2C puts;
    0 nanoseconds spent performing 0 L2C hits;
    0 nanoseconds spent performing 0 L2C misses;
    0 nanoseconds spent executing 0 flushes (flushing a total of 0 entities and 0 collections);
    0 nanoseconds spent executing 0 pre-partial-flushes;
    0 nanoseconds spent executing 0 partial-flushes (flushing a total of 0 entities and 0 collections)
}
2026-04-10 07:33:44.703 INFO  [http-nio-8080-exec-5] o.h.e.i.StatisticalLoggingSessionEventListener - Session Metrics {
    1321900 nanoseconds spent acquiring 1 JDBC connections;
    0 nanoseconds spent releasing 0 JDBC connections;
    1665000 nanoseconds spent preparing 2 JDBC statements;
    55142500 nanoseconds spent executing 2 JDBC statements;
    0 nanoseconds spent executing 0 JDBC batches;
    0 nanoseconds spent performing 0 L2C puts;
    0 nanoseconds spent performing 0 L2C hits;
    0 nanoseconds spent performing 0 L2C misses;
    0 nanoseconds spent executing 0 flushes (flushing a total of 0 entities and 0 collections);
    0 nanoseconds spent executing 0 pre-partial-flushes;
    0 nanoseconds spent executing 0 partial-flushes (flushing a total of 0 entities and 0 collections)
}
2026-04-10 07:33:49.847 INFO  [http-nio-8080-exec-7] o.h.e.i.StatisticalLoggingSessionEventListener - Session Metrics {
    924200 nanoseconds spent acquiring 1 JDBC connections;
    0 nanoseconds spent releasing 0 JDBC connections;
    374600 nanoseconds spent preparing 4 JDBC statements;
    6213800 nanoseconds spent executing 4 JDBC statements;
    0 nanoseconds spent executing 0 JDBC batches;
    0 nanoseconds spent performing 0 L2C puts;
    0 nanoseconds spent performing 0 L2C hits;
    0 nanoseconds spent performing 0 L2C misses;
    2039100 nanoseconds spent executing 1 flushes (flushing a total of 3 entities and 2 collections);
    6200 nanoseconds spent executing 1 pre-partial-flushes;
    2100 nanoseconds spent executing 1 partial-flushes (flushing a total of 0 entities and 0 collections)
}
2026-04-10 07:33:50.993 INFO  [http-nio-8080-exec-8] o.h.e.i.StatisticalLoggingSessionEventListener - Session Metrics {
    861700 nanoseconds spent acquiring 1 JDBC connections;
    0 nanoseconds spent releasing 0 JDBC connections;
    1042000 nanoseconds spent preparing 1 JDBC statements;
    1468300 nanoseconds spent executing 1 JDBC statements;
    0 nanoseconds spent executing 0 JDBC batches;
    0 nanoseconds spent performing 0 L2C puts;
    0 nanoseconds spent performing 0 L2C hits;
    0 nanoseconds spent performing 0 L2C misses;
    0 nanoseconds spent executing 0 flushes (flushing a total of 0 entities and 0 collections);
    0 nanoseconds spent executing 0 pre-partial-flushes;
    0 nanoseconds spent executing 0 partial-flushes (flushing a total of 0 entities and 0 collections)
}
2026-04-10 07:34:16.988 INFO  [http-nio-8080-exec-10] o.h.e.i.StatisticalLoggingSessionEventListener - Session Metrics {
    2515300 nanoseconds spent acquiring 1 JDBC connections;
    0 nanoseconds spent releasing 0 JDBC connections;
    2815500 nanoseconds spent preparing 1 JDBC statements;
    1896600 nanoseconds spent executing 1 JDBC statements;
    0 nanoseconds spent executing 0 JDBC batches;
    0 nanoseconds spent performing 0 L2C puts;
    0 nanoseconds spent performing 0 L2C hits;
    0 nanoseconds spent performing 0 L2C misses;
    0 nanoseconds spent executing 0 flushes (flushing a total of 0 entities and 0 collections);
    0 nanoseconds spent executing 0 pre-partial-flushes;
    0 nanoseconds spent executing 0 partial-flushes (flushing a total of 0 entities and 0 collections)
}
2026-04-10 07:34:19.877 INFO  [http-nio-8080-exec-9] o.h.e.i.StatisticalLoggingSessionEventListener - Session Metrics {
    1556600 nanoseconds spent acquiring 1 JDBC connections;
    0 nanoseconds spent releasing 0 JDBC connections;
    1771000 nanoseconds spent preparing 1 JDBC statements;
    671469100 nanoseconds spent executing 1 JDBC statements;
    0 nanoseconds spent executing 0 JDBC batches;
    0 nanoseconds spent performing 0 L2C puts;
    0 nanoseconds spent performing 0 L2C hits;
    0 nanoseconds spent performing 0 L2C misses;
    0 nanoseconds spent executing 0 flushes (flushing a total of 0 entities and 0 collections);
    0 nanoseconds spent executing 0 pre-partial-flushes;
    0 nanoseconds spent executing 0 partial-flushes (flushing a total of 0 entities and 0 collections)
}
2026-04-10 07:34:19.884 INFO  [http-nio-8080-exec-2] o.h.e.i.StatisticalLoggingSessionEventListener - Session Metrics {
    1211800 nanoseconds spent acquiring 1 JDBC connections;
    0 nanoseconds spent releasing 0 JDBC connections;
    1366200 nanoseconds spent preparing 1 JDBC statements;
    8161000 nanoseconds spent executing 1 JDBC statements;
    0 nanoseconds spent executing 0 JDBC batches;
    0 nanoseconds spent performing 0 L2C puts;
    0 nanoseconds spent performing 0 L2C hits;
    0 nanoseconds spent performing 0 L2C misses;
    0 nanoseconds spent executing 0 flushes (flushing a total of 0 entities and 0 collections);
    0 nanoseconds spent executing 0 pre-partial-flushes;
    0 nanoseconds spent executing 0 partial-flushes (flushing a total of 0 entities and 0 collections)
}
2026-04-10 07:34:19.938 INFO  [http-nio-8080-exec-3] o.h.e.i.StatisticalLoggingSessionEventListener - Session Metrics {
    13800 nanoseconds spent acquiring 1 JDBC connections;
    0 nanoseconds spent releasing 0 JDBC connections;
    251700 nanoseconds spent preparing 2 JDBC statements;
    4679700 nanoseconds spent executing 2 JDBC statements;
    0 nanoseconds spent executing 0 JDBC batches;
    0 nanoseconds spent performing 0 L2C puts;
    0 nanoseconds spent performing 0 L2C hits;
    0 nanoseconds spent performing 0 L2C misses;
    0 nanoseconds spent executing 0 flushes (flushing a total of 0 entities and 0 collections);
    0 nanoseconds spent executing 0 pre-partial-flushes;
    0 nanoseconds spent executing 0 partial-flushes (flushing a total of 0 entities and 0 collections)
}
2026-04-10 07:34:19.938 INFO  [http-nio-8080-exec-1] o.h.e.i.StatisticalLoggingSessionEventListener - Session Metrics {
    48800 nanoseconds spent acquiring 1 JDBC connections;
    0 nanoseconds spent releasing 0 JDBC connections;
    269500 nanoseconds spent preparing 2 JDBC statements;
    4642000 nanoseconds spent executing 2 JDBC statements;
    0 nanoseconds spent executing 0 JDBC batches;
    0 nanoseconds spent performing 0 L2C puts;
    0 nanoseconds spent performing 0 L2C hits;
    0 nanoseconds spent performing 0 L2C misses;
    0 nanoseconds spent executing 0 flushes (flushing a total of 0 entities and 0 collections);
    0 nanoseconds spent executing 0 pre-partial-flushes;
    0 nanoseconds spent executing 0 partial-flushes (flushing a total of 0 entities and 0 collections)
}
2026-04-10 07:35:54.479 INFO  [SpringApplicationShutdownHook] o.s.b.w.e.tomcat.GracefulShutdown - Commencing graceful shutdown. Waiting for active requests to complete
2026-04-10 07:35:54.792 INFO  [tomcat-shutdown] o.s.b.w.e.tomcat.GracefulShutdown - Graceful shutdown complete
2026-04-10 07:35:54.812 INFO  [SpringApplicationShutdownHook] o.s.o.j.LocalContainerEntityManagerFactoryBean - Closing JPA EntityManagerFactory for persistence unit 'default'
2026-04-10 07:35:54.814 INFO  [SpringApplicationShutdownHook] com.zaxxer.hikari.HikariDataSource - HikariPool-1 - Shutdown initiated...
2026-04-10 07:35:54.827 INFO  [SpringApplicationShutdownHook] com.zaxxer.hikari.HikariDataSource - HikariPool-1 - Shutdown completed.
2026-04-10 07:36:05.999 INFO  [main] t.report.mainapp.MainAppApplication - Starting MainAppApplication using Java 18.0.2 with PID 28476 (D:\06-05-2025\report\main-app\target\classes started by Precision 7540 in D:\06-05-2025\report)
2026-04-10 07:36:06.001 INFO  [main] t.report.mainapp.MainAppApplication - No active profile set, falling back to 1 default profile: "default"
2026-04-10 07:36:07.266 INFO  [main] o.s.d.r.c.RepositoryConfigurationDelegate - Multiple Spring Data modules found, entering strict repository configuration mode
2026-04-10 07:36:07.269 INFO  [main] o.s.d.r.c.RepositoryConfigurationDelegate - Bootstrapping Spring Data JPA repositories in DEFAULT mode.
2026-04-10 07:36:07.297 INFO  [main] o.s.d.r.c.RepositoryConfigurationDelegate - Finished Spring Data repository scanning in 19 ms. Found 0 JPA repository interfaces.
2026-04-10 07:36:07.319 INFO  [main] o.s.d.r.c.RepositoryConfigurationDelegate - Multiple Spring Data modules found, entering strict repository configuration mode
2026-04-10 07:36:07.321 INFO  [main] o.s.d.r.c.RepositoryConfigurationDelegate - Bootstrapping Spring Data Redis repositories in DEFAULT mode.
2026-04-10 07:36:07.340 INFO  [main] o.s.d.r.c.RepositoryConfigurationDelegate - Finished Spring Data repository scanning in 6 ms. Found 0 Redis repository interfaces.
2026-04-10 07:36:08.102 INFO  [main] o.s.b.w.e.tomcat.TomcatWebServer - Tomcat initialized with port 8080 (http)
2026-04-10 07:36:08.113 INFO  [main] o.a.coyote.http11.Http11NioProtocol - Initializing ProtocolHandler ["http-nio-8080"]
2026-04-10 07:36:08.115 INFO  [main] o.a.catalina.core.StandardService - Starting service [Tomcat]
2026-04-10 07:36:08.115 INFO  [main] o.a.catalina.core.StandardEngine - Starting Servlet engine: [Apache Tomcat/10.1.42]
2026-04-10 07:36:08.197 INFO  [main] o.a.c.c.C.[Tomcat].[localhost].[/] - Initializing Spring embedded WebApplicationContext
2026-04-10 07:36:08.197 INFO  [main] o.s.b.w.s.c.ServletWebServerApplicationContext - Root WebApplicationContext: initialization completed in 2151 ms
2026-04-10 07:36:08.779 INFO  [main] com.zaxxer.hikari.HikariDataSource - HikariPool-1 - Starting...
2026-04-10 07:36:25.631 INFO  [main] com.zaxxer.hikari.pool.HikariPool - HikariPool-1 - Added connection oracle.jdbc.driver.T4CConnection@1786150f
2026-04-10 07:36:25.633 INFO  [main] com.zaxxer.hikari.HikariDataSource - HikariPool-1 - Start completed.
2026-04-10 07:36:25.687 INFO  [main] o.h.jpa.internal.util.LogHelper - HHH000204: Processing PersistenceUnitInfo [name: default]
2026-04-10 07:36:25.766 INFO  [main] org.hibernate.Version - HHH000412: Hibernate ORM core version 6.6.18.Final
2026-04-10 07:36:25.807 INFO  [main] o.h.c.i.RegionFactoryInitiator - HHH000026: Second-level cache disabled
2026-04-10 07:36:26.122 INFO  [main] o.s.o.j.p.SpringPersistenceUnitInfo - No LoadTimeWeaver setup: ignoring JPA class transformer
2026-04-10 07:36:26.436 INFO  [main] o.hibernate.orm.connections.pooling - HHH10001005: Database info:
	Database JDBC URL [Connecting through datasource 'HikariDataSource (HikariPool-1)']
	Database driver: undefined/unknown
	Database version: 19.3
	Autocommit mode: undefined/unknown
	Isolation level: undefined/unknown
	Minimum pool size: undefined/unknown
	Maximum pool size: undefined/unknown
2026-04-10 07:36:27.474 INFO  [main] o.h.e.t.j.p.i.JtaPlatformInitiator - HHH000489: No JTA platform available (set 'hibernate.transaction.jta.platform' to enable JTA platform integration)
2026-04-10 07:36:27.478 INFO  [main] o.s.o.j.LocalContainerEntityManagerFactoryBean - Initialized JPA EntityManagerFactory for persistence unit 'default'
2026-04-10 07:36:29.699 INFO  [main] o.s.b.a.e.web.EndpointLinksResolver - Exposing 3 endpoints beneath base path '/actuator'
2026-04-10 07:36:29.845 INFO  [main] o.a.coyote.http11.Http11NioProtocol - Starting ProtocolHandler ["http-nio-8080"]
2026-04-10 07:36:29.864 INFO  [main] o.s.b.w.e.tomcat.TomcatWebServer - Tomcat started on port 8080 (http) with context path '/'
2026-04-10 07:36:30.081 INFO  [main] t.report.mainapp.MainAppApplication - Started MainAppApplication in 24.792 seconds (process running for 27.919)
2026-04-10 07:36:30.487 INFO  [RMI TCP Connection(5)-192.168.1.245] o.a.c.c.C.[Tomcat].[localhost].[/] - Initializing Spring DispatcherServlet 'dispatcherServlet'
2026-04-10 07:36:30.487 INFO  [RMI TCP Connection(5)-192.168.1.245] o.s.web.servlet.DispatcherServlet - Initializing Servlet 'dispatcherServlet'
2026-04-10 07:36:30.490 INFO  [RMI TCP Connection(5)-192.168.1.245] o.s.web.servlet.DispatcherServlet - Completed initialization in 3 ms
2026-04-10 07:36:38.161 INFO  [http-nio-8080-exec-1] o.h.e.i.StatisticalLoggingSessionEventListener - Session Metrics {
    546500 nanoseconds spent acquiring 1 JDBC connections;
    0 nanoseconds spent releasing 0 JDBC connections;
    33692100 nanoseconds spent preparing 1 JDBC statements;
    12037300 nanoseconds spent executing 1 JDBC statements;
    0 nanoseconds spent executing 0 JDBC batches;
    0 nanoseconds spent performing 0 L2C puts;
    0 nanoseconds spent performing 0 L2C hits;
    0 nanoseconds spent performing 0 L2C misses;
    0 nanoseconds spent executing 0 flushes (flushing a total of 0 entities and 0 collections);
    0 nanoseconds spent executing 0 pre-partial-flushes;
    0 nanoseconds spent executing 0 partial-flushes (flushing a total of 0 entities and 0 collections)
}
2026-04-10 07:36:46.136 INFO  [http-nio-8080-exec-2] o.h.e.i.StatisticalLoggingSessionEventListener - Session Metrics {
    1411100 nanoseconds spent acquiring 1 JDBC connections;
    0 nanoseconds spent releasing 0 JDBC connections;
    1292700 nanoseconds spent preparing 3 JDBC statements;
    16435000 nanoseconds spent executing 3 JDBC statements;
    0 nanoseconds spent executing 0 JDBC batches;
    0 nanoseconds spent performing 0 L2C puts;
    0 nanoseconds spent performing 0 L2C hits;
    0 nanoseconds spent performing 0 L2C misses;
    33358700 nanoseconds spent executing 1 flushes (flushing a total of 2 entities and 1 collections);
    38300 nanoseconds spent executing 1 pre-partial-flushes;
    13000 nanoseconds spent executing 1 partial-flushes (flushing a total of 0 entities and 0 collections)
}
2026-04-10 07:36:55.944 INFO  [http-nio-8080-exec-3] o.h.e.i.StatisticalLoggingSessionEventListener - Session Metrics {
    807800 nanoseconds spent acquiring 1 JDBC connections;
    0 nanoseconds spent releasing 0 JDBC connections;
    963500 nanoseconds spent preparing 1 JDBC statements;
    2617500 nanoseconds spent executing 1 JDBC statements;
    0 nanoseconds spent executing 0 JDBC batches;
    0 nanoseconds spent performing 0 L2C puts;
    0 nanoseconds spent performing 0 L2C hits;
    0 nanoseconds spent performing 0 L2C misses;
    0 nanoseconds spent executing 0 flushes (flushing a total of 0 entities and 0 collections);
    0 nanoseconds spent executing 0 pre-partial-flushes;
    0 nanoseconds spent executing 0 partial-flushes (flushing a total of 0 entities and 0 collections)
}
2026-04-10 07:37:05.445 INFO  [http-nio-8080-exec-4] o.h.e.i.StatisticalLoggingSessionEventListener - Session Metrics {
    10032300 nanoseconds spent acquiring 1 JDBC connections;
    0 nanoseconds spent releasing 0 JDBC connections;
    10296200 nanoseconds spent preparing 1 JDBC statements;
    3717400 nanoseconds spent executing 1 JDBC statements;
    0 nanoseconds spent executing 0 JDBC batches;
    0 nanoseconds spent performing 0 L2C puts;
    0 nanoseconds spent performing 0 L2C hits;
    0 nanoseconds spent performing 0 L2C misses;
    0 nanoseconds spent executing 0 flushes (flushing a total of 0 entities and 0 collections);
    0 nanoseconds spent executing 0 pre-partial-flushes;
    0 nanoseconds spent executing 0 partial-flushes (flushing a total of 0 entities and 0 collections)
}
2026-04-10 07:37:09.927 INFO  [http-nio-8080-exec-5] o.h.e.i.StatisticalLoggingSessionEventListener - Session Metrics {
    912300 nanoseconds spent acquiring 1 JDBC connections;
    0 nanoseconds spent releasing 0 JDBC connections;
    1535300 nanoseconds spent preparing 1 JDBC statements;
    1583090600 nanoseconds spent executing 1 JDBC statements;
    0 nanoseconds spent executing 0 JDBC batches;
    0 nanoseconds spent performing 0 L2C puts;
    0 nanoseconds spent performing 0 L2C hits;
    0 nanoseconds spent performing 0 L2C misses;
    0 nanoseconds spent executing 0 flushes (flushing a total of 0 entities and 0 collections);
    0 nanoseconds spent executing 0 pre-partial-flushes;
    0 nanoseconds spent executing 0 partial-flushes (flushing a total of 0 entities and 0 collections)
}
2026-04-10 07:37:09.933 INFO  [http-nio-8080-exec-7] o.h.e.i.StatisticalLoggingSessionEventListener - Session Metrics {
    769900 nanoseconds spent acquiring 1 JDBC connections;
    0 nanoseconds spent releasing 0 JDBC connections;
    897800 nanoseconds spent preparing 1 JDBC statements;
    2270200 nanoseconds spent executing 1 JDBC statements;
    0 nanoseconds spent executing 0 JDBC batches;
    0 nanoseconds spent performing 0 L2C puts;
    0 nanoseconds spent performing 0 L2C hits;
    0 nanoseconds spent performing 0 L2C misses;
    0 nanoseconds spent executing 0 flushes (flushing a total of 0 entities and 0 collections);
    0 nanoseconds spent executing 0 pre-partial-flushes;
    0 nanoseconds spent executing 0 partial-flushes (flushing a total of 0 entities and 0 collections)
}
2026-04-10 07:37:09.979 INFO  [http-nio-8080-exec-6] o.h.e.i.StatisticalLoggingSessionEventListener - Session Metrics {
    19300 nanoseconds spent acquiring 1 JDBC connections;
    0 nanoseconds spent releasing 0 JDBC connections;
    221500 nanoseconds spent preparing 2 JDBC statements;
    3920000 nanoseconds spent executing 2 JDBC statements;
    0 nanoseconds spent executing 0 JDBC batches;
    0 nanoseconds spent performing 0 L2C puts;
    0 nanoseconds spent performing 0 L2C hits;
    0 nanoseconds spent performing 0 L2C misses;
    0 nanoseconds spent executing 0 flushes (flushing a total of 0 entities and 0 collections);
    0 nanoseconds spent executing 0 pre-partial-flushes;
    0 nanoseconds spent executing 0 partial-flushes (flushing a total of 0 entities and 0 collections)
}
2026-04-10 07:37:09.979 INFO  [http-nio-8080-exec-8] o.h.e.i.StatisticalLoggingSessionEventListener - Session Metrics {
    41000 nanoseconds spent acquiring 1 JDBC connections;
    0 nanoseconds spent releasing 0 JDBC connections;
    263300 nanoseconds spent preparing 2 JDBC statements;
    3649200 nanoseconds spent executing 2 JDBC statements;
    0 nanoseconds spent executing 0 JDBC batches;
    0 nanoseconds spent performing 0 L2C puts;
    0 nanoseconds spent performing 0 L2C hits;
    0 nanoseconds spent performing 0 L2C misses;
    0 nanoseconds spent executing 0 flushes (flushing a total of 0 entities and 0 collections);
    0 nanoseconds spent executing 0 pre-partial-flushes;
    0 nanoseconds spent executing 0 partial-flushes (flushing a total of 0 entities and 0 collections)
}
2026-04-10 07:37:24.322 INFO  [http-nio-8080-exec-9] o.h.e.i.StatisticalLoggingSessionEventListener - Session Metrics {
    1925300 nanoseconds spent acquiring 1 JDBC connections;
    0 nanoseconds spent releasing 0 JDBC connections;
    2121200 nanoseconds spent preparing 1 JDBC statements;
    1338400 nanoseconds spent executing 1 JDBC statements;
    0 nanoseconds spent executing 0 JDBC batches;
    0 nanoseconds spent performing 0 L2C puts;
    0 nanoseconds spent performing 0 L2C hits;
    0 nanoseconds spent performing 0 L2C misses;
    0 nanoseconds spent executing 0 flushes (flushing a total of 0 entities and 0 collections);
    0 nanoseconds spent executing 0 pre-partial-flushes;
    0 nanoseconds spent executing 0 partial-flushes (flushing a total of 0 entities and 0 collections)
}
2026-04-10 07:37:27.447 INFO  [http-nio-8080-exec-10] o.h.e.i.StatisticalLoggingSessionEventListener - Session Metrics {
    900500 nanoseconds spent acquiring 1 JDBC connections;
    0 nanoseconds spent releasing 0 JDBC connections;
    1244400 nanoseconds spent preparing 2 JDBC statements;
    3901500 nanoseconds spent executing 2 JDBC statements;
    0 nanoseconds spent executing 0 JDBC batches;
    0 nanoseconds spent performing 0 L2C puts;
    0 nanoseconds spent performing 0 L2C hits;
    0 nanoseconds spent performing 0 L2C misses;
    0 nanoseconds spent executing 0 flushes (flushing a total of 0 entities and 0 collections);
    0 nanoseconds spent executing 0 pre-partial-flushes;
    0 nanoseconds spent executing 0 partial-flushes (flushing a total of 0 entities and 0 collections)
}
2026-04-10 07:37:30.920 INFO  [http-nio-8080-exec-1] o.h.e.i.StatisticalLoggingSessionEventListener - Session Metrics {
    2140400 nanoseconds spent acquiring 1 JDBC connections;
    0 nanoseconds spent releasing 0 JDBC connections;
    287300 nanoseconds spent preparing 3 JDBC statements;
    3604100 nanoseconds spent executing 3 JDBC statements;
    0 nanoseconds spent executing 0 JDBC batches;
    0 nanoseconds spent performing 0 L2C puts;
    0 nanoseconds spent performing 0 L2C hits;
    0 nanoseconds spent performing 0 L2C misses;
    1954900 nanoseconds spent executing 1 flushes (flushing a total of 2 entities and 1 collections);
    5800 nanoseconds spent executing 1 pre-partial-flushes;
    2100 nanoseconds spent executing 1 partial-flushes (flushing a total of 0 entities and 0 collections)
}
2026-04-10 07:37:31.761 INFO  [http-nio-8080-exec-2] o.h.e.i.StatisticalLoggingSessionEventListener - Session Metrics {
    654100 nanoseconds spent acquiring 1 JDBC connections;
    0 nanoseconds spent releasing 0 JDBC connections;
    798700 nanoseconds spent preparing 1 JDBC statements;
    1247800 nanoseconds spent executing 1 JDBC statements;
    0 nanoseconds spent executing 0 JDBC batches;
    0 nanoseconds spent performing 0 L2C puts;
    0 nanoseconds spent performing 0 L2C hits;
    0 nanoseconds spent performing 0 L2C misses;
    0 nanoseconds spent executing 0 flushes (flushing a total of 0 entities and 0 collections);
    0 nanoseconds spent executing 0 pre-partial-flushes;
    0 nanoseconds spent executing 0 partial-flushes (flushing a total of 0 entities and 0 collections)
}
2026-04-10 07:37:39.116 INFO  [http-nio-8080-exec-3] o.h.e.i.StatisticalLoggingSessionEventListener - Session Metrics {
    2186300 nanoseconds spent acquiring 1 JDBC connections;
    0 nanoseconds spent releasing 0 JDBC connections;
    2404800 nanoseconds spent preparing 1 JDBC statements;
    1221600 nanoseconds spent executing 1 JDBC statements;
    0 nanoseconds spent executing 0 JDBC batches;
    0 nanoseconds spent performing 0 L2C puts;
    0 nanoseconds spent performing 0 L2C hits;
    0 nanoseconds spent performing 0 L2C misses;
    0 nanoseconds spent executing 0 flushes (flushing a total of 0 entities and 0 collections);
    0 nanoseconds spent executing 0 pre-partial-flushes;
    0 nanoseconds spent executing 0 partial-flushes (flushing a total of 0 entities and 0 collections)
}
2026-04-10 07:37:43.007 INFO  [http-nio-8080-exec-4] o.h.e.i.StatisticalLoggingSessionEventListener - Session Metrics {
    863588500 nanoseconds spent acquiring 1 JDBC connections;
    0 nanoseconds spent releasing 0 JDBC connections;
    863747200 nanoseconds spent preparing 1 JDBC statements;
    2704000 nanoseconds spent executing 1 JDBC statements;
    0 nanoseconds spent executing 0 JDBC batches;
    0 nanoseconds spent performing 0 L2C puts;
    0 nanoseconds spent performing 0 L2C hits;
    0 nanoseconds spent performing 0 L2C misses;
    0 nanoseconds spent executing 0 flushes (flushing a total of 0 entities and 0 collections);
    0 nanoseconds spent executing 0 pre-partial-flushes;
    0 nanoseconds spent executing 0 partial-flushes (flushing a total of 0 entities and 0 collections)
}
2026-04-10 07:37:43.007 INFO  [http-nio-8080-exec-5] o.h.e.i.StatisticalLoggingSessionEventListener - Session Metrics {
    1351800 nanoseconds spent acquiring 1 JDBC connections;
    0 nanoseconds spent releasing 0 JDBC connections;
    1596300 nanoseconds spent preparing 2 JDBC statements;
    2912000 nanoseconds spent executing 2 JDBC statements;
    0 nanoseconds spent executing 0 JDBC batches;
    0 nanoseconds spent performing 0 L2C puts;
    0 nanoseconds spent performing 0 L2C hits;
    0 nanoseconds spent performing 0 L2C misses;
    0 nanoseconds spent executing 0 flushes (flushing a total of 0 entities and 0 collections);
    0 nanoseconds spent executing 0 pre-partial-flushes;
    0 nanoseconds spent executing 0 partial-flushes (flushing a total of 0 entities and 0 collections)
}
2026-04-10 07:37:43.007 INFO  [http-nio-8080-exec-6] o.h.e.i.StatisticalLoggingSessionEventListener - Session Metrics {
    546100 nanoseconds spent acquiring 1 JDBC connections;
    0 nanoseconds spent releasing 0 JDBC connections;
    746500 nanoseconds spent preparing 2 JDBC statements;
    865541300 nanoseconds spent executing 2 JDBC statements;
    0 nanoseconds spent executing 0 JDBC batches;
    0 nanoseconds spent performing 0 L2C puts;
    0 nanoseconds spent performing 0 L2C hits;
    0 nanoseconds spent performing 0 L2C misses;
    0 nanoseconds spent executing 0 flushes (flushing a total of 0 entities and 0 collections);
    0 nanoseconds spent executing 0 pre-partial-flushes;
    0 nanoseconds spent executing 0 partial-flushes (flushing a total of 0 entities and 0 collections)
}
2026-04-10 07:37:43.012 INFO  [http-nio-8080-exec-7] o.h.e.i.StatisticalLoggingSessionEventListener - Session Metrics {
    677300 nanoseconds spent acquiring 1 JDBC connections;
    0 nanoseconds spent releasing 0 JDBC connections;
    812200 nanoseconds spent preparing 1 JDBC statements;
    2677800 nanoseconds spent executing 1 JDBC statements;
    0 nanoseconds spent executing 0 JDBC batches;
    0 nanoseconds spent performing 0 L2C puts;
    0 nanoseconds spent performing 0 L2C hits;
    0 nanoseconds spent performing 0 L2C misses;
    0 nanoseconds spent executing 0 flushes (flushing a total of 0 entities and 0 collections);
    0 nanoseconds spent executing 0 pre-partial-flushes;
    0 nanoseconds spent executing 0 partial-flushes (flushing a total of 0 entities and 0 collections)
}
2026-04-10 07:37:51.720 INFO  [http-nio-8080-exec-8] o.h.e.i.StatisticalLoggingSessionEventListener - Session Metrics {
    980100 nanoseconds spent acquiring 1 JDBC connections;
    0 nanoseconds spent releasing 0 JDBC connections;
    1122900 nanoseconds spent preparing 1 JDBC statements;
    1177400 nanoseconds spent executing 1 JDBC statements;
    0 nanoseconds spent executing 0 JDBC batches;
    0 nanoseconds spent performing 0 L2C puts;
    0 nanoseconds spent performing 0 L2C hits;
    0 nanoseconds spent performing 0 L2C misses;
    0 nanoseconds spent executing 0 flushes (flushing a total of 0 entities and 0 collections);
    0 nanoseconds spent executing 0 pre-partial-flushes;
    0 nanoseconds spent executing 0 partial-flushes (flushing a total of 0 entities and 0 collections)
}
2026-04-10 07:37:57.180 INFO  [http-nio-8080-exec-9] o.h.e.i.StatisticalLoggingSessionEventListener - Session Metrics {
    1859900 nanoseconds spent acquiring 1 JDBC connections;
    0 nanoseconds spent releasing 0 JDBC connections;
    314200 nanoseconds spent preparing 3 JDBC statements;
    3494400 nanoseconds spent executing 3 JDBC statements;
    0 nanoseconds spent executing 0 JDBC batches;
    0 nanoseconds spent performing 0 L2C puts;
    0 nanoseconds spent performing 0 L2C hits;
    0 nanoseconds spent performing 0 L2C misses;
    1826900 nanoseconds spent executing 1 flushes (flushing a total of 2 entities and 1 collections);
    6900 nanoseconds spent executing 1 pre-partial-flushes;
    2800 nanoseconds spent executing 1 partial-flushes (flushing a total of 0 entities and 0 collections)
}
2026-04-10 07:37:58.928 INFO  [http-nio-8080-exec-10] o.h.e.i.StatisticalLoggingSessionEventListener - Session Metrics {
    1003100 nanoseconds spent acquiring 1 JDBC connections;
    0 nanoseconds spent releasing 0 JDBC connections;
    1169800 nanoseconds spent preparing 1 JDBC statements;
    2157400 nanoseconds spent executing 1 JDBC statements;
    0 nanoseconds spent executing 0 JDBC batches;
    0 nanoseconds spent performing 0 L2C puts;
    0 nanoseconds spent performing 0 L2C hits;
    0 nanoseconds spent performing 0 L2C misses;
    0 nanoseconds spent executing 0 flushes (flushing a total of 0 entities and 0 collections);
    0 nanoseconds spent executing 0 pre-partial-flushes;
    0 nanoseconds spent executing 0 partial-flushes (flushing a total of 0 entities and 0 collections)
}
2026-04-10 07:38:07.917 INFO  [http-nio-8080-exec-1] o.h.e.i.StatisticalLoggingSessionEventListener - Session Metrics {
    2970200 nanoseconds spent acquiring 1 JDBC connections;
    0 nanoseconds spent releasing 0 JDBC connections;
    3198400 nanoseconds spent preparing 1 JDBC statements;
    4602000 nanoseconds spent executing 1 JDBC statements;
    0 nanoseconds spent executing 0 JDBC batches;
    0 nanoseconds spent performing 0 L2C puts;
    0 nanoseconds spent performing 0 L2C hits;
    0 nanoseconds spent performing 0 L2C misses;
    0 nanoseconds spent executing 0 flushes (flushing a total of 0 entities and 0 collections);
    0 nanoseconds spent executing 0 pre-partial-flushes;
    0 nanoseconds spent executing 0 partial-flushes (flushing a total of 0 entities and 0 collections)
}
2026-04-10 07:38:12.183 INFO  [http-nio-8080-exec-3] o.h.e.i.StatisticalLoggingSessionEventListener - Session Metrics {
    37500 nanoseconds spent acquiring 1 JDBC connections;
    0 nanoseconds spent releasing 0 JDBC connections;
    348600 nanoseconds spent preparing 2 JDBC statements;
    3908036300 nanoseconds spent executing 2 JDBC statements;
    0 nanoseconds spent executing 0 JDBC batches;
    0 nanoseconds spent performing 0 L2C puts;
    0 nanoseconds spent performing 0 L2C hits;
    0 nanoseconds spent performing 0 L2C misses;
    0 nanoseconds spent executing 0 flushes (flushing a total of 0 entities and 0 collections);
    0 nanoseconds spent executing 0 pre-partial-flushes;
    0 nanoseconds spent executing 0 partial-flushes (flushing a total of 0 entities and 0 collections)
}
2026-04-10 07:38:12.183 INFO  [http-nio-8080-exec-6] o.h.e.i.StatisticalLoggingSessionEventListener - Session Metrics {
    2280400 nanoseconds spent acquiring 1 JDBC connections;
    0 nanoseconds spent releasing 0 JDBC connections;
    2468800 nanoseconds spent preparing 1 JDBC statements;
    3589200 nanoseconds spent executing 1 JDBC statements;
    0 nanoseconds spent executing 0 JDBC batches;
    0 nanoseconds spent performing 0 L2C puts;
    0 nanoseconds spent performing 0 L2C hits;
    0 nanoseconds spent performing 0 L2C misses;
    0 nanoseconds spent executing 0 flushes (flushing a total of 0 entities and 0 collections);
    0 nanoseconds spent executing 0 pre-partial-flushes;
    0 nanoseconds spent executing 0 partial-flushes (flushing a total of 0 entities and 0 collections)
}
2026-04-10 07:38:12.186 INFO  [http-nio-8080-exec-2] o.h.e.i.StatisticalLoggingSessionEventListener - Session Metrics {
    2231500 nanoseconds spent acquiring 1 JDBC connections;
    0 nanoseconds spent releasing 0 JDBC connections;
    2375800 nanoseconds spent preparing 1 JDBC statements;
    4029000 nanoseconds spent executing 1 JDBC statements;
    0 nanoseconds spent executing 0 JDBC batches;
    0 nanoseconds spent performing 0 L2C puts;
    0 nanoseconds spent performing 0 L2C hits;
    0 nanoseconds spent performing 0 L2C misses;
    0 nanoseconds spent executing 0 flushes (flushing a total of 0 entities and 0 collections);
    0 nanoseconds spent executing 0 pre-partial-flushes;
    0 nanoseconds spent executing 0 partial-flushes (flushing a total of 0 entities and 0 collections)
}
2026-04-10 07:38:12.190 INFO  [http-nio-8080-exec-5] o.h.e.i.StatisticalLoggingSessionEventListener - Session Metrics {
    1801300 nanoseconds spent acquiring 1 JDBC connections;
    0 nanoseconds spent releasing 0 JDBC connections;
    2126300 nanoseconds spent preparing 2 JDBC statements;
    12963400 nanoseconds spent executing 2 JDBC statements;
    0 nanoseconds spent executing 0 JDBC batches;
    0 nanoseconds spent performing 0 L2C puts;
    0 nanoseconds spent performing 0 L2C hits;
    0 nanoseconds spent performing 0 L2C misses;
    0 nanoseconds spent executing 0 flushes (flushing a total of 0 entities and 0 collections);
    0 nanoseconds spent executing 0 pre-partial-flushes;
    0 nanoseconds spent executing 0 partial-flushes (flushing a total of 0 entities and 0 collections)
}
2026-04-10 07:39:57.467 INFO  [SpringApplicationShutdownHook] o.s.b.w.e.tomcat.GracefulShutdown - Commencing graceful shutdown. Waiting for active requests to complete
2026-04-10 07:39:58.417 INFO  [tomcat-shutdown] o.s.b.w.e.tomcat.GracefulShutdown - Graceful shutdown complete
2026-04-10 07:39:58.473 INFO  [SpringApplicationShutdownHook] o.s.o.j.LocalContainerEntityManagerFactoryBean - Closing JPA EntityManagerFactory for persistence unit 'default'
2026-04-10 07:39:58.477 INFO  [SpringApplicationShutdownHook] com.zaxxer.hikari.HikariDataSource - HikariPool-1 - Shutdown initiated...
2026-04-10 07:39:58.511 INFO  [SpringApplicationShutdownHook] com.zaxxer.hikari.HikariDataSource - HikariPool-1 - Shutdown completed.
2026-04-10 07:40:24.910 INFO  [main] t.report.mainapp.MainAppApplication - Starting MainAppApplication using Java 18.0.2 with PID 14936 (D:\06-05-2025\report\main-app\target\classes started by Precision 7540 in D:\06-05-2025\report)
2026-04-10 07:40:24.913 INFO  [main] t.report.mainapp.MainAppApplication - No active profile set, falling back to 1 default profile: "default"
2026-04-10 07:40:26.250 INFO  [main] o.s.d.r.c.RepositoryConfigurationDelegate - Multiple Spring Data modules found, entering strict repository configuration mode
2026-04-10 07:40:26.252 INFO  [main] o.s.d.r.c.RepositoryConfigurationDelegate - Bootstrapping Spring Data JPA repositories in DEFAULT mode.
2026-04-10 07:40:26.275 INFO  [main] o.s.d.r.c.RepositoryConfigurationDelegate - Finished Spring Data repository scanning in 15 ms. Found 0 JPA repository interfaces.
2026-04-10 07:40:26.287 INFO  [main] o.s.d.r.c.RepositoryConfigurationDelegate - Multiple Spring Data modules found, entering strict repository configuration mode
2026-04-10 07:40:26.287 INFO  [main] o.s.d.r.c.RepositoryConfigurationDelegate - Bootstrapping Spring Data Redis repositories in DEFAULT mode.
2026-04-10 07:40:26.303 INFO  [main] o.s.d.r.c.RepositoryConfigurationDelegate - Finished Spring Data repository scanning in 5 ms. Found 0 Redis repository interfaces.
2026-04-10 07:40:26.933 INFO  [main] o.s.b.w.e.tomcat.TomcatWebServer - Tomcat initialized with port 8080 (http)
2026-04-10 07:40:26.945 INFO  [main] o.a.coyote.http11.Http11NioProtocol - Initializing ProtocolHandler ["http-nio-8080"]
2026-04-10 07:40:26.946 INFO  [main] o.a.catalina.core.StandardService - Starting service [Tomcat]
2026-04-10 07:40:26.946 INFO  [main] o.a.catalina.core.StandardEngine - Starting Servlet engine: [Apache Tomcat/10.1.42]
2026-04-10 07:40:27.041 INFO  [main] o.a.c.c.C.[Tomcat].[localhost].[/] - Initializing Spring embedded WebApplicationContext
2026-04-10 07:40:27.041 INFO  [main] o.s.b.w.s.c.ServletWebServerApplicationContext - Root WebApplicationContext: initialization completed in 2069 ms
2026-04-10 07:40:27.758 INFO  [main] com.zaxxer.hikari.HikariDataSource - HikariPool-1 - Starting...
2026-04-10 07:40:29.171 INFO  [main] com.zaxxer.hikari.pool.HikariPool - HikariPool-1 - Added connection oracle.jdbc.driver.T4CConnection@14499b52
2026-04-10 07:40:29.173 INFO  [main] com.zaxxer.hikari.HikariDataSource - HikariPool-1 - Start completed.
2026-04-10 07:40:29.238 INFO  [main] o.h.jpa.internal.util.LogHelper - HHH000204: Processing PersistenceUnitInfo [name: default]
2026-04-10 07:40:29.311 INFO  [main] org.hibernate.Version - HHH000412: Hibernate ORM core version 6.6.18.Final
2026-04-10 07:40:29.350 INFO  [main] o.h.c.i.RegionFactoryInitiator - HHH000026: Second-level cache disabled
2026-04-10 07:40:29.646 INFO  [main] o.s.o.j.p.SpringPersistenceUnitInfo - No LoadTimeWeaver setup: ignoring JPA class transformer
2026-04-10 07:40:29.933 INFO  [main] o.hibernate.orm.connections.pooling - HHH10001005: Database info:
	Database JDBC URL [Connecting through datasource 'HikariDataSource (HikariPool-1)']
	Database driver: undefined/unknown
	Database version: 19.3
	Autocommit mode: undefined/unknown
	Isolation level: undefined/unknown
	Minimum pool size: undefined/unknown
	Maximum pool size: undefined/unknown
2026-04-10 07:40:30.879 INFO  [main] o.h.e.t.j.p.i.JtaPlatformInitiator - HHH000489: No JTA platform available (set 'hibernate.transaction.jta.platform' to enable JTA platform integration)
2026-04-10 07:40:30.882 INFO  [main] o.s.o.j.LocalContainerEntityManagerFactoryBean - Initialized JPA EntityManagerFactory for persistence unit 'default'
2026-04-10 07:40:33.039 INFO  [main] o.s.b.a.e.web.EndpointLinksResolver - Exposing 3 endpoints beneath base path '/actuator'
2026-04-10 07:40:33.147 INFO  [main] o.a.coyote.http11.Http11NioProtocol - Starting ProtocolHandler ["http-nio-8080"]
2026-04-10 07:40:33.180 INFO  [main] o.s.b.w.e.tomcat.TomcatWebServer - Tomcat started on port 8080 (http) with context path '/'
2026-04-10 07:40:33.425 INFO  [main] t.report.mainapp.MainAppApplication - Started MainAppApplication in 9.238 seconds (process running for 10.382)
2026-04-10 07:40:34.034 INFO  [RMI TCP Connection(3)-192.168.1.245] o.a.c.c.C.[Tomcat].[localhost].[/] - Initializing Spring DispatcherServlet 'dispatcherServlet'
2026-04-10 07:40:34.035 INFO  [RMI TCP Connection(3)-192.168.1.245] o.s.web.servlet.DispatcherServlet - Initializing Servlet 'dispatcherServlet'
2026-04-10 07:40:34.037 INFO  [RMI TCP Connection(3)-192.168.1.245] o.s.web.servlet.DispatcherServlet - Completed initialization in 2 ms
2026-04-10 07:40:39.798 INFO  [http-nio-8080-exec-1] o.h.e.i.StatisticalLoggingSessionEventListener - Session Metrics {
    1074800 nanoseconds spent acquiring 1 JDBC connections;
    0 nanoseconds spent releasing 0 JDBC connections;
    39997500 nanoseconds spent preparing 1 JDBC statements;
    13728500 nanoseconds spent executing 1 JDBC statements;
    0 nanoseconds spent executing 0 JDBC batches;
    0 nanoseconds spent performing 0 L2C puts;
    0 nanoseconds spent performing 0 L2C hits;
    0 nanoseconds spent performing 0 L2C misses;
    0 nanoseconds spent executing 0 flushes (flushing a total of 0 entities and 0 collections);
    0 nanoseconds spent executing 0 pre-partial-flushes;
    0 nanoseconds spent executing 0 partial-flushes (flushing a total of 0 entities and 0 collections)
}
2026-04-10 07:40:45.737 INFO  [http-nio-8080-exec-2] o.h.e.i.StatisticalLoggingSessionEventListener - Session Metrics {
    1778300 nanoseconds spent acquiring 1 JDBC connections;
    0 nanoseconds spent releasing 0 JDBC connections;
    574800 nanoseconds spent preparing 3 JDBC statements;
    15442100 nanoseconds spent executing 3 JDBC statements;
    0 nanoseconds spent executing 0 JDBC batches;
    0 nanoseconds spent performing 0 L2C puts;
    0 nanoseconds spent performing 0 L2C hits;
    0 nanoseconds spent performing 0 L2C misses;
    47380000 nanoseconds spent executing 1 flushes (flushing a total of 1 entities and 0 collections);
    46000 nanoseconds spent executing 1 pre-partial-flushes;
    29300 nanoseconds spent executing 1 partial-flushes (flushing a total of 0 entities and 0 collections)
}
2026-04-10 07:40:48.214 INFO  [http-nio-8080-exec-3] o.h.e.i.StatisticalLoggingSessionEventListener - Session Metrics {
    1268500 nanoseconds spent acquiring 1 JDBC connections;
    0 nanoseconds spent releasing 0 JDBC connections;
    1454400 nanoseconds spent preparing 1 JDBC statements;
    2542700 nanoseconds spent executing 1 JDBC statements;
    0 nanoseconds spent executing 0 JDBC batches;
    0 nanoseconds spent performing 0 L2C puts;
    0 nanoseconds spent performing 0 L2C hits;
    0 nanoseconds spent performing 0 L2C misses;
    0 nanoseconds spent executing 0 flushes (flushing a total of 0 entities and 0 collections);
    0 nanoseconds spent executing 0 pre-partial-flushes;
    0 nanoseconds spent executing 0 partial-flushes (flushing a total of 0 entities and 0 collections)
}
2026-04-10 07:41:20.733 INFO  [http-nio-8080-exec-9] o.h.e.i.StatisticalLoggingSessionEventListener - Session Metrics {
    783000 nanoseconds spent acquiring 1 JDBC connections;
    0 nanoseconds spent releasing 0 JDBC connections;
    1031300 nanoseconds spent preparing 1 JDBC statements;
    1342100 nanoseconds spent executing 1 JDBC statements;
    0 nanoseconds spent executing 0 JDBC batches;
    0 nanoseconds spent performing 0 L2C puts;
    0 nanoseconds spent performing 0 L2C hits;
    0 nanoseconds spent performing 0 L2C misses;
    0 nanoseconds spent executing 0 flushes (flushing a total of 0 entities and 0 collections);
    0 nanoseconds spent executing 0 pre-partial-flushes;
    0 nanoseconds spent executing 0 partial-flushes (flushing a total of 0 entities and 0 collections)
}
2026-04-10 07:41:23.932 INFO  [http-nio-8080-exec-8] o.h.e.i.StatisticalLoggingSessionEventListener - Session Metrics {
    967000 nanoseconds spent acquiring 1 JDBC connections;
    0 nanoseconds spent releasing 0 JDBC connections;
    1246600 nanoseconds spent preparing 2 JDBC statements;
    5902100 nanoseconds spent executing 2 JDBC statements;
    0 nanoseconds spent executing 0 JDBC batches;
    0 nanoseconds spent performing 0 L2C puts;
    0 nanoseconds spent performing 0 L2C hits;
    0 nanoseconds spent performing 0 L2C misses;
    0 nanoseconds spent executing 0 flushes (flushing a total of 0 entities and 0 collections);
    0 nanoseconds spent executing 0 pre-partial-flushes;
    0 nanoseconds spent executing 0 partial-flushes (flushing a total of 0 entities and 0 collections)
}
2026-04-10 07:41:28.997 INFO  [http-nio-8080-exec-7] o.h.e.i.StatisticalLoggingSessionEventListener - Session Metrics {
    1248400 nanoseconds spent acquiring 1 JDBC connections;
    0 nanoseconds spent releasing 0 JDBC connections;
    416000 nanoseconds spent preparing 3 JDBC statements;
    8419400 nanoseconds spent executing 3 JDBC statements;
    0 nanoseconds spent executing 0 JDBC batches;
    0 nanoseconds spent performing 0 L2C puts;
    0 nanoseconds spent performing 0 L2C hits;
    0 nanoseconds spent performing 0 L2C misses;
    2020700 nanoseconds spent executing 1 flushes (flushing a total of 1 entities and 0 collections);
    5700 nanoseconds spent executing 1 pre-partial-flushes;
    2500 nanoseconds spent executing 1 partial-flushes (flushing a total of 0 entities and 0 collections)
}
2026-04-10 07:41:30.668 INFO  [http-nio-8080-exec-6] o.h.e.i.StatisticalLoggingSessionEventListener - Session Metrics {
    1488600 nanoseconds spent acquiring 1 JDBC connections;
    0 nanoseconds spent releasing 0 JDBC connections;
    1670200 nanoseconds spent preparing 1 JDBC statements;
    2781700 nanoseconds spent executing 1 JDBC statements;
    0 nanoseconds spent executing 0 JDBC batches;
    0 nanoseconds spent performing 0 L2C puts;
    0 nanoseconds spent performing 0 L2C hits;
    0 nanoseconds spent performing 0 L2C misses;
    0 nanoseconds spent executing 0 flushes (flushing a total of 0 entities and 0 collections);
    0 nanoseconds spent executing 0 pre-partial-flushes;
    0 nanoseconds spent executing 0 partial-flushes (flushing a total of 0 entities and 0 collections)
}
2026-04-10 07:41:39.153 INFO  [http-nio-8080-exec-5] o.h.e.i.StatisticalLoggingSessionEventListener - Session Metrics {
    2321600 nanoseconds spent acquiring 1 JDBC connections;
    0 nanoseconds spent releasing 0 JDBC connections;
    2590400 nanoseconds spent preparing 1 JDBC statements;
    2434000 nanoseconds spent executing 1 JDBC statements;
    0 nanoseconds spent executing 0 JDBC batches;
    0 nanoseconds spent performing 0 L2C puts;
    0 nanoseconds spent performing 0 L2C hits;
    0 nanoseconds spent performing 0 L2C misses;
    0 nanoseconds spent executing 0 flushes (flushing a total of 0 entities and 0 collections);
    0 nanoseconds spent executing 0 pre-partial-flushes;
    0 nanoseconds spent executing 0 partial-flushes (flushing a total of 0 entities and 0 collections)
}
2026-04-10 07:41:42.882 INFO  [http-nio-8080-exec-4] o.h.e.i.StatisticalLoggingSessionEventListener - Session Metrics {
    2281900 nanoseconds spent acquiring 1 JDBC connections;
    0 nanoseconds spent releasing 0 JDBC connections;
    2463400 nanoseconds spent preparing 1 JDBC statements;
    5748900 nanoseconds spent executing 1 JDBC statements;
    0 nanoseconds spent executing 0 JDBC batches;
    0 nanoseconds spent performing 0 L2C puts;
    0 nanoseconds spent performing 0 L2C hits;
    0 nanoseconds spent performing 0 L2C misses;
    0 nanoseconds spent executing 0 flushes (flushing a total of 0 entities and 0 collections);
    0 nanoseconds spent executing 0 pre-partial-flushes;
    0 nanoseconds spent executing 0 partial-flushes (flushing a total of 0 entities and 0 collections)
}
2026-04-10 07:41:42.890 INFO  [http-nio-8080-exec-2] o.h.e.i.StatisticalLoggingSessionEventListener - Session Metrics {
    3670600 nanoseconds spent acquiring 1 JDBC connections;
    0 nanoseconds spent releasing 0 JDBC connections;
    3863700 nanoseconds spent preparing 1 JDBC statements;
    6776300 nanoseconds spent executing 1 JDBC statements;
    0 nanoseconds spent executing 0 JDBC batches;
    0 nanoseconds spent performing 0 L2C puts;
    0 nanoseconds spent performing 0 L2C hits;
    0 nanoseconds spent performing 0 L2C misses;
    0 nanoseconds spent executing 0 flushes (flushing a total of 0 entities and 0 collections);
    0 nanoseconds spent executing 0 pre-partial-flushes;
    0 nanoseconds spent executing 0 partial-flushes (flushing a total of 0 entities and 0 collections)
}
2026-04-10 07:41:42.943 INFO  [http-nio-8080-exec-3] o.h.e.i.StatisticalLoggingSessionEventListener - Session Metrics {
    22600 nanoseconds spent acquiring 1 JDBC connections;
    0 nanoseconds spent releasing 0 JDBC connections;
    267800 nanoseconds spent preparing 2 JDBC statements;
    4553500 nanoseconds spent executing 2 JDBC statements;
    0 nanoseconds spent executing 0 JDBC batches;
    0 nanoseconds spent performing 0 L2C puts;
    0 nanoseconds spent performing 0 L2C hits;
    0 nanoseconds spent performing 0 L2C misses;
    0 nanoseconds spent executing 0 flushes (flushing a total of 0 entities and 0 collections);
    0 nanoseconds spent executing 0 pre-partial-flushes;
    0 nanoseconds spent executing 0 partial-flushes (flushing a total of 0 entities and 0 collections)
}
2026-04-10 07:41:42.943 INFO  [http-nio-8080-exec-1] o.h.e.i.StatisticalLoggingSessionEventListener - Session Metrics {
    54000 nanoseconds spent acquiring 1 JDBC connections;
    0 nanoseconds spent releasing 0 JDBC connections;
    333000 nanoseconds spent preparing 2 JDBC statements;
    4553300 nanoseconds spent executing 2 JDBC statements;
    0 nanoseconds spent executing 0 JDBC batches;
    0 nanoseconds spent performing 0 L2C puts;
    0 nanoseconds spent performing 0 L2C hits;
    0 nanoseconds spent performing 0 L2C misses;
    0 nanoseconds spent executing 0 flushes (flushing a total of 0 entities and 0 collections);
    0 nanoseconds spent executing 0 pre-partial-flushes;
    0 nanoseconds spent executing 0 partial-flushes (flushing a total of 0 entities and 0 collections)
}
2026-04-10 07:41:55.024 INFO  [http-nio-8080-exec-10] o.h.e.i.StatisticalLoggingSessionEventListener - Session Metrics {
    1571100 nanoseconds spent acquiring 1 JDBC connections;
    0 nanoseconds spent releasing 0 JDBC connections;
    1744600 nanoseconds spent preparing 1 JDBC statements;
    1747700 nanoseconds spent executing 1 JDBC statements;
    0 nanoseconds spent executing 0 JDBC batches;
    0 nanoseconds spent performing 0 L2C puts;
    0 nanoseconds spent performing 0 L2C hits;
    0 nanoseconds spent performing 0 L2C misses;
    0 nanoseconds spent executing 0 flushes (flushing a total of 0 entities and 0 collections);
    0 nanoseconds spent executing 0 pre-partial-flushes;
    0 nanoseconds spent executing 0 partial-flushes (flushing a total of 0 entities and 0 collections)
}
2026-04-10 07:41:57.748 INFO  [http-nio-8080-exec-9] o.h.e.i.StatisticalLoggingSessionEventListener - Session Metrics {
    1705500 nanoseconds spent acquiring 1 JDBC connections;
    0 nanoseconds spent releasing 0 JDBC connections;
    1909200 nanoseconds spent preparing 2 JDBC statements;
    4226400 nanoseconds spent executing 2 JDBC statements;
    0 nanoseconds spent executing 0 JDBC batches;
    0 nanoseconds spent performing 0 L2C puts;
    0 nanoseconds spent performing 0 L2C hits;
    0 nanoseconds spent performing 0 L2C misses;
    0 nanoseconds spent executing 0 flushes (flushing a total of 0 entities and 0 collections);
    0 nanoseconds spent executing 0 pre-partial-flushes;
    0 nanoseconds spent executing 0 partial-flushes (flushing a total of 0 entities and 0 collections)
}
2026-04-10 07:44:13.416 INFO  [http-nio-8080-exec-8] o.h.e.i.StatisticalLoggingSessionEventListener - Session Metrics {
    1143400 nanoseconds spent acquiring 1 JDBC connections;
    0 nanoseconds spent releasing 0 JDBC connections;
    1228400 nanoseconds spent preparing 3 JDBC statements;
    9556814500 nanoseconds spent executing 3 JDBC statements;
    0 nanoseconds spent executing 0 JDBC batches;
    0 nanoseconds spent performing 0 L2C puts;
    0 nanoseconds spent performing 0 L2C hits;
    0 nanoseconds spent performing 0 L2C misses;
    9557394500 nanoseconds spent executing 1 flushes (flushing a total of 2 entities and 1 collections);
    12600 nanoseconds spent executing 1 pre-partial-flushes;
    6400 nanoseconds spent executing 1 partial-flushes (flushing a total of 0 entities and 0 collections)
}
2026-04-10 07:44:20.350 INFO  [http-nio-8080-exec-4] o.h.e.i.StatisticalLoggingSessionEventListener - Session Metrics {
    624200 nanoseconds spent acquiring 1 JDBC connections;
    0 nanoseconds spent releasing 0 JDBC connections;
    809200 nanoseconds spent preparing 1 JDBC statements;
    1691500 nanoseconds spent executing 1 JDBC statements;
    0 nanoseconds spent executing 0 JDBC batches;
    0 nanoseconds spent performing 0 L2C puts;
    0 nanoseconds spent performing 0 L2C hits;
    0 nanoseconds spent performing 0 L2C misses;
    0 nanoseconds spent executing 0 flushes (flushing a total of 0 entities and 0 collections);
    0 nanoseconds spent executing 0 pre-partial-flushes;
    0 nanoseconds spent executing 0 partial-flushes (flushing a total of 0 entities and 0 collections)
}
2026-04-10 07:44:27.849 INFO  [http-nio-8080-exec-2] o.h.e.i.StatisticalLoggingSessionEventListener - Session Metrics {
    750000 nanoseconds spent acquiring 1 JDBC connections;
    0 nanoseconds spent releasing 0 JDBC connections;
    925900 nanoseconds spent preparing 1 JDBC statements;
    1466100 nanoseconds spent executing 1 JDBC statements;
    0 nanoseconds spent executing 0 JDBC batches;
    0 nanoseconds spent performing 0 L2C puts;
    0 nanoseconds spent performing 0 L2C hits;
    0 nanoseconds spent performing 0 L2C misses;
    0 nanoseconds spent executing 0 flushes (flushing a total of 0 entities and 0 collections);
    0 nanoseconds spent executing 0 pre-partial-flushes;
    0 nanoseconds spent executing 0 partial-flushes (flushing a total of 0 entities and 0 collections)
}
2026-04-10 07:44:31.453 INFO  [http-nio-8080-exec-1] o.h.e.i.StatisticalLoggingSessionEventListener - Session Metrics {
    1117700 nanoseconds spent acquiring 1 JDBC connections;
    0 nanoseconds spent releasing 0 JDBC connections;
    1345000 nanoseconds spent preparing 2 JDBC statements;
    2307900 nanoseconds spent executing 2 JDBC statements;
    0 nanoseconds spent executing 0 JDBC batches;
    0 nanoseconds spent performing 0 L2C puts;
    0 nanoseconds spent performing 0 L2C hits;
    0 nanoseconds spent performing 0 L2C misses;
    0 nanoseconds spent executing 0 flushes (flushing a total of 0 entities and 0 collections);
    0 nanoseconds spent executing 0 pre-partial-flushes;
    0 nanoseconds spent executing 0 partial-flushes (flushing a total of 0 entities and 0 collections)
}
2026-04-10 07:56:33.025 INFO  [http-nio-8080-exec-3] o.h.e.i.StatisticalLoggingSessionEventListener - Session Metrics {
    996100 nanoseconds spent acquiring 1 JDBC connections;
    0 nanoseconds spent releasing 0 JDBC connections;
    1018100 nanoseconds spent preparing 3 JDBC statements;
    9543098100 nanoseconds spent executing 3 JDBC statements;
    0 nanoseconds spent executing 0 JDBC batches;
    0 nanoseconds spent performing 0 L2C puts;
    0 nanoseconds spent performing 0 L2C hits;
    0 nanoseconds spent performing 0 L2C misses;
    9538509200 nanoseconds spent executing 1 flushes (flushing a total of 1 entities and 0 collections);
    9000 nanoseconds spent executing 1 pre-partial-flushes;
    4200 nanoseconds spent executing 1 partial-flushes (flushing a total of 0 entities and 0 collections)
}
2026-04-10 07:56:34.454 INFO  [http-nio-8080-exec-10] o.h.e.i.StatisticalLoggingSessionEventListener - Session Metrics {
    910000 nanoseconds spent acquiring 1 JDBC connections;
    0 nanoseconds spent releasing 0 JDBC connections;
    1138600 nanoseconds spent preparing 1 JDBC statements;
    1727500 nanoseconds spent executing 1 JDBC statements;
    0 nanoseconds spent executing 0 JDBC batches;
    0 nanoseconds spent performing 0 L2C puts;
    0 nanoseconds spent performing 0 L2C hits;
    0 nanoseconds spent performing 0 L2C misses;
    0 nanoseconds spent executing 0 flushes (flushing a total of 0 entities and 0 collections);
    0 nanoseconds spent executing 0 pre-partial-flushes;
    0 nanoseconds spent executing 0 partial-flushes (flushing a total of 0 entities and 0 collections)
}
2026-04-10 09:20:45.832 INFO  [HikariPool-1:connection-adder] oracle.jdbc - entering args (oracle.jdbc.internal.AbstractConnectionBuilder$1@5c3088df)
2026-04-10 09:20:45.832 INFO  [HikariPool-1:connection-adder] oracle.jdbc - traceId=6A1C676B. 
2026-04-10 09:20:45.857 INFO  [HikariPool-1:connection-adder] oracle.jdbc - Session Attributes: 
sdu=8192, tdu=2097152
nt: host=192.168.1.122, port=1521, socketOptions={0=YES, 1=NO, 17=0, 18=false, 2=30000, 20=true, 38=TLS, 23=40, 24=50, 40=false, 25=0}
    socket=null
client profile={oracle.net.encryption_types_client=(), oracle.net.crypto_seed=, oracle.net.authentication_services=(), oracle.net.setFIPSMode=false, oracle.net.kerberos5_mutual_authentication=false, oracle.net.encryption_client=ACCEPTED, oracle.net.crypto_checksum_client=ACCEPTED, oracle.net.crypto_checksum_types_client=()}
connection options=[host=192.168.1.122 port=1521 protocol=TCP addr=(ADDRESS=(PROTOCOL=TCP)(HOST=192.168.1.122)(PORT=1521)) conn_data=(DESCRIPTION=(ADDRESS=(PROTOCOL=TCP)(PORT=1521)(HOST=192.168.1.130)(HOSTNAME=rac-cluster-scan.txuyen.local))(CONNECT_DATA=(CID=(PROGRAM=MainAppApplication)(HOST=DESKTOP-CR3SMLK)(USER=Precision 7540))(SERVICE_NAME=pdb.txuyen.local)(CONNECTION_ID=KqECjgc2QgiYqP5KWJguQA==)(SERVER=dedicated)(INSTANCE_NAME=orcl2))) done=false]
onBreakReset=false, dataEOF=false, negotiatedOptions=0xc41, connected=false
TTIINIT enabled=false, TTC cookie enabled=false

2026-04-10 09:20:45.858 INFO  [HikariPool-1:connection-adder] oracle.jdbc - traceId=6A1C676B, anoEnabled=true. 
2026-04-10 09:20:45.873 INFO  [HikariPool-1:connection-adder] oracle.jdbc - Got Redirect, SessionTraceId = 6A1C676B
2026-04-10 09:20:45.873 INFO  [HikariPool-1:connection-adder] oracle.jdbc - Session Attributes: 
sdu=8192, tdu=2097152
nt: host=192.168.1.122, port=1521, socketOptions={0=YES, 1=NO, 17=0, 18=false, 2=30000, 20=true, 38=TLS, 23=40, 24=50, 40=false, 25=0}
    socket=null
client profile={oracle.net.encryption_types_client=(), oracle.net.crypto_seed=, oracle.net.authentication_services=(), oracle.net.setFIPSMode=false, oracle.net.kerberos5_mutual_authentication=false, oracle.net.encryption_client=ACCEPTED, oracle.net.crypto_checksum_client=ACCEPTED, oracle.net.crypto_checksum_types_client=()}
connection options=[host=192.168.1.122 port=1521 protocol=TCP addr=(ADDRESS=(PROTOCOL=TCP)(HOST=192.168.1.122)(PORT=1521)) conn_data=(DESCRIPTION=(ADDRESS=(PROTOCOL=TCP)(PORT=1521)(HOST=192.168.1.130)(HOSTNAME=rac-cluster-scan.txuyen.local))(CONNECT_DATA=(CID=(PROGRAM=MainAppApplication)(HOST=DESKTOP-CR3SMLK)(USER=Precision 7540))(SERVICE_NAME=pdb.txuyen.local)(CONNECTION_ID=KqECjgc2QgiYqP5KWJguQA==)(SERVER=dedicated)(INSTANCE_NAME=orcl2))) done=false]
onBreakReset=false, dataEOF=false, negotiatedOptions=0xc41, connected=false
TTIINIT enabled=false, TTC cookie enabled=false

2026-04-10 09:20:45.873 INFO  [HikariPool-1:connection-adder] oracle.jdbc - Got Resend, SessionTraceId = 6A1C676B
2026-04-10 09:20:45.874 INFO  [HikariPool-1:connection-adder] oracle.jdbc - Connection established. Cleared conn strategy stack
2026-04-10 09:20:45.874 INFO  [HikariPool-1:connection-adder] oracle.jdbc - Sending break marker, SessionTraceId = 6A1C676B
2026-04-10 09:20:45.875 INFO  [HikariPool-1:connection-adder] oracle.jdbc - throwing
java.sql.SQLRecoverableException: ORA-03113: database connection closed by peer (connection_type=client, source=/192.168.1.245:56152, target=192.168.1.122:1521, protocol=TCP, service=null, detecting_end=client, server_type=dedicated, client_program=MainAppApplication, server_process=null, session=null.null, user=TXU, last_rpc=Generic authentication call, connection_id=KqECjgc2QgiYqP5KWJguQA==, nne_encryption=null, nne_checksumming=null, authentication=O5LOGON) (CONNECTION_ID=KqECjgc2QgiYqP5KWJguQA==)
https://docs.oracle.com/error-help/db/ora-03113/
	at oracle.jdbc.driver.T4CConnection.handleLogonNetException(T4CConnection.java:1853)
	at oracle.jdbc.driver.T4CConnection.logon(T4CConnection.java:1204)
	at oracle.jdbc.driver.PhysicalConnection.connect(PhysicalConnection.java:1189)
	at oracle.jdbc.driver.T4CDriverExtension.getConnection(T4CDriverExtension.java:106)
	at oracle.jdbc.driver.OracleDriver.connect(OracleDriver.java:887)
	at oracle.jdbc.driver.OracleDriver.connect(OracleDriver.java:694)
	at com.zaxxer.hikari.util.DriverDataSource.getConnection(DriverDataSource.java:139)
	at com.zaxxer.hikari.pool.PoolBase.newConnection(PoolBase.java:368)
	at com.zaxxer.hikari.pool.PoolBase.newPoolEntry(PoolBase.java:205)
	at com.zaxxer.hikari.pool.HikariPool.createPoolEntry(HikariPool.java:483)
	at com.zaxxer.hikari.pool.HikariPool$PoolEntryCreator.call(HikariPool.java:747)
	at com.zaxxer.hikari.pool.HikariPool$PoolEntryCreator.call(HikariPool.java:726)
	at java.base/java.util.concurrent.FutureTask.run$$$capture(FutureTask.java:264)
	at java.base/java.util.concurrent.FutureTask.run(FutureTask.java)
	at java.base/java.util.concurrent.ThreadPoolExecutor.runWorker(ThreadPoolExecutor.java:1136)
	at java.base/java.util.concurrent.ThreadPoolExecutor$Worker.run(ThreadPoolExecutor.java:635)
	at java.base/java.lang.Thread.run(Thread.java:833)
Caused by: oracle.net.ns.NetException: ORA-03113: database connection closed by peer (connection_type=client, source=/192.168.1.245:56152, target=192.168.1.122:1521, protocol=TCP, service=null, detecting_end=client, server_type=dedicated, client_program=MainAppApplication, server_process=null, session=null.null, user=TXU, last_rpc=Generic authentication call, connection_id=KqECjgc2QgiYqP5KWJguQA==, nne_encryption=null, nne_checksumming=null, authentication=O5LOGON) (CONNECTION_ID=KqECjgc2QgiYqP5KWJguQA==)
https://docs.oracle.com/error-help/db/ora-03113/
	at oracle.jdbc.driver.T4CMAREngineNIO.prepareForUnmarshall(T4CMAREngineNIO.java:1004)
	at oracle.jdbc.driver.T4CMAREngineNIO.unmarshalUB1(T4CMAREngineNIO.java:466)
	at oracle.jdbc.driver.T4CTTIfun.receive(T4CTTIfun.java:814)
	at oracle.jdbc.driver.T4CTTIfun.doRPC(T4CTTIfun.java:237)
	at oracle.jdbc.driver.T4CTTIoauthenticate.doOAUTH(T4CTTIoauthenticate.java:547)
	at oracle.jdbc.driver.T4CTTIoauthenticate.doOAUTHWithO5Logon(T4CTTIoauthenticate.java:1746)
	at oracle.jdbc.driver.T4CTTIoauthenticate.doOAUTH(T4CTTIoauthenticate.java:1493)
	at oracle.jdbc.driver.T4CTTIoauthenticate.doOAUTH(T4CTTIoauthenticate.java:1433)
	at oracle.jdbc.driver.T4CConnection.authenticateWithPassword(T4CConnection.java:2294)
	at oracle.jdbc.driver.T4CConnection.authenticateUserForLogon(T4CConnection.java:2231)
	at oracle.jdbc.driver.T4CConnection.logon(T4CConnection.java:1155)
	... 15 common frames omitted
Caused by: oracle.net.ns.NetException: ORA-17800: Got minus one from a read call. (CONNECTION_ID=KqECjgc2QgiYqP5KWJguQA==)
https://docs.oracle.com/error-help/db/ora-17800/
	at oracle.net.ns.NSProtocolNIO.doSocketRead(NSProtocolNIO.java:1227)
	at oracle.net.ns.NIOPacket.readHeader(NIOPacket.java:273)
	at oracle.net.ns.NIOPacket.readPacketFromSocketChannel(NIOPacket.java:206)
	at oracle.net.ns.NIOPacket.readFromSocketChannel(NIOPacket.java:149)
	at oracle.net.ns.NIOPacket.readFromSocketChannel(NIOPacket.java:122)
	at oracle.net.ns.NIONSDataChannel.readDataFromSocketChannel(NIONSDataChannel.java:112)
	at oracle.jdbc.driver.T4CMAREngineNIO.prepareForUnmarshall(T4CMAREngineNIO.java:932)
	... 25 common frames omitted
2026-04-10 09:20:45.888 INFO  [HikariPool-1:connection-adder] oracle.jdbc - properties={LOCALE=en_US, DriverVersion=23.7.0.25.01, java.library.path: =C:\Users\Precision 7540\.jdks\corretto-18.0.2\bin;C:\Windows\Sun\Java\bin;C:\Windows\system32;C:\Windows;C:\WINDOWS.X64_193000_db_home\bin;C:\app\23ai\dbhomeFree\bin;D:\WINDOWS.X64_193000_db_home\bin;C:\Program Files (x86)\VMware\VMware Workstation\bin\;C:\Program Files\Amazon Corretto\jdk17.0.10_7\bin;C:\Python312\Scripts\;C:\Python312\;C:\Windows\system32;C:\Windows;C:\Windows\System32\Wbem;C:\Windows\System32\WindowsPowerShell\v1.0\;C:\Windows\System32\OpenSSH\;C:\Program Files\Microsoft SQL Server\150\Tools\Binn\;C:\Program Files\Microsoft SQL Server\Client SDK\ODBC\170\Tools\Binn\;C:\Program Files\dotnet\;C:\Program Files (x86)\Windows Kits\10\Windows Performance Toolkit\;C:\Program Files (x86)\Microsoft SQL Server\150\DTS\Binn\;C:\Program Files\Azure Data Studio\bin;C:\Program Files (x86)\Microsoft SQL Server\150\Tools\Binn\;C:\Program Files\Microsoft SQL Server\150\DTS\Binn\;C:\Program Files\nodejs\;C:\ProgramData\chocolatey\bin;C:\Program Files (x86)\Yarn\bin\;C:\Program Files\Amazon\AWSCLIV2\;C:\Program Files\Git\cmd;C:\Program Files\PuTTY\;C:\Program Files (x86)\Microsoft SQL Server\160\DTS\Binn\;C:\Program Files\Docker\Docker\resources\bin;C:\Program Files\MySQL\MySQL Shell 8.0\bin\;C:\Users\Precision 7540\AppData\Local\Microsoft\WindowsApps;C:\Users\Precision 7540\.dotnet\tools;C:\Program Files\Azure Data Studio\bin;C:\Users\Precision 7540\AppData\Roaming\npm;C:\Users\Precision 7540\AppData\Local\Yarn\bin;C:\Users\Precision 7540\AppData\Local\Programs\Microsoft VS Code\bin;C:\apache-maven-3.9.6\bin;C:\terraform;C:\Program Files\Neovim\bin;C:\Users\Precision 7540\AppData\Local\Muse Hub\lib;C:\Program Files\JetBrains\IntelliJ IDEA 2025.3.3\bin;., java.class.path: =D:\06-05-2025\report\main-app\target\classes;C:\Users\Precision 7540\.m2\repository\org\springframework\boot\spring-boot-starter-data-jpa\3.5.3\spring-boot-starter-data-jpa-3.5.3.jar;C:\Users\Precision 7540\.m2\repository\org\springframework\boot\spring-boot-starter\3.5.3\spring-boot-starter-3.5.3.jar;C:\Users\Precision 7540\.m2\repository\org\springframework\boot\spring-boot\3.5.3\spring-boot-3.5.3.jar;C:\Users\Precision 7540\.m2\repository\org\springframework\boot\spring-boot-autoconfigure\3.5.3\spring-boot-autoconfigure-3.5.3.jar;C:\Users\Precision 7540\.m2\repository\org\springframework\boot\spring-boot-starter-logging\3.5.3\spring-boot-starter-logging-3.5.3.jar;C:\Users\Precision 7540\.m2\repository\ch\qos\logback\logback-classic\1.5.18\logback-classic-1.5.18.jar;C:\Users\Precision 7540\.m2\repository\ch\qos\logback\logback-core\1.5.18\logback-core-1.5.18.jar;C:\Users\Precision 7540\.m2\repository\org\apache\logging\log4j\log4j-to-slf4j\2.24.3\log4j-to-slf4j-2.24.3.jar;C:\Users\Precision 7540\.m2\repository\org\apache\logging\log4j\log4j-api\2.24.3\log4j-api-2.24.3.jar;C:\Users\Precision 7540\.m2\repository\org\slf4j\jul-to-slf4j\2.0.17\jul-to-slf4j-2.0.17.jar;C:\Users\Precision 7540\.m2\repository\jakarta\annotation\jakarta.annotation-api\2.1.1\jakarta.annotation-api-2.1.1.jar;C:\Users\Precision 7540\.m2\repository\org\yaml\snakeyaml\2.4\snakeyaml-2.4.jar;C:\Users\Precision 7540\.m2\repository\org\springframework\boot\spring-boot-starter-jdbc\3.5.3\spring-boot-starter-jdbc-3.5.3.jar;C:\Users\Precision 7540\.m2\repository\com\zaxxer\HikariCP\6.3.0\HikariCP-6.3.0.jar;C:\Users\Precision 7540\.m2\repository\org\springframework\spring-jdbc\6.2.8\spring-jdbc-6.2.8.jar;C:\Users\Precision 7540\.m2\repository\org\hibernate\orm\hibernate-core\6.6.18.Final\hibernate-core-6.6.18.Final.jar;C:\Users\Precision 7540\.m2\repository\jakarta\persistence\jakarta.persistence-api\3.1.0\jakarta.persistence-api-3.1.0.jar;C:\Users\Precision 7540\.m2\repository\jakarta\transaction\jakarta.transaction-api\2.0.1\jakarta.transaction-api-2.0.1.jar;C:\Users\Precision 7540\.m2\repository\org\jboss\logging\jboss-logging\3.6.1.Final\jboss-logging-3.6.1.Final.jar;C:\Users\Precision 7540\.m2\repository\org\hibernate\common\hibernate-commons-annotations\7.0.3.Final\hibernate-commons-annotations-7.0.3.Final.jar;C:\Users\Precision 7540\.m2\repository\io\smallrye\jandex\3.2.0\jandex-3.2.0.jar;C:\Users\Precision 7540\.m2\repository\com\fasterxml\classmate\1.7.0\classmate-1.7.0.jar;C:\Users\Precision 7540\.m2\repository\net\bytebuddy\byte-buddy\1.17.6\byte-buddy-1.17.6.jar;C:\Users\Precision 7540\.m2\repository\org\glassfish\jaxb\jaxb-runtime\4.0.5\jaxb-runtime-4.0.5.jar;C:\Users\Precision 7540\.m2\repository\org\glassfish\jaxb\jaxb-core\4.0.5\jaxb-core-4.0.5.jar;C:\Users\Precision 7540\.m2\repository\org\eclipse\angus\angus-activation\2.0.2\angus-activation-2.0.2.jar;C:\Users\Precision 7540\.m2\repository\org\glassfish\jaxb\txw2\4.0.5\txw2-4.0.5.jar;C:\Users\Precision 7540\.m2\repository\com\sun\istack\istack-commons-runtime\4.1.2\istack-commons-runtime-4.1.2.jar;C:\Users\Precision 7540\.m2\repository\jakarta\inject\jakarta.inject-api\2.0.1\jakarta.inject-api-2.0.1.jar;C:\Users\Precision 7540\.m2\repository\org\antlr\antlr4-runtime\4.13.0\antlr4-runtime-4.13.0.jar;C:\Users\Precision 7540\.m2\repository\org\springframework\data\spring-data-jpa\3.5.1\spring-data-jpa-3.5.1.jar;C:\Users\Precision 7540\.m2\repository\org\springframework\data\spring-data-commons\3.5.1\spring-data-commons-3.5.1.jar;C:\Users\Precision 7540\.m2\repository\org\springframework\spring-orm\6.2.8\spring-orm-6.2.8.jar;C:\Users\Precision 7540\.m2\repository\org\springframework\spring-aop\6.2.8\spring-aop-6.2.8.jar;C:\Users\Precision 7540\.m2\repository\org\springframework\spring-beans\6.2.8\spring-beans-6.2.8.jar;C:\Users\Precision 7540\.m2\repository\org\springframework\spring-aspects\6.2.8\spring-aspects-6.2.8.jar;C:\Users\Precision 7540\.m2\repository\org\aspectj\aspectjweaver\1.9.24\aspectjweaver-1.9.24.jar;C:\Users\Precision 7540\.m2\repository\org\springframework\boot\spring-boot-starter-web\3.5.3\spring-boot-starter-web-3.5.3.jar;C:\Users\Precision 7540\.m2\repository\org\springframework\boot\spring-boot-starter-json\3.5.3\spring-boot-starter-json-3.5.3.jar;C:\Users\Precision 7540\.m2\repository\com\fasterxml\jackson\datatype\jackson-datatype-jdk8\2.19.1\jackson-datatype-jdk8-2.19.1.jar;C:\Users\Precision 7540\.m2\repository\com\fasterxml\jackson\datatype\jackson-datatype-jsr310\2.19.1\jackson-datatype-jsr310-2.19.1.jar;C:\Users\Precision 7540\.m2\repository\com\fasterxml\jackson\module\jackson-module-parameter-names\2.19.1\jackson-module-parameter-names-2.19.1.jar;C:\Users\Precision 7540\.m2\repository\org\springframework\boot\spring-boot-starter-tomcat\3.5.3\spring-boot-starter-tomcat-3.5.3.jar;C:\Users\Precision 7540\.m2\repository\org\apache\tomcat\embed\tomcat-embed-core\10.1.42\tomcat-embed-core-10.1.42.jar;C:\Users\Precision 7540\.m2\repository\org\apache\tomcat\embed\tomcat-embed-el\10.1.42\tomcat-embed-el-10.1.42.jar;C:\Users\Precision 7540\.m2\repository\org\apache\tomcat\embed\tomcat-embed-websocket\10.1.42\tomcat-embed-websocket-10.1.42.jar;C:\Users\Precision 7540\.m2\repository\org\springframework\spring-web\6.2.8\spring-web-6.2.8.jar;C:\Users\Precision 7540\.m2\repository\org\springframework\spring-webmvc\6.2.8\spring-webmvc-6.2.8.jar;C:\Users\Precision 7540\.m2\repository\org\springframework\spring-expression\6.2.8\spring-expression-6.2.8.jar;C:\Users\Precision 7540\.m2\repository\com\oracle\database\jdbc\ojdbc11\23.7.0.25.01\ojdbc11-23.7.0.25.01.jar;C:\Users\Precision 7540\.m2\repository\org\projectlombok\lombok\1.18.38\lombok-1.18.38.jar;C:\Users\Precision 7540\.m2\repository\jakarta\xml\bind\jakarta.xml.bind-api\4.0.2\jakarta.xml.bind-api-4.0.2.jar;C:\Users\Precision 7540\.m2\repository\jakarta\activation\jakarta.activation-api\2.1.3\jakarta.activation-api-2.1.3.jar;C:\Users\Precision 7540\.m2\repository\org\springframework\spring-core\6.2.8\spring-core-6.2.8.jar;C:\Users\Precision 7540\.m2\repository\org\springframework\spring-jcl\6.2.8\spring-jcl-6.2.8.jar;C:\Users\Precision 7540\.m2\repository\txu\common\1.0.0\common-1.0.0.jar;C:\Users\Precision 7540\.m2\repository\org\mapstruct\mapstruct\1.5.5.Final\mapstruct-1.5.5.Final.jar;C:\Users\Precision 7540\.m2\repository\org\springframework\boot\spring-boot-starter-data-redis\3.5.3\spring-boot-starter-data-redis-3.5.3.jar;C:\Users\Precision 7540\.m2\repository\io\lettuce\lettuce-core\6.6.0.RELEASE\lettuce-core-6.6.0.RELEASE.jar;C:\Users\Precision 7540\.m2\repository\redis\clients\authentication\redis-authx-core\0.1.1-beta2\redis-authx-core-0.1.1-beta2.jar;C:\Users\Precision 7540\.m2\repository\io\projectreactor\reactor-core\3.7.7\reactor-core-3.7.7.jar;C:\Users\Precision 7540\.m2\repository\org\springframework\data\spring-data-redis\3.5.1\spring-data-redis-3.5.1.jar;C:\Users\Precision 7540\.m2\repository\org\springframework\data\spring-data-keyvalue\3.5.1\spring-data-keyvalue-3.5.1.jar;C:\Users\Precision 7540\.m2\repository\org\springframework\spring-oxm\6.2.8\spring-oxm-6.2.8.jar;C:\Users\Precision 7540\.m2\repository\org\springframework\spring-context-support\6.2.8\spring-context-support-6.2.8.jar;C:\Users\Precision 7540\.m2\repository\txu\erp-grpc\1.0.0\erp-grpc-1.0.0.jar;C:\Users\Precision 7540\.m2\repository\javax\annotation\javax.annotation-api\1.3.2\javax.annotation-api-1.3.2.jar;C:\Users\Precision 7540\.m2\repository\io\awspring\cloud\spring-cloud-starter-aws-parameter-store-config\2.4.2\spring-cloud-starter-aws-parameter-store-config-2.4.2.jar;C:\Users\Precision 7540\.m2\repository\io\awspring\cloud\spring-cloud-aws-parameter-store-config\2.4.2\spring-cloud-aws-parameter-store-config-2.4.2.jar;C:\Users\Precision 7540\.m2\repository\org\springframework\cloud\spring-cloud-context\3.1.0\spring-cloud-context-3.1.0.jar;C:\Users\Precision 7540\.m2\repository\org\springframework\security\spring-security-crypto\6.5.1\spring-security-crypto-6.5.1.jar;C:\Users\Precision 7540\.m2\repository\com\amazonaws\aws-java-sdk-ssm\1.12.266\aws-java-sdk-ssm-1.12.266.jar;C:\Users\Precision 7540\.m2\repository\io\awspring\cloud\spring-cloud-aws-core\2.4.2\spring-cloud-aws-core-2.4.2.jar;C:\Users\Precision 7540\.m2\repository\com\amazonaws\aws-java-sdk-ec2\1.12.266\aws-java-sdk-ec2-1.12.266.jar;C:\Users\Precision 7540\.m2\repository\org\slf4j\slf4j-api\2.0.17\slf4j-api-2.0.17.jar;C:\Users\Precision 7540\.m2\repository\javax\activation\javax.activation-api\1.2.0\javax.activation-api-1.2.0.jar;C:\Users\Precision 7540\.m2\repository\commons-io\commons-io\2.11.0\commons-io-2.11.0.jar;C:\Users\Precision 7540\.m2\repository\io\grpc\grpc-netty\1.50.0\grpc-netty-1.50.0.jar;C:\Users\Precision 7540\.m2\repository\io\grpc\grpc-core\1.50.0\grpc-core-1.50.0.jar;C:\Users\Precision 7540\.m2\repository\com\google\code\gson\gson\2.13.1\gson-2.13.1.jar;C:\Users\Precision 7540\.m2\repository\com\google\android\annotations\4.1.1.4\annotations-4.1.1.4.jar;C:\Users\Precision 7540\.m2\repository\org\codehaus\mojo\animal-sniffer-annotations\1.21\animal-sniffer-annotations-1.21.jar;C:\Users\Precision 7540\.m2\repository\io\netty\netty-codec-http2\4.1.122.Final\netty-codec-http2-4.1.122.Final.jar;C:\Users\Precision 7540\.m2\repository\io\netty\netty-common\4.1.122.Final\netty-common-4.1.122.Final.jar;C:\Users\Precision 7540\.m2\repository\io\netty\netty-buffer\4.1.122.Final\netty-buffer-4.1.122.Final.jar;C:\Users\Precision 7540\.m2\repository\io\netty\netty-transport\4.1.122.Final\netty-transport-4.1.122.Final.jar;C:\Users\Precision 7540\.m2\repository\io\netty\netty-codec\4.1.122.Final\netty-codec-4.1.122.Final.jar;C:\Users\Precision 7540\.m2\repository\io\netty\netty-handler\4.1.122.Final\netty-handler-4.1.122.Final.jar;C:\Users\Precision 7540\.m2\repository\io\netty\netty-codec-http\4.1.122.Final\netty-codec-http-4.1.122.Final.jar;C:\Users\Precision 7540\.m2\repository\io\netty\netty-handler-proxy\4.1.122.Final\netty-handler-proxy-4.1.122.Final.jar;C:\Users\Precision 7540\.m2\repository\io\netty\netty-codec-socks\4.1.122.Final\netty-codec-socks-4.1.122.Final.jar;C:\Users\Precision 7540\.m2\repository\com\google\guava\guava\31.1-android\guava-31.1-android.jar;C:\Users\Precision 7540\.m2\repository\com\google\guava\failureaccess\1.0.1\failureaccess-1.0.1.jar;C:\Users\Precision 7540\.m2\repository\com\google\guava\listenablefuture\9999.0-empty-to-avoid-conflict-with-guava\listenablefuture-9999.0-empty-to-avoid-conflict-with-guava.jar;C:\Users\Precision 7540\.m2\repository\org\checkerframework\checker-qual\3.12.0\checker-qual-3.12.0.jar;C:\Users\Precision 7540\.m2\repository\com\google\j2objc\j2objc-annotations\1.3\j2objc-annotations-1.3.jar;C:\Users\Precision 7540\.m2\repository\com\google\errorprone\error_prone_annotations\2.14.0\error_prone_annotations-2.14.0.jar;C:\Users\Precision 7540\.m2\repository\io\perfmark\perfmark-api\0.25.0\perfmark-api-0.25.0.jar;C:\Users\Precision 7540\.m2\repository\io\netty\netty-transport-native-unix-common\4.1.122.Final\netty-transport-native-unix-common-4.1.122.Final.jar;C:\Users\Precision 7540\.m2\repository\io\grpc\grpc-protobuf\1.50.0\grpc-protobuf-1.50.0.jar;C:\Users\Precision 7540\.m2\repository\io\grpc\grpc-api\1.50.0\grpc-api-1.50.0.jar;C:\Users\Precision 7540\.m2\repository\io\grpc\grpc-context\1.50.0\grpc-context-1.50.0.jar;C:\Users\Precision 7540\.m2\repository\com\google\code\findbugs\jsr305\3.0.2\jsr305-3.0.2.jar;C:\Users\Precision 7540\.m2\repository\com\google\protobuf\protobuf-java\3.21.7\protobuf-java-3.21.7.jar;C:\Users\Precision 7540\.m2\repository\com\google\api\grpc\proto-google-common-protos\2.9.0\proto-google-common-protos-2.9.0.jar;C:\Users\Precision 7540\.m2\repository\io\grpc\grpc-protobuf-lite\1.50.0\grpc-protobuf-lite-1.50.0.jar;C:\Users\Precision 7540\.m2\repository\io\grpc\grpc-stub\1.50.0\grpc-stub-1.50.0.jar;C:\Users\Precision 7540\.m2\repository\io\jsonwebtoken\jjwt\0.9.1\jjwt-0.9.1.jar;C:\Users\Precision 7540\.m2\repository\com\fasterxml\jackson\core\jackson-databind\2.19.1\jackson-databind-2.19.1.jar;C:\Users\Precision 7540\.m2\repository\com\fasterxml\jackson\core\jackson-annotations\2.19.1\jackson-annotations-2.19.1.jar;C:\Users\Precision 7540\.m2\repository\com\fasterxml\jackson\core\jackson-core\2.19.1\jackson-core-2.19.1.jar;C:\Users\Precision 7540\.m2\repository\javax\xml\bind\jaxb-api\2.2.11\jaxb-api-2.2.11.jar;C:\Users\Precision 7540\.m2\repository\com\sun\xml\bind\jaxb-core\2.2.11\jaxb-core-2.2.11.jar;C:\Users\Precision 7540\.m2\repository\com\sun\xml\bind\jaxb-impl\2.2.11\jaxb-impl-2.2.11.jar;C:\Users\Precision 7540\.m2\repository\io\micrometer\micrometer-registry-prometheus\1.15.1\micrometer-registry-prometheus-1.15.1.jar;C:\Users\Precision 7540\.m2\repository\io\micrometer\micrometer-core\1.15.1\micrometer-core-1.15.1.jar;C:\Users\Precision 7540\.m2\repository\io\micrometer\micrometer-commons\1.15.1\micrometer-commons-1.15.1.jar;C:\Users\Precision 7540\.m2\repository\org\hdrhistogram\HdrHistogram\2.2.2\HdrHistogram-2.2.2.jar;C:\Users\Precision 7540\.m2\repository\org\latencyutils\LatencyUtils\2.0.3\LatencyUtils-2.0.3.jar;C:\Users\Precision 7540\.m2\repository\io\prometheus\prometheus-metrics-core\1.3.8\prometheus-metrics-core-1.3.8.jar;C:\Users\Precision 7540\.m2\repository\io\prometheus\prometheus-metrics-model\1.3.8\prometheus-metrics-model-1.3.8.jar;C:\Users\Precision 7540\.m2\repository\io\prometheus\prometheus-metrics-config\1.3.8\prometheus-metrics-config-1.3.8.jar;C:\Users\Precision 7540\.m2\repository\io\prometheus\prometheus-metrics-tracer-common\1.3.8\prometheus-metrics-tracer-common-1.3.8.jar;C:\Users\Precision 7540\.m2\repository\io\prometheus\prometheus-metrics-exposition-formats\1.3.8\prometheus-metrics-exposition-formats-1.3.8.jar;C:\Users\Precision 7540\.m2\repository\io\prometheus\prometheus-metrics-exposition-formats-no-protobuf\1.3.8\prometheus-metrics-exposition-formats-no-protobuf-1.3.8.jar;C:\Users\Precision 7540\.m2\repository\io\prometheus\prometheus-metrics-exposition-textformats\1.3.8\prometheus-metrics-exposition-textformats-1.3.8.jar;C:\Users\Precision 7540\.m2\repository\org\springframework\boot\spring-boot-starter-actuator\3.5.3\spring-boot-starter-actuator-3.5.3.jar;C:\Users\Precision 7540\.m2\repository\org\springframework\boot\spring-boot-actuator-autoconfigure\3.5.3\spring-boot-actuator-autoconfigure-3.5.3.jar;C:\Users\Precision 7540\.m2\repository\org\springframework\boot\spring-boot-actuator\3.5.3\spring-boot-actuator-3.5.3.jar;C:\Users\Precision 7540\.m2\repository\io\micrometer\micrometer-observation\1.15.1\micrometer-observation-1.15.1.jar;C:\Users\Precision 7540\.m2\repository\io\micrometer\micrometer-jakarta9\1.15.1\micrometer-jakarta9-1.15.1.jar;C:\Users\Precision 7540\.m2\repository\software\amazon\awssdk\s3\2.39.6\s3-2.39.6.jar;C:\Users\Precision 7540\.m2\repository\software\amazon\awssdk\aws-xml-protocol\2.39.6\aws-xml-protocol-2.39.6.jar;C:\Users\Precision 7540\.m2\repository\software\amazon\awssdk\aws-query-protocol\2.39.6\aws-query-protocol-2.39.6.jar;C:\Users\Precision 7540\.m2\repository\software\amazon\awssdk\protocol-core\2.39.6\protocol-core-2.39.6.jar;C:\Users\Precision 7540\.m2\repository\software\amazon\awssdk\arns\2.39.6\arns-2.39.6.jar;C:\Users\Precision 7540\.m2\repository\software\amazon\awssdk\profiles\2.39.6\profiles-2.39.6.jar;C:\Users\Precision 7540\.m2\repository\software\amazon\awssdk\crt-core\2.39.6\crt-core-2.39.6.jar;C:\Users\Precision 7540\.m2\repository\software\amazon\awssdk\http-auth\2.39.6\http-auth-2.39.6.jar;C:\Users\Precision 7540\.m2\repository\software\amazon\awssdk\identity-spi\2.39.6\identity-spi-2.39.6.jar;C:\Users\Precision 7540\.m2\repository\software\amazon\awssdk\http-auth-spi\2.39.6\http-auth-spi-2.39.6.jar;C:\Users\Precision 7540\.m2\repository\org\reactivestreams\reactive-streams\1.0.4\reactive-streams-1.0.4.jar;C:\Users\Precision 7540\.m2\repository\software\amazon\awssdk\http-auth-aws\2.39.6\http-auth-aws-2.39.6.jar;C:\Users\Precision 7540\.m2\repository\software\amazon\awssdk\checksums\2.39.6\checksums-2.39.6.jar;C:\Users\Precision 7540\.m2\repository\software\amazon\awssdk\checksums-spi\2.39.6\checksums-spi-2.39.6.jar;C:\Users\Precision 7540\.m2\repository\software\amazon\awssdk\retries-spi\2.39.6\retries-spi-2.39.6.jar;C:\Users\Precision 7540\.m2\repository\software\amazon\awssdk\sdk-core\2.39.6\sdk-core-2.39.6.jar;C:\Users\Precision 7540\.m2\repository\software\amazon\awssdk\retries\2.39.6\retries-2.39.6.jar;C:\Users\Precision 7540\.m2\repository\software\amazon\awssdk\auth\2.39.6\auth-2.39.6.jar;C:\Users\Precision 7540\.m2\repository\software\amazon\awssdk\http-auth-aws-eventstream\2.39.6\http-auth-aws-eventstream-2.39.6.jar;C:\Users\Precision 7540\.m2\repository\software\amazon\eventstream\eventstream\1.0.1\eventstream-1.0.1.jar;C:\Users\Precision 7540\.m2\repository\software\amazon\awssdk\http-client-spi\2.39.6\http-client-spi-2.39.6.jar;C:\Users\Precision 7540\.m2\repository\software\amazon\awssdk\regions\2.39.6\regions-2.39.6.jar;C:\Users\Precision 7540\.m2\repository\software\amazon\awssdk\annotations\2.39.6\annotations-2.39.6.jar;C:\Users\Precision 7540\.m2\repository\software\amazon\awssdk\utils\2.39.6\utils-2.39.6.jar;C:\Users\Precision 7540\.m2\repository\software\amazon\awssdk\aws-core\2.39.6\aws-core-2.39.6.jar;C:\Users\Precision 7540\.m2\repository\software\amazon\awssdk\utils-lite\2.39.6\utils-lite-2.39.6.jar;C:\Users\Precision 7540\.m2\repository\software\amazon\awssdk\metrics-spi\2.39.6\metrics-spi-2.39.6.jar;C:\Users\Precision 7540\.m2\repository\software\amazon\awssdk\json-utils\2.39.6\json-utils-2.39.6.jar;C:\Users\Precision 7540\.m2\repository\software\amazon\awssdk\third-party-jackson-core\2.39.6\third-party-jackson-core-2.39.6.jar;C:\Users\Precision 7540\.m2\repository\software\amazon\awssdk\endpoints-spi\2.39.6\endpoints-spi-2.39.6.jar;C:\Users\Precision 7540\.m2\repository\software\amazon\awssdk\apache-client\2.39.6\apache-client-2.39.6.jar;C:\Users\Precision 7540\.m2\repository\org\apache\httpcomponents\httpclient\4.5.13\httpclient-4.5.13.jar;C:\Users\Precision 7540\.m2\repository\org\apache\httpcomponents\httpcore\4.4.16\httpcore-4.4.16.jar;C:\Users\Precision 7540\.m2\repository\commons-codec\commons-codec\1.18.0\commons-codec-1.18.0.jar;C:\Users\Precision 7540\.m2\repository\software\amazon\awssdk\netty-nio-client\2.39.6\netty-nio-client-2.39.6.jar;C:\Users\Precision 7540\.m2\repository\io\netty\netty-transport-classes-epoll\4.1.122.Final\netty-transport-classes-epoll-4.1.122.Final.jar;C:\Users\Precision 7540\.m2\repository\io\netty\netty-resolver\4.1.122.Final\netty-resolver-4.1.122.Final.jar;C:\Users\Precision 7540\.m2\repository\com\amazonaws\aws-java-sdk-s3\1.12.794\aws-java-sdk-s3-1.12.794.jar;C:\Users\Precision 7540\.m2\repository\com\amazonaws\aws-java-sdk-kms\1.12.794\aws-java-sdk-kms-1.12.794.jar;C:\Users\Precision 7540\.m2\repository\com\amazonaws\aws-java-sdk-core\1.12.794\aws-java-sdk-core-1.12.794.jar;C:\Users\Precision 7540\.m2\repository\commons-logging\commons-logging\1.1.3\commons-logging-1.1.3.jar;C:\Users\Precision 7540\.m2\repository\com\fasterxml\jackson\dataformat\jackson-dataformat-cbor\2.19.1\jackson-dataformat-cbor-2.19.1.jar;C:\Users\Precision 7540\.m2\repository\joda-time\joda-time\2.12.7\joda-time-2.12.7.jar;C:\Users\Precision 7540\.m2\repository\com\amazonaws\jmespath-java\1.12.794\jmespath-java-1.12.794.jar;C:\Users\Precision 7540\.m2\repository\org\apache\commons\commons-pool2\2.12.1\commons-pool2-2.12.1.jar;C:\Users\Precision 7540\.m2\repository\org\springframework\kafka\spring-kafka\3.3.7\spring-kafka-3.3.7.jar;C:\Users\Precision 7540\.m2\repository\org\springframework\spring-context\6.2.8\spring-context-6.2.8.jar;C:\Users\Precision 7540\.m2\repository\org\springframework\spring-messaging\6.2.8\spring-messaging-6.2.8.jar;C:\Users\Precision 7540\.m2\repository\org\springframework\spring-tx\6.2.8\spring-tx-6.2.8.jar;C:\Users\Precision 7540\.m2\repository\org\springframework\retry\spring-retry\2.0.12\spring-retry-2.0.12.jar;C:\Users\Precision 7540\.m2\repository\org\apache\kafka\kafka-clients\3.9.1\kafka-clients-3.9.1.jar;C:\Users\Precision 7540\.m2\repository\com\github\luben\zstd-jni\1.5.6-4\zstd-jni-1.5.6-4.jar;C:\Users\Precision 7540\.m2\repository\org\lz4\lz4-java\1.8.0\lz4-java-1.8.0.jar;C:\Users\Precision 7540\.m2\repository\org\xerial\snappy\snappy-java\1.1.10.5\snappy-java-1.1.10.5.jar;C:\Users\Precision 7540\.m2\repository\org\springframework\boot\spring-boot-starter-activemq\3.5.3\spring-boot-starter-activemq-3.5.3.jar;C:\Users\Precision 7540\.m2\repository\org\springframework\spring-jms\6.2.8\spring-jms-6.2.8.jar;C:\Users\Precision 7540\.m2\repository\org\apache\activemq\activemq-client\6.1.6\activemq-client-6.1.6.jar;C:\Users\Precision 7540\.m2\repository\jakarta\jms\jakarta.jms-api\3.1.0\jakarta.jms-api-3.1.0.jar;C:\Users\Precision 7540\.m2\repository\org\fusesource\hawtbuf\hawtbuf\1.11\hawtbuf-1.11.jar;C:\Program Files\JetBrains\IntelliJ IDEA 2024.2.4\lib\idea_rt.jar, java.version: =18.0.2}. 
2026-04-10 10:03:42.846 INFO  [main] t.report.mainapp.MainAppApplication - Starting MainAppApplication using Java 18.0.2 with PID 25928 (D:\06-05-2025\report\main-app\target\classes started by Precision 7540 in D:\06-05-2025\report)
2026-04-10 10:03:42.848 INFO  [main] t.report.mainapp.MainAppApplication - No active profile set, falling back to 1 default profile: "default"
2026-04-10 10:03:44.680 INFO  [main] o.s.d.r.c.RepositoryConfigurationDelegate - Multiple Spring Data modules found, entering strict repository configuration mode
2026-04-10 10:03:44.684 INFO  [main] o.s.d.r.c.RepositoryConfigurationDelegate - Bootstrapping Spring Data JPA repositories in DEFAULT mode.
2026-04-10 10:03:44.715 INFO  [main] o.s.d.r.c.RepositoryConfigurationDelegate - Finished Spring Data repository scanning in 18 ms. Found 0 JPA repository interfaces.
2026-04-10 10:03:44.731 INFO  [main] o.s.d.r.c.RepositoryConfigurationDelegate - Multiple Spring Data modules found, entering strict repository configuration mode
2026-04-10 10:03:44.732 INFO  [main] o.s.d.r.c.RepositoryConfigurationDelegate - Bootstrapping Spring Data Redis repositories in DEFAULT mode.
2026-04-10 10:03:44.749 INFO  [main] o.s.d.r.c.RepositoryConfigurationDelegate - Finished Spring Data repository scanning in 3 ms. Found 0 Redis repository interfaces.
2026-04-10 10:03:45.425 INFO  [main] o.s.b.w.e.tomcat.TomcatWebServer - Tomcat initialized with port 8080 (http)
2026-04-10 10:03:45.446 INFO  [main] o.a.coyote.http11.Http11NioProtocol - Initializing ProtocolHandler ["http-nio-8080"]
2026-04-10 10:03:45.448 INFO  [main] o.a.catalina.core.StandardService - Starting service [Tomcat]
2026-04-10 10:03:45.448 INFO  [main] o.a.catalina.core.StandardEngine - Starting Servlet engine: [Apache Tomcat/10.1.42]
2026-04-10 10:03:45.522 INFO  [main] o.a.c.c.C.[Tomcat].[localhost].[/] - Initializing Spring embedded WebApplicationContext
2026-04-10 10:03:45.522 INFO  [main] o.s.b.w.s.c.ServletWebServerApplicationContext - Root WebApplicationContext: initialization completed in 2614 ms
2026-04-10 10:03:46.164 INFO  [main] com.zaxxer.hikari.HikariDataSource - HikariPool-1 - Starting...
2026-04-10 10:04:17.768 INFO  [main] com.zaxxer.hikari.pool.HikariPool - HikariPool-1 - Added connection oracle.jdbc.driver.T4CConnection@36330be8
2026-04-10 10:04:17.771 INFO  [main] com.zaxxer.hikari.HikariDataSource - HikariPool-1 - Start completed.
2026-04-10 10:04:17.826 INFO  [main] o.h.jpa.internal.util.LogHelper - HHH000204: Processing PersistenceUnitInfo [name: default]
2026-04-10 10:04:17.897 INFO  [main] org.hibernate.Version - HHH000412: Hibernate ORM core version 6.6.18.Final
2026-04-10 10:04:17.934 INFO  [main] o.h.c.i.RegionFactoryInitiator - HHH000026: Second-level cache disabled
2026-04-10 10:04:18.244 INFO  [main] o.s.o.j.p.SpringPersistenceUnitInfo - No LoadTimeWeaver setup: ignoring JPA class transformer
2026-04-10 10:04:18.508 INFO  [main] o.hibernate.orm.connections.pooling - HHH10001005: Database info:
	Database JDBC URL [Connecting through datasource 'HikariDataSource (HikariPool-1)']
	Database driver: undefined/unknown
	Database version: 19.3
	Autocommit mode: undefined/unknown
	Isolation level: undefined/unknown
	Minimum pool size: undefined/unknown
	Maximum pool size: undefined/unknown
2026-04-10 10:04:19.511 INFO  [main] o.h.e.t.j.p.i.JtaPlatformInitiator - HHH000489: No JTA platform available (set 'hibernate.transaction.jta.platform' to enable JTA platform integration)
2026-04-10 10:04:19.513 INFO  [main] o.s.o.j.LocalContainerEntityManagerFactoryBean - Initialized JPA EntityManagerFactory for persistence unit 'default'
2026-04-10 10:04:21.506 INFO  [main] o.s.b.a.e.web.EndpointLinksResolver - Exposing 3 endpoints beneath base path '/actuator'
2026-04-10 10:04:21.592 INFO  [main] o.a.coyote.http11.Http11NioProtocol - Starting ProtocolHandler ["http-nio-8080"]
2026-04-10 10:04:21.609 INFO  [main] o.s.b.w.e.tomcat.TomcatWebServer - Tomcat started on port 8080 (http) with context path '/'
2026-04-10 10:04:22.087 INFO  [main] t.report.mainapp.MainAppApplication - Started MainAppApplication in 40.024 seconds (process running for 42.315)
2026-04-10 10:04:22.398 INFO  [RMI TCP Connection(1)-192.168.1.245] o.a.c.c.C.[Tomcat].[localhost].[/] - Initializing Spring DispatcherServlet 'dispatcherServlet'
2026-04-10 10:04:22.398 INFO  [RMI TCP Connection(1)-192.168.1.245] o.s.web.servlet.DispatcherServlet - Initializing Servlet 'dispatcherServlet'
2026-04-10 10:04:22.401 INFO  [RMI TCP Connection(1)-192.168.1.245] o.s.web.servlet.DispatcherServlet - Completed initialization in 3 ms
2026-04-10 10:05:48.666 INFO  [http-nio-8080-exec-3] o.h.e.i.StatisticalLoggingSessionEventListener - Session Metrics {
    9729103600 nanoseconds spent acquiring 1 JDBC connections;
    0 nanoseconds spent releasing 0 JDBC connections;
    9775621200 nanoseconds spent preparing 1 JDBC statements;
    15348500 nanoseconds spent executing 1 JDBC statements;
    0 nanoseconds spent executing 0 JDBC batches;
    0 nanoseconds spent performing 0 L2C puts;
    0 nanoseconds spent performing 0 L2C hits;
    0 nanoseconds spent performing 0 L2C misses;
    0 nanoseconds spent executing 0 flushes (flushing a total of 0 entities and 0 collections);
    0 nanoseconds spent executing 0 pre-partial-flushes;
    0 nanoseconds spent executing 0 partial-flushes (flushing a total of 0 entities and 0 collections)
}
2026-04-10 10:05:52.113 INFO  [http-nio-8080-exec-4] o.h.e.i.StatisticalLoggingSessionEventListener - Session Metrics {
    1314200 nanoseconds spent acquiring 1 JDBC connections;
    0 nanoseconds spent releasing 0 JDBC connections;
    1651500 nanoseconds spent preparing 2 JDBC statements;
    6890400 nanoseconds spent executing 2 JDBC statements;
    0 nanoseconds spent executing 0 JDBC batches;
    0 nanoseconds spent performing 0 L2C puts;
    0 nanoseconds spent performing 0 L2C hits;
    0 nanoseconds spent performing 0 L2C misses;
    0 nanoseconds spent executing 0 flushes (flushing a total of 0 entities and 0 collections);
    0 nanoseconds spent executing 0 pre-partial-flushes;
    0 nanoseconds spent executing 0 partial-flushes (flushing a total of 0 entities and 0 collections)
}
2026-04-10 10:05:54.701 INFO  [http-nio-8080-exec-6] o.h.e.i.StatisticalLoggingSessionEventListener - Session Metrics {
    1434100 nanoseconds spent acquiring 1 JDBC connections;
    0 nanoseconds spent releasing 0 JDBC connections;
    462300 nanoseconds spent preparing 3 JDBC statements;
    6069400 nanoseconds spent executing 3 JDBC statements;
    0 nanoseconds spent executing 0 JDBC batches;
    0 nanoseconds spent performing 0 L2C puts;
    0 nanoseconds spent performing 0 L2C hits;
    0 nanoseconds spent performing 0 L2C misses;
    32112400 nanoseconds spent executing 1 flushes (flushing a total of 2 entities and 1 collections);
    31600 nanoseconds spent executing 1 pre-partial-flushes;
    11200 nanoseconds spent executing 1 partial-flushes (flushing a total of 0 entities and 0 collections)
}
2026-04-10 10:05:54.757 INFO  [http-nio-8080-exec-8] o.h.e.i.StatisticalLoggingSessionEventListener - Session Metrics {
    63400 nanoseconds spent acquiring 1 JDBC connections;
    0 nanoseconds spent releasing 0 JDBC connections;
    261600 nanoseconds spent preparing 1 JDBC statements;
    6168400 nanoseconds spent executing 1 JDBC statements;
    0 nanoseconds spent executing 0 JDBC batches;
    0 nanoseconds spent performing 0 L2C puts;
    0 nanoseconds spent performing 0 L2C hits;
    0 nanoseconds spent performing 0 L2C misses;
    0 nanoseconds spent executing 0 flushes (flushing a total of 0 entities and 0 collections);
    0 nanoseconds spent executing 0 pre-partial-flushes;
    0 nanoseconds spent executing 0 partial-flushes (flushing a total of 0 entities and 0 collections)
}
2026-04-10 10:05:57.350 INFO  [http-nio-8080-exec-9] o.h.e.i.StatisticalLoggingSessionEventListener - Session Metrics {
    1220000 nanoseconds spent acquiring 1 JDBC connections;
    0 nanoseconds spent releasing 0 JDBC connections;
    1407000 nanoseconds spent preparing 1 JDBC statements;
    1300800 nanoseconds spent executing 1 JDBC statements;
    0 nanoseconds spent executing 0 JDBC batches;
    0 nanoseconds spent performing 0 L2C puts;
    0 nanoseconds spent performing 0 L2C hits;
    0 nanoseconds spent performing 0 L2C misses;
    0 nanoseconds spent executing 0 flushes (flushing a total of 0 entities and 0 collections);
    0 nanoseconds spent executing 0 pre-partial-flushes;
    0 nanoseconds spent executing 0 partial-flushes (flushing a total of 0 entities and 0 collections)
}
2026-04-10 10:06:00.834 INFO  [http-nio-8080-exec-10] o.h.e.i.StatisticalLoggingSessionEventListener - Session Metrics {
    2165300 nanoseconds spent acquiring 1 JDBC connections;
    0 nanoseconds spent releasing 0 JDBC connections;
    425200 nanoseconds spent preparing 3 JDBC statements;
    4783600 nanoseconds spent executing 3 JDBC statements;
    0 nanoseconds spent executing 0 JDBC batches;
    0 nanoseconds spent performing 0 L2C puts;
    0 nanoseconds spent performing 0 L2C hits;
    0 nanoseconds spent performing 0 L2C misses;
    2610400 nanoseconds spent executing 1 flushes (flushing a total of 2 entities and 1 collections);
    6000 nanoseconds spent executing 1 pre-partial-flushes;
    2700 nanoseconds spent executing 1 partial-flushes (flushing a total of 0 entities and 0 collections)
}
2026-04-10 10:06:00.852 INFO  [http-nio-8080-exec-1] o.h.e.i.StatisticalLoggingSessionEventListener - Session Metrics {
    51000 nanoseconds spent acquiring 1 JDBC connections;
    0 nanoseconds spent releasing 0 JDBC connections;
    327600 nanoseconds spent preparing 1 JDBC statements;
    4011200 nanoseconds spent executing 1 JDBC statements;
    0 nanoseconds spent executing 0 JDBC batches;
    0 nanoseconds spent performing 0 L2C puts;
    0 nanoseconds spent performing 0 L2C hits;
    0 nanoseconds spent performing 0 L2C misses;
    0 nanoseconds spent executing 0 flushes (flushing a total of 0 entities and 0 collections);
    0 nanoseconds spent executing 0 pre-partial-flushes;
    0 nanoseconds spent executing 0 partial-flushes (flushing a total of 0 entities and 0 collections)
}
2026-04-10 10:06:17.290 INFO  [http-nio-8080-exec-3] o.h.e.i.StatisticalLoggingSessionEventListener - Session Metrics {
    1081200 nanoseconds spent acquiring 1 JDBC connections;
    0 nanoseconds spent releasing 0 JDBC connections;
    1288900 nanoseconds spent preparing 1 JDBC statements;
    3525700 nanoseconds spent executing 1 JDBC statements;
    0 nanoseconds spent executing 0 JDBC batches;
    0 nanoseconds spent performing 0 L2C puts;
    0 nanoseconds spent performing 0 L2C hits;
    0 nanoseconds spent performing 0 L2C misses;
    0 nanoseconds spent executing 0 flushes (flushing a total of 0 entities and 0 collections);
    0 nanoseconds spent executing 0 pre-partial-flushes;
    0 nanoseconds spent executing 0 partial-flushes (flushing a total of 0 entities and 0 collections)
}
2026-04-10 10:06:25.442 INFO  [http-nio-8080-exec-2] o.h.e.i.StatisticalLoggingSessionEventListener - Session Metrics {
    756600 nanoseconds spent acquiring 1 JDBC connections;
    0 nanoseconds spent releasing 0 JDBC connections;
    352100 nanoseconds spent preparing 3 JDBC statements;
    4865000 nanoseconds spent executing 3 JDBC statements;
    0 nanoseconds spent executing 0 JDBC batches;
    0 nanoseconds spent performing 0 L2C puts;
    0 nanoseconds spent performing 0 L2C hits;
    0 nanoseconds spent performing 0 L2C misses;
    2995900 nanoseconds spent executing 1 flushes (flushing a total of 2 entities and 1 collections);
    6500 nanoseconds spent executing 1 pre-partial-flushes;
    2400 nanoseconds spent executing 1 partial-flushes (flushing a total of 0 entities and 0 collections)
}
2026-04-10 10:06:25.468 INFO  [http-nio-8080-exec-4] o.h.e.i.StatisticalLoggingSessionEventListener - Session Metrics {
    33800 nanoseconds spent acquiring 1 JDBC connections;
    0 nanoseconds spent releasing 0 JDBC connections;
    196400 nanoseconds spent preparing 1 JDBC statements;
    3751400 nanoseconds spent executing 1 JDBC statements;
    0 nanoseconds spent executing 0 JDBC batches;
    0 nanoseconds spent performing 0 L2C puts;
    0 nanoseconds spent performing 0 L2C hits;
    0 nanoseconds spent performing 0 L2C misses;
    0 nanoseconds spent executing 0 flushes (flushing a total of 0 entities and 0 collections);
    0 nanoseconds spent executing 0 pre-partial-flushes;
    0 nanoseconds spent executing 0 partial-flushes (flushing a total of 0 entities and 0 collections)
}
2026-04-10 10:06:28.317 INFO  [http-nio-8080-exec-5] o.h.e.i.StatisticalLoggingSessionEventListener - Session Metrics {
    781600 nanoseconds spent acquiring 1 JDBC connections;
    0 nanoseconds spent releasing 0 JDBC connections;
    922000 nanoseconds spent preparing 1 JDBC statements;
    1070100 nanoseconds spent executing 1 JDBC statements;
    0 nanoseconds spent executing 0 JDBC batches;
    0 nanoseconds spent performing 0 L2C puts;
    0 nanoseconds spent performing 0 L2C hits;
    0 nanoseconds spent performing 0 L2C misses;
    0 nanoseconds spent executing 0 flushes (flushing a total of 0 entities and 0 collections);
    0 nanoseconds spent executing 0 pre-partial-flushes;
    0 nanoseconds spent executing 0 partial-flushes (flushing a total of 0 entities and 0 collections)
}
2026-04-10 10:06:32.918 INFO  [http-nio-8080-exec-6] o.h.e.i.StatisticalLoggingSessionEventListener - Session Metrics {
    988400 nanoseconds spent acquiring 1 JDBC connections;
    0 nanoseconds spent releasing 0 JDBC connections;
    1210000 nanoseconds spent preparing 2 JDBC statements;
    2570400 nanoseconds spent executing 2 JDBC statements;
    0 nanoseconds spent executing 0 JDBC batches;
    0 nanoseconds spent performing 0 L2C puts;
    0 nanoseconds spent performing 0 L2C hits;
    0 nanoseconds spent performing 0 L2C misses;
    0 nanoseconds spent executing 0 flushes (flushing a total of 0 entities and 0 collections);
    0 nanoseconds spent executing 0 pre-partial-flushes;
    0 nanoseconds spent executing 0 partial-flushes (flushing a total of 0 entities and 0 collections)
}
2026-04-10 10:06:37.775 INFO  [http-nio-8080-exec-7] o.h.e.i.StatisticalLoggingSessionEventListener - Session Metrics {
    845100 nanoseconds spent acquiring 1 JDBC connections;
    0 nanoseconds spent releasing 0 JDBC connections;
    338000 nanoseconds spent preparing 3 JDBC statements;
    4023800 nanoseconds spent executing 3 JDBC statements;
    0 nanoseconds spent executing 0 JDBC batches;
    0 nanoseconds spent performing 0 L2C puts;
    0 nanoseconds spent performing 0 L2C hits;
    0 nanoseconds spent performing 0 L2C misses;
    1870000 nanoseconds spent executing 1 flushes (flushing a total of 2 entities and 1 collections);
    5500 nanoseconds spent executing 1 pre-partial-flushes;
    2900 nanoseconds spent executing 1 partial-flushes (flushing a total of 0 entities and 0 collections)
}
2026-04-10 10:06:37.786 INFO  [http-nio-8080-exec-8] o.h.e.i.StatisticalLoggingSessionEventListener - Session Metrics {
    26900 nanoseconds spent acquiring 1 JDBC connections;
    0 nanoseconds spent releasing 0 JDBC connections;
    172500 nanoseconds spent preparing 1 JDBC statements;
    2535600 nanoseconds spent executing 1 JDBC statements;
    0 nanoseconds spent executing 0 JDBC batches;
    0 nanoseconds spent performing 0 L2C puts;
    0 nanoseconds spent performing 0 L2C hits;
    0 nanoseconds spent performing 0 L2C misses;
    0 nanoseconds spent executing 0 flushes (flushing a total of 0 entities and 0 collections);
    0 nanoseconds spent executing 0 pre-partial-flushes;
    0 nanoseconds spent executing 0 partial-flushes (flushing a total of 0 entities and 0 collections)
}
2026-04-10 10:06:55.805 INFO  [http-nio-8080-exec-9] o.h.e.i.StatisticalLoggingSessionEventListener - Session Metrics {
    752800 nanoseconds spent acquiring 1 JDBC connections;
    0 nanoseconds spent releasing 0 JDBC connections;
    897600 nanoseconds spent preparing 1 JDBC statements;
    1648200 nanoseconds spent executing 1 JDBC statements;
    0 nanoseconds spent executing 0 JDBC batches;
    0 nanoseconds spent performing 0 L2C puts;
    0 nanoseconds spent performing 0 L2C hits;
    0 nanoseconds spent performing 0 L2C misses;
    0 nanoseconds spent executing 0 flushes (flushing a total of 0 entities and 0 collections);
    0 nanoseconds spent executing 0 pre-partial-flushes;
    0 nanoseconds spent executing 0 partial-flushes (flushing a total of 0 entities and 0 collections)
}
2026-04-10 10:06:55.806 INFO  [http-nio-8080-exec-1] o.h.e.i.StatisticalLoggingSessionEventListener - Session Metrics {
    484700 nanoseconds spent acquiring 1 JDBC connections;
    0 nanoseconds spent releasing 0 JDBC connections;
    609300 nanoseconds spent preparing 1 JDBC statements;
    1953900 nanoseconds spent executing 1 JDBC statements;
    0 nanoseconds spent executing 0 JDBC batches;
    0 nanoseconds spent performing 0 L2C puts;
    0 nanoseconds spent performing 0 L2C hits;
    0 nanoseconds spent performing 0 L2C misses;
    0 nanoseconds spent executing 0 flushes (flushing a total of 0 entities and 0 collections);
    0 nanoseconds spent executing 0 pre-partial-flushes;
    0 nanoseconds spent executing 0 partial-flushes (flushing a total of 0 entities and 0 collections)
}
2026-04-10 10:06:55.863 INFO  [http-nio-8080-exec-3] o.h.e.i.StatisticalLoggingSessionEventListener - Session Metrics {
    20000 nanoseconds spent acquiring 1 JDBC connections;
    0 nanoseconds spent releasing 0 JDBC connections;
    247600 nanoseconds spent preparing 2 JDBC statements;
    4007000 nanoseconds spent executing 2 JDBC statements;
    0 nanoseconds spent executing 0 JDBC batches;
    0 nanoseconds spent performing 0 L2C puts;
    0 nanoseconds spent performing 0 L2C hits;
    0 nanoseconds spent performing 0 L2C misses;
    0 nanoseconds spent executing 0 flushes (flushing a total of 0 entities and 0 collections);
    0 nanoseconds spent executing 0 pre-partial-flushes;
    0 nanoseconds spent executing 0 partial-flushes (flushing a total of 0 entities and 0 collections)
}
2026-04-10 10:06:55.863 INFO  [http-nio-8080-exec-4] o.h.e.i.StatisticalLoggingSessionEventListener - Session Metrics {
    31800 nanoseconds spent acquiring 1 JDBC connections;
    0 nanoseconds spent releasing 0 JDBC connections;
    277300 nanoseconds spent preparing 2 JDBC statements;
    3994400 nanoseconds spent executing 2 JDBC statements;
    0 nanoseconds spent executing 0 JDBC batches;
    0 nanoseconds spent performing 0 L2C puts;
    0 nanoseconds spent performing 0 L2C hits;
    0 nanoseconds spent performing 0 L2C misses;
    0 nanoseconds spent executing 0 flushes (flushing a total of 0 entities and 0 collections);
    0 nanoseconds spent executing 0 pre-partial-flushes;
    0 nanoseconds spent executing 0 partial-flushes (flushing a total of 0 entities and 0 collections)
}
2026-04-10 10:09:07.088 INFO  [http-nio-8080-exec-2] o.h.e.i.StatisticalLoggingSessionEventListener - Session Metrics {
    1408600 nanoseconds spent acquiring 1 JDBC connections;
    0 nanoseconds spent releasing 0 JDBC connections;
    1647200 nanoseconds spent preparing 1 JDBC statements;
    1534100 nanoseconds spent executing 1 JDBC statements;
    0 nanoseconds spent executing 0 JDBC batches;
    0 nanoseconds spent performing 0 L2C puts;
    0 nanoseconds spent performing 0 L2C hits;
    0 nanoseconds spent performing 0 L2C misses;
    0 nanoseconds spent executing 0 flushes (flushing a total of 0 entities and 0 collections);
    0 nanoseconds spent executing 0 pre-partial-flushes;
    0 nanoseconds spent executing 0 partial-flushes (flushing a total of 0 entities and 0 collections)
}
2026-04-10 10:09:07.311 INFO  [http-nio-8080-exec-9] o.h.e.i.StatisticalLoggingSessionEventListener - Session Metrics {
    22900 nanoseconds spent acquiring 1 JDBC connections;
    0 nanoseconds spent releasing 0 JDBC connections;
    172600 nanoseconds spent preparing 1 JDBC statements;
    2283100 nanoseconds spent executing 1 JDBC statements;
    0 nanoseconds spent executing 0 JDBC batches;
    0 nanoseconds spent performing 0 L2C puts;
    0 nanoseconds spent performing 0 L2C hits;
    0 nanoseconds spent performing 0 L2C misses;
    0 nanoseconds spent executing 0 flushes (flushing a total of 0 entities and 0 collections);
    0 nanoseconds spent executing 0 pre-partial-flushes;
    0 nanoseconds spent executing 0 partial-flushes (flushing a total of 0 entities and 0 collections)
}
2026-04-10 10:09:07.316 INFO  [http-nio-8080-exec-1] o.h.e.i.StatisticalLoggingSessionEventListener - Session Metrics {
    980600 nanoseconds spent acquiring 1 JDBC connections;
    0 nanoseconds spent releasing 0 JDBC connections;
    1303800 nanoseconds spent preparing 2 JDBC statements;
    4370400 nanoseconds spent executing 2 JDBC statements;
    0 nanoseconds spent executing 0 JDBC batches;
    0 nanoseconds spent performing 0 L2C puts;
    0 nanoseconds spent performing 0 L2C hits;
    0 nanoseconds spent performing 0 L2C misses;
    0 nanoseconds spent executing 0 flushes (flushing a total of 0 entities and 0 collections);
    0 nanoseconds spent executing 0 pre-partial-flushes;
    0 nanoseconds spent executing 0 partial-flushes (flushing a total of 0 entities and 0 collections)
}
2026-04-10 10:09:07.323 INFO  [http-nio-8080-exec-3] o.h.e.i.StatisticalLoggingSessionEventListener - Session Metrics {
    35300 nanoseconds spent acquiring 1 JDBC connections;
    0 nanoseconds spent releasing 0 JDBC connections;
    212300 nanoseconds spent preparing 1 JDBC statements;
    6261000 nanoseconds spent executing 1 JDBC statements;
    0 nanoseconds spent executing 0 JDBC batches;
    0 nanoseconds spent performing 0 L2C puts;
    0 nanoseconds spent performing 0 L2C hits;
    0 nanoseconds spent performing 0 L2C misses;
    0 nanoseconds spent executing 0 flushes (flushing a total of 0 entities and 0 collections);
    0 nanoseconds spent executing 0 pre-partial-flushes;
    0 nanoseconds spent executing 0 partial-flushes (flushing a total of 0 entities and 0 collections)
}
2026-04-10 10:09:07.403 INFO  [http-nio-8080-exec-4] o.h.e.i.StatisticalLoggingSessionEventListener - Session Metrics {
    2983600 nanoseconds spent acquiring 1 JDBC connections;
    0 nanoseconds spent releasing 0 JDBC connections;
    3298300 nanoseconds spent preparing 2 JDBC statements;
    81447400 nanoseconds spent executing 2 JDBC statements;
    0 nanoseconds spent executing 0 JDBC batches;
    0 nanoseconds spent performing 0 L2C puts;
    0 nanoseconds spent performing 0 L2C hits;
    0 nanoseconds spent performing 0 L2C misses;
    0 nanoseconds spent executing 0 flushes (flushing a total of 0 entities and 0 collections);
    0 nanoseconds spent executing 0 pre-partial-flushes;
    0 nanoseconds spent executing 0 partial-flushes (flushing a total of 0 entities and 0 collections)
}
2026-04-10 10:23:54.594 INFO  [http-nio-8080-exec-10] o.h.e.i.StatisticalLoggingSessionEventListener - Session Metrics {
    2738900 nanoseconds spent acquiring 1 JDBC connections;
    0 nanoseconds spent releasing 0 JDBC connections;
    2972600 nanoseconds spent preparing 1 JDBC statements;
    3797200 nanoseconds spent executing 1 JDBC statements;
    0 nanoseconds spent executing 0 JDBC batches;
    0 nanoseconds spent performing 0 L2C puts;
    0 nanoseconds spent performing 0 L2C hits;
    0 nanoseconds spent performing 0 L2C misses;
    0 nanoseconds spent executing 0 flushes (flushing a total of 0 entities and 0 collections);
    0 nanoseconds spent executing 0 pre-partial-flushes;
    0 nanoseconds spent executing 0 partial-flushes (flushing a total of 0 entities and 0 collections)
}
2026-04-10 10:23:54.792 INFO  [http-nio-8080-exec-2] o.h.e.i.StatisticalLoggingSessionEventListener - Session Metrics {
    27500 nanoseconds spent acquiring 1 JDBC connections;
    0 nanoseconds spent releasing 0 JDBC connections;
    161500 nanoseconds spent preparing 1 JDBC statements;
    3184400 nanoseconds spent executing 1 JDBC statements;
    0 nanoseconds spent executing 0 JDBC batches;
    0 nanoseconds spent performing 0 L2C puts;
    0 nanoseconds spent performing 0 L2C hits;
    0 nanoseconds spent performing 0 L2C misses;
    0 nanoseconds spent executing 0 flushes (flushing a total of 0 entities and 0 collections);
    0 nanoseconds spent executing 0 pre-partial-flushes;
    0 nanoseconds spent executing 0 partial-flushes (flushing a total of 0 entities and 0 collections)
}
2026-04-10 10:23:54.802 INFO  [http-nio-8080-exec-9] o.h.e.i.StatisticalLoggingSessionEventListener - Session Metrics {
    858400 nanoseconds spent acquiring 1 JDBC connections;
    0 nanoseconds spent releasing 0 JDBC connections;
    3009600 nanoseconds spent preparing 2 JDBC statements;
    5853500 nanoseconds spent executing 2 JDBC statements;
    0 nanoseconds spent executing 0 JDBC batches;
    0 nanoseconds spent performing 0 L2C puts;
    0 nanoseconds spent performing 0 L2C hits;
    0 nanoseconds spent performing 0 L2C misses;
    0 nanoseconds spent executing 0 flushes (flushing a total of 0 entities and 0 collections);
    0 nanoseconds spent executing 0 pre-partial-flushes;
    0 nanoseconds spent executing 0 partial-flushes (flushing a total of 0 entities and 0 collections)
}
2026-04-10 10:23:54.803 INFO  [http-nio-8080-exec-1] o.h.e.i.StatisticalLoggingSessionEventListener - Session Metrics {
    82900 nanoseconds spent acquiring 1 JDBC connections;
    0 nanoseconds spent releasing 0 JDBC connections;
    467100 nanoseconds spent preparing 1 JDBC statements;
    4592500 nanoseconds spent executing 1 JDBC statements;
    0 nanoseconds spent executing 0 JDBC batches;
    0 nanoseconds spent performing 0 L2C puts;
    0 nanoseconds spent performing 0 L2C hits;
    0 nanoseconds spent performing 0 L2C misses;
    0 nanoseconds spent executing 0 flushes (flushing a total of 0 entities and 0 collections);
    0 nanoseconds spent executing 0 pre-partial-flushes;
    0 nanoseconds spent executing 0 partial-flushes (flushing a total of 0 entities and 0 collections)
}
2026-04-10 10:23:54.808 INFO  [http-nio-8080-exec-3] o.h.e.i.StatisticalLoggingSessionEventListener - Session Metrics {
    1351700 nanoseconds spent acquiring 1 JDBC connections;
    0 nanoseconds spent releasing 0 JDBC connections;
    1669500 nanoseconds spent preparing 2 JDBC statements;
    6561900 nanoseconds spent executing 2 JDBC statements;
    0 nanoseconds spent executing 0 JDBC batches;
    0 nanoseconds spent performing 0 L2C puts;
    0 nanoseconds spent performing 0 L2C hits;
    0 nanoseconds spent performing 0 L2C misses;
    0 nanoseconds spent executing 0 flushes (flushing a total of 0 entities and 0 collections);
    0 nanoseconds spent executing 0 pre-partial-flushes;
    0 nanoseconds spent executing 0 partial-flushes (flushing a total of 0 entities and 0 collections)
}
2026-04-10 10:23:57.669 INFO  [http-nio-8080-exec-4] o.h.e.i.StatisticalLoggingSessionEventListener - Session Metrics {
    3901500 nanoseconds spent acquiring 1 JDBC connections;
    0 nanoseconds spent releasing 0 JDBC connections;
    4225900 nanoseconds spent preparing 2 JDBC statements;
    15104500 nanoseconds spent executing 2 JDBC statements;
    0 nanoseconds spent executing 0 JDBC batches;
    0 nanoseconds spent performing 0 L2C puts;
    0 nanoseconds spent performing 0 L2C hits;
    0 nanoseconds spent performing 0 L2C misses;
    0 nanoseconds spent executing 0 flushes (flushing a total of 0 entities and 0 collections);
    0 nanoseconds spent executing 0 pre-partial-flushes;
    0 nanoseconds spent executing 0 partial-flushes (flushing a total of 0 entities and 0 collections)
}
2026-04-10 10:23:57.672 INFO  [http-nio-8080-exec-8] o.h.e.i.StatisticalLoggingSessionEventListener - Session Metrics {
    1471200 nanoseconds spent acquiring 1 JDBC connections;
    0 nanoseconds spent releasing 0 JDBC connections;
    2254700 nanoseconds spent preparing 2 JDBC statements;
    17169100 nanoseconds spent executing 2 JDBC statements;
    0 nanoseconds spent executing 0 JDBC batches;
    0 nanoseconds spent performing 0 L2C puts;
    0 nanoseconds spent performing 0 L2C hits;
    0 nanoseconds spent performing 0 L2C misses;
    0 nanoseconds spent executing 0 flushes (flushing a total of 0 entities and 0 collections);
    0 nanoseconds spent executing 0 pre-partial-flushes;
    0 nanoseconds spent executing 0 partial-flushes (flushing a total of 0 entities and 0 collections)
}
2026-04-10 10:23:58.851 INFO  [http-nio-8080-exec-5] o.h.e.i.StatisticalLoggingSessionEventListener - Session Metrics {
    1196100 nanoseconds spent acquiring 1 JDBC connections;
    0 nanoseconds spent releasing 0 JDBC connections;
    1309200 nanoseconds spent preparing 1 JDBC statements;
    2518200 nanoseconds spent executing 1 JDBC statements;
    0 nanoseconds spent executing 0 JDBC batches;
    0 nanoseconds spent performing 0 L2C puts;
    0 nanoseconds spent performing 0 L2C hits;
    0 nanoseconds spent performing 0 L2C misses;
    0 nanoseconds spent executing 0 flushes (flushing a total of 0 entities and 0 collections);
    0 nanoseconds spent executing 0 pre-partial-flushes;
    0 nanoseconds spent executing 0 partial-flushes (flushing a total of 0 entities and 0 collections)
}
2026-04-10 10:23:58.854 INFO  [http-nio-8080-exec-7] o.h.e.i.StatisticalLoggingSessionEventListener - Session Metrics {
    1578600 nanoseconds spent acquiring 1 JDBC connections;
    0 nanoseconds spent releasing 0 JDBC connections;
    1828100 nanoseconds spent preparing 2 JDBC statements;
    6943200 nanoseconds spent executing 2 JDBC statements;
    0 nanoseconds spent executing 0 JDBC batches;
    0 nanoseconds spent performing 0 L2C puts;
    0 nanoseconds spent performing 0 L2C hits;
    0 nanoseconds spent performing 0 L2C misses;
    0 nanoseconds spent executing 0 flushes (flushing a total of 0 entities and 0 collections);
    0 nanoseconds spent executing 0 pre-partial-flushes;
    0 nanoseconds spent executing 0 partial-flushes (flushing a total of 0 entities and 0 collections)
}
2026-04-10 10:23:58.854 INFO  [http-nio-8080-exec-6] o.h.e.i.StatisticalLoggingSessionEventListener - Session Metrics {
    1457400 nanoseconds spent acquiring 1 JDBC connections;
    0 nanoseconds spent releasing 0 JDBC connections;
    1572400 nanoseconds spent preparing 1 JDBC statements;
    6236200 nanoseconds spent executing 1 JDBC statements;
    0 nanoseconds spent executing 0 JDBC batches;
    0 nanoseconds spent performing 0 L2C puts;
    0 nanoseconds spent performing 0 L2C hits;
    0 nanoseconds spent performing 0 L2C misses;
    0 nanoseconds spent executing 0 flushes (flushing a total of 0 entities and 0 collections);
    0 nanoseconds spent executing 0 pre-partial-flushes;
    0 nanoseconds spent executing 0 partial-flushes (flushing a total of 0 entities and 0 collections)
}
2026-04-10 10:23:58.860 INFO  [http-nio-8080-exec-10] o.h.e.i.StatisticalLoggingSessionEventListener - Session Metrics {
    2240800 nanoseconds spent acquiring 1 JDBC connections;
    0 nanoseconds spent releasing 0 JDBC connections;
    2599200 nanoseconds spent preparing 2 JDBC statements;
    7498700 nanoseconds spent executing 2 JDBC statements;
    0 nanoseconds spent executing 0 JDBC batches;
    0 nanoseconds spent performing 0 L2C puts;
    0 nanoseconds spent performing 0 L2C hits;
    0 nanoseconds spent performing 0 L2C misses;
    0 nanoseconds spent executing 0 flushes (flushing a total of 0 entities and 0 collections);
    0 nanoseconds spent executing 0 pre-partial-flushes;
    0 nanoseconds spent executing 0 partial-flushes (flushing a total of 0 entities and 0 collections)
}
2026-04-10 10:24:03.842 INFO  [http-nio-8080-exec-2] o.h.e.i.StatisticalLoggingSessionEventListener - Session Metrics {
    1876900 nanoseconds spent acquiring 1 JDBC connections;
    0 nanoseconds spent releasing 0 JDBC connections;
    2065000 nanoseconds spent preparing 1 JDBC statements;
    1569300 nanoseconds spent executing 1 JDBC statements;
    0 nanoseconds spent executing 0 JDBC batches;
    0 nanoseconds spent performing 0 L2C puts;
    0 nanoseconds spent performing 0 L2C hits;
    0 nanoseconds spent performing 0 L2C misses;
    0 nanoseconds spent executing 0 flushes (flushing a total of 0 entities and 0 collections);
    0 nanoseconds spent executing 0 pre-partial-flushes;
    0 nanoseconds spent executing 0 partial-flushes (flushing a total of 0 entities and 0 collections)
}
2026-04-10 10:24:04.004 INFO  [http-nio-8080-exec-9] o.h.e.i.StatisticalLoggingSessionEventListener - Session Metrics {
    926900 nanoseconds spent acquiring 1 JDBC connections;
    0 nanoseconds spent releasing 0 JDBC connections;
    1088000 nanoseconds spent preparing 1 JDBC statements;
    1342300 nanoseconds spent executing 1 JDBC statements;
    0 nanoseconds spent executing 0 JDBC batches;
    0 nanoseconds spent performing 0 L2C puts;
    0 nanoseconds spent performing 0 L2C hits;
    0 nanoseconds spent performing 0 L2C misses;
    0 nanoseconds spent executing 0 flushes (flushing a total of 0 entities and 0 collections);
    0 nanoseconds spent executing 0 pre-partial-flushes;
    0 nanoseconds spent executing 0 partial-flushes (flushing a total of 0 entities and 0 collections)
}
2026-04-10 10:24:04.007 INFO  [http-nio-8080-exec-1] o.h.e.i.StatisticalLoggingSessionEventListener - Session Metrics {
    28500 nanoseconds spent acquiring 1 JDBC connections;
    0 nanoseconds spent releasing 0 JDBC connections;
    258400 nanoseconds spent preparing 2 JDBC statements;
    3465400 nanoseconds spent executing 2 JDBC statements;
    0 nanoseconds spent executing 0 JDBC batches;
    0 nanoseconds spent performing 0 L2C puts;
    0 nanoseconds spent performing 0 L2C hits;
    0 nanoseconds spent performing 0 L2C misses;
    0 nanoseconds spent executing 0 flushes (flushing a total of 0 entities and 0 collections);
    0 nanoseconds spent executing 0 pre-partial-flushes;
    0 nanoseconds spent executing 0 partial-flushes (flushing a total of 0 entities and 0 collections)
}
2026-04-10 10:24:04.008 INFO  [http-nio-8080-exec-3] o.h.e.i.StatisticalLoggingSessionEventListener - Session Metrics {
    1240600 nanoseconds spent acquiring 1 JDBC connections;
    0 nanoseconds spent releasing 0 JDBC connections;
    1392200 nanoseconds spent preparing 1 JDBC statements;
    1272800 nanoseconds spent executing 1 JDBC statements;
    0 nanoseconds spent executing 0 JDBC batches;
    0 nanoseconds spent performing 0 L2C puts;
    0 nanoseconds spent performing 0 L2C hits;
    0 nanoseconds spent performing 0 L2C misses;
    0 nanoseconds spent executing 0 flushes (flushing a total of 0 entities and 0 collections);
    0 nanoseconds spent executing 0 pre-partial-flushes;
    0 nanoseconds spent executing 0 partial-flushes (flushing a total of 0 entities and 0 collections)
}
2026-04-10 10:24:04.012 INFO  [http-nio-8080-exec-4] o.h.e.i.StatisticalLoggingSessionEventListener - Session Metrics {
    1392400 nanoseconds spent acquiring 1 JDBC connections;
    0 nanoseconds spent releasing 0 JDBC connections;
    1638900 nanoseconds spent preparing 2 JDBC statements;
    2954200 nanoseconds spent executing 2 JDBC statements;
    0 nanoseconds spent executing 0 JDBC batches;
    0 nanoseconds spent performing 0 L2C puts;
    0 nanoseconds spent performing 0 L2C hits;
    0 nanoseconds spent performing 0 L2C misses;
    0 nanoseconds spent executing 0 flushes (flushing a total of 0 entities and 0 collections);
    0 nanoseconds spent executing 0 pre-partial-flushes;
    0 nanoseconds spent executing 0 partial-flushes (flushing a total of 0 entities and 0 collections)
}
2026-04-10 10:24:44.992 INFO  [http-nio-8080-exec-8] o.h.e.i.StatisticalLoggingSessionEventListener - Session Metrics {
    1654500 nanoseconds spent acquiring 1 JDBC connections;
    0 nanoseconds spent releasing 0 JDBC connections;
    1825200 nanoseconds spent preparing 1 JDBC statements;
    1190100 nanoseconds spent executing 1 JDBC statements;
    0 nanoseconds spent executing 0 JDBC batches;
    0 nanoseconds spent performing 0 L2C puts;
    0 nanoseconds spent performing 0 L2C hits;
    0 nanoseconds spent performing 0 L2C misses;
    0 nanoseconds spent executing 0 flushes (flushing a total of 0 entities and 0 collections);
    0 nanoseconds spent executing 0 pre-partial-flushes;
    0 nanoseconds spent executing 0 partial-flushes (flushing a total of 0 entities and 0 collections)
}
2026-04-10 10:24:45.240 INFO  [http-nio-8080-exec-5] o.h.e.i.StatisticalLoggingSessionEventListener - Session Metrics {
    135000 nanoseconds spent acquiring 1 JDBC connections;
    0 nanoseconds spent releasing 0 JDBC connections;
    361100 nanoseconds spent preparing 1 JDBC statements;
    2339900 nanoseconds spent executing 1 JDBC statements;
    0 nanoseconds spent executing 0 JDBC batches;
    0 nanoseconds spent performing 0 L2C puts;
    0 nanoseconds spent performing 0 L2C hits;
    0 nanoseconds spent performing 0 L2C misses;
    0 nanoseconds spent executing 0 flushes (flushing a total of 0 entities and 0 collections);
    0 nanoseconds spent executing 0 pre-partial-flushes;
    0 nanoseconds spent executing 0 partial-flushes (flushing a total of 0 entities and 0 collections)
}
2026-04-10 10:24:45.245 INFO  [http-nio-8080-exec-7] o.h.e.i.StatisticalLoggingSessionEventListener - Session Metrics {
    2326600 nanoseconds spent acquiring 1 JDBC connections;
    0 nanoseconds spent releasing 0 JDBC connections;
    2565400 nanoseconds spent preparing 1 JDBC statements;
    2487000 nanoseconds spent executing 1 JDBC statements;
    0 nanoseconds spent executing 0 JDBC batches;
    0 nanoseconds spent performing 0 L2C puts;
    0 nanoseconds spent performing 0 L2C hits;
    0 nanoseconds spent performing 0 L2C misses;
    0 nanoseconds spent executing 0 flushes (flushing a total of 0 entities and 0 collections);
    0 nanoseconds spent executing 0 pre-partial-flushes;
    0 nanoseconds spent executing 0 partial-flushes (flushing a total of 0 entities and 0 collections)
}
2026-04-10 10:24:45.252 INFO  [http-nio-8080-exec-6] o.h.e.i.StatisticalLoggingSessionEventListener - Session Metrics {
    8589400 nanoseconds spent acquiring 1 JDBC connections;
    0 nanoseconds spent releasing 0 JDBC connections;
    8883600 nanoseconds spent preparing 2 JDBC statements;
    3333300 nanoseconds spent executing 2 JDBC statements;
    0 nanoseconds spent executing 0 JDBC batches;
    0 nanoseconds spent performing 0 L2C puts;
    0 nanoseconds spent performing 0 L2C hits;
    0 nanoseconds spent performing 0 L2C misses;
    0 nanoseconds spent executing 0 flushes (flushing a total of 0 entities and 0 collections);
    0 nanoseconds spent executing 0 pre-partial-flushes;
    0 nanoseconds spent executing 0 partial-flushes (flushing a total of 0 entities and 0 collections)
}
2026-04-10 10:24:45.301 INFO  [http-nio-8080-exec-10] o.h.e.i.StatisticalLoggingSessionEventListener - Session Metrics {
    1134300 nanoseconds spent acquiring 1 JDBC connections;
    0 nanoseconds spent releasing 0 JDBC connections;
    1432000 nanoseconds spent preparing 2 JDBC statements;
    58431800 nanoseconds spent executing 2 JDBC statements;
    0 nanoseconds spent executing 0 JDBC batches;
    0 nanoseconds spent performing 0 L2C puts;
    0 nanoseconds spent performing 0 L2C hits;
    0 nanoseconds spent performing 0 L2C misses;
    0 nanoseconds spent executing 0 flushes (flushing a total of 0 entities and 0 collections);
    0 nanoseconds spent executing 0 pre-partial-flushes;
    0 nanoseconds spent executing 0 partial-flushes (flushing a total of 0 entities and 0 collections)
}
2026-04-10 10:25:15.187 INFO  [http-nio-8080-exec-2] o.h.e.i.StatisticalLoggingSessionEventListener - Session Metrics {
    979100 nanoseconds spent acquiring 1 JDBC connections;
    0 nanoseconds spent releasing 0 JDBC connections;
    1179200 nanoseconds spent preparing 2 JDBC statements;
    2456500 nanoseconds spent executing 2 JDBC statements;
    0 nanoseconds spent executing 0 JDBC batches;
    0 nanoseconds spent performing 0 L2C puts;
    0 nanoseconds spent performing 0 L2C hits;
    0 nanoseconds spent performing 0 L2C misses;
    0 nanoseconds spent executing 0 flushes (flushing a total of 0 entities and 0 collections);
    0 nanoseconds spent executing 0 pre-partial-flushes;
    0 nanoseconds spent executing 0 partial-flushes (flushing a total of 0 entities and 0 collections)
}
2026-04-10 10:27:24.075 INFO  [http-nio-8080-exec-5] o.h.e.i.StatisticalLoggingSessionEventListener - Session Metrics {
    3614300 nanoseconds spent acquiring 1 JDBC connections;
    0 nanoseconds spent releasing 0 JDBC connections;
    4065200 nanoseconds spent preparing 1 JDBC statements;
    1328300 nanoseconds spent executing 1 JDBC statements;
    0 nanoseconds spent executing 0 JDBC batches;
    0 nanoseconds spent performing 0 L2C puts;
    0 nanoseconds spent performing 0 L2C hits;
    0 nanoseconds spent performing 0 L2C misses;
    0 nanoseconds spent executing 0 flushes (flushing a total of 0 entities and 0 collections);
    0 nanoseconds spent executing 0 pre-partial-flushes;
    0 nanoseconds spent executing 0 partial-flushes (flushing a total of 0 entities and 0 collections)
}
2026-04-10 10:27:24.075 INFO  [http-nio-8080-exec-8] o.h.e.i.StatisticalLoggingSessionEventListener - Session Metrics {
    709800 nanoseconds spent acquiring 1 JDBC connections;
    0 nanoseconds spent releasing 0 JDBC connections;
    922900 nanoseconds spent preparing 1 JDBC statements;
    1382000 nanoseconds spent executing 1 JDBC statements;
    0 nanoseconds spent executing 0 JDBC batches;
    0 nanoseconds spent performing 0 L2C puts;
    0 nanoseconds spent performing 0 L2C hits;
    0 nanoseconds spent performing 0 L2C misses;
    0 nanoseconds spent executing 0 flushes (flushing a total of 0 entities and 0 collections);
    0 nanoseconds spent executing 0 pre-partial-flushes;
    0 nanoseconds spent executing 0 partial-flushes (flushing a total of 0 entities and 0 collections)
}
2026-04-10 10:27:24.348 INFO  [http-nio-8080-exec-7] o.h.e.i.StatisticalLoggingSessionEventListener - Session Metrics {
    20000 nanoseconds spent acquiring 1 JDBC connections;
    0 nanoseconds spent releasing 0 JDBC connections;
    231900 nanoseconds spent preparing 2 JDBC statements;
    2942600 nanoseconds spent executing 2 JDBC statements;
    0 nanoseconds spent executing 0 JDBC batches;
    0 nanoseconds spent performing 0 L2C puts;
    0 nanoseconds spent performing 0 L2C hits;
    0 nanoseconds spent performing 0 L2C misses;
    0 nanoseconds spent executing 0 flushes (flushing a total of 0 entities and 0 collections);
    0 nanoseconds spent executing 0 pre-partial-flushes;
    0 nanoseconds spent executing 0 partial-flushes (flushing a total of 0 entities and 0 collections)
}
2026-04-10 10:27:24.352 INFO  [http-nio-8080-exec-6] o.h.e.i.StatisticalLoggingSessionEventListener - Session Metrics {
    672900 nanoseconds spent acquiring 1 JDBC connections;
    0 nanoseconds spent releasing 0 JDBC connections;
    919500 nanoseconds spent preparing 2 JDBC statements;
    2572000 nanoseconds spent executing 2 JDBC statements;
    0 nanoseconds spent executing 0 JDBC batches;
    0 nanoseconds spent performing 0 L2C puts;
    0 nanoseconds spent performing 0 L2C hits;
    0 nanoseconds spent performing 0 L2C misses;
    0 nanoseconds spent executing 0 flushes (flushing a total of 0 entities and 0 collections);
    0 nanoseconds spent executing 0 pre-partial-flushes;
    0 nanoseconds spent executing 0 partial-flushes (flushing a total of 0 entities and 0 collections)
}
2026-04-10 10:27:26.347 INFO  [http-nio-8080-exec-10] o.h.e.i.StatisticalLoggingSessionEventListener - Session Metrics {
    748600 nanoseconds spent acquiring 1 JDBC connections;
    0 nanoseconds spent releasing 0 JDBC connections;
    938400 nanoseconds spent preparing 1 JDBC statements;
    5131000 nanoseconds spent executing 1 JDBC statements;
    0 nanoseconds spent executing 0 JDBC batches;
    0 nanoseconds spent performing 0 L2C puts;
    0 nanoseconds spent performing 0 L2C hits;
    0 nanoseconds spent performing 0 L2C misses;
    0 nanoseconds spent executing 0 flushes (flushing a total of 0 entities and 0 collections);
    0 nanoseconds spent executing 0 pre-partial-flushes;
    0 nanoseconds spent executing 0 partial-flushes (flushing a total of 0 entities and 0 collections)
}
2026-04-10 10:27:26.349 INFO  [http-nio-8080-exec-2] o.h.e.i.StatisticalLoggingSessionEventListener - Session Metrics {
    2857100 nanoseconds spent acquiring 1 JDBC connections;
    0 nanoseconds spent releasing 0 JDBC connections;
    3218900 nanoseconds spent preparing 2 JDBC statements;
    5925000 nanoseconds spent executing 2 JDBC statements;
    0 nanoseconds spent executing 0 JDBC batches;
    0 nanoseconds spent performing 0 L2C puts;
    0 nanoseconds spent performing 0 L2C hits;
    0 nanoseconds spent performing 0 L2C misses;
    0 nanoseconds spent executing 0 flushes (flushing a total of 0 entities and 0 collections);
    0 nanoseconds spent executing 0 pre-partial-flushes;
    0 nanoseconds spent executing 0 partial-flushes (flushing a total of 0 entities and 0 collections)
}
2026-04-10 10:27:26.350 INFO  [http-nio-8080-exec-3] o.h.e.i.StatisticalLoggingSessionEventListener - Session Metrics {
    973100 nanoseconds spent acquiring 1 JDBC connections;
    0 nanoseconds spent releasing 0 JDBC connections;
    1133100 nanoseconds spent preparing 1 JDBC statements;
    2572300 nanoseconds spent executing 1 JDBC statements;
    0 nanoseconds spent executing 0 JDBC batches;
    0 nanoseconds spent performing 0 L2C puts;
    0 nanoseconds spent performing 0 L2C hits;
    0 nanoseconds spent performing 0 L2C misses;
    0 nanoseconds spent executing 0 flushes (flushing a total of 0 entities and 0 collections);
    0 nanoseconds spent executing 0 pre-partial-flushes;
    0 nanoseconds spent executing 0 partial-flushes (flushing a total of 0 entities and 0 collections)
}
2026-04-10 10:27:26.352 INFO  [http-nio-8080-exec-1] o.h.e.i.StatisticalLoggingSessionEventListener - Session Metrics {
    4766600 nanoseconds spent acquiring 1 JDBC connections;
    0 nanoseconds spent releasing 0 JDBC connections;
    5037200 nanoseconds spent preparing 2 JDBC statements;
    5098700 nanoseconds spent executing 2 JDBC statements;
    0 nanoseconds spent executing 0 JDBC batches;
    0 nanoseconds spent performing 0 L2C puts;
    0 nanoseconds spent performing 0 L2C hits;
    0 nanoseconds spent performing 0 L2C misses;
    0 nanoseconds spent executing 0 flushes (flushing a total of 0 entities and 0 collections);
    0 nanoseconds spent executing 0 pre-partial-flushes;
    0 nanoseconds spent executing 0 partial-flushes (flushing a total of 0 entities and 0 collections)
}
2026-04-10 10:27:32.280 INFO  [http-nio-8080-exec-9] o.h.e.i.StatisticalLoggingSessionEventListener - Session Metrics {
    4354500 nanoseconds spent acquiring 1 JDBC connections;
    0 nanoseconds spent releasing 0 JDBC connections;
    4556800 nanoseconds spent preparing 1 JDBC statements;
    2863900 nanoseconds spent executing 1 JDBC statements;
    0 nanoseconds spent executing 0 JDBC batches;
    0 nanoseconds spent performing 0 L2C puts;
    0 nanoseconds spent performing 0 L2C hits;
    0 nanoseconds spent performing 0 L2C misses;
    0 nanoseconds spent executing 0 flushes (flushing a total of 0 entities and 0 collections);
    0 nanoseconds spent executing 0 pre-partial-flushes;
    0 nanoseconds spent executing 0 partial-flushes (flushing a total of 0 entities and 0 collections)
}
2026-04-10 10:27:32.289 INFO  [http-nio-8080-exec-5] o.h.e.i.StatisticalLoggingSessionEventListener - Session Metrics {
    3300300 nanoseconds spent acquiring 1 JDBC connections;
    0 nanoseconds spent releasing 0 JDBC connections;
    3483700 nanoseconds spent preparing 1 JDBC statements;
    1963100 nanoseconds spent executing 1 JDBC statements;
    0 nanoseconds spent executing 0 JDBC batches;
    0 nanoseconds spent performing 0 L2C puts;
    0 nanoseconds spent performing 0 L2C hits;
    0 nanoseconds spent performing 0 L2C misses;
    0 nanoseconds spent executing 0 flushes (flushing a total of 0 entities and 0 collections);
    0 nanoseconds spent executing 0 pre-partial-flushes;
    0 nanoseconds spent executing 0 partial-flushes (flushing a total of 0 entities and 0 collections)
}
2026-04-10 10:27:32.292 INFO  [http-nio-8080-exec-8] o.h.e.i.StatisticalLoggingSessionEventListener - Session Metrics {
    1528800 nanoseconds spent acquiring 1 JDBC connections;
    0 nanoseconds spent releasing 0 JDBC connections;
    1785000 nanoseconds spent preparing 2 JDBC statements;
    10520000 nanoseconds spent executing 2 JDBC statements;
    0 nanoseconds spent executing 0 JDBC batches;
    0 nanoseconds spent performing 0 L2C puts;
    0 nanoseconds spent performing 0 L2C hits;
    0 nanoseconds spent performing 0 L2C misses;
    0 nanoseconds spent executing 0 flushes (flushing a total of 0 entities and 0 collections);
    0 nanoseconds spent executing 0 pre-partial-flushes;
    0 nanoseconds spent executing 0 partial-flushes (flushing a total of 0 entities and 0 collections)
}
2026-04-10 10:27:32.296 INFO  [http-nio-8080-exec-4] o.h.e.i.StatisticalLoggingSessionEventListener - Session Metrics {
    2154300 nanoseconds spent acquiring 1 JDBC connections;
    0 nanoseconds spent releasing 0 JDBC connections;
    2440200 nanoseconds spent preparing 2 JDBC statements;
    12415900 nanoseconds spent executing 2 JDBC statements;
    0 nanoseconds spent executing 0 JDBC batches;
    0 nanoseconds spent performing 0 L2C puts;
    0 nanoseconds spent performing 0 L2C hits;
    0 nanoseconds spent performing 0 L2C misses;
    0 nanoseconds spent executing 0 flushes (flushing a total of 0 entities and 0 collections);
    0 nanoseconds spent executing 0 pre-partial-flushes;
    0 nanoseconds spent executing 0 partial-flushes (flushing a total of 0 entities and 0 collections)
}
2026-04-10 10:27:54.580 INFO  [http-nio-8080-exec-7] o.h.e.i.StatisticalLoggingSessionEventListener - Session Metrics {
    1692600 nanoseconds spent acquiring 1 JDBC connections;
    0 nanoseconds spent releasing 0 JDBC connections;
    1986900 nanoseconds spent preparing 2 JDBC statements;
    3946000 nanoseconds spent executing 2 JDBC statements;
    0 nanoseconds spent executing 0 JDBC batches;
    0 nanoseconds spent performing 0 L2C puts;
    0 nanoseconds spent performing 0 L2C hits;
    0 nanoseconds spent performing 0 L2C misses;
    0 nanoseconds spent executing 0 flushes (flushing a total of 0 entities and 0 collections);
    0 nanoseconds spent executing 0 pre-partial-flushes;
    0 nanoseconds spent executing 0 partial-flushes (flushing a total of 0 entities and 0 collections)
}
2026-04-10 10:28:02.191 INFO  [http-nio-8080-exec-6] o.h.e.i.StatisticalLoggingSessionEventListener - Session Metrics {
    12564400 nanoseconds spent acquiring 1 JDBC connections;
    0 nanoseconds spent releasing 0 JDBC connections;
    12761500 nanoseconds spent preparing 1 JDBC statements;
    7465300 nanoseconds spent executing 1 JDBC statements;
    0 nanoseconds spent executing 0 JDBC batches;
    0 nanoseconds spent performing 0 L2C puts;
    0 nanoseconds spent performing 0 L2C hits;
    0 nanoseconds spent performing 0 L2C misses;
    0 nanoseconds spent executing 0 flushes (flushing a total of 0 entities and 0 collections);
    0 nanoseconds spent executing 0 pre-partial-flushes;
    0 nanoseconds spent executing 0 partial-flushes (flushing a total of 0 entities and 0 collections)
}
2026-04-10 10:28:02.585 INFO  [http-nio-8080-exec-10] o.h.e.i.StatisticalLoggingSessionEventListener - Session Metrics {
    2374800 nanoseconds spent acquiring 1 JDBC connections;
    0 nanoseconds spent releasing 0 JDBC connections;
    2545400 nanoseconds spent preparing 1 JDBC statements;
    1994400 nanoseconds spent executing 1 JDBC statements;
    0 nanoseconds spent executing 0 JDBC batches;
    0 nanoseconds spent performing 0 L2C puts;
    0 nanoseconds spent performing 0 L2C hits;
    0 nanoseconds spent performing 0 L2C misses;
    0 nanoseconds spent executing 0 flushes (flushing a total of 0 entities and 0 collections);
    0 nanoseconds spent executing 0 pre-partial-flushes;
    0 nanoseconds spent executing 0 partial-flushes (flushing a total of 0 entities and 0 collections)
}
2026-04-10 10:28:02.590 INFO  [http-nio-8080-exec-2] o.h.e.i.StatisticalLoggingSessionEventListener - Session Metrics {
    598900 nanoseconds spent acquiring 1 JDBC connections;
    0 nanoseconds spent releasing 0 JDBC connections;
    823500 nanoseconds spent preparing 2 JDBC statements;
    5782200 nanoseconds spent executing 2 JDBC statements;
    0 nanoseconds spent executing 0 JDBC batches;
    0 nanoseconds spent performing 0 L2C puts;
    0 nanoseconds spent performing 0 L2C hits;
    0 nanoseconds spent performing 0 L2C misses;
    0 nanoseconds spent executing 0 flushes (flushing a total of 0 entities and 0 collections);
    0 nanoseconds spent executing 0 pre-partial-flushes;
    0 nanoseconds spent executing 0 partial-flushes (flushing a total of 0 entities and 0 collections)
}
2026-04-10 10:28:02.594 INFO  [http-nio-8080-exec-3] o.h.e.i.StatisticalLoggingSessionEventListener - Session Metrics {
    28600 nanoseconds spent acquiring 1 JDBC connections;
    0 nanoseconds spent releasing 0 JDBC connections;
    201700 nanoseconds spent preparing 1 JDBC statements;
    2185200 nanoseconds spent executing 1 JDBC statements;
    0 nanoseconds spent executing 0 JDBC batches;
    0 nanoseconds spent performing 0 L2C puts;
    0 nanoseconds spent performing 0 L2C hits;
    0 nanoseconds spent performing 0 L2C misses;
    0 nanoseconds spent executing 0 flushes (flushing a total of 0 entities and 0 collections);
    0 nanoseconds spent executing 0 pre-partial-flushes;
    0 nanoseconds spent executing 0 partial-flushes (flushing a total of 0 entities and 0 collections)
}
2026-04-10 10:28:02.601 INFO  [http-nio-8080-exec-1] o.h.e.i.StatisticalLoggingSessionEventListener - Session Metrics {
    612900 nanoseconds spent acquiring 1 JDBC connections;
    0 nanoseconds spent releasing 0 JDBC connections;
    901200 nanoseconds spent preparing 2 JDBC statements;
    4577600 nanoseconds spent executing 2 JDBC statements;
    0 nanoseconds spent executing 0 JDBC batches;
    0 nanoseconds spent performing 0 L2C puts;
    0 nanoseconds spent performing 0 L2C hits;
    0 nanoseconds spent performing 0 L2C misses;
    0 nanoseconds spent executing 0 flushes (flushing a total of 0 entities and 0 collections);
    0 nanoseconds spent executing 0 pre-partial-flushes;
    0 nanoseconds spent executing 0 partial-flushes (flushing a total of 0 entities and 0 collections)
}
2026-04-10 10:45:34.137 INFO  [SpringApplicationShutdownHook] o.s.b.w.e.tomcat.GracefulShutdown - Commencing graceful shutdown. Waiting for active requests to complete
2026-04-10 10:45:35.598 INFO  [tomcat-shutdown] o.s.b.w.e.tomcat.GracefulShutdown - Graceful shutdown complete
2026-04-10 10:45:35.654 INFO  [SpringApplicationShutdownHook] o.s.o.j.LocalContainerEntityManagerFactoryBean - Closing JPA EntityManagerFactory for persistence unit 'default'
2026-04-10 10:45:35.661 INFO  [SpringApplicationShutdownHook] com.zaxxer.hikari.HikariDataSource - HikariPool-1 - Shutdown initiated...
2026-04-10 10:45:35.675 INFO  [SpringApplicationShutdownHook] com.zaxxer.hikari.HikariDataSource - HikariPool-1 - Shutdown completed.
2026-04-10 11:58:12.484 INFO  [main] t.report.mainapp.MainAppApplication - Starting MainAppApplication using Java 18.0.2 with PID 14196 (D:\06-05-2025\report\main-app\target\classes started by Precision 7540 in D:\06-05-2025\report)
2026-04-10 11:58:12.488 INFO  [main] t.report.mainapp.MainAppApplication - No active profile set, falling back to 1 default profile: "default"
2026-04-10 11:58:14.118 INFO  [main] o.s.d.r.c.RepositoryConfigurationDelegate - Multiple Spring Data modules found, entering strict repository configuration mode
2026-04-10 11:58:14.120 INFO  [main] o.s.d.r.c.RepositoryConfigurationDelegate - Bootstrapping Spring Data JPA repositories in DEFAULT mode.
2026-04-10 11:58:14.145 INFO  [main] o.s.d.r.c.RepositoryConfigurationDelegate - Finished Spring Data repository scanning in 15 ms. Found 0 JPA repository interfaces.
2026-04-10 11:58:14.160 INFO  [main] o.s.d.r.c.RepositoryConfigurationDelegate - Multiple Spring Data modules found, entering strict repository configuration mode
2026-04-10 11:58:14.161 INFO  [main] o.s.d.r.c.RepositoryConfigurationDelegate - Bootstrapping Spring Data Redis repositories in DEFAULT mode.
2026-04-10 11:58:14.177 INFO  [main] o.s.d.r.c.RepositoryConfigurationDelegate - Finished Spring Data repository scanning in 3 ms. Found 0 Redis repository interfaces.
2026-04-10 11:58:14.857 INFO  [main] o.s.b.w.e.tomcat.TomcatWebServer - Tomcat initialized with port 8080 (http)
2026-04-10 11:58:14.868 INFO  [main] o.a.coyote.http11.Http11NioProtocol - Initializing ProtocolHandler ["http-nio-8080"]
2026-04-10 11:58:14.869 INFO  [main] o.a.catalina.core.StandardService - Starting service [Tomcat]
2026-04-10 11:58:14.870 INFO  [main] o.a.catalina.core.StandardEngine - Starting Servlet engine: [Apache Tomcat/10.1.42]
2026-04-10 11:58:14.949 INFO  [main] o.a.c.c.C.[Tomcat].[localhost].[/] - Initializing Spring embedded WebApplicationContext
2026-04-10 11:58:14.949 INFO  [main] o.s.b.w.s.c.ServletWebServerApplicationContext - Root WebApplicationContext: initialization completed in 2382 ms
2026-04-10 11:58:15.501 INFO  [main] com.zaxxer.hikari.HikariDataSource - HikariPool-1 - Starting...
2026-04-10 11:58:47.276 INFO  [main] com.zaxxer.hikari.pool.HikariPool - HikariPool-1 - Added connection oracle.jdbc.driver.T4CConnection@33399052
2026-04-10 11:58:47.277 INFO  [main] com.zaxxer.hikari.HikariDataSource - HikariPool-1 - Start completed.
2026-04-10 11:58:47.330 INFO  [main] o.h.jpa.internal.util.LogHelper - HHH000204: Processing PersistenceUnitInfo [name: default]
2026-04-10 11:58:47.397 INFO  [main] org.hibernate.Version - HHH000412: Hibernate ORM core version 6.6.18.Final
2026-04-10 11:58:47.434 INFO  [main] o.h.c.i.RegionFactoryInitiator - HHH000026: Second-level cache disabled
2026-04-10 11:58:47.722 INFO  [main] o.s.o.j.p.SpringPersistenceUnitInfo - No LoadTimeWeaver setup: ignoring JPA class transformer
2026-04-10 11:58:47.974 INFO  [main] o.hibernate.orm.connections.pooling - HHH10001005: Database info:
	Database JDBC URL [Connecting through datasource 'HikariDataSource (HikariPool-1)']
	Database driver: undefined/unknown
	Database version: 19.3
	Autocommit mode: undefined/unknown
	Isolation level: undefined/unknown
	Minimum pool size: undefined/unknown
	Maximum pool size: undefined/unknown
2026-04-10 11:58:48.868 INFO  [main] o.h.e.t.j.p.i.JtaPlatformInitiator - HHH000489: No JTA platform available (set 'hibernate.transaction.jta.platform' to enable JTA platform integration)
2026-04-10 11:58:48.870 INFO  [main] o.s.o.j.LocalContainerEntityManagerFactoryBean - Initialized JPA EntityManagerFactory for persistence unit 'default'
2026-04-10 11:58:50.739 INFO  [main] o.s.b.a.e.web.EndpointLinksResolver - Exposing 3 endpoints beneath base path '/actuator'
2026-04-10 11:58:50.825 INFO  [main] o.a.coyote.http11.Http11NioProtocol - Starting ProtocolHandler ["http-nio-8080"]
2026-04-10 11:58:50.842 INFO  [main] o.s.b.w.e.tomcat.TomcatWebServer - Tomcat started on port 8080 (http) with context path '/'
2026-04-10 11:59:06.075 INFO  [main] t.report.mainapp.MainAppApplication - Started MainAppApplication in 54.532 seconds (process running for 55.482)
2026-04-10 11:59:06.489 INFO  [RMI TCP Connection(4)-169.254.31.210] o.a.c.c.C.[Tomcat].[localhost].[/] - Initializing Spring DispatcherServlet 'dispatcherServlet'
2026-04-10 11:59:06.489 INFO  [RMI TCP Connection(4)-169.254.31.210] o.s.web.servlet.DispatcherServlet - Initializing Servlet 'dispatcherServlet'
2026-04-10 11:59:06.491 INFO  [RMI TCP Connection(4)-169.254.31.210] o.s.web.servlet.DispatcherServlet - Completed initialization in 1 ms
2026-04-10 12:27:22.283 INFO  [SpringApplicationShutdownHook] o.s.b.w.e.tomcat.GracefulShutdown - Commencing graceful shutdown. Waiting for active requests to complete
2026-04-10 12:27:23.274 INFO  [tomcat-shutdown] o.s.b.w.e.tomcat.GracefulShutdown - Graceful shutdown complete
2026-04-10 12:27:23.358 INFO  [SpringApplicationShutdownHook] o.s.o.j.LocalContainerEntityManagerFactoryBean - Closing JPA EntityManagerFactory for persistence unit 'default'
2026-04-10 12:27:23.361 INFO  [SpringApplicationShutdownHook] com.zaxxer.hikari.HikariDataSource - HikariPool-1 - Shutdown initiated...
2026-04-10 12:27:23.565 INFO  [SpringApplicationShutdownHook] com.zaxxer.hikari.HikariDataSource - HikariPool-1 - Shutdown completed.
2026-04-10 12:27:29.575 INFO  [main] t.report.mainapp.MainAppApplication - Starting MainAppApplication using Java 18.0.2 with PID 20348 (D:\06-05-2025\report\main-app\target\classes started by Precision 7540 in D:\06-05-2025\report)
2026-04-10 12:27:29.577 INFO  [main] t.report.mainapp.MainAppApplication - No active profile set, falling back to 1 default profile: "default"
2026-04-10 12:27:30.674 INFO  [main] o.s.d.r.c.RepositoryConfigurationDelegate - Multiple Spring Data modules found, entering strict repository configuration mode
2026-04-10 12:27:30.676 INFO  [main] o.s.d.r.c.RepositoryConfigurationDelegate - Bootstrapping Spring Data JPA repositories in DEFAULT mode.
2026-04-10 12:27:30.698 INFO  [main] o.s.d.r.c.RepositoryConfigurationDelegate - Finished Spring Data repository scanning in 14 ms. Found 0 JPA repository interfaces.
2026-04-10 12:27:30.709 INFO  [main] o.s.d.r.c.RepositoryConfigurationDelegate - Multiple Spring Data modules found, entering strict repository configuration mode
2026-04-10 12:27:30.710 INFO  [main] o.s.d.r.c.RepositoryConfigurationDelegate - Bootstrapping Spring Data Redis repositories in DEFAULT mode.
2026-04-10 12:27:30.722 INFO  [main] o.s.d.r.c.RepositoryConfigurationDelegate - Finished Spring Data repository scanning in 3 ms. Found 0 Redis repository interfaces.
2026-04-10 12:27:31.387 INFO  [main] o.s.b.w.e.tomcat.TomcatWebServer - Tomcat initialized with port 8080 (http)
2026-04-10 12:27:31.400 INFO  [main] o.a.coyote.http11.Http11NioProtocol - Initializing ProtocolHandler ["http-nio-8080"]
2026-04-10 12:27:31.401 INFO  [main] o.a.catalina.core.StandardService - Starting service [Tomcat]
2026-04-10 12:27:31.401 INFO  [main] o.a.catalina.core.StandardEngine - Starting Servlet engine: [Apache Tomcat/10.1.42]
2026-04-10 12:27:31.484 INFO  [main] o.a.c.c.C.[Tomcat].[localhost].[/] - Initializing Spring embedded WebApplicationContext
2026-04-10 12:27:31.485 INFO  [main] o.s.b.w.s.c.ServletWebServerApplicationContext - Root WebApplicationContext: initialization completed in 1858 ms
2026-04-10 12:27:31.974 INFO  [main] com.zaxxer.hikari.HikariDataSource - HikariPool-1 - Starting...
2026-04-10 12:27:35.592 INFO  [main] com.zaxxer.hikari.pool.HikariPool - HikariPool-1 - Added connection oracle.jdbc.driver.T4CConnection@11c25846
2026-04-10 12:27:35.594 INFO  [main] com.zaxxer.hikari.HikariDataSource - HikariPool-1 - Start completed.
2026-04-10 12:27:35.644 INFO  [main] o.h.jpa.internal.util.LogHelper - HHH000204: Processing PersistenceUnitInfo [name: default]
2026-04-10 12:27:35.721 INFO  [main] org.hibernate.Version - HHH000412: Hibernate ORM core version 6.6.18.Final
2026-04-10 12:27:35.757 INFO  [main] o.h.c.i.RegionFactoryInitiator - HHH000026: Second-level cache disabled
2026-04-10 12:27:36.001 INFO  [main] o.s.o.j.p.SpringPersistenceUnitInfo - No LoadTimeWeaver setup: ignoring JPA class transformer
2026-04-10 12:27:36.251 INFO  [main] o.hibernate.orm.connections.pooling - HHH10001005: Database info:
	Database JDBC URL [Connecting through datasource 'HikariDataSource (HikariPool-1)']
	Database driver: undefined/unknown
	Database version: 19.3
	Autocommit mode: undefined/unknown
	Isolation level: undefined/unknown
	Minimum pool size: undefined/unknown
	Maximum pool size: undefined/unknown
2026-04-10 12:27:37.125 INFO  [main] o.h.e.t.j.p.i.JtaPlatformInitiator - HHH000489: No JTA platform available (set 'hibernate.transaction.jta.platform' to enable JTA platform integration)
2026-04-10 12:27:37.127 INFO  [main] o.s.o.j.LocalContainerEntityManagerFactoryBean - Initialized JPA EntityManagerFactory for persistence unit 'default'
2026-04-10 12:27:38.852 INFO  [main] o.s.b.a.e.web.EndpointLinksResolver - Exposing 3 endpoints beneath base path '/actuator'
2026-04-10 12:27:38.936 INFO  [main] o.a.coyote.http11.Http11NioProtocol - Starting ProtocolHandler ["http-nio-8080"]
2026-04-10 12:27:38.953 INFO  [main] o.s.b.w.e.tomcat.TomcatWebServer - Tomcat started on port 8080 (http) with context path '/'
2026-04-10 12:27:39.133 INFO  [main] t.report.mainapp.MainAppApplication - Started MainAppApplication in 10.177 seconds (process running for 10.987)
2026-04-10 12:27:39.817 INFO  [RMI TCP Connection(3)-169.254.31.210] o.a.c.c.C.[Tomcat].[localhost].[/] - Initializing Spring DispatcherServlet 'dispatcherServlet'
2026-04-10 12:27:39.817 INFO  [RMI TCP Connection(3)-169.254.31.210] o.s.web.servlet.DispatcherServlet - Initializing Servlet 'dispatcherServlet'
2026-04-10 12:27:39.820 INFO  [RMI TCP Connection(3)-169.254.31.210] o.s.web.servlet.DispatcherServlet - Completed initialization in 3 ms
2026-04-10 12:36:53.696 INFO  [http-nio-8080-exec-6] o.h.e.i.StatisticalLoggingSessionEventListener - Session Metrics {
    1108400 nanoseconds spent acquiring 1 JDBC connections;
    0 nanoseconds spent releasing 0 JDBC connections;
    51181300 nanoseconds spent preparing 1 JDBC statements;
    15621600 nanoseconds spent executing 1 JDBC statements;
    0 nanoseconds spent executing 0 JDBC batches;
    0 nanoseconds spent performing 0 L2C puts;
    0 nanoseconds spent performing 0 L2C hits;
    0 nanoseconds spent performing 0 L2C misses;
    0 nanoseconds spent executing 0 flushes (flushing a total of 0 entities and 0 collections);
    0 nanoseconds spent executing 0 pre-partial-flushes;
    0 nanoseconds spent executing 0 partial-flushes (flushing a total of 0 entities and 0 collections)
}
2026-04-10 12:36:53.696 INFO  [http-nio-8080-exec-8] o.h.e.i.StatisticalLoggingSessionEventListener - Session Metrics {
    1107200 nanoseconds spent acquiring 1 JDBC connections;
    0 nanoseconds spent releasing 0 JDBC connections;
    51148500 nanoseconds spent preparing 1 JDBC statements;
    15621800 nanoseconds spent executing 1 JDBC statements;
    0 nanoseconds spent executing 0 JDBC batches;
    0 nanoseconds spent performing 0 L2C puts;
    0 nanoseconds spent performing 0 L2C hits;
    0 nanoseconds spent performing 0 L2C misses;
    0 nanoseconds spent executing 0 flushes (flushing a total of 0 entities and 0 collections);
    0 nanoseconds spent executing 0 pre-partial-flushes;
    0 nanoseconds spent executing 0 partial-flushes (flushing a total of 0 entities and 0 collections)
}
2026-04-10 12:36:54.755 INFO  [http-nio-8080-exec-5] o.h.e.i.StatisticalLoggingSessionEventListener - Session Metrics {
    1206000 nanoseconds spent acquiring 1 JDBC connections;
    0 nanoseconds spent releasing 0 JDBC connections;
    1362900 nanoseconds spent preparing 1 JDBC statements;
    3419300 nanoseconds spent executing 1 JDBC statements;
    0 nanoseconds spent executing 0 JDBC batches;
    0 nanoseconds spent performing 0 L2C puts;
    0 nanoseconds spent performing 0 L2C hits;
    0 nanoseconds spent performing 0 L2C misses;
    0 nanoseconds spent executing 0 flushes (flushing a total of 0 entities and 0 collections);
    0 nanoseconds spent executing 0 pre-partial-flushes;
    0 nanoseconds spent executing 0 partial-flushes (flushing a total of 0 entities and 0 collections)
}
2026-04-10 12:36:54.755 INFO  [http-nio-8080-exec-7] o.h.e.i.StatisticalLoggingSessionEventListener - Session Metrics {
    749300 nanoseconds spent acquiring 1 JDBC connections;
    0 nanoseconds spent releasing 0 JDBC connections;
    927000 nanoseconds spent preparing 1 JDBC statements;
    3419200 nanoseconds spent executing 1 JDBC statements;
    0 nanoseconds spent executing 0 JDBC batches;
    0 nanoseconds spent performing 0 L2C puts;
    0 nanoseconds spent performing 0 L2C hits;
    0 nanoseconds spent performing 0 L2C misses;
    0 nanoseconds spent executing 0 flushes (flushing a total of 0 entities and 0 collections);
    0 nanoseconds spent executing 0 pre-partial-flushes;
    0 nanoseconds spent executing 0 partial-flushes (flushing a total of 0 entities and 0 collections)
}
2026-04-10 12:36:54.825 INFO  [http-nio-8080-exec-10] o.h.e.i.StatisticalLoggingSessionEventListener - Session Metrics {
    48000 nanoseconds spent acquiring 1 JDBC connections;
    0 nanoseconds spent releasing 0 JDBC connections;
    288100 nanoseconds spent preparing 2 JDBC statements;
    9070100 nanoseconds spent executing 2 JDBC statements;
    0 nanoseconds spent executing 0 JDBC batches;
    0 nanoseconds spent performing 0 L2C puts;
    0 nanoseconds spent performing 0 L2C hits;
    0 nanoseconds spent performing 0 L2C misses;
    0 nanoseconds spent executing 0 flushes (flushing a total of 0 entities and 0 collections);
    0 nanoseconds spent executing 0 pre-partial-flushes;
    0 nanoseconds spent executing 0 partial-flushes (flushing a total of 0 entities and 0 collections)
}
2026-04-10 12:36:54.825 INFO  [http-nio-8080-exec-4] o.h.e.i.StatisticalLoggingSessionEventListener - Session Metrics {
    65000 nanoseconds spent acquiring 1 JDBC connections;
    0 nanoseconds spent releasing 0 JDBC connections;
    266100 nanoseconds spent preparing 2 JDBC statements;
    8659600 nanoseconds spent executing 2 JDBC statements;
    0 nanoseconds spent executing 0 JDBC batches;
    0 nanoseconds spent performing 0 L2C puts;
    0 nanoseconds spent performing 0 L2C hits;
    0 nanoseconds spent performing 0 L2C misses;
    0 nanoseconds spent executing 0 flushes (flushing a total of 0 entities and 0 collections);
    0 nanoseconds spent executing 0 pre-partial-flushes;
    0 nanoseconds spent executing 0 partial-flushes (flushing a total of 0 entities and 0 collections)
}
2026-04-10 12:37:22.144 INFO  [http-nio-8080-exec-1] o.h.e.i.StatisticalLoggingSessionEventListener - Session Metrics {
    725000 nanoseconds spent acquiring 1 JDBC connections;
    0 nanoseconds spent releasing 0 JDBC connections;
    1147300 nanoseconds spent preparing 2 JDBC statements;
    3447800 nanoseconds spent executing 2 JDBC statements;
    0 nanoseconds spent executing 0 JDBC batches;
    0 nanoseconds spent performing 0 L2C puts;
    0 nanoseconds spent performing 0 L2C hits;
    0 nanoseconds spent performing 0 L2C misses;
    0 nanoseconds spent executing 0 flushes (flushing a total of 0 entities and 0 collections);
    0 nanoseconds spent executing 0 pre-partial-flushes;
    0 nanoseconds spent executing 0 partial-flushes (flushing a total of 0 entities and 0 collections)
}
2026-04-10 12:37:29.157 INFO  [http-nio-8080-exec-6] o.h.e.i.StatisticalLoggingSessionEventListener - Session Metrics {
    1038300 nanoseconds spent acquiring 1 JDBC connections;
    0 nanoseconds spent releasing 0 JDBC connections;
    1242300 nanoseconds spent preparing 1 JDBC statements;
    2778600 nanoseconds spent executing 1 JDBC statements;
    0 nanoseconds spent executing 0 JDBC batches;
    0 nanoseconds spent performing 0 L2C puts;
    0 nanoseconds spent performing 0 L2C hits;
    0 nanoseconds spent performing 0 L2C misses;
    0 nanoseconds spent executing 0 flushes (flushing a total of 0 entities and 0 collections);
    0 nanoseconds spent executing 0 pre-partial-flushes;
    0 nanoseconds spent executing 0 partial-flushes (flushing a total of 0 entities and 0 collections)
}
2026-04-10 12:37:45.149 INFO  [http-nio-8080-exec-8] o.h.e.i.StatisticalLoggingSessionEventListener - Session Metrics {
    1090200 nanoseconds spent acquiring 1 JDBC connections;
    0 nanoseconds spent releasing 0 JDBC connections;
    1432400 nanoseconds spent preparing 1 JDBC statements;
    3143300 nanoseconds spent executing 1 JDBC statements;
    0 nanoseconds spent executing 0 JDBC batches;
    0 nanoseconds spent performing 0 L2C puts;
    0 nanoseconds spent performing 0 L2C hits;
    0 nanoseconds spent performing 0 L2C misses;
    0 nanoseconds spent executing 0 flushes (flushing a total of 0 entities and 0 collections);
    0 nanoseconds spent executing 0 pre-partial-flushes;
    0 nanoseconds spent executing 0 partial-flushes (flushing a total of 0 entities and 0 collections)
}
2026-04-10 12:37:45.483 INFO  [http-nio-8080-exec-9] o.h.e.i.StatisticalLoggingSessionEventListener - Session Metrics {
    34500 nanoseconds spent acquiring 1 JDBC connections;
    0 nanoseconds spent releasing 0 JDBC connections;
    190100 nanoseconds spent preparing 1 JDBC statements;
    1910400 nanoseconds spent executing 1 JDBC statements;
    0 nanoseconds spent executing 0 JDBC batches;
    0 nanoseconds spent performing 0 L2C puts;
    0 nanoseconds spent performing 0 L2C hits;
    0 nanoseconds spent performing 0 L2C misses;
    0 nanoseconds spent executing 0 flushes (flushing a total of 0 entities and 0 collections);
    0 nanoseconds spent executing 0 pre-partial-flushes;
    0 nanoseconds spent executing 0 partial-flushes (flushing a total of 0 entities and 0 collections)
}
2026-04-10 12:37:45.495 INFO  [http-nio-8080-exec-2] o.h.e.i.StatisticalLoggingSessionEventListener - Session Metrics {
    1326600 nanoseconds spent acquiring 1 JDBC connections;
    0 nanoseconds spent releasing 0 JDBC connections;
    2464900 nanoseconds spent preparing 2 JDBC statements;
    5312100 nanoseconds spent executing 2 JDBC statements;
    0 nanoseconds spent executing 0 JDBC batches;
    0 nanoseconds spent performing 0 L2C puts;
    0 nanoseconds spent performing 0 L2C hits;
    0 nanoseconds spent performing 0 L2C misses;
    0 nanoseconds spent executing 0 flushes (flushing a total of 0 entities and 0 collections);
    0 nanoseconds spent executing 0 pre-partial-flushes;
    0 nanoseconds spent executing 0 partial-flushes (flushing a total of 0 entities and 0 collections)
}
2026-04-10 12:37:45.504 INFO  [http-nio-8080-exec-5] o.h.e.i.StatisticalLoggingSessionEventListener - Session Metrics {
    1074400 nanoseconds spent acquiring 1 JDBC connections;
    0 nanoseconds spent releasing 0 JDBC connections;
    1238500 nanoseconds spent preparing 1 JDBC statements;
    6700400 nanoseconds spent executing 1 JDBC statements;
    0 nanoseconds spent executing 0 JDBC batches;
    0 nanoseconds spent performing 0 L2C puts;
    0 nanoseconds spent performing 0 L2C hits;
    0 nanoseconds spent performing 0 L2C misses;
    0 nanoseconds spent executing 0 flushes (flushing a total of 0 entities and 0 collections);
    0 nanoseconds spent executing 0 pre-partial-flushes;
    0 nanoseconds spent executing 0 partial-flushes (flushing a total of 0 entities and 0 collections)
}
2026-04-10 12:37:45.508 INFO  [http-nio-8080-exec-7] o.h.e.i.StatisticalLoggingSessionEventListener - Session Metrics {
    33800 nanoseconds spent acquiring 1 JDBC connections;
    0 nanoseconds spent releasing 0 JDBC connections;
    4158000 nanoseconds spent preparing 2 JDBC statements;
    9315100 nanoseconds spent executing 2 JDBC statements;
    0 nanoseconds spent executing 0 JDBC batches;
    0 nanoseconds spent performing 0 L2C puts;
    0 nanoseconds spent performing 0 L2C hits;
    0 nanoseconds spent performing 0 L2C misses;
    0 nanoseconds spent executing 0 flushes (flushing a total of 0 entities and 0 collections);
    0 nanoseconds spent executing 0 pre-partial-flushes;
    0 nanoseconds spent executing 0 partial-flushes (flushing a total of 0 entities and 0 collections)
}
2026-04-10 12:38:17.429 INFO  [http-nio-8080-exec-4] o.h.e.i.StatisticalLoggingSessionEventListener - Session Metrics {
    2169800 nanoseconds spent acquiring 1 JDBC connections;
    0 nanoseconds spent releasing 0 JDBC connections;
    2346300 nanoseconds spent preparing 1 JDBC statements;
    1997600 nanoseconds spent executing 1 JDBC statements;
    0 nanoseconds spent executing 0 JDBC batches;
    0 nanoseconds spent performing 0 L2C puts;
    0 nanoseconds spent performing 0 L2C hits;
    0 nanoseconds spent performing 0 L2C misses;
    0 nanoseconds spent executing 0 flushes (flushing a total of 0 entities and 0 collections);
    0 nanoseconds spent executing 0 pre-partial-flushes;
    0 nanoseconds spent executing 0 partial-flushes (flushing a total of 0 entities and 0 collections)
}
2026-04-10 12:44:34.566 INFO  [http-nio-8080-exec-8] o.h.e.i.StatisticalLoggingSessionEventListener - Session Metrics {
    2225600 nanoseconds spent acquiring 1 JDBC connections;
    0 nanoseconds spent releasing 0 JDBC connections;
    2470500 nanoseconds spent preparing 1 JDBC statements;
    1985800 nanoseconds spent executing 1 JDBC statements;
    0 nanoseconds spent executing 0 JDBC batches;
    0 nanoseconds spent performing 0 L2C puts;
    0 nanoseconds spent performing 0 L2C hits;
    0 nanoseconds spent performing 0 L2C misses;
    0 nanoseconds spent executing 0 flushes (flushing a total of 0 entities and 0 collections);
    0 nanoseconds spent executing 0 pre-partial-flushes;
    0 nanoseconds spent executing 0 partial-flushes (flushing a total of 0 entities and 0 collections)
}
2026-04-10 12:44:34.951 INFO  [http-nio-8080-exec-9] o.h.e.i.StatisticalLoggingSessionEventListener - Session Metrics {
    33000 nanoseconds spent acquiring 1 JDBC connections;
    0 nanoseconds spent releasing 0 JDBC connections;
    195400 nanoseconds spent preparing 1 JDBC statements;
    16506600 nanoseconds spent executing 1 JDBC statements;
    0 nanoseconds spent executing 0 JDBC batches;
    0 nanoseconds spent performing 0 L2C puts;
    0 nanoseconds spent performing 0 L2C hits;
    0 nanoseconds spent performing 0 L2C misses;
    0 nanoseconds spent executing 0 flushes (flushing a total of 0 entities and 0 collections);
    0 nanoseconds spent executing 0 pre-partial-flushes;
    0 nanoseconds spent executing 0 partial-flushes (flushing a total of 0 entities and 0 collections)
}
2026-04-10 12:44:34.973 INFO  [http-nio-8080-exec-5] o.h.e.i.StatisticalLoggingSessionEventListener - Session Metrics {
    2447300 nanoseconds spent acquiring 1 JDBC connections;
    0 nanoseconds spent releasing 0 JDBC connections;
    2575800 nanoseconds spent preparing 1 JDBC statements;
    9828400 nanoseconds spent executing 1 JDBC statements;
    0 nanoseconds spent executing 0 JDBC batches;
    0 nanoseconds spent performing 0 L2C puts;
    0 nanoseconds spent performing 0 L2C hits;
    0 nanoseconds spent performing 0 L2C misses;
    0 nanoseconds spent executing 0 flushes (flushing a total of 0 entities and 0 collections);
    0 nanoseconds spent executing 0 pre-partial-flushes;
    0 nanoseconds spent executing 0 partial-flushes (flushing a total of 0 entities and 0 collections)
}
2026-04-10 12:44:34.978 INFO  [http-nio-8080-exec-2] o.h.e.i.StatisticalLoggingSessionEventListener - Session Metrics {
    16674900 nanoseconds spent acquiring 1 JDBC connections;
    0 nanoseconds spent releasing 0 JDBC connections;
    16963000 nanoseconds spent preparing 2 JDBC statements;
    25130100 nanoseconds spent executing 2 JDBC statements;
    0 nanoseconds spent executing 0 JDBC batches;
    0 nanoseconds spent performing 0 L2C puts;
    0 nanoseconds spent performing 0 L2C hits;
    0 nanoseconds spent performing 0 L2C misses;
    0 nanoseconds spent executing 0 flushes (flushing a total of 0 entities and 0 collections);
    0 nanoseconds spent executing 0 pre-partial-flushes;
    0 nanoseconds spent executing 0 partial-flushes (flushing a total of 0 entities and 0 collections)
}
2026-04-10 12:44:34.978 INFO  [http-nio-8080-exec-7] o.h.e.i.StatisticalLoggingSessionEventListener - Session Metrics {
    4366100 nanoseconds spent acquiring 1 JDBC connections;
    0 nanoseconds spent releasing 0 JDBC connections;
    4628800 nanoseconds spent preparing 2 JDBC statements;
    27735300 nanoseconds spent executing 2 JDBC statements;
    0 nanoseconds spent executing 0 JDBC batches;
    0 nanoseconds spent performing 0 L2C puts;
    0 nanoseconds spent performing 0 L2C hits;
    0 nanoseconds spent performing 0 L2C misses;
    0 nanoseconds spent executing 0 flushes (flushing a total of 0 entities and 0 collections);
    0 nanoseconds spent executing 0 pre-partial-flushes;
    0 nanoseconds spent executing 0 partial-flushes (flushing a total of 0 entities and 0 collections)
}
2026-04-10 12:44:57.596 INFO  [http-nio-8080-exec-10] o.h.e.i.StatisticalLoggingSessionEventListener - Session Metrics {
    1493800 nanoseconds spent acquiring 1 JDBC connections;
    0 nanoseconds spent releasing 0 JDBC connections;
    1780000 nanoseconds spent preparing 2 JDBC statements;
    3225500 nanoseconds spent executing 2 JDBC statements;
    0 nanoseconds spent executing 0 JDBC batches;
    0 nanoseconds spent performing 0 L2C puts;
    0 nanoseconds spent performing 0 L2C hits;
    0 nanoseconds spent performing 0 L2C misses;
    0 nanoseconds spent executing 0 flushes (flushing a total of 0 entities and 0 collections);
    0 nanoseconds spent executing 0 pre-partial-flushes;
    0 nanoseconds spent executing 0 partial-flushes (flushing a total of 0 entities and 0 collections)
}
2026-04-10 12:45:02.100 INFO  [http-nio-8080-exec-4] o.h.e.i.StatisticalLoggingSessionEventListener - Session Metrics {
    1379400 nanoseconds spent acquiring 1 JDBC connections;
    0 nanoseconds spent releasing 0 JDBC connections;
    1560800 nanoseconds spent preparing 1 JDBC statements;
    1517900 nanoseconds spent executing 1 JDBC statements;
    0 nanoseconds spent executing 0 JDBC batches;
    0 nanoseconds spent performing 0 L2C puts;
    0 nanoseconds spent performing 0 L2C hits;
    0 nanoseconds spent performing 0 L2C misses;
    0 nanoseconds spent executing 0 flushes (flushing a total of 0 entities and 0 collections);
    0 nanoseconds spent executing 0 pre-partial-flushes;
    0 nanoseconds spent executing 0 partial-flushes (flushing a total of 0 entities and 0 collections)
}
2026-04-10 12:45:09.726 INFO  [http-nio-8080-exec-1] o.h.e.i.StatisticalLoggingSessionEventListener - Session Metrics {
    1179200 nanoseconds spent acquiring 1 JDBC connections;
    0 nanoseconds spent releasing 0 JDBC connections;
    1388300 nanoseconds spent preparing 1 JDBC statements;
    1743900 nanoseconds spent executing 1 JDBC statements;
    0 nanoseconds spent executing 0 JDBC batches;
    0 nanoseconds spent performing 0 L2C puts;
    0 nanoseconds spent performing 0 L2C hits;
    0 nanoseconds spent performing 0 L2C misses;
    0 nanoseconds spent executing 0 flushes (flushing a total of 0 entities and 0 collections);
    0 nanoseconds spent executing 0 pre-partial-flushes;
    0 nanoseconds spent executing 0 partial-flushes (flushing a total of 0 entities and 0 collections)
}
2026-04-10 12:45:10.111 INFO  [http-nio-8080-exec-3] o.h.e.i.StatisticalLoggingSessionEventListener - Session Metrics {
    44400 nanoseconds spent acquiring 1 JDBC connections;
    0 nanoseconds spent releasing 0 JDBC connections;
    256200 nanoseconds spent preparing 1 JDBC statements;
    4783800 nanoseconds spent executing 1 JDBC statements;
    0 nanoseconds spent executing 0 JDBC batches;
    0 nanoseconds spent performing 0 L2C puts;
    0 nanoseconds spent performing 0 L2C hits;
    0 nanoseconds spent performing 0 L2C misses;
    0 nanoseconds spent executing 0 flushes (flushing a total of 0 entities and 0 collections);
    0 nanoseconds spent executing 0 pre-partial-flushes;
    0 nanoseconds spent executing 0 partial-flushes (flushing a total of 0 entities and 0 collections)
}
2026-04-10 12:45:10.118 INFO  [http-nio-8080-exec-6] o.h.e.i.StatisticalLoggingSessionEventListener - Session Metrics {
    1893700 nanoseconds spent acquiring 1 JDBC connections;
    0 nanoseconds spent releasing 0 JDBC connections;
    2308200 nanoseconds spent preparing 2 JDBC statements;
    6441300 nanoseconds spent executing 2 JDBC statements;
    0 nanoseconds spent executing 0 JDBC batches;
    0 nanoseconds spent performing 0 L2C puts;
    0 nanoseconds spent performing 0 L2C hits;
    0 nanoseconds spent performing 0 L2C misses;
    0 nanoseconds spent executing 0 flushes (flushing a total of 0 entities and 0 collections);
    0 nanoseconds spent executing 0 pre-partial-flushes;
    0 nanoseconds spent executing 0 partial-flushes (flushing a total of 0 entities and 0 collections)
}
2026-04-10 12:45:10.126 INFO  [http-nio-8080-exec-8] o.h.e.i.StatisticalLoggingSessionEventListener - Session Metrics {
    44300 nanoseconds spent acquiring 1 JDBC connections;
    0 nanoseconds spent releasing 0 JDBC connections;
    213300 nanoseconds spent preparing 1 JDBC statements;
    1794100 nanoseconds spent executing 1 JDBC statements;
    0 nanoseconds spent executing 0 JDBC batches;
    0 nanoseconds spent performing 0 L2C puts;
    0 nanoseconds spent performing 0 L2C hits;
    0 nanoseconds spent performing 0 L2C misses;
    0 nanoseconds spent executing 0 flushes (flushing a total of 0 entities and 0 collections);
    0 nanoseconds spent executing 0 pre-partial-flushes;
    0 nanoseconds spent executing 0 partial-flushes (flushing a total of 0 entities and 0 collections)
}
2026-04-10 12:45:10.130 INFO  [http-nio-8080-exec-9] o.h.e.i.StatisticalLoggingSessionEventListener - Session Metrics {
    20800 nanoseconds spent acquiring 1 JDBC connections;
    0 nanoseconds spent releasing 0 JDBC connections;
    262100 nanoseconds spent preparing 2 JDBC statements;
    4871100 nanoseconds spent executing 2 JDBC statements;
    0 nanoseconds spent executing 0 JDBC batches;
    0 nanoseconds spent performing 0 L2C puts;
    0 nanoseconds spent performing 0 L2C hits;
    0 nanoseconds spent performing 0 L2C misses;
    0 nanoseconds spent executing 0 flushes (flushing a total of 0 entities and 0 collections);
    0 nanoseconds spent executing 0 pre-partial-flushes;
    0 nanoseconds spent executing 0 partial-flushes (flushing a total of 0 entities and 0 collections)
}
2026-04-10 12:45:33.440 INFO  [http-nio-8080-exec-5] o.h.e.i.StatisticalLoggingSessionEventListener - Session Metrics {
    1687800 nanoseconds spent acquiring 1 JDBC connections;
    0 nanoseconds spent releasing 0 JDBC connections;
    1849700 nanoseconds spent preparing 1 JDBC statements;
    2740800 nanoseconds spent executing 1 JDBC statements;
    0 nanoseconds spent executing 0 JDBC batches;
    0 nanoseconds spent performing 0 L2C puts;
    0 nanoseconds spent performing 0 L2C hits;
    0 nanoseconds spent performing 0 L2C misses;
    0 nanoseconds spent executing 0 flushes (flushing a total of 0 entities and 0 collections);
    0 nanoseconds spent executing 0 pre-partial-flushes;
    0 nanoseconds spent executing 0 partial-flushes (flushing a total of 0 entities and 0 collections)
}
2026-04-10 12:45:45.547 INFO  [http-nio-8080-exec-7] o.h.e.i.StatisticalLoggingSessionEventListener - Session Metrics {
    6347500 nanoseconds spent acquiring 1 JDBC connections;
    0 nanoseconds spent releasing 0 JDBC connections;
    6575300 nanoseconds spent preparing 1 JDBC statements;
    6318700 nanoseconds spent executing 1 JDBC statements;
    0 nanoseconds spent executing 0 JDBC batches;
    0 nanoseconds spent performing 0 L2C puts;
    0 nanoseconds spent performing 0 L2C hits;
    0 nanoseconds spent performing 0 L2C misses;
    0 nanoseconds spent executing 0 flushes (flushing a total of 0 entities and 0 collections);
    0 nanoseconds spent executing 0 pre-partial-flushes;
    0 nanoseconds spent executing 0 partial-flushes (flushing a total of 0 entities and 0 collections)
}
2026-04-10 12:45:52.202 INFO  [http-nio-8080-exec-10] o.h.e.i.StatisticalLoggingSessionEventListener - Session Metrics {
    1186000 nanoseconds spent acquiring 1 JDBC connections;
    0 nanoseconds spent releasing 0 JDBC connections;
    1383800 nanoseconds spent preparing 1 JDBC statements;
    14785200 nanoseconds spent executing 1 JDBC statements;
    0 nanoseconds spent executing 0 JDBC batches;
    0 nanoseconds spent performing 0 L2C puts;
    0 nanoseconds spent performing 0 L2C hits;
    0 nanoseconds spent performing 0 L2C misses;
    0 nanoseconds spent executing 0 flushes (flushing a total of 0 entities and 0 collections);
    0 nanoseconds spent executing 0 pre-partial-flushes;
    0 nanoseconds spent executing 0 partial-flushes (flushing a total of 0 entities and 0 collections)
}
2026-04-10 12:46:18.270 INFO  [http-nio-8080-exec-3] o.h.e.i.StatisticalLoggingSessionEventListener - Session Metrics {
    10134700 nanoseconds spent acquiring 1 JDBC connections;
    0 nanoseconds spent releasing 0 JDBC connections;
    10375400 nanoseconds spent preparing 1 JDBC statements;
    11118200 nanoseconds spent executing 1 JDBC statements;
    0 nanoseconds spent executing 0 JDBC batches;
    0 nanoseconds spent performing 0 L2C puts;
    0 nanoseconds spent performing 0 L2C hits;
    0 nanoseconds spent performing 0 L2C misses;
    0 nanoseconds spent executing 0 flushes (flushing a total of 0 entities and 0 collections);
    0 nanoseconds spent executing 0 pre-partial-flushes;
    0 nanoseconds spent executing 0 partial-flushes (flushing a total of 0 entities and 0 collections)
}
2026-04-10 12:46:40.879 INFO  [http-nio-8080-exec-6] o.h.e.i.StatisticalLoggingSessionEventListener - Session Metrics {
    16288500 nanoseconds spent acquiring 1 JDBC connections;
    0 nanoseconds spent releasing 0 JDBC connections;
    16481300 nanoseconds spent preparing 1 JDBC statements;
    3325900 nanoseconds spent executing 1 JDBC statements;
    0 nanoseconds spent executing 0 JDBC batches;
    0 nanoseconds spent performing 0 L2C puts;
    0 nanoseconds spent performing 0 L2C hits;
    0 nanoseconds spent performing 0 L2C misses;
    0 nanoseconds spent executing 0 flushes (flushing a total of 0 entities and 0 collections);
    0 nanoseconds spent executing 0 pre-partial-flushes;
    0 nanoseconds spent executing 0 partial-flushes (flushing a total of 0 entities and 0 collections)
}
2026-04-10 12:56:13.510 INFO  [SpringApplicationShutdownHook] o.s.b.w.e.tomcat.GracefulShutdown - Commencing graceful shutdown. Waiting for active requests to complete
