2026-04-20 22:52:07.547 INFO  [main] t.report.mainapp.MainAppApplication - Starting MainAppApplication using Java 18.0.2 with PID 19548 (D:\06-05-2025\report\main-app\target\classes started by Precision 7540 in D:\06-05-2025\report)
2026-04-20 22:52:07.560 INFO  [main] t.report.mainapp.MainAppApplication - No active profile set, falling back to 1 default profile: "default"
2026-04-20 22:52:09.625 INFO  [main] o.s.d.r.c.RepositoryConfigurationDelegate - Multiple Spring Data modules found, entering strict repository configuration mode
2026-04-20 22:52:09.628 INFO  [main] o.s.d.r.c.RepositoryConfigurationDelegate - Bootstrapping Spring Data JPA repositories in DEFAULT mode.
2026-04-20 22:52:09.666 INFO  [main] o.s.d.r.c.RepositoryConfigurationDelegate - Finished Spring Data repository scanning in 23 ms. Found 0 JPA repository interfaces.
2026-04-20 22:52:09.689 INFO  [main] o.s.d.r.c.RepositoryConfigurationDelegate - Multiple Spring Data modules found, entering strict repository configuration mode
2026-04-20 22:52:09.692 INFO  [main] o.s.d.r.c.RepositoryConfigurationDelegate - Bootstrapping Spring Data Redis repositories in DEFAULT mode.
2026-04-20 22:52:09.716 INFO  [main] o.s.d.r.c.RepositoryConfigurationDelegate - Finished Spring Data repository scanning in 6 ms. Found 0 Redis repository interfaces.
2026-04-20 22:52:10.797 INFO  [main] o.s.b.w.e.tomcat.TomcatWebServer - Tomcat initialized with port 8080 (http)
2026-04-20 22:52:10.813 INFO  [main] o.a.coyote.http11.Http11NioProtocol - Initializing ProtocolHandler ["http-nio-8080"]
2026-04-20 22:52:10.814 INFO  [main] o.a.catalina.core.StandardService - Starting service [Tomcat]
2026-04-20 22:52:10.815 INFO  [main] o.a.catalina.core.StandardEngine - Starting Servlet engine: [Apache Tomcat/10.1.42]
2026-04-20 22:52:10.954 INFO  [main] o.a.c.c.C.[Tomcat].[localhost].[/] - Initializing Spring embedded WebApplicationContext
2026-04-20 22:52:10.957 INFO  [main] o.s.b.w.s.c.ServletWebServerApplicationContext - Root WebApplicationContext: initialization completed in 3309 ms
2026-04-20 22:52:11.706 INFO  [main] com.zaxxer.hikari.HikariDataSource - HikariPool-1 - Starting...
2026-04-20 22:52:42.569 INFO  [main] com.zaxxer.hikari.pool.HikariPool - HikariPool-1 - Added connection oracle.jdbc.driver.T4CConnection@9d2af36
2026-04-20 22:52:42.570 INFO  [main] com.zaxxer.hikari.HikariDataSource - HikariPool-1 - Start completed.
2026-04-20 22:52:42.624 INFO  [main] o.h.jpa.internal.util.LogHelper - HHH000204: Processing PersistenceUnitInfo [name: default]
2026-04-20 22:52:42.739 INFO  [main] org.hibernate.Version - HHH000412: Hibernate ORM core version 6.6.18.Final
2026-04-20 22:52:42.805 INFO  [main] o.h.c.i.RegionFactoryInitiator - HHH000026: Second-level cache disabled
2026-04-20 22:52:43.401 INFO  [main] o.s.o.j.p.SpringPersistenceUnitInfo - No LoadTimeWeaver setup: ignoring JPA class transformer
2026-04-20 22:52:44.262 INFO  [main] o.hibernate.orm.connections.pooling - HHH10001005: Database info:
	Database JDBC URL [Connecting through datasource 'HikariDataSource (HikariPool-1)']
	Database driver: undefined/unknown
	Database version: 19.3
	Autocommit mode: undefined/unknown
	Isolation level: undefined/unknown
	Minimum pool size: undefined/unknown
	Maximum pool size: undefined/unknown
2026-04-20 22:52:45.966 INFO  [main] o.h.e.t.j.p.i.JtaPlatformInitiator - HHH000489: No JTA platform available (set 'hibernate.transaction.jta.platform' to enable JTA platform integration)
2026-04-20 22:52:45.970 INFO  [main] o.s.o.j.LocalContainerEntityManagerFactoryBean - Initialized JPA EntityManagerFactory for persistence unit 'default'
2026-04-20 22:52:48.891 INFO  [main] o.s.b.a.e.web.EndpointLinksResolver - Exposing 3 endpoints beneath base path '/actuator'
2026-04-20 22:52:49.002 INFO  [main] o.a.coyote.http11.Http11NioProtocol - Starting ProtocolHandler ["http-nio-8080"]
2026-04-20 22:52:49.033 INFO  [main] o.s.b.w.e.tomcat.TomcatWebServer - Tomcat started on port 8080 (http) with context path '/'
2026-04-20 22:52:49.284 INFO  [main] t.report.mainapp.MainAppApplication - Started MainAppApplication in 42.541 seconds (process running for 45.8)
2026-04-20 22:53:04.306 INFO  [http-nio-8080-exec-1] o.a.c.c.C.[Tomcat].[localhost].[/] - Initializing Spring DispatcherServlet 'dispatcherServlet'
2026-04-20 22:53:04.307 INFO  [http-nio-8080-exec-1] o.s.web.servlet.DispatcherServlet - Initializing Servlet 'dispatcherServlet'
2026-04-20 22:53:04.310 INFO  [http-nio-8080-exec-1] o.s.web.servlet.DispatcherServlet - Completed initialization in 3 ms
2026-04-20 22:53:05.093 INFO  [http-nio-8080-exec-2] o.h.e.i.StatisticalLoggingSessionEventListener - Session Metrics {
    960800 nanoseconds spent acquiring 1 JDBC connections;
    0 nanoseconds spent releasing 0 JDBC connections;
    32667800 nanoseconds spent preparing 1 JDBC statements;
    18049900 nanoseconds spent executing 1 JDBC statements;
    0 nanoseconds spent executing 0 JDBC batches;
    0 nanoseconds spent performing 0 L2C puts;
    0 nanoseconds spent performing 0 L2C hits;
    0 nanoseconds spent performing 0 L2C misses;
    12323000 nanoseconds spent executing 1 flushes (flushing a total of 2 entities and 1 collections);
    32300 nanoseconds spent executing 1 pre-partial-flushes;
    22100 nanoseconds spent executing 1 partial-flushes (flushing a total of 0 entities and 0 collections)
}
2026-04-20 22:53:05.698 INFO  [http-nio-8080-exec-8] o.h.e.i.StatisticalLoggingSessionEventListener - Session Metrics {
    404700 nanoseconds spent acquiring 1 JDBC connections;
    0 nanoseconds spent releasing 0 JDBC connections;
    541000 nanoseconds spent preparing 1 JDBC statements;
    3693300 nanoseconds spent executing 1 JDBC statements;
    0 nanoseconds spent executing 0 JDBC batches;
    0 nanoseconds spent performing 0 L2C puts;
    0 nanoseconds spent performing 0 L2C hits;
    0 nanoseconds spent performing 0 L2C misses;
    0 nanoseconds spent executing 0 flushes (flushing a total of 0 entities and 0 collections);
    0 nanoseconds spent executing 0 pre-partial-flushes;
    0 nanoseconds spent executing 0 partial-flushes (flushing a total of 0 entities and 0 collections)
}
2026-04-20 22:53:05.698 INFO  [http-nio-8080-exec-5] o.h.e.i.StatisticalLoggingSessionEventListener - Session Metrics {
    729400 nanoseconds spent acquiring 1 JDBC connections;
    0 nanoseconds spent releasing 0 JDBC connections;
    870800 nanoseconds spent preparing 1 JDBC statements;
    3014600 nanoseconds spent executing 1 JDBC statements;
    0 nanoseconds spent executing 0 JDBC batches;
    0 nanoseconds spent performing 0 L2C puts;
    0 nanoseconds spent performing 0 L2C hits;
    0 nanoseconds spent performing 0 L2C misses;
    0 nanoseconds spent executing 0 flushes (flushing a total of 0 entities and 0 collections);
    0 nanoseconds spent executing 0 pre-partial-flushes;
    0 nanoseconds spent executing 0 partial-flushes (flushing a total of 0 entities and 0 collections)
}
2026-04-20 22:53:05.797 INFO  [http-nio-8080-exec-10] o.h.e.i.StatisticalLoggingSessionEventListener - Session Metrics {
    881500 nanoseconds spent acquiring 1 JDBC connections;
    0 nanoseconds spent releasing 0 JDBC connections;
    1193900 nanoseconds spent preparing 2 JDBC statements;
    7110200 nanoseconds spent executing 2 JDBC statements;
    0 nanoseconds spent executing 0 JDBC batches;
    0 nanoseconds spent performing 0 L2C puts;
    0 nanoseconds spent performing 0 L2C hits;
    0 nanoseconds spent performing 0 L2C misses;
    0 nanoseconds spent executing 0 flushes (flushing a total of 0 entities and 0 collections);
    0 nanoseconds spent executing 0 pre-partial-flushes;
    0 nanoseconds spent executing 0 partial-flushes (flushing a total of 0 entities and 0 collections)
}
2026-04-20 22:53:05.797 INFO  [http-nio-8080-exec-6] o.h.e.i.StatisticalLoggingSessionEventListener - Session Metrics {
    1086000 nanoseconds spent acquiring 1 JDBC connections;
    0 nanoseconds spent releasing 0 JDBC connections;
    1365100 nanoseconds spent preparing 2 JDBC statements;
    7380600 nanoseconds spent executing 2 JDBC statements;
    0 nanoseconds spent executing 0 JDBC batches;
    0 nanoseconds spent performing 0 L2C puts;
    0 nanoseconds spent performing 0 L2C hits;
    0 nanoseconds spent performing 0 L2C misses;
    0 nanoseconds spent executing 0 flushes (flushing a total of 0 entities and 0 collections);
    0 nanoseconds spent executing 0 pre-partial-flushes;
    0 nanoseconds spent executing 0 partial-flushes (flushing a total of 0 entities and 0 collections)
}
2026-04-20 22:53:05.810 INFO  [http-nio-8080-exec-9] o.h.e.i.StatisticalLoggingSessionEventListener - Session Metrics {
    34600 nanoseconds spent acquiring 1 JDBC connections;
    0 nanoseconds spent releasing 0 JDBC connections;
    373800 nanoseconds spent preparing 2 JDBC statements;
    3401400 nanoseconds spent executing 2 JDBC statements;
    0 nanoseconds spent executing 0 JDBC batches;
    0 nanoseconds spent performing 0 L2C puts;
    0 nanoseconds spent performing 0 L2C hits;
    0 nanoseconds spent performing 0 L2C misses;
    0 nanoseconds spent executing 0 flushes (flushing a total of 0 entities and 0 collections);
    0 nanoseconds spent executing 0 pre-partial-flushes;
    0 nanoseconds spent executing 0 partial-flushes (flushing a total of 0 entities and 0 collections)
}
2026-04-20 22:53:05.810 INFO  [http-nio-8080-exec-7] o.h.e.i.StatisticalLoggingSessionEventListener - Session Metrics {
    36400 nanoseconds spent acquiring 1 JDBC connections;
    0 nanoseconds spent releasing 0 JDBC connections;
    442700 nanoseconds spent preparing 2 JDBC statements;
    3501000 nanoseconds spent executing 2 JDBC statements;
    0 nanoseconds spent executing 0 JDBC batches;
    0 nanoseconds spent performing 0 L2C puts;
    0 nanoseconds spent performing 0 L2C hits;
    0 nanoseconds spent performing 0 L2C misses;
    0 nanoseconds spent executing 0 flushes (flushing a total of 0 entities and 0 collections);
    0 nanoseconds spent executing 0 pre-partial-flushes;
    0 nanoseconds spent executing 0 partial-flushes (flushing a total of 0 entities and 0 collections)
}
2026-04-20 22:53:05.821 INFO  [http-nio-8080-exec-1] o.h.e.i.StatisticalLoggingSessionEventListener - Session Metrics {
    28300 nanoseconds spent acquiring 1 JDBC connections;
    0 nanoseconds spent releasing 0 JDBC connections;
    299000 nanoseconds spent preparing 2 JDBC statements;
    3256100 nanoseconds spent executing 2 JDBC statements;
    0 nanoseconds spent executing 0 JDBC batches;
    0 nanoseconds spent performing 0 L2C puts;
    0 nanoseconds spent performing 0 L2C hits;
    0 nanoseconds spent performing 0 L2C misses;
    0 nanoseconds spent executing 0 flushes (flushing a total of 0 entities and 0 collections);
    0 nanoseconds spent executing 0 pre-partial-flushes;
    0 nanoseconds spent executing 0 partial-flushes (flushing a total of 0 entities and 0 collections)
}
2026-04-20 22:53:05.823 INFO  [http-nio-8080-exec-2] o.h.e.i.StatisticalLoggingSessionEventListener - Session Metrics {
    87200 nanoseconds spent acquiring 1 JDBC connections;
    0 nanoseconds spent releasing 0 JDBC connections;
    353800 nanoseconds spent preparing 2 JDBC statements;
    3012300 nanoseconds spent executing 2 JDBC statements;
    0 nanoseconds spent executing 0 JDBC batches;
    0 nanoseconds spent performing 0 L2C puts;
    0 nanoseconds spent performing 0 L2C hits;
    0 nanoseconds spent performing 0 L2C misses;
    0 nanoseconds spent executing 0 flushes (flushing a total of 0 entities and 0 collections);
    0 nanoseconds spent executing 0 pre-partial-flushes;
    0 nanoseconds spent executing 0 partial-flushes (flushing a total of 0 entities and 0 collections)
}
2026-04-20 22:53:05.831 INFO  [http-nio-8080-exec-3] o.h.e.i.StatisticalLoggingSessionEventListener - Session Metrics {
    38900 nanoseconds spent acquiring 1 JDBC connections;
    0 nanoseconds spent releasing 0 JDBC connections;
    310800 nanoseconds spent preparing 2 JDBC statements;
    3069200 nanoseconds spent executing 2 JDBC statements;
    0 nanoseconds spent executing 0 JDBC batches;
    0 nanoseconds spent performing 0 L2C puts;
    0 nanoseconds spent performing 0 L2C hits;
    0 nanoseconds spent performing 0 L2C misses;
    0 nanoseconds spent executing 0 flushes (flushing a total of 0 entities and 0 collections);
    0 nanoseconds spent executing 0 pre-partial-flushes;
    0 nanoseconds spent executing 0 partial-flushes (flushing a total of 0 entities and 0 collections)
}
2026-04-20 22:53:05.832 INFO  [http-nio-8080-exec-4] o.h.e.i.StatisticalLoggingSessionEventListener - Session Metrics {
    34000 nanoseconds spent acquiring 1 JDBC connections;
    0 nanoseconds spent releasing 0 JDBC connections;
    271100 nanoseconds spent preparing 2 JDBC statements;
    2666500 nanoseconds spent executing 2 JDBC statements;
    0 nanoseconds spent executing 0 JDBC batches;
    0 nanoseconds spent performing 0 L2C puts;
    0 nanoseconds spent performing 0 L2C hits;
    0 nanoseconds spent performing 0 L2C misses;
    0 nanoseconds spent executing 0 flushes (flushing a total of 0 entities and 0 collections);
    0 nanoseconds spent executing 0 pre-partial-flushes;
    0 nanoseconds spent executing 0 partial-flushes (flushing a total of 0 entities and 0 collections)
}
2026-04-20 22:53:05.843 INFO  [http-nio-8080-exec-8] o.h.e.i.StatisticalLoggingSessionEventListener - Session Metrics {
    27200 nanoseconds spent acquiring 1 JDBC connections;
    0 nanoseconds spent releasing 0 JDBC connections;
    289300 nanoseconds spent preparing 2 JDBC statements;
    3417500 nanoseconds spent executing 2 JDBC statements;
    0 nanoseconds spent executing 0 JDBC batches;
    0 nanoseconds spent performing 0 L2C puts;
    0 nanoseconds spent performing 0 L2C hits;
    0 nanoseconds spent performing 0 L2C misses;
    0 nanoseconds spent executing 0 flushes (flushing a total of 0 entities and 0 collections);
    0 nanoseconds spent executing 0 pre-partial-flushes;
    0 nanoseconds spent executing 0 partial-flushes (flushing a total of 0 entities and 0 collections)
}
2026-04-20 22:53:05.846 INFO  [http-nio-8080-exec-5] o.h.e.i.StatisticalLoggingSessionEventListener - Session Metrics {
    23000 nanoseconds spent acquiring 1 JDBC connections;
    0 nanoseconds spent releasing 0 JDBC connections;
    278000 nanoseconds spent preparing 2 JDBC statements;
    5860400 nanoseconds spent executing 2 JDBC statements;
    0 nanoseconds spent executing 0 JDBC batches;
    0 nanoseconds spent performing 0 L2C puts;
    0 nanoseconds spent performing 0 L2C hits;
    0 nanoseconds spent performing 0 L2C misses;
    0 nanoseconds spent executing 0 flushes (flushing a total of 0 entities and 0 collections);
    0 nanoseconds spent executing 0 pre-partial-flushes;
    0 nanoseconds spent executing 0 partial-flushes (flushing a total of 0 entities and 0 collections)
}
2026-04-20 22:53:55.549 INFO  [http-nio-8080-exec-6] o.h.e.i.StatisticalLoggingSessionEventListener - Session Metrics {
    0 nanoseconds spent acquiring 0 JDBC connections;
    0 nanoseconds spent releasing 0 JDBC connections;
    0 nanoseconds spent preparing 0 JDBC statements;
    0 nanoseconds spent executing 0 JDBC statements;
    0 nanoseconds spent executing 0 JDBC batches;
    0 nanoseconds spent performing 0 L2C puts;
    0 nanoseconds spent performing 0 L2C hits;
    0 nanoseconds spent performing 0 L2C misses;
    0 nanoseconds spent executing 0 flushes (flushing a total of 0 entities and 0 collections);
    0 nanoseconds spent executing 0 pre-partial-flushes;
    0 nanoseconds spent executing 0 partial-flushes (flushing a total of 0 entities and 0 collections)
}
2026-04-20 23:02:14.466 INFO  [http-nio-8080-exec-9] o.h.e.i.StatisticalLoggingSessionEventListener - Session Metrics {
    1038400 nanoseconds spent acquiring 1 JDBC connections;
    0 nanoseconds spent releasing 0 JDBC connections;
    15934700 nanoseconds spent preparing 4 JDBC statements;
    9620100100 nanoseconds spent executing 4 JDBC statements;
    0 nanoseconds spent executing 0 JDBC batches;
    0 nanoseconds spent performing 0 L2C puts;
    0 nanoseconds spent performing 0 L2C hits;
    0 nanoseconds spent performing 0 L2C misses;
    910700 nanoseconds spent executing 1 flushes (flushing a total of 4 entities and 1 collections);
    0 nanoseconds spent executing 0 pre-partial-flushes;
    0 nanoseconds spent executing 0 partial-flushes (flushing a total of 0 entities and 0 collections)
}
2026-04-20 23:02:14.473 INFO  [http-nio-8080-exec-4] o.h.e.i.StatisticalLoggingSessionEventListener - Session Metrics {
    27800 nanoseconds spent acquiring 1 JDBC connections;
    0 nanoseconds spent releasing 0 JDBC connections;
    174000 nanoseconds spent preparing 1 JDBC statements;
    1890800 nanoseconds spent executing 1 JDBC statements;
    0 nanoseconds spent executing 0 JDBC batches;
    0 nanoseconds spent performing 0 L2C puts;
    0 nanoseconds spent performing 0 L2C hits;
    0 nanoseconds spent performing 0 L2C misses;
    0 nanoseconds spent executing 0 flushes (flushing a total of 0 entities and 0 collections);
    0 nanoseconds spent executing 0 pre-partial-flushes;
    0 nanoseconds spent executing 0 partial-flushes (flushing a total of 0 entities and 0 collections)
}
2026-04-20 23:02:14.477 INFO  [http-nio-8080-exec-8] o.h.e.i.StatisticalLoggingSessionEventListener - Session Metrics {
    724200 nanoseconds spent acquiring 1 JDBC connections;
    0 nanoseconds spent releasing 0 JDBC connections;
    970000 nanoseconds spent preparing 2 JDBC statements;
    3176000 nanoseconds spent executing 2 JDBC statements;
    0 nanoseconds spent executing 0 JDBC batches;
    0 nanoseconds spent performing 0 L2C puts;
    0 nanoseconds spent performing 0 L2C hits;
    0 nanoseconds spent performing 0 L2C misses;
    0 nanoseconds spent executing 0 flushes (flushing a total of 0 entities and 0 collections);
    0 nanoseconds spent executing 0 pre-partial-flushes;
    0 nanoseconds spent executing 0 partial-flushes (flushing a total of 0 entities and 0 collections)
}
2026-04-20 23:02:52.163 INFO  [http-nio-8080-exec-6] o.h.e.i.StatisticalLoggingSessionEventListener - Session Metrics {
    2457600 nanoseconds spent acquiring 1 JDBC connections;
    0 nanoseconds spent releasing 0 JDBC connections;
    2869200 nanoseconds spent preparing 2 JDBC statements;
    3721100 nanoseconds spent executing 2 JDBC statements;
    0 nanoseconds spent executing 0 JDBC batches;
    0 nanoseconds spent performing 0 L2C puts;
    0 nanoseconds spent performing 0 L2C hits;
    0 nanoseconds spent performing 0 L2C misses;
    0 nanoseconds spent executing 0 flushes (flushing a total of 0 entities and 0 collections);
    0 nanoseconds spent executing 0 pre-partial-flushes;
    0 nanoseconds spent executing 0 partial-flushes (flushing a total of 0 entities and 0 collections)
}
2026-04-20 23:02:52.329 INFO  [http-nio-8080-exec-7] o.h.e.i.StatisticalLoggingSessionEventListener - Session Metrics {
    218064300 nanoseconds spent acquiring 1 JDBC connections;
    0 nanoseconds spent releasing 0 JDBC connections;
    218334600 nanoseconds spent preparing 2 JDBC statements;
    3066500 nanoseconds spent executing 2 JDBC statements;
    0 nanoseconds spent executing 0 JDBC batches;
    0 nanoseconds spent performing 0 L2C puts;
    0 nanoseconds spent performing 0 L2C hits;
    0 nanoseconds spent performing 0 L2C misses;
    0 nanoseconds spent executing 0 flushes (flushing a total of 0 entities and 0 collections);
    0 nanoseconds spent executing 0 pre-partial-flushes;
    0 nanoseconds spent executing 0 partial-flushes (flushing a total of 0 entities and 0 collections)
}
2026-04-20 23:02:59.627 INFO  [http-nio-8080-exec-3] o.h.e.i.StatisticalLoggingSessionEventListener - Session Metrics {
    894600 nanoseconds spent acquiring 1 JDBC connections;
    0 nanoseconds spent releasing 0 JDBC connections;
    1138500 nanoseconds spent preparing 2 JDBC statements;
    46704400 nanoseconds spent executing 2 JDBC statements;
    0 nanoseconds spent executing 0 JDBC batches;
    0 nanoseconds spent performing 0 L2C puts;
    0 nanoseconds spent performing 0 L2C hits;
    0 nanoseconds spent performing 0 L2C misses;
    49526000 nanoseconds spent executing 1 flushes (flushing a total of 1 entities and 1 collections);
    0 nanoseconds spent executing 0 pre-partial-flushes;
    0 nanoseconds spent executing 0 partial-flushes (flushing a total of 0 entities and 0 collections)
}
2026-04-20 23:02:59.638 INFO  [http-nio-8080-exec-2] o.h.e.i.StatisticalLoggingSessionEventListener - Session Metrics {
    910300 nanoseconds spent acquiring 1 JDBC connections;
    0 nanoseconds spent releasing 0 JDBC connections;
    1103800 nanoseconds spent preparing 2 JDBC statements;
    2747500 nanoseconds spent executing 2 JDBC statements;
    0 nanoseconds spent executing 0 JDBC batches;
    0 nanoseconds spent performing 0 L2C puts;
    0 nanoseconds spent performing 0 L2C hits;
    0 nanoseconds spent performing 0 L2C misses;
    0 nanoseconds spent executing 0 flushes (flushing a total of 0 entities and 0 collections);
    0 nanoseconds spent executing 0 pre-partial-flushes;
    0 nanoseconds spent executing 0 partial-flushes (flushing a total of 0 entities and 0 collections)
}
2026-04-20 23:03:11.756 INFO  [http-nio-8080-exec-8] o.h.e.i.StatisticalLoggingSessionEventListener - Session Metrics {
    1162200 nanoseconds spent acquiring 1 JDBC connections;
    0 nanoseconds spent releasing 0 JDBC connections;
    188300 nanoseconds spent preparing 1 JDBC statements;
    2871900 nanoseconds spent executing 1 JDBC statements;
    0 nanoseconds spent executing 0 JDBC batches;
    0 nanoseconds spent performing 0 L2C puts;
    0 nanoseconds spent performing 0 L2C hits;
    0 nanoseconds spent performing 0 L2C misses;
    272800 nanoseconds spent executing 1 flushes (flushing a total of 2 entities and 1 collections);
    7300 nanoseconds spent executing 1 pre-partial-flushes;
    2500 nanoseconds spent executing 1 partial-flushes (flushing a total of 0 entities and 0 collections)
}
2026-04-20 23:03:12.179 INFO  [http-nio-8080-exec-5] o.h.e.i.StatisticalLoggingSessionEventListener - Session Metrics {
    960200 nanoseconds spent acquiring 1 JDBC connections;
    0 nanoseconds spent releasing 0 JDBC connections;
    1371200 nanoseconds spent preparing 1 JDBC statements;
    3580900 nanoseconds spent executing 1 JDBC statements;
    0 nanoseconds spent executing 0 JDBC batches;
    0 nanoseconds spent performing 0 L2C puts;
    0 nanoseconds spent performing 0 L2C hits;
    0 nanoseconds spent performing 0 L2C misses;
    0 nanoseconds spent executing 0 flushes (flushing a total of 0 entities and 0 collections);
    0 nanoseconds spent executing 0 pre-partial-flushes;
    0 nanoseconds spent executing 0 partial-flushes (flushing a total of 0 entities and 0 collections)
}
2026-04-20 23:03:12.180 INFO  [http-nio-8080-exec-6] o.h.e.i.StatisticalLoggingSessionEventListener - Session Metrics {
    29300 nanoseconds spent acquiring 1 JDBC connections;
    0 nanoseconds spent releasing 0 JDBC connections;
    165700 nanoseconds spent preparing 1 JDBC statements;
    1335400 nanoseconds spent executing 1 JDBC statements;
    0 nanoseconds spent executing 0 JDBC batches;
    0 nanoseconds spent performing 0 L2C puts;
    0 nanoseconds spent performing 0 L2C hits;
    0 nanoseconds spent performing 0 L2C misses;
    0 nanoseconds spent executing 0 flushes (flushing a total of 0 entities and 0 collections);
    0 nanoseconds spent executing 0 pre-partial-flushes;
    0 nanoseconds spent executing 0 partial-flushes (flushing a total of 0 entities and 0 collections)
}
2026-04-20 23:03:12.184 INFO  [http-nio-8080-exec-10] o.h.e.i.StatisticalLoggingSessionEventListener - Session Metrics {
    2428300 nanoseconds spent acquiring 1 JDBC connections;
    0 nanoseconds spent releasing 0 JDBC connections;
    2712900 nanoseconds spent preparing 2 JDBC statements;
    4723700 nanoseconds spent executing 2 JDBC statements;
    0 nanoseconds spent executing 0 JDBC batches;
    0 nanoseconds spent performing 0 L2C puts;
    0 nanoseconds spent performing 0 L2C hits;
    0 nanoseconds spent performing 0 L2C misses;
    0 nanoseconds spent executing 0 flushes (flushing a total of 0 entities and 0 collections);
    0 nanoseconds spent executing 0 pre-partial-flushes;
    0 nanoseconds spent executing 0 partial-flushes (flushing a total of 0 entities and 0 collections)
}
2026-04-20 23:03:12.192 INFO  [http-nio-8080-exec-7] o.h.e.i.StatisticalLoggingSessionEventListener - Session Metrics {
    871000 nanoseconds spent acquiring 1 JDBC connections;
    0 nanoseconds spent releasing 0 JDBC connections;
    1157800 nanoseconds spent preparing 2 JDBC statements;
    10563500 nanoseconds spent executing 2 JDBC statements;
    0 nanoseconds spent executing 0 JDBC batches;
    0 nanoseconds spent performing 0 L2C puts;
    0 nanoseconds spent performing 0 L2C hits;
    0 nanoseconds spent performing 0 L2C misses;
    0 nanoseconds spent executing 0 flushes (flushing a total of 0 entities and 0 collections);
    0 nanoseconds spent executing 0 pre-partial-flushes;
    0 nanoseconds spent executing 0 partial-flushes (flushing a total of 0 entities and 0 collections)
}
2026-04-20 23:03:12.319 INFO  [http-nio-8080-exec-1] o.h.e.i.StatisticalLoggingSessionEventListener - Session Metrics {
    43600 nanoseconds spent acquiring 1 JDBC connections;
    0 nanoseconds spent releasing 0 JDBC connections;
    622500 nanoseconds spent preparing 2 JDBC statements;
    9803500 nanoseconds spent executing 2 JDBC statements;
    0 nanoseconds spent executing 0 JDBC batches;
    0 nanoseconds spent performing 0 L2C puts;
    0 nanoseconds spent performing 0 L2C hits;
    0 nanoseconds spent performing 0 L2C misses;
    0 nanoseconds spent executing 0 flushes (flushing a total of 0 entities and 0 collections);
    0 nanoseconds spent executing 0 pre-partial-flushes;
    0 nanoseconds spent executing 0 partial-flushes (flushing a total of 0 entities and 0 collections)
}
2026-04-20 23:03:12.354 INFO  [http-nio-8080-exec-3] o.h.e.i.StatisticalLoggingSessionEventListener - Session Metrics {
    106500 nanoseconds spent acquiring 1 JDBC connections;
    0 nanoseconds spent releasing 0 JDBC connections;
    3383900 nanoseconds spent preparing 2 JDBC statements;
    17332000 nanoseconds spent executing 2 JDBC statements;
    0 nanoseconds spent executing 0 JDBC batches;
    0 nanoseconds spent performing 0 L2C puts;
    0 nanoseconds spent performing 0 L2C hits;
    0 nanoseconds spent performing 0 L2C misses;
    0 nanoseconds spent executing 0 flushes (flushing a total of 0 entities and 0 collections);
    0 nanoseconds spent executing 0 pre-partial-flushes;
    0 nanoseconds spent executing 0 partial-flushes (flushing a total of 0 entities and 0 collections)
}
2026-04-20 23:03:12.361 INFO  [http-nio-8080-exec-2] o.h.e.i.StatisticalLoggingSessionEventListener - Session Metrics {
    32100 nanoseconds spent acquiring 1 JDBC connections;
    0 nanoseconds spent releasing 0 JDBC connections;
    336100 nanoseconds spent preparing 2 JDBC statements;
    12915600 nanoseconds spent executing 2 JDBC statements;
    0 nanoseconds spent executing 0 JDBC batches;
    0 nanoseconds spent performing 0 L2C puts;
    0 nanoseconds spent performing 0 L2C hits;
    0 nanoseconds spent performing 0 L2C misses;
    0 nanoseconds spent executing 0 flushes (flushing a total of 0 entities and 0 collections);
    0 nanoseconds spent executing 0 pre-partial-flushes;
    0 nanoseconds spent executing 0 partial-flushes (flushing a total of 0 entities and 0 collections)
}
2026-04-20 23:03:12.399 INFO  [http-nio-8080-exec-9] o.h.e.i.StatisticalLoggingSessionEventListener - Session Metrics {
    41800 nanoseconds spent acquiring 1 JDBC connections;
    0 nanoseconds spent releasing 0 JDBC connections;
    954200 nanoseconds spent preparing 2 JDBC statements;
    7345400 nanoseconds spent executing 2 JDBC statements;
    0 nanoseconds spent executing 0 JDBC batches;
    0 nanoseconds spent performing 0 L2C puts;
    0 nanoseconds spent performing 0 L2C hits;
    0 nanoseconds spent performing 0 L2C misses;
    0 nanoseconds spent executing 0 flushes (flushing a total of 0 entities and 0 collections);
    0 nanoseconds spent executing 0 pre-partial-flushes;
    0 nanoseconds spent executing 0 partial-flushes (flushing a total of 0 entities and 0 collections)
}
2026-04-20 23:03:12.399 INFO  [http-nio-8080-exec-4] o.h.e.i.StatisticalLoggingSessionEventListener - Session Metrics {
    33600 nanoseconds spent acquiring 1 JDBC connections;
    0 nanoseconds spent releasing 0 JDBC connections;
    1324000 nanoseconds spent preparing 2 JDBC statements;
    8467200 nanoseconds spent executing 2 JDBC statements;
    0 nanoseconds spent executing 0 JDBC batches;
    0 nanoseconds spent performing 0 L2C puts;
    0 nanoseconds spent performing 0 L2C hits;
    0 nanoseconds spent performing 0 L2C misses;
    0 nanoseconds spent executing 0 flushes (flushing a total of 0 entities and 0 collections);
    0 nanoseconds spent executing 0 pre-partial-flushes;
    0 nanoseconds spent executing 0 partial-flushes (flushing a total of 0 entities and 0 collections)
}
2026-04-20 23:03:12.419 INFO  [http-nio-8080-exec-8] o.h.e.i.StatisticalLoggingSessionEventListener - Session Metrics {
    50100 nanoseconds spent acquiring 1 JDBC connections;
    0 nanoseconds spent releasing 0 JDBC connections;
    551800 nanoseconds spent preparing 2 JDBC statements;
    6024700 nanoseconds spent executing 2 JDBC statements;
    0 nanoseconds spent executing 0 JDBC batches;
    0 nanoseconds spent performing 0 L2C puts;
    0 nanoseconds spent performing 0 L2C hits;
    0 nanoseconds spent performing 0 L2C misses;
    0 nanoseconds spent executing 0 flushes (flushing a total of 0 entities and 0 collections);
    0 nanoseconds spent executing 0 pre-partial-flushes;
    0 nanoseconds spent executing 0 partial-flushes (flushing a total of 0 entities and 0 collections)
}
2026-04-20 23:03:12.419 INFO  [http-nio-8080-exec-5] o.h.e.i.StatisticalLoggingSessionEventListener - Session Metrics {
    36900 nanoseconds spent acquiring 1 JDBC connections;
    0 nanoseconds spent releasing 0 JDBC connections;
    419200 nanoseconds spent preparing 2 JDBC statements;
    7254900 nanoseconds spent executing 2 JDBC statements;
    0 nanoseconds spent executing 0 JDBC batches;
    0 nanoseconds spent performing 0 L2C puts;
    0 nanoseconds spent performing 0 L2C hits;
    0 nanoseconds spent performing 0 L2C misses;
    0 nanoseconds spent executing 0 flushes (flushing a total of 0 entities and 0 collections);
    0 nanoseconds spent executing 0 pre-partial-flushes;
    0 nanoseconds spent executing 0 partial-flushes (flushing a total of 0 entities and 0 collections)
}
2026-04-20 23:03:12.434 INFO  [http-nio-8080-exec-6] o.h.e.i.StatisticalLoggingSessionEventListener - Session Metrics {
    39700 nanoseconds spent acquiring 1 JDBC connections;
    0 nanoseconds spent releasing 0 JDBC connections;
    796700 nanoseconds spent preparing 2 JDBC statements;
    6135100 nanoseconds spent executing 2 JDBC statements;
    0 nanoseconds spent executing 0 JDBC batches;
    0 nanoseconds spent performing 0 L2C puts;
    0 nanoseconds spent performing 0 L2C hits;
    0 nanoseconds spent performing 0 L2C misses;
    0 nanoseconds spent executing 0 flushes (flushing a total of 0 entities and 0 collections);
    0 nanoseconds spent executing 0 pre-partial-flushes;
    0 nanoseconds spent executing 0 partial-flushes (flushing a total of 0 entities and 0 collections)
}
2026-04-20 23:03:48.723 INFO  [http-nio-8080-exec-7] o.h.e.i.StatisticalLoggingSessionEventListener - Session Metrics {
    0 nanoseconds spent acquiring 0 JDBC connections;
    0 nanoseconds spent releasing 0 JDBC connections;
    0 nanoseconds spent preparing 0 JDBC statements;
    0 nanoseconds spent executing 0 JDBC statements;
    0 nanoseconds spent executing 0 JDBC batches;
    0 nanoseconds spent performing 0 L2C puts;
    0 nanoseconds spent performing 0 L2C hits;
    0 nanoseconds spent performing 0 L2C misses;
    0 nanoseconds spent executing 0 flushes (flushing a total of 0 entities and 0 collections);
    0 nanoseconds spent executing 0 pre-partial-flushes;
    0 nanoseconds spent executing 0 partial-flushes (flushing a total of 0 entities and 0 collections)
}
2026-04-20 23:04:01.592 INFO  [http-nio-8080-exec-1] o.h.e.i.StatisticalLoggingSessionEventListener - Session Metrics {
    0 nanoseconds spent acquiring 0 JDBC connections;
    0 nanoseconds spent releasing 0 JDBC connections;
    0 nanoseconds spent preparing 0 JDBC statements;
    0 nanoseconds spent executing 0 JDBC statements;
    0 nanoseconds spent executing 0 JDBC batches;
    0 nanoseconds spent performing 0 L2C puts;
    0 nanoseconds spent performing 0 L2C hits;
    0 nanoseconds spent performing 0 L2C misses;
    0 nanoseconds spent executing 0 flushes (flushing a total of 0 entities and 0 collections);
    0 nanoseconds spent executing 0 pre-partial-flushes;
    0 nanoseconds spent executing 0 partial-flushes (flushing a total of 0 entities and 0 collections)
}
2026-04-20 23:11:47.434 INFO  [http-nio-8080-exec-5] o.h.e.i.StatisticalLoggingSessionEventListener - Session Metrics {
    0 nanoseconds spent acquiring 0 JDBC connections;
    0 nanoseconds spent releasing 0 JDBC connections;
    0 nanoseconds spent preparing 0 JDBC statements;
    0 nanoseconds spent executing 0 JDBC statements;
    0 nanoseconds spent executing 0 JDBC batches;
    0 nanoseconds spent performing 0 L2C puts;
    0 nanoseconds spent performing 0 L2C hits;
    0 nanoseconds spent performing 0 L2C misses;
    0 nanoseconds spent executing 0 flushes (flushing a total of 0 entities and 0 collections);
    0 nanoseconds spent executing 0 pre-partial-flushes;
    0 nanoseconds spent executing 0 partial-flushes (flushing a total of 0 entities and 0 collections)
}
2026-04-20 23:20:38.981 INFO  [http-nio-8080-exec-8] o.h.e.i.StatisticalLoggingSessionEventListener - Session Metrics {
    592100 nanoseconds spent acquiring 1 JDBC connections;
    0 nanoseconds spent releasing 0 JDBC connections;
    2195500 nanoseconds spent preparing 5 JDBC statements;
    9581456800 nanoseconds spent executing 5 JDBC statements;
    0 nanoseconds spent executing 0 JDBC batches;
    0 nanoseconds spent performing 0 L2C puts;
    0 nanoseconds spent performing 0 L2C hits;
    0 nanoseconds spent performing 0 L2C misses;
    3729800 nanoseconds spent executing 2 flushes (flushing a total of 6 entities and 2 collections);
    0 nanoseconds spent executing 0 pre-partial-flushes;
    0 nanoseconds spent executing 0 partial-flushes (flushing a total of 0 entities and 0 collections)
}
2026-04-20 23:20:42.170 INFO  [http-nio-8080-exec-6] o.h.e.i.StatisticalLoggingSessionEventListener - Session Metrics {
    744500 nanoseconds spent acquiring 1 JDBC connections;
    0 nanoseconds spent releasing 0 JDBC connections;
    891900 nanoseconds spent preparing 1 JDBC statements;
    7755500 nanoseconds spent executing 1 JDBC statements;
    0 nanoseconds spent executing 0 JDBC batches;
    0 nanoseconds spent performing 0 L2C puts;
    0 nanoseconds spent performing 0 L2C hits;
    0 nanoseconds spent performing 0 L2C misses;
    0 nanoseconds spent executing 0 flushes (flushing a total of 0 entities and 0 collections);
    0 nanoseconds spent executing 0 pre-partial-flushes;
    0 nanoseconds spent executing 0 partial-flushes (flushing a total of 0 entities and 0 collections)
}
2026-04-20 23:20:42.173 INFO  [http-nio-8080-exec-10] o.h.e.i.StatisticalLoggingSessionEventListener - Session Metrics {
    784000 nanoseconds spent acquiring 1 JDBC connections;
    0 nanoseconds spent releasing 0 JDBC connections;
    1069500 nanoseconds spent preparing 2 JDBC statements;
    9833900 nanoseconds spent executing 2 JDBC statements;
    0 nanoseconds spent executing 0 JDBC batches;
    0 nanoseconds spent performing 0 L2C puts;
    0 nanoseconds spent performing 0 L2C hits;
    0 nanoseconds spent performing 0 L2C misses;
    0 nanoseconds spent executing 0 flushes (flushing a total of 0 entities and 0 collections);
    0 nanoseconds spent executing 0 pre-partial-flushes;
    0 nanoseconds spent executing 0 partial-flushes (flushing a total of 0 entities and 0 collections)
}
2026-04-20 23:27:09.114 INFO  [http-nio-8080-exec-3] o.h.e.i.StatisticalLoggingSessionEventListener - Session Metrics {
    0 nanoseconds spent acquiring 0 JDBC connections;
    0 nanoseconds spent releasing 0 JDBC connections;
    0 nanoseconds spent preparing 0 JDBC statements;
    0 nanoseconds spent executing 0 JDBC statements;
    0 nanoseconds spent executing 0 JDBC batches;
    0 nanoseconds spent performing 0 L2C puts;
    0 nanoseconds spent performing 0 L2C hits;
    0 nanoseconds spent performing 0 L2C misses;
    0 nanoseconds spent executing 0 flushes (flushing a total of 0 entities and 0 collections);
    0 nanoseconds spent executing 0 pre-partial-flushes;
    0 nanoseconds spent executing 0 partial-flushes (flushing a total of 0 entities and 0 collections)
}
2026-04-20 23:27:17.137 INFO  [http-nio-8080-exec-2] o.h.e.i.StatisticalLoggingSessionEventListener - Session Metrics {
    1140400 nanoseconds spent acquiring 1 JDBC connections;
    0 nanoseconds spent releasing 0 JDBC connections;
    1739100 nanoseconds spent preparing 5 JDBC statements;
    55521000 nanoseconds spent executing 5 JDBC statements;
    0 nanoseconds spent executing 0 JDBC batches;
    0 nanoseconds spent performing 0 L2C puts;
    0 nanoseconds spent performing 0 L2C hits;
    0 nanoseconds spent performing 0 L2C misses;
    7540400 nanoseconds spent executing 2 flushes (flushing a total of 6 entities and 2 collections);
    0 nanoseconds spent executing 0 pre-partial-flushes;
    0 nanoseconds spent executing 0 partial-flushes (flushing a total of 0 entities and 0 collections)
}
2026-04-20 23:27:17.884 INFO  [http-nio-8080-exec-4] o.h.e.i.StatisticalLoggingSessionEventListener - Session Metrics {
    1021800 nanoseconds spent acquiring 1 JDBC connections;
    0 nanoseconds spent releasing 0 JDBC connections;
    1170100 nanoseconds spent preparing 1 JDBC statements;
    2557500 nanoseconds spent executing 1 JDBC statements;
    0 nanoseconds spent executing 0 JDBC batches;
    0 nanoseconds spent performing 0 L2C puts;
    0 nanoseconds spent performing 0 L2C hits;
    0 nanoseconds spent performing 0 L2C misses;
    0 nanoseconds spent executing 0 flushes (flushing a total of 0 entities and 0 collections);
    0 nanoseconds spent executing 0 pre-partial-flushes;
    0 nanoseconds spent executing 0 partial-flushes (flushing a total of 0 entities and 0 collections)
}
2026-04-20 23:27:17.888 INFO  [http-nio-8080-exec-9] o.h.e.i.StatisticalLoggingSessionEventListener - Session Metrics {
    924000 nanoseconds spent acquiring 1 JDBC connections;
    0 nanoseconds spent releasing 0 JDBC connections;
    1132300 nanoseconds spent preparing 2 JDBC statements;
    5385500 nanoseconds spent executing 2 JDBC statements;
    0 nanoseconds spent executing 0 JDBC batches;
    0 nanoseconds spent performing 0 L2C puts;
    0 nanoseconds spent performing 0 L2C hits;
    0 nanoseconds spent performing 0 L2C misses;
    0 nanoseconds spent executing 0 flushes (flushing a total of 0 entities and 0 collections);
    0 nanoseconds spent executing 0 pre-partial-flushes;
    0 nanoseconds spent executing 0 partial-flushes (flushing a total of 0 entities and 0 collections)
}
2026-04-20 23:28:15.754 INFO  [http-nio-8080-exec-5] o.h.e.i.StatisticalLoggingSessionEventListener - Session Metrics {
    0 nanoseconds spent acquiring 0 JDBC connections;
    0 nanoseconds spent releasing 0 JDBC connections;
    0 nanoseconds spent preparing 0 JDBC statements;
    0 nanoseconds spent executing 0 JDBC statements;
    0 nanoseconds spent executing 0 JDBC batches;
    0 nanoseconds spent performing 0 L2C puts;
    0 nanoseconds spent performing 0 L2C hits;
    0 nanoseconds spent performing 0 L2C misses;
    0 nanoseconds spent executing 0 flushes (flushing a total of 0 entities and 0 collections);
    0 nanoseconds spent executing 0 pre-partial-flushes;
    0 nanoseconds spent executing 0 partial-flushes (flushing a total of 0 entities and 0 collections)
}
2026-04-20 23:39:57.869 INFO  [SpringApplicationShutdownHook] o.s.b.w.e.tomcat.GracefulShutdown - Commencing graceful shutdown. Waiting for active requests to complete
2026-04-20 23:39:58.310 INFO  [http-nio-8080-exec-8] o.h.e.i.StatisticalLoggingSessionEventListener - Session Metrics {
    840800 nanoseconds spent acquiring 1 JDBC connections;
    0 nanoseconds spent releasing 0 JDBC connections;
    1573000 nanoseconds spent preparing 5 JDBC statements;
    34651300 nanoseconds spent executing 5 JDBC statements;
    0 nanoseconds spent executing 0 JDBC batches;
    0 nanoseconds spent performing 0 L2C puts;
    0 nanoseconds spent performing 0 L2C hits;
    0 nanoseconds spent performing 0 L2C misses;
    8031800 nanoseconds spent executing 2 flushes (flushing a total of 6 entities and 2 collections);
    0 nanoseconds spent executing 0 pre-partial-flushes;
    0 nanoseconds spent executing 0 partial-flushes (flushing a total of 0 entities and 0 collections)
}
2026-04-20 23:39:58.316 INFO  [tomcat-shutdown] o.s.b.w.e.tomcat.GracefulShutdown - Graceful shutdown complete
2026-04-20 23:39:58.336 INFO  [SpringApplicationShutdownHook] o.s.o.j.LocalContainerEntityManagerFactoryBean - Closing JPA EntityManagerFactory for persistence unit 'default'
2026-04-20 23:39:58.340 INFO  [SpringApplicationShutdownHook] com.zaxxer.hikari.HikariDataSource - HikariPool-1 - Shutdown initiated...
2026-04-20 23:40:10.524 INFO  [main] t.report.mainapp.MainAppApplication - Starting MainAppApplication using Java 18.0.2 with PID 9780 (D:\06-05-2025\report\main-app\target\classes started by Precision 7540 in D:\06-05-2025\report)
2026-04-20 23:40:10.525 INFO  [main] t.report.mainapp.MainAppApplication - No active profile set, falling back to 1 default profile: "default"
2026-04-20 23:40:11.646 INFO  [main] o.s.d.r.c.RepositoryConfigurationDelegate - Multiple Spring Data modules found, entering strict repository configuration mode
2026-04-20 23:40:11.648 INFO  [main] o.s.d.r.c.RepositoryConfigurationDelegate - Bootstrapping Spring Data JPA repositories in DEFAULT mode.
2026-04-20 23:40:11.671 INFO  [main] o.s.d.r.c.RepositoryConfigurationDelegate - Finished Spring Data repository scanning in 15 ms. Found 0 JPA repository interfaces.
2026-04-20 23:40:11.687 INFO  [main] o.s.d.r.c.RepositoryConfigurationDelegate - Multiple Spring Data modules found, entering strict repository configuration mode
2026-04-20 23:40:11.688 INFO  [main] o.s.d.r.c.RepositoryConfigurationDelegate - Bootstrapping Spring Data Redis repositories in DEFAULT mode.
2026-04-20 23:40:11.702 INFO  [main] o.s.d.r.c.RepositoryConfigurationDelegate - Finished Spring Data repository scanning in 4 ms. Found 0 Redis repository interfaces.
2026-04-20 23:40:12.439 INFO  [main] o.s.b.w.e.tomcat.TomcatWebServer - Tomcat initialized with port 8080 (http)
2026-04-20 23:40:12.451 INFO  [main] o.a.coyote.http11.Http11NioProtocol - Initializing ProtocolHandler ["http-nio-8080"]
2026-04-20 23:40:12.452 INFO  [main] o.a.catalina.core.StandardService - Starting service [Tomcat]
2026-04-20 23:40:12.452 INFO  [main] o.a.catalina.core.StandardEngine - Starting Servlet engine: [Apache Tomcat/10.1.42]
2026-04-20 23:40:12.529 INFO  [main] o.a.c.c.C.[Tomcat].[localhost].[/] - Initializing Spring embedded WebApplicationContext
2026-04-20 23:40:12.530 INFO  [main] o.s.b.w.s.c.ServletWebServerApplicationContext - Root WebApplicationContext: initialization completed in 1955 ms
2026-04-20 23:40:13.063 INFO  [main] com.zaxxer.hikari.HikariDataSource - HikariPool-1 - Starting...
2026-04-20 23:40:13.596 INFO  [main] com.zaxxer.hikari.pool.HikariPool - HikariPool-1 - Added connection oracle.jdbc.driver.T4CConnection@408f70ab
2026-04-20 23:40:13.597 INFO  [main] com.zaxxer.hikari.HikariDataSource - HikariPool-1 - Start completed.
2026-04-20 23:40:13.637 INFO  [main] o.h.jpa.internal.util.LogHelper - HHH000204: Processing PersistenceUnitInfo [name: default]
2026-04-20 23:40:13.716 INFO  [main] org.hibernate.Version - HHH000412: Hibernate ORM core version 6.6.18.Final
2026-04-20 23:40:13.758 INFO  [main] o.h.c.i.RegionFactoryInitiator - HHH000026: Second-level cache disabled
2026-04-20 23:40:14.042 INFO  [main] o.s.o.j.p.SpringPersistenceUnitInfo - No LoadTimeWeaver setup: ignoring JPA class transformer
2026-04-20 23:40:14.324 INFO  [main] o.hibernate.orm.connections.pooling - HHH10001005: Database info:
	Database JDBC URL [Connecting through datasource 'HikariDataSource (HikariPool-1)']
	Database driver: undefined/unknown
	Database version: 19.3
	Autocommit mode: undefined/unknown
	Isolation level: undefined/unknown
	Minimum pool size: undefined/unknown
	Maximum pool size: undefined/unknown
2026-04-20 23:40:15.255 INFO  [main] o.h.e.t.j.p.i.JtaPlatformInitiator - HHH000489: No JTA platform available (set 'hibernate.transaction.jta.platform' to enable JTA platform integration)
2026-04-20 23:40:15.258 INFO  [main] o.s.o.j.LocalContainerEntityManagerFactoryBean - Initialized JPA EntityManagerFactory for persistence unit 'default'
2026-04-20 23:40:17.116 INFO  [main] o.s.b.a.e.web.EndpointLinksResolver - Exposing 3 endpoints beneath base path '/actuator'
2026-04-20 23:40:17.216 INFO  [main] o.a.coyote.http11.Http11NioProtocol - Starting ProtocolHandler ["http-nio-8080"]
2026-04-20 23:40:17.234 INFO  [main] o.s.b.w.e.tomcat.TomcatWebServer - Tomcat started on port 8080 (http) with context path '/'
2026-04-20 23:40:17.444 INFO  [main] t.report.mainapp.MainAppApplication - Started MainAppApplication in 8.045 seconds (process running for 9.006)
2026-04-20 23:40:18.088 INFO  [RMI TCP Connection(2)-169.254.31.210] o.a.c.c.C.[Tomcat].[localhost].[/] - Initializing Spring DispatcherServlet 'dispatcherServlet'
2026-04-20 23:40:18.088 INFO  [RMI TCP Connection(2)-169.254.31.210] o.s.web.servlet.DispatcherServlet - Initializing Servlet 'dispatcherServlet'
2026-04-20 23:40:18.090 INFO  [RMI TCP Connection(2)-169.254.31.210] o.s.web.servlet.DispatcherServlet - Completed initialization in 1 ms
2026-04-20 23:40:25.382 INFO  [http-nio-8080-exec-1] o.h.e.i.StatisticalLoggingSessionEventListener - Session Metrics {
    821500 nanoseconds spent acquiring 1 JDBC connections;
    0 nanoseconds spent releasing 0 JDBC connections;
    33032600 nanoseconds spent preparing 1 JDBC statements;
    13405200 nanoseconds spent executing 1 JDBC statements;
    0 nanoseconds spent executing 0 JDBC batches;
    0 nanoseconds spent performing 0 L2C puts;
    0 nanoseconds spent performing 0 L2C hits;
    0 nanoseconds spent performing 0 L2C misses;
    14548700 nanoseconds spent executing 1 flushes (flushing a total of 2 entities and 1 collections);
    34300 nanoseconds spent executing 1 pre-partial-flushes;
    15000 nanoseconds spent executing 1 partial-flushes (flushing a total of 0 entities and 0 collections)
}
2026-04-20 23:40:29.788 INFO  [http-nio-8080-exec-2] o.h.e.i.StatisticalLoggingSessionEventListener - Session Metrics {
    637800 nanoseconds spent acquiring 1 JDBC connections;
    0 nanoseconds spent releasing 0 JDBC connections;
    814000 nanoseconds spent preparing 1 JDBC statements;
    2072700 nanoseconds spent executing 1 JDBC statements;
    0 nanoseconds spent executing 0 JDBC batches;
    0 nanoseconds spent performing 0 L2C puts;
    0 nanoseconds spent performing 0 L2C hits;
    0 nanoseconds spent performing 0 L2C misses;
    0 nanoseconds spent executing 0 flushes (flushing a total of 0 entities and 0 collections);
    0 nanoseconds spent executing 0 pre-partial-flushes;
    0 nanoseconds spent executing 0 partial-flushes (flushing a total of 0 entities and 0 collections)
}
2026-04-20 23:40:29.788 INFO  [http-nio-8080-exec-4] o.h.e.i.StatisticalLoggingSessionEventListener - Session Metrics {
    594600 nanoseconds spent acquiring 1 JDBC connections;
    0 nanoseconds spent releasing 0 JDBC connections;
    756700 nanoseconds spent preparing 1 JDBC statements;
    3911000 nanoseconds spent executing 1 JDBC statements;
    0 nanoseconds spent executing 0 JDBC batches;
    0 nanoseconds spent performing 0 L2C puts;
    0 nanoseconds spent performing 0 L2C hits;
    0 nanoseconds spent performing 0 L2C misses;
    0 nanoseconds spent executing 0 flushes (flushing a total of 0 entities and 0 collections);
    0 nanoseconds spent executing 0 pre-partial-flushes;
    0 nanoseconds spent executing 0 partial-flushes (flushing a total of 0 entities and 0 collections)
}
2026-04-20 23:40:29.835 INFO  [http-nio-8080-exec-3] o.h.e.i.StatisticalLoggingSessionEventListener - Session Metrics {
    805000 nanoseconds spent acquiring 1 JDBC connections;
    0 nanoseconds spent releasing 0 JDBC connections;
    1031300 nanoseconds spent preparing 2 JDBC statements;
    4612600 nanoseconds spent executing 2 JDBC statements;
    0 nanoseconds spent executing 0 JDBC batches;
    0 nanoseconds spent performing 0 L2C puts;
    0 nanoseconds spent performing 0 L2C hits;
    0 nanoseconds spent performing 0 L2C misses;
    0 nanoseconds spent executing 0 flushes (flushing a total of 0 entities and 0 collections);
    0 nanoseconds spent executing 0 pre-partial-flushes;
    0 nanoseconds spent executing 0 partial-flushes (flushing a total of 0 entities and 0 collections)
}
2026-04-20 23:40:29.835 INFO  [http-nio-8080-exec-5] o.h.e.i.StatisticalLoggingSessionEventListener - Session Metrics {
    1634600 nanoseconds spent acquiring 1 JDBC connections;
    0 nanoseconds spent releasing 0 JDBC connections;
    1890800 nanoseconds spent preparing 2 JDBC statements;
    5895700 nanoseconds spent executing 2 JDBC statements;
    0 nanoseconds spent executing 0 JDBC batches;
    0 nanoseconds spent performing 0 L2C puts;
    0 nanoseconds spent performing 0 L2C hits;
    0 nanoseconds spent performing 0 L2C misses;
    0 nanoseconds spent executing 0 flushes (flushing a total of 0 entities and 0 collections);
    0 nanoseconds spent executing 0 pre-partial-flushes;
    0 nanoseconds spent executing 0 partial-flushes (flushing a total of 0 entities and 0 collections)
}
2026-04-20 23:40:31.891 INFO  [http-nio-8080-exec-6] o.h.e.i.StatisticalLoggingSessionEventListener - Session Metrics {
    826500 nanoseconds spent acquiring 1 JDBC connections;
    0 nanoseconds spent releasing 0 JDBC connections;
    1139000 nanoseconds spent preparing 2 JDBC statements;
    3699400 nanoseconds spent executing 2 JDBC statements;
    0 nanoseconds spent executing 0 JDBC batches;
    0 nanoseconds spent performing 0 L2C puts;
    0 nanoseconds spent performing 0 L2C hits;
    0 nanoseconds spent performing 0 L2C misses;
    0 nanoseconds spent executing 0 flushes (flushing a total of 0 entities and 0 collections);
    0 nanoseconds spent executing 0 pre-partial-flushes;
    0 nanoseconds spent executing 0 partial-flushes (flushing a total of 0 entities and 0 collections)
}
2026-04-20 23:40:31.893 INFO  [http-nio-8080-exec-7] o.h.e.i.StatisticalLoggingSessionEventListener - Session Metrics {
    822300 nanoseconds spent acquiring 1 JDBC connections;
    0 nanoseconds spent releasing 0 JDBC connections;
    1095000 nanoseconds spent preparing 2 JDBC statements;
    6306000 nanoseconds spent executing 2 JDBC statements;
    0 nanoseconds spent executing 0 JDBC batches;
    0 nanoseconds spent performing 0 L2C puts;
    0 nanoseconds spent performing 0 L2C hits;
    0 nanoseconds spent performing 0 L2C misses;
    0 nanoseconds spent executing 0 flushes (flushing a total of 0 entities and 0 collections);
    0 nanoseconds spent executing 0 pre-partial-flushes;
    0 nanoseconds spent executing 0 partial-flushes (flushing a total of 0 entities and 0 collections)
}
2026-04-20 23:40:34.056 INFO  [http-nio-8080-exec-8] o.h.e.i.StatisticalLoggingSessionEventListener - Session Metrics {
    786000 nanoseconds spent acquiring 1 JDBC connections;
    0 nanoseconds spent releasing 0 JDBC connections;
    1031800 nanoseconds spent preparing 2 JDBC statements;
    799944200 nanoseconds spent executing 2 JDBC statements;
    0 nanoseconds spent executing 0 JDBC batches;
    0 nanoseconds spent performing 0 L2C puts;
    0 nanoseconds spent performing 0 L2C hits;
    0 nanoseconds spent performing 0 L2C misses;
    0 nanoseconds spent executing 0 flushes (flushing a total of 0 entities and 0 collections);
    0 nanoseconds spent executing 0 pre-partial-flushes;
    0 nanoseconds spent executing 0 partial-flushes (flushing a total of 0 entities and 0 collections)
}
2026-04-20 23:40:34.062 INFO  [http-nio-8080-exec-9] o.h.e.i.StatisticalLoggingSessionEventListener - Session Metrics {
    1018000 nanoseconds spent acquiring 1 JDBC connections;
    0 nanoseconds spent releasing 0 JDBC connections;
    1345700 nanoseconds spent preparing 2 JDBC statements;
    4205700 nanoseconds spent executing 2 JDBC statements;
    0 nanoseconds spent executing 0 JDBC batches;
    0 nanoseconds spent performing 0 L2C puts;
    0 nanoseconds spent performing 0 L2C hits;
    0 nanoseconds spent performing 0 L2C misses;
    0 nanoseconds spent executing 0 flushes (flushing a total of 0 entities and 0 collections);
    0 nanoseconds spent executing 0 pre-partial-flushes;
    0 nanoseconds spent executing 0 partial-flushes (flushing a total of 0 entities and 0 collections)
}
2026-04-20 23:40:35.199 INFO  [http-nio-8080-exec-10] o.h.e.i.StatisticalLoggingSessionEventListener - Session Metrics {
    853200 nanoseconds spent acquiring 1 JDBC connections;
    0 nanoseconds spent releasing 0 JDBC connections;
    528449700 nanoseconds spent preparing 2 JDBC statements;
    2841200 nanoseconds spent executing 2 JDBC statements;
    0 nanoseconds spent executing 0 JDBC batches;
    0 nanoseconds spent performing 0 L2C puts;
    0 nanoseconds spent performing 0 L2C hits;
    0 nanoseconds spent performing 0 L2C misses;
    0 nanoseconds spent executing 0 flushes (flushing a total of 0 entities and 0 collections);
    0 nanoseconds spent executing 0 pre-partial-flushes;
    0 nanoseconds spent executing 0 partial-flushes (flushing a total of 0 entities and 0 collections)
}
2026-04-20 23:40:35.204 INFO  [http-nio-8080-exec-1] o.h.e.i.StatisticalLoggingSessionEventListener - Session Metrics {
    1951600 nanoseconds spent acquiring 1 JDBC connections;
    0 nanoseconds spent releasing 0 JDBC connections;
    2247400 nanoseconds spent preparing 2 JDBC statements;
    2967800 nanoseconds spent executing 2 JDBC statements;
    0 nanoseconds spent executing 0 JDBC batches;
    0 nanoseconds spent performing 0 L2C puts;
    0 nanoseconds spent performing 0 L2C hits;
    0 nanoseconds spent performing 0 L2C misses;
    0 nanoseconds spent executing 0 flushes (flushing a total of 0 entities and 0 collections);
    0 nanoseconds spent executing 0 pre-partial-flushes;
    0 nanoseconds spent executing 0 partial-flushes (flushing a total of 0 entities and 0 collections)
}
2026-04-20 23:40:36.258 INFO  [http-nio-8080-exec-2] o.h.e.i.StatisticalLoggingSessionEventListener - Session Metrics {
    750300 nanoseconds spent acquiring 1 JDBC connections;
    0 nanoseconds spent releasing 0 JDBC connections;
    542121300 nanoseconds spent preparing 2 JDBC statements;
    3220000 nanoseconds spent executing 2 JDBC statements;
    0 nanoseconds spent executing 0 JDBC batches;
    0 nanoseconds spent performing 0 L2C puts;
    0 nanoseconds spent performing 0 L2C hits;
    0 nanoseconds spent performing 0 L2C misses;
    0 nanoseconds spent executing 0 flushes (flushing a total of 0 entities and 0 collections);
    0 nanoseconds spent executing 0 pre-partial-flushes;
    0 nanoseconds spent executing 0 partial-flushes (flushing a total of 0 entities and 0 collections)
}
2026-04-20 23:40:36.264 INFO  [http-nio-8080-exec-4] o.h.e.i.StatisticalLoggingSessionEventListener - Session Metrics {
    985200 nanoseconds spent acquiring 1 JDBC connections;
    0 nanoseconds spent releasing 0 JDBC connections;
    1302000 nanoseconds spent preparing 2 JDBC statements;
    4349500 nanoseconds spent executing 2 JDBC statements;
    0 nanoseconds spent executing 0 JDBC batches;
    0 nanoseconds spent performing 0 L2C puts;
    0 nanoseconds spent performing 0 L2C hits;
    0 nanoseconds spent performing 0 L2C misses;
    0 nanoseconds spent executing 0 flushes (flushing a total of 0 entities and 0 collections);
    0 nanoseconds spent executing 0 pre-partial-flushes;
    0 nanoseconds spent executing 0 partial-flushes (flushing a total of 0 entities and 0 collections)
}
2026-04-20 23:40:53.644 INFO  [http-nio-8080-exec-3] o.h.e.i.StatisticalLoggingSessionEventListener - Session Metrics {
    1036500 nanoseconds spent acquiring 1 JDBC connections;
    0 nanoseconds spent releasing 0 JDBC connections;
    280800 nanoseconds spent preparing 1 JDBC statements;
    2925500 nanoseconds spent executing 1 JDBC statements;
    0 nanoseconds spent executing 0 JDBC batches;
    0 nanoseconds spent performing 0 L2C puts;
    0 nanoseconds spent performing 0 L2C hits;
    0 nanoseconds spent performing 0 L2C misses;
    235600 nanoseconds spent executing 1 flushes (flushing a total of 2 entities and 1 collections);
    8300 nanoseconds spent executing 1 pre-partial-flushes;
    3500 nanoseconds spent executing 1 partial-flushes (flushing a total of 0 entities and 0 collections)
}
2026-04-20 23:41:42.156 INFO  [http-nio-8080-exec-7] o.h.e.i.StatisticalLoggingSessionEventListener - Session Metrics {
    1033800 nanoseconds spent acquiring 1 JDBC connections;
    0 nanoseconds spent releasing 0 JDBC connections;
    1232300 nanoseconds spent preparing 1 JDBC statements;
    3172700 nanoseconds spent executing 1 JDBC statements;
    0 nanoseconds spent executing 0 JDBC batches;
    0 nanoseconds spent performing 0 L2C puts;
    0 nanoseconds spent performing 0 L2C hits;
    0 nanoseconds spent performing 0 L2C misses;
    0 nanoseconds spent executing 0 flushes (flushing a total of 0 entities and 0 collections);
    0 nanoseconds spent executing 0 pre-partial-flushes;
    0 nanoseconds spent executing 0 partial-flushes (flushing a total of 0 entities and 0 collections)
}
2026-04-20 23:41:42.158 INFO  [http-nio-8080-exec-5] o.h.e.i.StatisticalLoggingSessionEventListener - Session Metrics {
    1943600 nanoseconds spent acquiring 1 JDBC connections;
    0 nanoseconds spent releasing 0 JDBC connections;
    2109100 nanoseconds spent preparing 1 JDBC statements;
    1611600 nanoseconds spent executing 1 JDBC statements;
    0 nanoseconds spent executing 0 JDBC batches;
    0 nanoseconds spent performing 0 L2C puts;
    0 nanoseconds spent performing 0 L2C hits;
    0 nanoseconds spent performing 0 L2C misses;
    0 nanoseconds spent executing 0 flushes (flushing a total of 0 entities and 0 collections);
    0 nanoseconds spent executing 0 pre-partial-flushes;
    0 nanoseconds spent executing 0 partial-flushes (flushing a total of 0 entities and 0 collections)
}
2026-04-20 23:41:42.165 INFO  [http-nio-8080-exec-9] o.h.e.i.StatisticalLoggingSessionEventListener - Session Metrics {
    43400 nanoseconds spent acquiring 1 JDBC connections;
    0 nanoseconds spent releasing 0 JDBC connections;
    420000 nanoseconds spent preparing 2 JDBC statements;
    4892900 nanoseconds spent executing 2 JDBC statements;
    0 nanoseconds spent executing 0 JDBC batches;
    0 nanoseconds spent performing 0 L2C puts;
    0 nanoseconds spent performing 0 L2C hits;
    0 nanoseconds spent performing 0 L2C misses;
    0 nanoseconds spent executing 0 flushes (flushing a total of 0 entities and 0 collections);
    0 nanoseconds spent executing 0 pre-partial-flushes;
    0 nanoseconds spent executing 0 partial-flushes (flushing a total of 0 entities and 0 collections)
}
2026-04-20 23:41:42.210 INFO  [http-nio-8080-exec-10] o.h.e.i.StatisticalLoggingSessionEventListener - Session Metrics {
    32600 nanoseconds spent acquiring 1 JDBC connections;
    0 nanoseconds spent releasing 0 JDBC connections;
    339500 nanoseconds spent preparing 2 JDBC statements;
    4880600 nanoseconds spent executing 2 JDBC statements;
    0 nanoseconds spent executing 0 JDBC batches;
    0 nanoseconds spent performing 0 L2C puts;
    0 nanoseconds spent performing 0 L2C hits;
    0 nanoseconds spent performing 0 L2C misses;
    0 nanoseconds spent executing 0 flushes (flushing a total of 0 entities and 0 collections);
    0 nanoseconds spent executing 0 pre-partial-flushes;
    0 nanoseconds spent executing 0 partial-flushes (flushing a total of 0 entities and 0 collections)
}
2026-04-20 23:41:42.220 INFO  [http-nio-8080-exec-1] o.h.e.i.StatisticalLoggingSessionEventListener - Session Metrics {
    40800 nanoseconds spent acquiring 1 JDBC connections;
    0 nanoseconds spent releasing 0 JDBC connections;
    254500 nanoseconds spent preparing 2 JDBC statements;
    3618900 nanoseconds spent executing 2 JDBC statements;
    0 nanoseconds spent executing 0 JDBC batches;
    0 nanoseconds spent performing 0 L2C puts;
    0 nanoseconds spent performing 0 L2C hits;
    0 nanoseconds spent performing 0 L2C misses;
    0 nanoseconds spent executing 0 flushes (flushing a total of 0 entities and 0 collections);
    0 nanoseconds spent executing 0 pre-partial-flushes;
    0 nanoseconds spent executing 0 partial-flushes (flushing a total of 0 entities and 0 collections)
}
2026-04-20 23:41:42.229 INFO  [http-nio-8080-exec-2] o.h.e.i.StatisticalLoggingSessionEventListener - Session Metrics {
    21700 nanoseconds spent acquiring 1 JDBC connections;
    0 nanoseconds spent releasing 0 JDBC connections;
    263600 nanoseconds spent preparing 2 JDBC statements;
    3036700 nanoseconds spent executing 2 JDBC statements;
    0 nanoseconds spent executing 0 JDBC batches;
    0 nanoseconds spent performing 0 L2C puts;
    0 nanoseconds spent performing 0 L2C hits;
    0 nanoseconds spent performing 0 L2C misses;
    0 nanoseconds spent executing 0 flushes (flushing a total of 0 entities and 0 collections);
    0 nanoseconds spent executing 0 pre-partial-flushes;
    0 nanoseconds spent executing 0 partial-flushes (flushing a total of 0 entities and 0 collections)
}
2026-04-20 23:41:42.238 INFO  [http-nio-8080-exec-4] o.h.e.i.StatisticalLoggingSessionEventListener - Session Metrics {
    666600 nanoseconds spent acquiring 1 JDBC connections;
    0 nanoseconds spent releasing 0 JDBC connections;
    872300 nanoseconds spent preparing 2 JDBC statements;
    3061900 nanoseconds spent executing 2 JDBC statements;
    0 nanoseconds spent executing 0 JDBC batches;
    0 nanoseconds spent performing 0 L2C puts;
    0 nanoseconds spent performing 0 L2C hits;
    0 nanoseconds spent performing 0 L2C misses;
    0 nanoseconds spent executing 0 flushes (flushing a total of 0 entities and 0 collections);
    0 nanoseconds spent executing 0 pre-partial-flushes;
    0 nanoseconds spent executing 0 partial-flushes (flushing a total of 0 entities and 0 collections)
}
2026-04-20 23:41:42.385 INFO  [http-nio-8080-exec-6] o.h.e.i.StatisticalLoggingSessionEventListener - Session Metrics {
    209295600 nanoseconds spent acquiring 1 JDBC connections;
    0 nanoseconds spent releasing 0 JDBC connections;
    210134900 nanoseconds spent preparing 2 JDBC statements;
    16450000 nanoseconds spent executing 2 JDBC statements;
    0 nanoseconds spent executing 0 JDBC batches;
    0 nanoseconds spent performing 0 L2C puts;
    0 nanoseconds spent performing 0 L2C hits;
    0 nanoseconds spent performing 0 L2C misses;
    0 nanoseconds spent executing 0 flushes (flushing a total of 0 entities and 0 collections);
    0 nanoseconds spent executing 0 pre-partial-flushes;
    0 nanoseconds spent executing 0 partial-flushes (flushing a total of 0 entities and 0 collections)
}
2026-04-20 23:41:42.406 INFO  [http-nio-8080-exec-3] o.h.e.i.StatisticalLoggingSessionEventListener - Session Metrics {
    28800 nanoseconds spent acquiring 1 JDBC connections;
    0 nanoseconds spent releasing 0 JDBC connections;
    322400 nanoseconds spent preparing 2 JDBC statements;
    5477800 nanoseconds spent executing 2 JDBC statements;
    0 nanoseconds spent executing 0 JDBC batches;
    0 nanoseconds spent performing 0 L2C puts;
    0 nanoseconds spent performing 0 L2C hits;
    0 nanoseconds spent performing 0 L2C misses;
    0 nanoseconds spent executing 0 flushes (flushing a total of 0 entities and 0 collections);
    0 nanoseconds spent executing 0 pre-partial-flushes;
    0 nanoseconds spent executing 0 partial-flushes (flushing a total of 0 entities and 0 collections)
}
2026-04-20 23:41:42.418 INFO  [http-nio-8080-exec-8] o.h.e.i.StatisticalLoggingSessionEventListener - Session Metrics {
    31300 nanoseconds spent acquiring 1 JDBC connections;
    0 nanoseconds spent releasing 0 JDBC connections;
    357500 nanoseconds spent preparing 2 JDBC statements;
    4375900 nanoseconds spent executing 2 JDBC statements;
    0 nanoseconds spent executing 0 JDBC batches;
    0 nanoseconds spent performing 0 L2C puts;
    0 nanoseconds spent performing 0 L2C hits;
    0 nanoseconds spent performing 0 L2C misses;
    0 nanoseconds spent executing 0 flushes (flushing a total of 0 entities and 0 collections);
    0 nanoseconds spent executing 0 pre-partial-flushes;
    0 nanoseconds spent executing 0 partial-flushes (flushing a total of 0 entities and 0 collections)
}
2026-04-20 23:41:42.428 INFO  [http-nio-8080-exec-7] o.h.e.i.StatisticalLoggingSessionEventListener - Session Metrics {
    32600 nanoseconds spent acquiring 1 JDBC connections;
    0 nanoseconds spent releasing 0 JDBC connections;
    325000 nanoseconds spent preparing 2 JDBC statements;
    2408600 nanoseconds spent executing 2 JDBC statements;
    0 nanoseconds spent executing 0 JDBC batches;
    0 nanoseconds spent performing 0 L2C puts;
    0 nanoseconds spent performing 0 L2C hits;
    0 nanoseconds spent performing 0 L2C misses;
    0 nanoseconds spent executing 0 flushes (flushing a total of 0 entities and 0 collections);
    0 nanoseconds spent executing 0 pre-partial-flushes;
    0 nanoseconds spent executing 0 partial-flushes (flushing a total of 0 entities and 0 collections)
}
2026-04-20 23:41:42.436 INFO  [http-nio-8080-exec-5] o.h.e.i.StatisticalLoggingSessionEventListener - Session Metrics {
    20400 nanoseconds spent acquiring 1 JDBC connections;
    0 nanoseconds spent releasing 0 JDBC connections;
    209500 nanoseconds spent preparing 2 JDBC statements;
    2459800 nanoseconds spent executing 2 JDBC statements;
    0 nanoseconds spent executing 0 JDBC batches;
    0 nanoseconds spent performing 0 L2C puts;
    0 nanoseconds spent performing 0 L2C hits;
    0 nanoseconds spent performing 0 L2C misses;
    0 nanoseconds spent executing 0 flushes (flushing a total of 0 entities and 0 collections);
    0 nanoseconds spent executing 0 pre-partial-flushes;
    0 nanoseconds spent executing 0 partial-flushes (flushing a total of 0 entities and 0 collections)
}
2026-04-20 23:41:58.113 INFO  [http-nio-8080-exec-9] o.h.e.i.StatisticalLoggingSessionEventListener - Session Metrics {
    0 nanoseconds spent acquiring 0 JDBC connections;
    0 nanoseconds spent releasing 0 JDBC connections;
    0 nanoseconds spent preparing 0 JDBC statements;
    0 nanoseconds spent executing 0 JDBC statements;
    0 nanoseconds spent executing 0 JDBC batches;
    0 nanoseconds spent performing 0 L2C puts;
    0 nanoseconds spent performing 0 L2C hits;
    0 nanoseconds spent performing 0 L2C misses;
    0 nanoseconds spent executing 0 flushes (flushing a total of 0 entities and 0 collections);
    0 nanoseconds spent executing 0 pre-partial-flushes;
    0 nanoseconds spent executing 0 partial-flushes (flushing a total of 0 entities and 0 collections)
}
2026-04-20 23:43:52.231 INFO  [HikariPool-1:connection-adder] oracle.jdbc - entering args (oracle.jdbc.internal.AbstractConnectionBuilder$1@3688be50)
2026-04-20 23:43:52.231 INFO  [HikariPool-1:connection-adder] oracle.jdbc - traceId=4B7D32CD. 
2026-04-20 23:43:52.234 INFO  [HikariPool-1:connection-adder] oracle.jdbc - Session Attributes: 
sdu=8192, tdu=2097152
nt: host=192.168.1.122, port=1521, socketOptions={0=YES, 1=NO, 17=0, 18=false, 2=30000, 20=true, 38=TLS, 23=40, 24=50, 40=false, 25=0}
    socket=null
client profile={oracle.net.encryption_types_client=(), oracle.net.crypto_seed=, oracle.net.authentication_services=(), oracle.net.setFIPSMode=false, oracle.net.kerberos5_mutual_authentication=false, oracle.net.encryption_client=ACCEPTED, oracle.net.crypto_checksum_client=ACCEPTED, oracle.net.crypto_checksum_types_client=()}
onBreakReset=false, dataEOF=false, negotiatedOptions=0x0, connected=false
TTIINIT enabled=false, TTC cookie enabled=false

2026-04-20 23:43:52.234 INFO  [HikariPool-1:connection-adder] oracle.jdbc - traceId=4B7D32CD, anoEnabled=true. 
2026-04-20 23:43:52.235 INFO  [HikariPool-1:connection-adder] oracle.jdbc - Got Redirect, SessionTraceId = 4B7D32CD
2026-04-20 23:43:52.235 INFO  [HikariPool-1:connection-adder] oracle.jdbc - Session Attributes: 
sdu=8192, tdu=2097152
nt: host=192.168.1.122, port=1521, socketOptions={0=YES, 1=NO, 17=0, 18=false, 2=30000, 20=true, 38=TLS, 23=40, 24=50, 40=false, 25=0}
    socket=null
client profile={oracle.net.encryption_types_client=(), oracle.net.crypto_seed=, oracle.net.authentication_services=(), oracle.net.setFIPSMode=false, oracle.net.kerberos5_mutual_authentication=false, oracle.net.encryption_client=ACCEPTED, oracle.net.crypto_checksum_client=ACCEPTED, oracle.net.crypto_checksum_types_client=()}
onBreakReset=false, dataEOF=false, negotiatedOptions=0x0, connected=false
TTIINIT enabled=false, TTC cookie enabled=false

2026-04-20 23:43:52.235 INFO  [HikariPool-1:connection-adder] oracle.jdbc - Got Resend, SessionTraceId = 4B7D32CD
2026-04-20 23:43:52.235 INFO  [HikariPool-1:connection-adder] oracle.jdbc - Connection establishment failed due to IOException, will be trying with next available connect option.
2026-04-20 23:43:52.236 INFO  [HikariPool-1:connection-adder] oracle.jdbc - Got Refused, SessionTraceId = 4B7D32CD
2026-04-20 23:43:52.236 INFO  [HikariPool-1:connection-adder] oracle.jdbc - Outbound interrupt timer cancelled null
2026-04-20 23:43:52.236 INFO  [HikariPool-1:connection-adder] oracle.jdbc - throwing
java.sql.SQLRecoverableException: ORA-17002: I/O error: Connection reset by peer, connect lapse 1 ms., Authentication lapse 0 ms.
https://docs.oracle.com/error-help/db/ora-17002/
	at oracle.jdbc.driver.T4CConnection.handleLogonIOException(T4CConnection.java:1896)
	at oracle.jdbc.driver.T4CConnection.logon(T4CConnection.java:1207)
	at oracle.jdbc.driver.PhysicalConnection.connect(PhysicalConnection.java:1189)
	at oracle.jdbc.driver.T4CDriverExtension.getConnection(T4CDriverExtension.java:106)
	at oracle.jdbc.driver.OracleDriver.connect(OracleDriver.java:887)
	at oracle.jdbc.driver.OracleDriver.connect(OracleDriver.java:694)
	at com.zaxxer.hikari.util.DriverDataSource.getConnection(DriverDataSource.java:139)
	at com.zaxxer.hikari.pool.PoolBase.newConnection(PoolBase.java:368)
	at com.zaxxer.hikari.pool.PoolBase.newPoolEntry(PoolBase.java:205)
	at com.zaxxer.hikari.pool.HikariPool.createPoolEntry(HikariPool.java:483)
	at com.zaxxer.hikari.pool.HikariPool$PoolEntryCreator.call(HikariPool.java:747)
	at com.zaxxer.hikari.pool.HikariPool$PoolEntryCreator.call(HikariPool.java:726)
	at java.base/java.util.concurrent.FutureTask.run$$$capture(FutureTask.java:264)
	at java.base/java.util.concurrent.FutureTask.run(FutureTask.java)
	at java.base/java.util.concurrent.ThreadPoolExecutor.runWorker(ThreadPoolExecutor.java:1136)
	at java.base/java.util.concurrent.ThreadPoolExecutor$Worker.run(ThreadPoolExecutor.java:635)
	at java.base/java.lang.Thread.run(Thread.java:833)
Caused by: java.io.IOException: Connection reset by peer, connect lapse 1 ms., Authentication lapse 0 ms.
	at oracle.jdbc.driver.T4CConnection.handleLogonIOException(T4CConnection.java:1891)
	... 16 common frames omitted
Caused by: java.io.IOException: Connection reset by peer, connect lapse 1 ms.
	at oracle.net.ns.NSProtocolNIO.negotiateConnection(NSProtocolNIO.java:264)
	at oracle.net.ns.NSProtocol.connect(NSProtocol.java:353)
	at oracle.jdbc.driver.T4CConnection.connectNetworkSessionProtocol(T4CConnection.java:3684)
	at oracle.jdbc.driver.T4CConnection.logon(T4CConnection.java:1083)
	... 15 common frames omitted
Caused by: java.io.IOException: Connection reset by peer
	at java.base/sun.nio.ch.SocketDispatcher.write0(Native Method)
	at java.base/sun.nio.ch.SocketDispatcher.write(SocketDispatcher.java:54)
	at java.base/sun.nio.ch.SocketChannelImpl.tryWrite(SocketChannelImpl.java:1315)
	at java.base/sun.nio.ch.SocketChannelImpl.blockingWriteFully(SocketChannelImpl.java:1348)
	at java.base/sun.nio.ch.SocketAdaptor$2.write(SocketAdaptor.java:224)
	at oracle.net.nt.TimeoutSocketChannel.doBlockedWrite(TimeoutSocketChannel.java:774)
	at oracle.net.nt.TimeoutSocketChannel.write(TimeoutSocketChannel.java:715)
	at oracle.net.nt.TimeoutSocketChannel.completeWrites(TimeoutSocketChannel.java:676)
	at oracle.net.nt.TcpNTAdapter.completeWrites(TcpNTAdapter.java:1044)
	at oracle.net.ns.NIOConnectPacket.writeToSocketChannel(NIOConnectPacket.java:293)
	at oracle.net.ns.NSProtocolNIO.negotiateConnection(NSProtocolNIO.java:199)
	... 18 common frames omitted
2026-04-20 23:43:52.236 INFO  [HikariPool-1:connection-adder] oracle.jdbc - properties={LOCALE=en_US, DriverVersion=23.7.0.25.01, java.library.path: =C:\Users\Precision 7540\.jdks\corretto-18.0.2\bin;C:\Windows\Sun\Java\bin;C:\Windows\system32;C:\Windows;C:\WINDOWS.X64_193000_db_home\bin;C:\app\23ai\dbhomeFree\bin;D:\WINDOWS.X64_193000_db_home\bin;C:\Program Files (x86)\VMware\VMware Workstation\bin\;C:\Program Files\Amazon Corretto\jdk17.0.10_7\bin;C:\Python312\Scripts\;C:\Python312\;C:\Windows\system32;C:\Windows;C:\Windows\System32\Wbem;C:\Windows\System32\WindowsPowerShell\v1.0\;C:\Windows\System32\OpenSSH\;C:\Program Files\Microsoft SQL Server\150\Tools\Binn\;C:\Program Files\Microsoft SQL Server\Client SDK\ODBC\170\Tools\Binn\;C:\Program Files\dotnet\;C:\Program Files (x86)\Windows Kits\10\Windows Performance Toolkit\;C:\Program Files (x86)\Microsoft SQL Server\150\DTS\Binn\;C:\Program Files\Azure Data Studio\bin;C:\Program Files (x86)\Microsoft SQL Server\150\Tools\Binn\;C:\Program Files\Microsoft SQL Server\150\DTS\Binn\;C:\Program Files\nodejs\;C:\ProgramData\chocolatey\bin;C:\Program Files (x86)\Yarn\bin\;C:\Program Files\Amazon\AWSCLIV2\;C:\Program Files\Git\cmd;C:\Program Files\PuTTY\;C:\Program Files (x86)\Microsoft SQL Server\160\DTS\Binn\;C:\Program Files\Docker\Docker\resources\bin;C:\Program Files\MySQL\MySQL Shell 8.0\bin\;C:\Users\Precision 7540\AppData\Local\Microsoft\WindowsApps;C:\Users\Precision 7540\.dotnet\tools;C:\Program Files\Azure Data Studio\bin;C:\Users\Precision 7540\AppData\Roaming\npm;C:\Users\Precision 7540\AppData\Local\Yarn\bin;C:\Users\Precision 7540\AppData\Local\Programs\Microsoft VS Code\bin;C:\apache-maven-3.9.6\bin;C:\terraform;C:\Program Files\Neovim\bin;C:\Users\Precision 7540\AppData\Local\Muse Hub\lib;C:\Program Files\JetBrains\IntelliJ IDEA 2025.3.3\bin;., java.class.path: =D:\06-05-2025\report\main-app\target\classes;C:\Users\Precision 7540\.m2\repository\org\springframework\boot\spring-boot-starter-data-jpa\3.5.3\spring-boot-starter-data-jpa-3.5.3.jar;C:\Users\Precision 7540\.m2\repository\org\springframework\boot\spring-boot-starter\3.5.3\spring-boot-starter-3.5.3.jar;C:\Users\Precision 7540\.m2\repository\org\springframework\boot\spring-boot\3.5.3\spring-boot-3.5.3.jar;C:\Users\Precision 7540\.m2\repository\org\springframework\boot\spring-boot-autoconfigure\3.5.3\spring-boot-autoconfigure-3.5.3.jar;C:\Users\Precision 7540\.m2\repository\org\springframework\boot\spring-boot-starter-logging\3.5.3\spring-boot-starter-logging-3.5.3.jar;C:\Users\Precision 7540\.m2\repository\ch\qos\logback\logback-classic\1.5.18\logback-classic-1.5.18.jar;C:\Users\Precision 7540\.m2\repository\ch\qos\logback\logback-core\1.5.18\logback-core-1.5.18.jar;C:\Users\Precision 7540\.m2\repository\org\apache\logging\log4j\log4j-to-slf4j\2.24.3\log4j-to-slf4j-2.24.3.jar;C:\Users\Precision 7540\.m2\repository\org\apache\logging\log4j\log4j-api\2.24.3\log4j-api-2.24.3.jar;C:\Users\Precision 7540\.m2\repository\org\slf4j\jul-to-slf4j\2.0.17\jul-to-slf4j-2.0.17.jar;C:\Users\Precision 7540\.m2\repository\jakarta\annotation\jakarta.annotation-api\2.1.1\jakarta.annotation-api-2.1.1.jar;C:\Users\Precision 7540\.m2\repository\org\yaml\snakeyaml\2.4\snakeyaml-2.4.jar;C:\Users\Precision 7540\.m2\repository\org\springframework\boot\spring-boot-starter-jdbc\3.5.3\spring-boot-starter-jdbc-3.5.3.jar;C:\Users\Precision 7540\.m2\repository\com\zaxxer\HikariCP\6.3.0\HikariCP-6.3.0.jar;C:\Users\Precision 7540\.m2\repository\org\springframework\spring-jdbc\6.2.8\spring-jdbc-6.2.8.jar;C:\Users\Precision 7540\.m2\repository\org\hibernate\orm\hibernate-core\6.6.18.Final\hibernate-core-6.6.18.Final.jar;C:\Users\Precision 7540\.m2\repository\jakarta\persistence\jakarta.persistence-api\3.1.0\jakarta.persistence-api-3.1.0.jar;C:\Users\Precision 7540\.m2\repository\jakarta\transaction\jakarta.transaction-api\2.0.1\jakarta.transaction-api-2.0.1.jar;C:\Users\Precision 7540\.m2\repository\org\jboss\logging\jboss-logging\3.6.1.Final\jboss-logging-3.6.1.Final.jar;C:\Users\Precision 7540\.m2\repository\org\hibernate\common\hibernate-commons-annotations\7.0.3.Final\hibernate-commons-annotations-7.0.3.Final.jar;C:\Users\Precision 7540\.m2\repository\io\smallrye\jandex\3.2.0\jandex-3.2.0.jar;C:\Users\Precision 7540\.m2\repository\com\fasterxml\classmate\1.7.0\classmate-1.7.0.jar;C:\Users\Precision 7540\.m2\repository\net\bytebuddy\byte-buddy\1.17.6\byte-buddy-1.17.6.jar;C:\Users\Precision 7540\.m2\repository\org\glassfish\jaxb\jaxb-runtime\4.0.5\jaxb-runtime-4.0.5.jar;C:\Users\Precision 7540\.m2\repository\org\glassfish\jaxb\jaxb-core\4.0.5\jaxb-core-4.0.5.jar;C:\Users\Precision 7540\.m2\repository\org\eclipse\angus\angus-activation\2.0.2\angus-activation-2.0.2.jar;C:\Users\Precision 7540\.m2\repository\org\glassfish\jaxb\txw2\4.0.5\txw2-4.0.5.jar;C:\Users\Precision 7540\.m2\repository\com\sun\istack\istack-commons-runtime\4.1.2\istack-commons-runtime-4.1.2.jar;C:\Users\Precision 7540\.m2\repository\jakarta\inject\jakarta.inject-api\2.0.1\jakarta.inject-api-2.0.1.jar;C:\Users\Precision 7540\.m2\repository\org\antlr\antlr4-runtime\4.13.0\antlr4-runtime-4.13.0.jar;C:\Users\Precision 7540\.m2\repository\org\springframework\data\spring-data-jpa\3.5.1\spring-data-jpa-3.5.1.jar;C:\Users\Precision 7540\.m2\repository\org\springframework\data\spring-data-commons\3.5.1\spring-data-commons-3.5.1.jar;C:\Users\Precision 7540\.m2\repository\org\springframework\spring-orm\6.2.8\spring-orm-6.2.8.jar;C:\Users\Precision 7540\.m2\repository\org\springframework\spring-aop\6.2.8\spring-aop-6.2.8.jar;C:\Users\Precision 7540\.m2\repository\org\springframework\spring-beans\6.2.8\spring-beans-6.2.8.jar;C:\Users\Precision 7540\.m2\repository\org\springframework\spring-aspects\6.2.8\spring-aspects-6.2.8.jar;C:\Users\Precision 7540\.m2\repository\org\aspectj\aspectjweaver\1.9.24\aspectjweaver-1.9.24.jar;C:\Users\Precision 7540\.m2\repository\org\springframework\boot\spring-boot-starter-web\3.5.3\spring-boot-starter-web-3.5.3.jar;C:\Users\Precision 7540\.m2\repository\org\springframework\boot\spring-boot-starter-json\3.5.3\spring-boot-starter-json-3.5.3.jar;C:\Users\Precision 7540\.m2\repository\com\fasterxml\jackson\datatype\jackson-datatype-jdk8\2.19.1\jackson-datatype-jdk8-2.19.1.jar;C:\Users\Precision 7540\.m2\repository\com\fasterxml\jackson\datatype\jackson-datatype-jsr310\2.19.1\jackson-datatype-jsr310-2.19.1.jar;C:\Users\Precision 7540\.m2\repository\com\fasterxml\jackson\module\jackson-module-parameter-names\2.19.1\jackson-module-parameter-names-2.19.1.jar;C:\Users\Precision 7540\.m2\repository\org\springframework\boot\spring-boot-starter-tomcat\3.5.3\spring-boot-starter-tomcat-3.5.3.jar;C:\Users\Precision 7540\.m2\repository\org\apache\tomcat\embed\tomcat-embed-core\10.1.42\tomcat-embed-core-10.1.42.jar;C:\Users\Precision 7540\.m2\repository\org\apache\tomcat\embed\tomcat-embed-el\10.1.42\tomcat-embed-el-10.1.42.jar;C:\Users\Precision 7540\.m2\repository\org\apache\tomcat\embed\tomcat-embed-websocket\10.1.42\tomcat-embed-websocket-10.1.42.jar;C:\Users\Precision 7540\.m2\repository\org\springframework\spring-web\6.2.8\spring-web-6.2.8.jar;C:\Users\Precision 7540\.m2\repository\org\springframework\spring-webmvc\6.2.8\spring-webmvc-6.2.8.jar;C:\Users\Precision 7540\.m2\repository\org\springframework\spring-expression\6.2.8\spring-expression-6.2.8.jar;C:\Users\Precision 7540\.m2\repository\com\oracle\database\jdbc\ojdbc11\23.7.0.25.01\ojdbc11-23.7.0.25.01.jar;C:\Users\Precision 7540\.m2\repository\org\projectlombok\lombok\1.18.38\lombok-1.18.38.jar;C:\Users\Precision 7540\.m2\repository\jakarta\xml\bind\jakarta.xml.bind-api\4.0.2\jakarta.xml.bind-api-4.0.2.jar;C:\Users\Precision 7540\.m2\repository\jakarta\activation\jakarta.activation-api\2.1.3\jakarta.activation-api-2.1.3.jar;C:\Users\Precision 7540\.m2\repository\org\springframework\spring-core\6.2.8\spring-core-6.2.8.jar;C:\Users\Precision 7540\.m2\repository\org\springframework\spring-jcl\6.2.8\spring-jcl-6.2.8.jar;C:\Users\Precision 7540\.m2\repository\txu\common\1.0.0\common-1.0.0.jar;C:\Users\Precision 7540\.m2\repository\org\mapstruct\mapstruct\1.5.5.Final\mapstruct-1.5.5.Final.jar;C:\Users\Precision 7540\.m2\repository\org\springframework\boot\spring-boot-starter-data-redis\3.5.3\spring-boot-starter-data-redis-3.5.3.jar;C:\Users\Precision 7540\.m2\repository\io\lettuce\lettuce-core\6.6.0.RELEASE\lettuce-core-6.6.0.RELEASE.jar;C:\Users\Precision 7540\.m2\repository\redis\clients\authentication\redis-authx-core\0.1.1-beta2\redis-authx-core-0.1.1-beta2.jar;C:\Users\Precision 7540\.m2\repository\io\projectreactor\reactor-core\3.7.7\reactor-core-3.7.7.jar;C:\Users\Precision 7540\.m2\repository\org\springframework\data\spring-data-redis\3.5.1\spring-data-redis-3.5.1.jar;C:\Users\Precision 7540\.m2\repository\org\springframework\data\spring-data-keyvalue\3.5.1\spring-data-keyvalue-3.5.1.jar;C:\Users\Precision 7540\.m2\repository\org\springframework\spring-oxm\6.2.8\spring-oxm-6.2.8.jar;C:\Users\Precision 7540\.m2\repository\org\springframework\spring-context-support\6.2.8\spring-context-support-6.2.8.jar;C:\Users\Precision 7540\.m2\repository\txu\erp-grpc\1.0.0\erp-grpc-1.0.0.jar;C:\Users\Precision 7540\.m2\repository\javax\annotation\javax.annotation-api\1.3.2\javax.annotation-api-1.3.2.jar;C:\Users\Precision 7540\.m2\repository\io\awspring\cloud\spring-cloud-starter-aws-parameter-store-config\2.4.2\spring-cloud-starter-aws-parameter-store-config-2.4.2.jar;C:\Users\Precision 7540\.m2\repository\io\awspring\cloud\spring-cloud-aws-parameter-store-config\2.4.2\spring-cloud-aws-parameter-store-config-2.4.2.jar;C:\Users\Precision 7540\.m2\repository\org\springframework\cloud\spring-cloud-context\3.1.0\spring-cloud-context-3.1.0.jar;C:\Users\Precision 7540\.m2\repository\org\springframework\security\spring-security-crypto\6.5.1\spring-security-crypto-6.5.1.jar;C:\Users\Precision 7540\.m2\repository\com\amazonaws\aws-java-sdk-ssm\1.12.266\aws-java-sdk-ssm-1.12.266.jar;C:\Users\Precision 7540\.m2\repository\io\awspring\cloud\spring-cloud-aws-core\2.4.2\spring-cloud-aws-core-2.4.2.jar;C:\Users\Precision 7540\.m2\repository\com\amazonaws\aws-java-sdk-ec2\1.12.266\aws-java-sdk-ec2-1.12.266.jar;C:\Users\Precision 7540\.m2\repository\org\slf4j\slf4j-api\2.0.17\slf4j-api-2.0.17.jar;C:\Users\Precision 7540\.m2\repository\javax\activation\javax.activation-api\1.2.0\javax.activation-api-1.2.0.jar;C:\Users\Precision 7540\.m2\repository\commons-io\commons-io\2.11.0\commons-io-2.11.0.jar;C:\Users\Precision 7540\.m2\repository\io\grpc\grpc-netty\1.50.0\grpc-netty-1.50.0.jar;C:\Users\Precision 7540\.m2\repository\io\grpc\grpc-core\1.50.0\grpc-core-1.50.0.jar;C:\Users\Precision 7540\.m2\repository\com\google\code\gson\gson\2.13.1\gson-2.13.1.jar;C:\Users\Precision 7540\.m2\repository\com\google\android\annotations\4.1.1.4\annotations-4.1.1.4.jar;C:\Users\Precision 7540\.m2\repository\org\codehaus\mojo\animal-sniffer-annotations\1.21\animal-sniffer-annotations-1.21.jar;C:\Users\Precision 7540\.m2\repository\io\netty\netty-codec-http2\4.1.122.Final\netty-codec-http2-4.1.122.Final.jar;C:\Users\Precision 7540\.m2\repository\io\netty\netty-common\4.1.122.Final\netty-common-4.1.122.Final.jar;C:\Users\Precision 7540\.m2\repository\io\netty\netty-buffer\4.1.122.Final\netty-buffer-4.1.122.Final.jar;C:\Users\Precision 7540\.m2\repository\io\netty\netty-transport\4.1.122.Final\netty-transport-4.1.122.Final.jar;C:\Users\Precision 7540\.m2\repository\io\netty\netty-codec\4.1.122.Final\netty-codec-4.1.122.Final.jar;C:\Users\Precision 7540\.m2\repository\io\netty\netty-handler\4.1.122.Final\netty-handler-4.1.122.Final.jar;C:\Users\Precision 7540\.m2\repository\io\netty\netty-codec-http\4.1.122.Final\netty-codec-http-4.1.122.Final.jar;C:\Users\Precision 7540\.m2\repository\io\netty\netty-handler-proxy\4.1.122.Final\netty-handler-proxy-4.1.122.Final.jar;C:\Users\Precision 7540\.m2\repository\io\netty\netty-codec-socks\4.1.122.Final\netty-codec-socks-4.1.122.Final.jar;C:\Users\Precision 7540\.m2\repository\com\google\guava\guava\31.1-android\guava-31.1-android.jar;C:\Users\Precision 7540\.m2\repository\com\google\guava\failureaccess\1.0.1\failureaccess-1.0.1.jar;C:\Users\Precision 7540\.m2\repository\com\google\guava\listenablefuture\9999.0-empty-to-avoid-conflict-with-guava\listenablefuture-9999.0-empty-to-avoid-conflict-with-guava.jar;C:\Users\Precision 7540\.m2\repository\org\checkerframework\checker-qual\3.12.0\checker-qual-3.12.0.jar;C:\Users\Precision 7540\.m2\repository\com\google\j2objc\j2objc-annotations\1.3\j2objc-annotations-1.3.jar;C:\Users\Precision 7540\.m2\repository\com\google\errorprone\error_prone_annotations\2.14.0\error_prone_annotations-2.14.0.jar;C:\Users\Precision 7540\.m2\repository\io\perfmark\perfmark-api\0.25.0\perfmark-api-0.25.0.jar;C:\Users\Precision 7540\.m2\repository\io\netty\netty-transport-native-unix-common\4.1.122.Final\netty-transport-native-unix-common-4.1.122.Final.jar;C:\Users\Precision 7540\.m2\repository\io\grpc\grpc-protobuf\1.50.0\grpc-protobuf-1.50.0.jar;C:\Users\Precision 7540\.m2\repository\io\grpc\grpc-api\1.50.0\grpc-api-1.50.0.jar;C:\Users\Precision 7540\.m2\repository\io\grpc\grpc-context\1.50.0\grpc-context-1.50.0.jar;C:\Users\Precision 7540\.m2\repository\com\google\code\findbugs\jsr305\3.0.2\jsr305-3.0.2.jar;C:\Users\Precision 7540\.m2\repository\com\google\protobuf\protobuf-java\3.21.7\protobuf-java-3.21.7.jar;C:\Users\Precision 7540\.m2\repository\com\google\api\grpc\proto-google-common-protos\2.9.0\proto-google-common-protos-2.9.0.jar;C:\Users\Precision 7540\.m2\repository\io\grpc\grpc-protobuf-lite\1.50.0\grpc-protobuf-lite-1.50.0.jar;C:\Users\Precision 7540\.m2\repository\io\grpc\grpc-stub\1.50.0\grpc-stub-1.50.0.jar;C:\Users\Precision 7540\.m2\repository\io\jsonwebtoken\jjwt\0.9.1\jjwt-0.9.1.jar;C:\Users\Precision 7540\.m2\repository\com\fasterxml\jackson\core\jackson-databind\2.19.1\jackson-databind-2.19.1.jar;C:\Users\Precision 7540\.m2\repository\com\fasterxml\jackson\core\jackson-annotations\2.19.1\jackson-annotations-2.19.1.jar;C:\Users\Precision 7540\.m2\repository\com\fasterxml\jackson\core\jackson-core\2.19.1\jackson-core-2.19.1.jar;C:\Users\Precision 7540\.m2\repository\javax\xml\bind\jaxb-api\2.2.11\jaxb-api-2.2.11.jar;C:\Users\Precision 7540\.m2\repository\com\sun\xml\bind\jaxb-core\2.2.11\jaxb-core-2.2.11.jar;C:\Users\Precision 7540\.m2\repository\com\sun\xml\bind\jaxb-impl\2.2.11\jaxb-impl-2.2.11.jar;C:\Users\Precision 7540\.m2\repository\io\micrometer\micrometer-registry-prometheus\1.15.1\micrometer-registry-prometheus-1.15.1.jar;C:\Users\Precision 7540\.m2\repository\io\micrometer\micrometer-core\1.15.1\micrometer-core-1.15.1.jar;C:\Users\Precision 7540\.m2\repository\io\micrometer\micrometer-commons\1.15.1\micrometer-commons-1.15.1.jar;C:\Users\Precision 7540\.m2\repository\org\hdrhistogram\HdrHistogram\2.2.2\HdrHistogram-2.2.2.jar;C:\Users\Precision 7540\.m2\repository\org\latencyutils\LatencyUtils\2.0.3\LatencyUtils-2.0.3.jar;C:\Users\Precision 7540\.m2\repository\io\prometheus\prometheus-metrics-core\1.3.8\prometheus-metrics-core-1.3.8.jar;C:\Users\Precision 7540\.m2\repository\io\prometheus\prometheus-metrics-model\1.3.8\prometheus-metrics-model-1.3.8.jar;C:\Users\Precision 7540\.m2\repository\io\prometheus\prometheus-metrics-config\1.3.8\prometheus-metrics-config-1.3.8.jar;C:\Users\Precision 7540\.m2\repository\io\prometheus\prometheus-metrics-tracer-common\1.3.8\prometheus-metrics-tracer-common-1.3.8.jar;C:\Users\Precision 7540\.m2\repository\io\prometheus\prometheus-metrics-exposition-formats\1.3.8\prometheus-metrics-exposition-formats-1.3.8.jar;C:\Users\Precision 7540\.m2\repository\io\prometheus\prometheus-metrics-exposition-formats-no-protobuf\1.3.8\prometheus-metrics-exposition-formats-no-protobuf-1.3.8.jar;C:\Users\Precision 7540\.m2\repository\io\prometheus\prometheus-metrics-exposition-textformats\1.3.8\prometheus-metrics-exposition-textformats-1.3.8.jar;C:\Users\Precision 7540\.m2\repository\org\springframework\boot\spring-boot-starter-actuator\3.5.3\spring-boot-starter-actuator-3.5.3.jar;C:\Users\Precision 7540\.m2\repository\org\springframework\boot\spring-boot-actuator-autoconfigure\3.5.3\spring-boot-actuator-autoconfigure-3.5.3.jar;C:\Users\Precision 7540\.m2\repository\org\springframework\boot\spring-boot-actuator\3.5.3\spring-boot-actuator-3.5.3.jar;C:\Users\Precision 7540\.m2\repository\io\micrometer\micrometer-observation\1.15.1\micrometer-observation-1.15.1.jar;C:\Users\Precision 7540\.m2\repository\io\micrometer\micrometer-jakarta9\1.15.1\micrometer-jakarta9-1.15.1.jar;C:\Users\Precision 7540\.m2\repository\software\amazon\awssdk\s3\2.39.6\s3-2.39.6.jar;C:\Users\Precision 7540\.m2\repository\software\amazon\awssdk\aws-xml-protocol\2.39.6\aws-xml-protocol-2.39.6.jar;C:\Users\Precision 7540\.m2\repository\software\amazon\awssdk\aws-query-protocol\2.39.6\aws-query-protocol-2.39.6.jar;C:\Users\Precision 7540\.m2\repository\software\amazon\awssdk\protocol-core\2.39.6\protocol-core-2.39.6.jar;C:\Users\Precision 7540\.m2\repository\software\amazon\awssdk\arns\2.39.6\arns-2.39.6.jar;C:\Users\Precision 7540\.m2\repository\software\amazon\awssdk\profiles\2.39.6\profiles-2.39.6.jar;C:\Users\Precision 7540\.m2\repository\software\amazon\awssdk\crt-core\2.39.6\crt-core-2.39.6.jar;C:\Users\Precision 7540\.m2\repository\software\amazon\awssdk\http-auth\2.39.6\http-auth-2.39.6.jar;C:\Users\Precision 7540\.m2\repository\software\amazon\awssdk\identity-spi\2.39.6\identity-spi-2.39.6.jar;C:\Users\Precision 7540\.m2\repository\software\amazon\awssdk\http-auth-spi\2.39.6\http-auth-spi-2.39.6.jar;C:\Users\Precision 7540\.m2\repository\org\reactivestreams\reactive-streams\1.0.4\reactive-streams-1.0.4.jar;C:\Users\Precision 7540\.m2\repository\software\amazon\awssdk\http-auth-aws\2.39.6\http-auth-aws-2.39.6.jar;C:\Users\Precision 7540\.m2\repository\software\amazon\awssdk\checksums\2.39.6\checksums-2.39.6.jar;C:\Users\Precision 7540\.m2\repository\software\amazon\awssdk\checksums-spi\2.39.6\checksums-spi-2.39.6.jar;C:\Users\Precision 7540\.m2\repository\software\amazon\awssdk\retries-spi\2.39.6\retries-spi-2.39.6.jar;C:\Users\Precision 7540\.m2\repository\software\amazon\awssdk\sdk-core\2.39.6\sdk-core-2.39.6.jar;C:\Users\Precision 7540\.m2\repository\software\amazon\awssdk\retries\2.39.6\retries-2.39.6.jar;C:\Users\Precision 7540\.m2\repository\software\amazon\awssdk\auth\2.39.6\auth-2.39.6.jar;C:\Users\Precision 7540\.m2\repository\software\amazon\awssdk\http-auth-aws-eventstream\2.39.6\http-auth-aws-eventstream-2.39.6.jar;C:\Users\Precision 7540\.m2\repository\software\amazon\eventstream\eventstream\1.0.1\eventstream-1.0.1.jar;C:\Users\Precision 7540\.m2\repository\software\amazon\awssdk\http-client-spi\2.39.6\http-client-spi-2.39.6.jar;C:\Users\Precision 7540\.m2\repository\software\amazon\awssdk\regions\2.39.6\regions-2.39.6.jar;C:\Users\Precision 7540\.m2\repository\software\amazon\awssdk\annotations\2.39.6\annotations-2.39.6.jar;C:\Users\Precision 7540\.m2\repository\software\amazon\awssdk\utils\2.39.6\utils-2.39.6.jar;C:\Users\Precision 7540\.m2\repository\software\amazon\awssdk\aws-core\2.39.6\aws-core-2.39.6.jar;C:\Users\Precision 7540\.m2\repository\software\amazon\awssdk\utils-lite\2.39.6\utils-lite-2.39.6.jar;C:\Users\Precision 7540\.m2\repository\software\amazon\awssdk\metrics-spi\2.39.6\metrics-spi-2.39.6.jar;C:\Users\Precision 7540\.m2\repository\software\amazon\awssdk\json-utils\2.39.6\json-utils-2.39.6.jar;C:\Users\Precision 7540\.m2\repository\software\amazon\awssdk\third-party-jackson-core\2.39.6\third-party-jackson-core-2.39.6.jar;C:\Users\Precision 7540\.m2\repository\software\amazon\awssdk\endpoints-spi\2.39.6\endpoints-spi-2.39.6.jar;C:\Users\Precision 7540\.m2\repository\software\amazon\awssdk\apache-client\2.39.6\apache-client-2.39.6.jar;C:\Users\Precision 7540\.m2\repository\org\apache\httpcomponents\httpclient\4.5.13\httpclient-4.5.13.jar;C:\Users\Precision 7540\.m2\repository\org\apache\httpcomponents\httpcore\4.4.16\httpcore-4.4.16.jar;C:\Users\Precision 7540\.m2\repository\commons-codec\commons-codec\1.18.0\commons-codec-1.18.0.jar;C:\Users\Precision 7540\.m2\repository\software\amazon\awssdk\netty-nio-client\2.39.6\netty-nio-client-2.39.6.jar;C:\Users\Precision 7540\.m2\repository\io\netty\netty-transport-classes-epoll\4.1.122.Final\netty-transport-classes-epoll-4.1.122.Final.jar;C:\Users\Precision 7540\.m2\repository\io\netty\netty-resolver\4.1.122.Final\netty-resolver-4.1.122.Final.jar;C:\Users\Precision 7540\.m2\repository\com\amazonaws\aws-java-sdk-s3\1.12.794\aws-java-sdk-s3-1.12.794.jar;C:\Users\Precision 7540\.m2\repository\com\amazonaws\aws-java-sdk-kms\1.12.794\aws-java-sdk-kms-1.12.794.jar;C:\Users\Precision 7540\.m2\repository\com\amazonaws\aws-java-sdk-core\1.12.794\aws-java-sdk-core-1.12.794.jar;C:\Users\Precision 7540\.m2\repository\commons-logging\commons-logging\1.1.3\commons-logging-1.1.3.jar;C:\Users\Precision 7540\.m2\repository\com\fasterxml\jackson\dataformat\jackson-dataformat-cbor\2.19.1\jackson-dataformat-cbor-2.19.1.jar;C:\Users\Precision 7540\.m2\repository\joda-time\joda-time\2.12.7\joda-time-2.12.7.jar;C:\Users\Precision 7540\.m2\repository\com\amazonaws\jmespath-java\1.12.794\jmespath-java-1.12.794.jar;C:\Users\Precision 7540\.m2\repository\org\apache\commons\commons-pool2\2.12.1\commons-pool2-2.12.1.jar;C:\Users\Precision 7540\.m2\repository\org\springframework\kafka\spring-kafka\3.3.7\spring-kafka-3.3.7.jar;C:\Users\Precision 7540\.m2\repository\org\springframework\spring-context\6.2.8\spring-context-6.2.8.jar;C:\Users\Precision 7540\.m2\repository\org\springframework\spring-messaging\6.2.8\spring-messaging-6.2.8.jar;C:\Users\Precision 7540\.m2\repository\org\springframework\spring-tx\6.2.8\spring-tx-6.2.8.jar;C:\Users\Precision 7540\.m2\repository\org\springframework\retry\spring-retry\2.0.12\spring-retry-2.0.12.jar;C:\Users\Precision 7540\.m2\repository\org\apache\kafka\kafka-clients\3.9.1\kafka-clients-3.9.1.jar;C:\Users\Precision 7540\.m2\repository\com\github\luben\zstd-jni\1.5.6-4\zstd-jni-1.5.6-4.jar;C:\Users\Precision 7540\.m2\repository\org\lz4\lz4-java\1.8.0\lz4-java-1.8.0.jar;C:\Users\Precision 7540\.m2\repository\org\xerial\snappy\snappy-java\1.1.10.5\snappy-java-1.1.10.5.jar;C:\Users\Precision 7540\.m2\repository\org\springframework\boot\spring-boot-starter-activemq\3.5.3\spring-boot-starter-activemq-3.5.3.jar;C:\Users\Precision 7540\.m2\repository\org\springframework\spring-jms\6.2.8\spring-jms-6.2.8.jar;C:\Users\Precision 7540\.m2\repository\org\apache\activemq\activemq-client\6.1.6\activemq-client-6.1.6.jar;C:\Users\Precision 7540\.m2\repository\jakarta\jms\jakarta.jms-api\3.1.0\jakarta.jms-api-3.1.0.jar;C:\Users\Precision 7540\.m2\repository\org\fusesource\hawtbuf\hawtbuf\1.11\hawtbuf-1.11.jar;C:\Program Files\JetBrains\IntelliJ IDEA 2024.2.4\lib\idea_rt.jar, java.version: =18.0.2}. 
2026-04-20 23:43:53.257 INFO  [SpringApplicationShutdownHook] o.s.b.w.e.tomcat.GracefulShutdown - Commencing graceful shutdown. Waiting for active requests to complete
2026-04-20 23:44:49.836 INFO  [main] t.report.mainapp.MainAppApplication - Starting MainAppApplication using Java 18.0.2 with PID 21544 (D:\06-05-2025\report\main-app\target\classes started by Precision 7540 in D:\06-05-2025\report)
2026-04-20 23:44:49.838 INFO  [main] t.report.mainapp.MainAppApplication - No active profile set, falling back to 1 default profile: "default"
2026-04-20 23:44:50.833 INFO  [main] o.s.d.r.c.RepositoryConfigurationDelegate - Multiple Spring Data modules found, entering strict repository configuration mode
2026-04-20 23:44:50.834 INFO  [main] o.s.d.r.c.RepositoryConfigurationDelegate - Bootstrapping Spring Data JPA repositories in DEFAULT mode.
2026-04-20 23:44:50.859 INFO  [main] o.s.d.r.c.RepositoryConfigurationDelegate - Finished Spring Data repository scanning in 15 ms. Found 0 JPA repository interfaces.
2026-04-20 23:44:50.870 INFO  [main] o.s.d.r.c.RepositoryConfigurationDelegate - Multiple Spring Data modules found, entering strict repository configuration mode
2026-04-20 23:44:50.872 INFO  [main] o.s.d.r.c.RepositoryConfigurationDelegate - Bootstrapping Spring Data Redis repositories in DEFAULT mode.
2026-04-20 23:44:50.884 INFO  [main] o.s.d.r.c.RepositoryConfigurationDelegate - Finished Spring Data repository scanning in 3 ms. Found 0 Redis repository interfaces.
2026-04-20 23:44:51.584 INFO  [main] o.s.b.w.e.tomcat.TomcatWebServer - Tomcat initialized with port 8080 (http)
2026-04-20 23:44:51.595 INFO  [main] o.a.coyote.http11.Http11NioProtocol - Initializing ProtocolHandler ["http-nio-8080"]
2026-04-20 23:44:51.597 INFO  [main] o.a.catalina.core.StandardService - Starting service [Tomcat]
2026-04-20 23:44:51.597 INFO  [main] o.a.catalina.core.StandardEngine - Starting Servlet engine: [Apache Tomcat/10.1.42]
2026-04-20 23:44:51.670 INFO  [main] o.a.c.c.C.[Tomcat].[localhost].[/] - Initializing Spring embedded WebApplicationContext
2026-04-20 23:44:51.671 INFO  [main] o.s.b.w.s.c.ServletWebServerApplicationContext - Root WebApplicationContext: initialization completed in 1794 ms
2026-04-20 23:44:52.249 INFO  [main] com.zaxxer.hikari.HikariDataSource - HikariPool-1 - Starting...
2026-04-20 23:44:52.791 INFO  [main] com.zaxxer.hikari.pool.HikariPool - HikariPool-1 - Added connection oracle.jdbc.driver.T4CConnection@621a387f
2026-04-20 23:44:52.791 INFO  [main] com.zaxxer.hikari.HikariDataSource - HikariPool-1 - Start completed.
2026-04-20 23:44:52.825 INFO  [main] o.h.jpa.internal.util.LogHelper - HHH000204: Processing PersistenceUnitInfo [name: default]
2026-04-20 23:44:52.868 INFO  [main] org.hibernate.Version - HHH000412: Hibernate ORM core version 6.6.18.Final
2026-04-20 23:44:52.896 INFO  [main] o.h.c.i.RegionFactoryInitiator - HHH000026: Second-level cache disabled
2026-04-20 23:44:53.161 INFO  [main] o.s.o.j.p.SpringPersistenceUnitInfo - No LoadTimeWeaver setup: ignoring JPA class transformer
2026-04-20 23:44:53.452 INFO  [main] o.hibernate.orm.connections.pooling - HHH10001005: Database info:
	Database JDBC URL [Connecting through datasource 'HikariDataSource (HikariPool-1)']
	Database driver: undefined/unknown
	Database version: 19.3
	Autocommit mode: undefined/unknown
	Isolation level: undefined/unknown
	Minimum pool size: undefined/unknown
	Maximum pool size: undefined/unknown
2026-04-20 23:44:54.331 INFO  [main] o.h.e.t.j.p.i.JtaPlatformInitiator - HHH000489: No JTA platform available (set 'hibernate.transaction.jta.platform' to enable JTA platform integration)
2026-04-20 23:44:54.335 INFO  [main] o.s.o.j.LocalContainerEntityManagerFactoryBean - Initialized JPA EntityManagerFactory for persistence unit 'default'
2026-04-20 23:44:56.277 INFO  [main] o.s.b.a.e.web.EndpointLinksResolver - Exposing 3 endpoints beneath base path '/actuator'
2026-04-20 23:44:56.398 INFO  [main] o.a.coyote.http11.Http11NioProtocol - Starting ProtocolHandler ["http-nio-8080"]
2026-04-20 23:44:56.421 INFO  [main] o.s.b.w.e.tomcat.TomcatWebServer - Tomcat started on port 8080 (http) with context path '/'
2026-04-20 23:44:56.623 INFO  [main] t.report.mainapp.MainAppApplication - Started MainAppApplication in 7.328 seconds (process running for 8.148)
2026-04-20 23:44:56.965 INFO  [RMI TCP Connection(4)-169.254.31.210] o.a.c.c.C.[Tomcat].[localhost].[/] - Initializing Spring DispatcherServlet 'dispatcherServlet'
2026-04-20 23:44:56.965 INFO  [RMI TCP Connection(4)-169.254.31.210] o.s.web.servlet.DispatcherServlet - Initializing Servlet 'dispatcherServlet'
2026-04-20 23:44:56.968 INFO  [RMI TCP Connection(4)-169.254.31.210] o.s.web.servlet.DispatcherServlet - Completed initialization in 2 ms
2026-04-20 23:45:04.273 INFO  [http-nio-8080-exec-1] o.h.e.i.StatisticalLoggingSessionEventListener - Session Metrics {
    710700 nanoseconds spent acquiring 1 JDBC connections;
    0 nanoseconds spent releasing 0 JDBC connections;
    30990000 nanoseconds spent preparing 1 JDBC statements;
    14304200 nanoseconds spent executing 1 JDBC statements;
    0 nanoseconds spent executing 0 JDBC batches;
    0 nanoseconds spent performing 0 L2C puts;
    0 nanoseconds spent performing 0 L2C hits;
    0 nanoseconds spent performing 0 L2C misses;
    11082700 nanoseconds spent executing 1 flushes (flushing a total of 2 entities and 1 collections);
    37700 nanoseconds spent executing 1 pre-partial-flushes;
    17600 nanoseconds spent executing 1 partial-flushes (flushing a total of 0 entities and 0 collections)
}
2026-04-20 23:45:04.800 INFO  [http-nio-8080-exec-4] o.h.e.i.StatisticalLoggingSessionEventListener - Session Metrics {
    900000 nanoseconds spent acquiring 1 JDBC connections;
    0 nanoseconds spent releasing 0 JDBC connections;
    1058200 nanoseconds spent preparing 1 JDBC statements;
    2989700 nanoseconds spent executing 1 JDBC statements;
    0 nanoseconds spent executing 0 JDBC batches;
    0 nanoseconds spent performing 0 L2C puts;
    0 nanoseconds spent performing 0 L2C hits;
    0 nanoseconds spent performing 0 L2C misses;
    0 nanoseconds spent executing 0 flushes (flushing a total of 0 entities and 0 collections);
    0 nanoseconds spent executing 0 pre-partial-flushes;
    0 nanoseconds spent executing 0 partial-flushes (flushing a total of 0 entities and 0 collections)
}
2026-04-20 23:45:04.800 INFO  [http-nio-8080-exec-2] o.h.e.i.StatisticalLoggingSessionEventListener - Session Metrics {
    1043300 nanoseconds spent acquiring 1 JDBC connections;
    0 nanoseconds spent releasing 0 JDBC connections;
    1251000 nanoseconds spent preparing 1 JDBC statements;
    3450700 nanoseconds spent executing 1 JDBC statements;
    0 nanoseconds spent executing 0 JDBC batches;
    0 nanoseconds spent performing 0 L2C puts;
    0 nanoseconds spent performing 0 L2C hits;
    0 nanoseconds spent performing 0 L2C misses;
    0 nanoseconds spent executing 0 flushes (flushing a total of 0 entities and 0 collections);
    0 nanoseconds spent executing 0 pre-partial-flushes;
    0 nanoseconds spent executing 0 partial-flushes (flushing a total of 0 entities and 0 collections)
}
2026-04-20 23:45:04.866 INFO  [http-nio-8080-exec-3] o.h.e.i.StatisticalLoggingSessionEventListener - Session Metrics {
    657100 nanoseconds spent acquiring 1 JDBC connections;
    0 nanoseconds spent releasing 0 JDBC connections;
    982800 nanoseconds spent preparing 2 JDBC statements;
    6365800 nanoseconds spent executing 2 JDBC statements;
    0 nanoseconds spent executing 0 JDBC batches;
    0 nanoseconds spent performing 0 L2C puts;
    0 nanoseconds spent performing 0 L2C hits;
    0 nanoseconds spent performing 0 L2C misses;
    0 nanoseconds spent executing 0 flushes (flushing a total of 0 entities and 0 collections);
    0 nanoseconds spent executing 0 pre-partial-flushes;
    0 nanoseconds spent executing 0 partial-flushes (flushing a total of 0 entities and 0 collections)
}
2026-04-20 23:45:04.866 INFO  [http-nio-8080-exec-5] o.h.e.i.StatisticalLoggingSessionEventListener - Session Metrics {
    1097100 nanoseconds spent acquiring 1 JDBC connections;
    0 nanoseconds spent releasing 0 JDBC connections;
    1398600 nanoseconds spent preparing 2 JDBC statements;
    6598400 nanoseconds spent executing 2 JDBC statements;
    0 nanoseconds spent executing 0 JDBC batches;
    0 nanoseconds spent performing 0 L2C puts;
    0 nanoseconds spent performing 0 L2C hits;
    0 nanoseconds spent performing 0 L2C misses;
    0 nanoseconds spent executing 0 flushes (flushing a total of 0 entities and 0 collections);
    0 nanoseconds spent executing 0 pre-partial-flushes;
    0 nanoseconds spent executing 0 partial-flushes (flushing a total of 0 entities and 0 collections)
}
2026-04-20 23:45:04.878 INFO  [http-nio-8080-exec-8] o.h.e.i.StatisticalLoggingSessionEventListener - Session Metrics {
    38100 nanoseconds spent acquiring 1 JDBC connections;
    0 nanoseconds spent releasing 0 JDBC connections;
    304700 nanoseconds spent preparing 2 JDBC statements;
    3115300 nanoseconds spent executing 2 JDBC statements;
    0 nanoseconds spent executing 0 JDBC batches;
    0 nanoseconds spent performing 0 L2C puts;
    0 nanoseconds spent performing 0 L2C hits;
    0 nanoseconds spent performing 0 L2C misses;
    0 nanoseconds spent executing 0 flushes (flushing a total of 0 entities and 0 collections);
    0 nanoseconds spent executing 0 pre-partial-flushes;
    0 nanoseconds spent executing 0 partial-flushes (flushing a total of 0 entities and 0 collections)
}
2026-04-20 23:45:04.878 INFO  [http-nio-8080-exec-9] o.h.e.i.StatisticalLoggingSessionEventListener - Session Metrics {
    19600 nanoseconds spent acquiring 1 JDBC connections;
    0 nanoseconds spent releasing 0 JDBC connections;
    322800 nanoseconds spent preparing 2 JDBC statements;
    2841300 nanoseconds spent executing 2 JDBC statements;
    0 nanoseconds spent executing 0 JDBC batches;
    0 nanoseconds spent performing 0 L2C puts;
    0 nanoseconds spent performing 0 L2C hits;
    0 nanoseconds spent performing 0 L2C misses;
    0 nanoseconds spent executing 0 flushes (flushing a total of 0 entities and 0 collections);
    0 nanoseconds spent executing 0 pre-partial-flushes;
    0 nanoseconds spent executing 0 partial-flushes (flushing a total of 0 entities and 0 collections)
}
2026-04-20 23:45:04.890 INFO  [http-nio-8080-exec-10] o.h.e.i.StatisticalLoggingSessionEventListener - Session Metrics {
    32500 nanoseconds spent acquiring 1 JDBC connections;
    0 nanoseconds spent releasing 0 JDBC connections;
    251200 nanoseconds spent preparing 2 JDBC statements;
    4781400 nanoseconds spent executing 2 JDBC statements;
    0 nanoseconds spent executing 0 JDBC batches;
    0 nanoseconds spent performing 0 L2C puts;
    0 nanoseconds spent performing 0 L2C hits;
    0 nanoseconds spent performing 0 L2C misses;
    0 nanoseconds spent executing 0 flushes (flushing a total of 0 entities and 0 collections);
    0 nanoseconds spent executing 0 pre-partial-flushes;
    0 nanoseconds spent executing 0 partial-flushes (flushing a total of 0 entities and 0 collections)
}
2026-04-20 23:45:04.891 INFO  [http-nio-8080-exec-6] o.h.e.i.StatisticalLoggingSessionEventListener - Session Metrics {
    22500 nanoseconds spent acquiring 1 JDBC connections;
    0 nanoseconds spent releasing 0 JDBC connections;
    272200 nanoseconds spent preparing 2 JDBC statements;
    6053700 nanoseconds spent executing 2 JDBC statements;
    0 nanoseconds spent executing 0 JDBC batches;
    0 nanoseconds spent performing 0 L2C puts;
    0 nanoseconds spent performing 0 L2C hits;
    0 nanoseconds spent performing 0 L2C misses;
    0 nanoseconds spent executing 0 flushes (flushing a total of 0 entities and 0 collections);
    0 nanoseconds spent executing 0 pre-partial-flushes;
    0 nanoseconds spent executing 0 partial-flushes (flushing a total of 0 entities and 0 collections)
}
2026-04-20 23:45:04.900 INFO  [http-nio-8080-exec-7] o.h.e.i.StatisticalLoggingSessionEventListener - Session Metrics {
    44700 nanoseconds spent acquiring 1 JDBC connections;
    0 nanoseconds spent releasing 0 JDBC connections;
    329800 nanoseconds spent preparing 2 JDBC statements;
    3609600 nanoseconds spent executing 2 JDBC statements;
    0 nanoseconds spent executing 0 JDBC batches;
    0 nanoseconds spent performing 0 L2C puts;
    0 nanoseconds spent performing 0 L2C hits;
    0 nanoseconds spent performing 0 L2C misses;
    0 nanoseconds spent executing 0 flushes (flushing a total of 0 entities and 0 collections);
    0 nanoseconds spent executing 0 pre-partial-flushes;
    0 nanoseconds spent executing 0 partial-flushes (flushing a total of 0 entities and 0 collections)
}
2026-04-20 23:45:04.900 INFO  [http-nio-8080-exec-1] o.h.e.i.StatisticalLoggingSessionEventListener - Session Metrics {
    37900 nanoseconds spent acquiring 1 JDBC connections;
    0 nanoseconds spent releasing 0 JDBC connections;
    308900 nanoseconds spent preparing 2 JDBC statements;
    3623800 nanoseconds spent executing 2 JDBC statements;
    0 nanoseconds spent executing 0 JDBC batches;
    0 nanoseconds spent performing 0 L2C puts;
    0 nanoseconds spent performing 0 L2C hits;
    0 nanoseconds spent performing 0 L2C misses;
    0 nanoseconds spent executing 0 flushes (flushing a total of 0 entities and 0 collections);
    0 nanoseconds spent executing 0 pre-partial-flushes;
    0 nanoseconds spent executing 0 partial-flushes (flushing a total of 0 entities and 0 collections)
}
2026-04-20 23:45:04.910 INFO  [http-nio-8080-exec-4] o.h.e.i.StatisticalLoggingSessionEventListener - Session Metrics {
    31400 nanoseconds spent acquiring 1 JDBC connections;
    0 nanoseconds spent releasing 0 JDBC connections;
    358400 nanoseconds spent preparing 2 JDBC statements;
    2949800 nanoseconds spent executing 2 JDBC statements;
    0 nanoseconds spent executing 0 JDBC batches;
    0 nanoseconds spent performing 0 L2C puts;
    0 nanoseconds spent performing 0 L2C hits;
    0 nanoseconds spent performing 0 L2C misses;
    0 nanoseconds spent executing 0 flushes (flushing a total of 0 entities and 0 collections);
    0 nanoseconds spent executing 0 pre-partial-flushes;
    0 nanoseconds spent executing 0 partial-flushes (flushing a total of 0 entities and 0 collections)
}
2026-04-20 23:45:04.910 INFO  [http-nio-8080-exec-2] o.h.e.i.StatisticalLoggingSessionEventListener - Session Metrics {
    16000 nanoseconds spent acquiring 1 JDBC connections;
    0 nanoseconds spent releasing 0 JDBC connections;
    284300 nanoseconds spent preparing 2 JDBC statements;
    2755500 nanoseconds spent executing 2 JDBC statements;
    0 nanoseconds spent executing 0 JDBC batches;
    0 nanoseconds spent performing 0 L2C puts;
    0 nanoseconds spent performing 0 L2C hits;
    0 nanoseconds spent performing 0 L2C misses;
    0 nanoseconds spent executing 0 flushes (flushing a total of 0 entities and 0 collections);
    0 nanoseconds spent executing 0 pre-partial-flushes;
    0 nanoseconds spent executing 0 partial-flushes (flushing a total of 0 entities and 0 collections)
}
2026-04-20 23:45:10.600 INFO  [http-nio-8080-exec-5] o.h.e.i.StatisticalLoggingSessionEventListener - Session Metrics {
    0 nanoseconds spent acquiring 0 JDBC connections;
    0 nanoseconds spent releasing 0 JDBC connections;
    0 nanoseconds spent preparing 0 JDBC statements;
    0 nanoseconds spent executing 0 JDBC statements;
    0 nanoseconds spent executing 0 JDBC batches;
    0 nanoseconds spent performing 0 L2C puts;
    0 nanoseconds spent performing 0 L2C hits;
    0 nanoseconds spent performing 0 L2C misses;
    0 nanoseconds spent executing 0 flushes (flushing a total of 0 entities and 0 collections);
    0 nanoseconds spent executing 0 pre-partial-flushes;
    0 nanoseconds spent executing 0 partial-flushes (flushing a total of 0 entities and 0 collections)
}
2026-04-20 23:45:42.643 INFO  [http-nio-8080-exec-3] o.h.e.i.StatisticalLoggingSessionEventListener - Session Metrics {
    1166500 nanoseconds spent acquiring 1 JDBC connections;
    0 nanoseconds spent releasing 0 JDBC connections;
    20162600 nanoseconds spent preparing 7 JDBC statements;
    30262500 nanoseconds spent executing 7 JDBC statements;
    0 nanoseconds spent executing 0 JDBC batches;
    0 nanoseconds spent performing 0 L2C puts;
    0 nanoseconds spent performing 0 L2C hits;
    0 nanoseconds spent performing 0 L2C misses;
    47323500 nanoseconds spent executing 3 flushes (flushing a total of 9 entities and 3 collections);
    0 nanoseconds spent executing 0 pre-partial-flushes;
    0 nanoseconds spent executing 0 partial-flushes (flushing a total of 0 entities and 0 collections)
}
2026-04-20 23:45:43.745 INFO  [http-nio-8080-exec-9] o.h.e.i.StatisticalLoggingSessionEventListener - Session Metrics {
    825500 nanoseconds spent acquiring 1 JDBC connections;
    0 nanoseconds spent releasing 0 JDBC connections;
    992500 nanoseconds spent preparing 1 JDBC statements;
    3443700 nanoseconds spent executing 1 JDBC statements;
    0 nanoseconds spent executing 0 JDBC batches;
    0 nanoseconds spent performing 0 L2C puts;
    0 nanoseconds spent performing 0 L2C hits;
    0 nanoseconds spent performing 0 L2C misses;
    0 nanoseconds spent executing 0 flushes (flushing a total of 0 entities and 0 collections);
    0 nanoseconds spent executing 0 pre-partial-flushes;
    0 nanoseconds spent executing 0 partial-flushes (flushing a total of 0 entities and 0 collections)
}
2026-04-20 23:45:43.749 INFO  [http-nio-8080-exec-8] o.h.e.i.StatisticalLoggingSessionEventListener - Session Metrics {
    796800 nanoseconds spent acquiring 1 JDBC connections;
    0 nanoseconds spent releasing 0 JDBC connections;
    1063400 nanoseconds spent preparing 2 JDBC statements;
    6935100 nanoseconds spent executing 2 JDBC statements;
    0 nanoseconds spent executing 0 JDBC batches;
    0 nanoseconds spent performing 0 L2C puts;
    0 nanoseconds spent performing 0 L2C hits;
    0 nanoseconds spent performing 0 L2C misses;
    0 nanoseconds spent executing 0 flushes (flushing a total of 0 entities and 0 collections);
    0 nanoseconds spent executing 0 pre-partial-flushes;
    0 nanoseconds spent executing 0 partial-flushes (flushing a total of 0 entities and 0 collections)
}
2026-04-20 23:47:18.254 INFO  [http-nio-8080-exec-2] o.h.e.i.StatisticalLoggingSessionEventListener - Session Metrics {
    0 nanoseconds spent acquiring 0 JDBC connections;
    0 nanoseconds spent releasing 0 JDBC connections;
    0 nanoseconds spent preparing 0 JDBC statements;
    0 nanoseconds spent executing 0 JDBC statements;
    0 nanoseconds spent executing 0 JDBC batches;
    0 nanoseconds spent performing 0 L2C puts;
    0 nanoseconds spent performing 0 L2C hits;
    0 nanoseconds spent performing 0 L2C misses;
    0 nanoseconds spent executing 0 flushes (flushing a total of 0 entities and 0 collections);
    0 nanoseconds spent executing 0 pre-partial-flushes;
    0 nanoseconds spent executing 0 partial-flushes (flushing a total of 0 entities and 0 collections)
}
2026-04-20 23:47:24.687 INFO  [http-nio-8080-exec-4] o.h.e.i.StatisticalLoggingSessionEventListener - Session Metrics {
    1372100 nanoseconds spent acquiring 1 JDBC connections;
    0 nanoseconds spent releasing 0 JDBC connections;
    2368600 nanoseconds spent preparing 5 JDBC statements;
    37917400 nanoseconds spent executing 5 JDBC statements;
    0 nanoseconds spent executing 0 JDBC batches;
    0 nanoseconds spent performing 0 L2C puts;
    0 nanoseconds spent performing 0 L2C hits;
    0 nanoseconds spent performing 0 L2C misses;
    7323000 nanoseconds spent executing 2 flushes (flushing a total of 6 entities and 2 collections);
    0 nanoseconds spent executing 0 pre-partial-flushes;
    0 nanoseconds spent executing 0 partial-flushes (flushing a total of 0 entities and 0 collections)
}
2026-04-20 23:47:25.594 INFO  [http-nio-8080-exec-5] o.h.e.i.StatisticalLoggingSessionEventListener - Session Metrics {
    943100 nanoseconds spent acquiring 1 JDBC connections;
    0 nanoseconds spent releasing 0 JDBC connections;
    1074800 nanoseconds spent preparing 1 JDBC statements;
    2299900 nanoseconds spent executing 1 JDBC statements;
    0 nanoseconds spent executing 0 JDBC batches;
    0 nanoseconds spent performing 0 L2C puts;
    0 nanoseconds spent performing 0 L2C hits;
    0 nanoseconds spent performing 0 L2C misses;
    0 nanoseconds spent executing 0 flushes (flushing a total of 0 entities and 0 collections);
    0 nanoseconds spent executing 0 pre-partial-flushes;
    0 nanoseconds spent executing 0 partial-flushes (flushing a total of 0 entities and 0 collections)
}
2026-04-20 23:47:25.602 INFO  [http-nio-8080-exec-3] o.h.e.i.StatisticalLoggingSessionEventListener - Session Metrics {
    800900 nanoseconds spent acquiring 1 JDBC connections;
    0 nanoseconds spent releasing 0 JDBC connections;
    1092000 nanoseconds spent preparing 2 JDBC statements;
    8900200 nanoseconds spent executing 2 JDBC statements;
    0 nanoseconds spent executing 0 JDBC batches;
    0 nanoseconds spent performing 0 L2C puts;
    0 nanoseconds spent performing 0 L2C hits;
    0 nanoseconds spent performing 0 L2C misses;
    0 nanoseconds spent executing 0 flushes (flushing a total of 0 entities and 0 collections);
    0 nanoseconds spent executing 0 pre-partial-flushes;
    0 nanoseconds spent executing 0 partial-flushes (flushing a total of 0 entities and 0 collections)
}
