2026-04-29 00:21:00.084 INFO  [main] t.report.mainapp.MainAppApplication - Starting MainAppApplication using Java 18.0.2 with PID 22096 (D:\06-05-2025\report\main-app\target\classes started by Precision 7540 in D:\06-05-2025\report)
2026-04-29 00:21:00.085 INFO  [main] t.report.mainapp.MainAppApplication - No active profile set, falling back to 1 default profile: "default"
2026-04-29 00:21:01.503 INFO  [main] o.s.d.r.c.RepositoryConfigurationDelegate - Multiple Spring Data modules found, entering strict repository configuration mode
2026-04-29 00:21:01.506 INFO  [main] o.s.d.r.c.RepositoryConfigurationDelegate - Bootstrapping Spring Data JPA repositories in DEFAULT mode.
2026-04-29 00:21:01.531 INFO  [main] o.s.d.r.c.RepositoryConfigurationDelegate - Finished Spring Data repository scanning in 14 ms. Found 0 JPA repository interfaces.
2026-04-29 00:21:01.545 INFO  [main] o.s.d.r.c.RepositoryConfigurationDelegate - Multiple Spring Data modules found, entering strict repository configuration mode
2026-04-29 00:21:01.547 INFO  [main] o.s.d.r.c.RepositoryConfigurationDelegate - Bootstrapping Spring Data Redis repositories in DEFAULT mode.
2026-04-29 00:21:01.563 INFO  [main] o.s.d.r.c.RepositoryConfigurationDelegate - Finished Spring Data repository scanning in 3 ms. Found 0 Redis repository interfaces.
2026-04-29 00:21:02.243 INFO  [main] o.s.b.w.e.tomcat.TomcatWebServer - Tomcat initialized with port 8080 (http)
2026-04-29 00:21:02.256 INFO  [main] o.a.coyote.http11.Http11NioProtocol - Initializing ProtocolHandler ["http-nio-8080"]
2026-04-29 00:21:02.257 INFO  [main] o.a.catalina.core.StandardService - Starting service [Tomcat]
2026-04-29 00:21:02.257 INFO  [main] o.a.catalina.core.StandardEngine - Starting Servlet engine: [Apache Tomcat/10.1.42]
2026-04-29 00:21:02.333 INFO  [main] o.a.c.c.C.[Tomcat].[localhost].[/] - Initializing Spring embedded WebApplicationContext
2026-04-29 00:21:02.333 INFO  [main] o.s.b.w.s.c.ServletWebServerApplicationContext - Root WebApplicationContext: initialization completed in 2201 ms
2026-04-29 00:21:02.877 INFO  [main] com.zaxxer.hikari.HikariDataSource - HikariPool-1 - Starting...
2026-04-29 00:21:33.574 INFO  [main] com.zaxxer.hikari.pool.HikariPool - HikariPool-1 - Added connection oracle.jdbc.driver.T4CConnection@696298ea
2026-04-29 00:21:33.575 INFO  [main] com.zaxxer.hikari.HikariDataSource - HikariPool-1 - Start completed.
2026-04-29 00:21:33.629 INFO  [main] o.h.jpa.internal.util.LogHelper - HHH000204: Processing PersistenceUnitInfo [name: default]
2026-04-29 00:21:33.725 INFO  [main] org.hibernate.Version - HHH000412: Hibernate ORM core version 6.6.18.Final
2026-04-29 00:21:33.777 INFO  [main] o.h.c.i.RegionFactoryInitiator - HHH000026: Second-level cache disabled
2026-04-29 00:21:34.143 INFO  [main] o.s.o.j.p.SpringPersistenceUnitInfo - No LoadTimeWeaver setup: ignoring JPA class transformer
2026-04-29 00:21:34.461 INFO  [main] o.hibernate.orm.connections.pooling - HHH10001005: Database info:
	Database JDBC URL [Connecting through datasource 'HikariDataSource (HikariPool-1)']
	Database driver: undefined/unknown
	Database version: 19.3
	Autocommit mode: undefined/unknown
	Isolation level: undefined/unknown
	Minimum pool size: undefined/unknown
	Maximum pool size: undefined/unknown
2026-04-29 00:21:35.559 INFO  [main] o.h.e.t.j.p.i.JtaPlatformInitiator - HHH000489: No JTA platform available (set 'hibernate.transaction.jta.platform' to enable JTA platform integration)
2026-04-29 00:21:35.570 INFO  [main] o.s.o.j.LocalContainerEntityManagerFactoryBean - Initialized JPA EntityManagerFactory for persistence unit 'default'
2026-04-29 00:21:37.705 INFO  [main] o.s.b.a.e.web.EndpointLinksResolver - Exposing 3 endpoints beneath base path '/actuator'
2026-04-29 00:21:37.812 INFO  [main] o.a.coyote.http11.Http11NioProtocol - Starting ProtocolHandler ["http-nio-8080"]
2026-04-29 00:21:37.833 INFO  [main] o.s.b.w.e.tomcat.TomcatWebServer - Tomcat started on port 8080 (http) with context path '/'
2026-04-29 00:21:53.104 INFO  [main] t.report.mainapp.MainAppApplication - Started MainAppApplication in 53.689 seconds (process running for 54.449)
2026-04-29 00:21:53.411 INFO  [RMI TCP Connection(6)-192.168.1.245] o.a.c.c.C.[Tomcat].[localhost].[/] - Initializing Spring DispatcherServlet 'dispatcherServlet'
2026-04-29 00:21:53.411 INFO  [RMI TCP Connection(6)-192.168.1.245] o.s.web.servlet.DispatcherServlet - Initializing Servlet 'dispatcherServlet'
2026-04-29 00:21:53.413 INFO  [RMI TCP Connection(6)-192.168.1.245] o.s.web.servlet.DispatcherServlet - Completed initialization in 2 ms
2026-04-29 00:22:33.598 INFO  [SpringApplicationShutdownHook] o.s.b.w.e.tomcat.GracefulShutdown - Commencing graceful shutdown. Waiting for active requests to complete
2026-04-29 06:26:03.312 INFO  [main] t.report.mainapp.MainAppApplication - Starting MainAppApplication using Java 18.0.2 with PID 23388 (D:\06-05-2025\report\main-app\target\classes started by Precision 7540 in D:\06-05-2025\report)
2026-04-29 06:26:03.314 INFO  [main] t.report.mainapp.MainAppApplication - No active profile set, falling back to 1 default profile: "default"
2026-04-29 06:26:04.490 INFO  [main] o.s.d.r.c.RepositoryConfigurationDelegate - Multiple Spring Data modules found, entering strict repository configuration mode
2026-04-29 06:26:04.491 INFO  [main] o.s.d.r.c.RepositoryConfigurationDelegate - Bootstrapping Spring Data JPA repositories in DEFAULT mode.
2026-04-29 06:26:04.514 INFO  [main] o.s.d.r.c.RepositoryConfigurationDelegate - Finished Spring Data repository scanning in 14 ms. Found 0 JPA repository interfaces.
2026-04-29 06:26:04.527 INFO  [main] o.s.d.r.c.RepositoryConfigurationDelegate - Multiple Spring Data modules found, entering strict repository configuration mode
2026-04-29 06:26:04.528 INFO  [main] o.s.d.r.c.RepositoryConfigurationDelegate - Bootstrapping Spring Data Redis repositories in DEFAULT mode.
2026-04-29 06:26:04.542 INFO  [main] o.s.d.r.c.RepositoryConfigurationDelegate - Finished Spring Data repository scanning in 3 ms. Found 0 Redis repository interfaces.
2026-04-29 06:26:05.180 INFO  [main] o.s.b.w.e.tomcat.TomcatWebServer - Tomcat initialized with port 8080 (http)
2026-04-29 06:26:05.195 INFO  [main] o.a.coyote.http11.Http11NioProtocol - Initializing ProtocolHandler ["http-nio-8080"]
2026-04-29 06:26:05.196 INFO  [main] o.a.catalina.core.StandardService - Starting service [Tomcat]
2026-04-29 06:26:05.196 INFO  [main] o.a.catalina.core.StandardEngine - Starting Servlet engine: [Apache Tomcat/10.1.42]
2026-04-29 06:26:05.275 INFO  [main] o.a.c.c.C.[Tomcat].[localhost].[/] - Initializing Spring embedded WebApplicationContext
2026-04-29 06:26:05.275 INFO  [main] o.s.b.w.s.c.ServletWebServerApplicationContext - Root WebApplicationContext: initialization completed in 1910 ms
2026-04-29 06:26:05.783 INFO  [main] com.zaxxer.hikari.HikariDataSource - HikariPool-1 - Starting...
2026-04-29 06:26:06.275 INFO  [main] com.zaxxer.hikari.pool.HikariPool - HikariPool-1 - Added connection oracle.jdbc.driver.T4CConnection@2919aff3
2026-04-29 06:26:06.276 INFO  [main] com.zaxxer.hikari.HikariDataSource - HikariPool-1 - Start completed.
2026-04-29 06:26:06.321 INFO  [main] o.h.jpa.internal.util.LogHelper - HHH000204: Processing PersistenceUnitInfo [name: default]
2026-04-29 06:26:06.398 INFO  [main] org.hibernate.Version - HHH000412: Hibernate ORM core version 6.6.18.Final
2026-04-29 06:26:06.437 INFO  [main] o.h.c.i.RegionFactoryInitiator - HHH000026: Second-level cache disabled
2026-04-29 06:26:06.731 INFO  [main] o.s.o.j.p.SpringPersistenceUnitInfo - No LoadTimeWeaver setup: ignoring JPA class transformer
2026-04-29 06:26:06.991 INFO  [main] o.hibernate.orm.connections.pooling - HHH10001005: Database info:
	Database JDBC URL [Connecting through datasource 'HikariDataSource (HikariPool-1)']
	Database driver: undefined/unknown
	Database version: 19.3
	Autocommit mode: undefined/unknown
	Isolation level: undefined/unknown
	Minimum pool size: undefined/unknown
	Maximum pool size: undefined/unknown
2026-04-29 06:26:07.891 INFO  [main] o.h.e.t.j.p.i.JtaPlatformInitiator - HHH000489: No JTA platform available (set 'hibernate.transaction.jta.platform' to enable JTA platform integration)
2026-04-29 06:26:07.897 INFO  [main] o.s.o.j.LocalContainerEntityManagerFactoryBean - Initialized JPA EntityManagerFactory for persistence unit 'default'
2026-04-29 06:26:09.631 INFO  [main] o.s.b.a.e.web.EndpointLinksResolver - Exposing 3 endpoints beneath base path '/actuator'
2026-04-29 06:26:09.821 INFO  [main] o.a.coyote.http11.Http11NioProtocol - Starting ProtocolHandler ["http-nio-8080"]
2026-04-29 06:26:09.839 INFO  [main] o.s.b.w.e.tomcat.TomcatWebServer - Tomcat started on port 8080 (http) with context path '/'
2026-04-29 06:26:31.073 INFO  [main] t.report.mainapp.MainAppApplication - Started MainAppApplication in 28.324 seconds (process running for 29.067)
2026-04-29 06:26:31.652 INFO  [RMI TCP Connection(6)-192.168.1.245] o.a.c.c.C.[Tomcat].[localhost].[/] - Initializing Spring DispatcherServlet 'dispatcherServlet'
2026-04-29 06:26:31.652 INFO  [RMI TCP Connection(6)-192.168.1.245] o.s.web.servlet.DispatcherServlet - Initializing Servlet 'dispatcherServlet'
2026-04-29 06:26:31.654 INFO  [RMI TCP Connection(6)-192.168.1.245] o.s.web.servlet.DispatcherServlet - Completed initialization in 2 ms
2026-04-29 06:27:20.635 INFO  [http-nio-8080-exec-2] o.h.e.i.StatisticalLoggingSessionEventListener - Session Metrics {
    893700 nanoseconds spent acquiring 1 JDBC connections;
    0 nanoseconds spent releasing 0 JDBC connections;
    26255300 nanoseconds spent preparing 1 JDBC statements;
    11129900 nanoseconds spent executing 1 JDBC statements;
    0 nanoseconds spent executing 0 JDBC batches;
    0 nanoseconds spent performing 0 L2C puts;
    0 nanoseconds spent performing 0 L2C hits;
    0 nanoseconds spent performing 0 L2C misses;
    10063600 nanoseconds spent executing 1 flushes (flushing a total of 2 entities and 1 collections);
    24400 nanoseconds spent executing 1 pre-partial-flushes;
    9600 nanoseconds spent executing 1 partial-flushes (flushing a total of 0 entities and 0 collections)
}
2026-04-29 06:27:20.864 INFO  [http-nio-8080-exec-5] o.h.e.i.StatisticalLoggingSessionEventListener - Session Metrics {
    537300 nanoseconds spent acquiring 1 JDBC connections;
    0 nanoseconds spent releasing 0 JDBC connections;
    20619700 nanoseconds spent preparing 2 JDBC statements;
    2126200 nanoseconds spent executing 1 JDBC statements;
    0 nanoseconds spent executing 0 JDBC batches;
    0 nanoseconds spent performing 0 L2C puts;
    0 nanoseconds spent performing 0 L2C hits;
    0 nanoseconds spent performing 0 L2C misses;
    0 nanoseconds spent executing 0 flushes (flushing a total of 0 entities and 0 collections);
    0 nanoseconds spent executing 0 pre-partial-flushes;
    0 nanoseconds spent executing 0 partial-flushes (flushing a total of 0 entities and 0 collections)
}
2026-04-29 06:27:20.864 INFO  [http-nio-8080-exec-4] o.h.e.i.StatisticalLoggingSessionEventListener - Session Metrics {
    27700 nanoseconds spent acquiring 1 JDBC connections;
    0 nanoseconds spent releasing 0 JDBC connections;
    20553800 nanoseconds spent preparing 2 JDBC statements;
    2427800 nanoseconds spent executing 1 JDBC statements;
    0 nanoseconds spent executing 0 JDBC batches;
    0 nanoseconds spent performing 0 L2C puts;
    0 nanoseconds spent performing 0 L2C hits;
    0 nanoseconds spent performing 0 L2C misses;
    0 nanoseconds spent executing 0 flushes (flushing a total of 0 entities and 0 collections);
    0 nanoseconds spent executing 0 pre-partial-flushes;
    0 nanoseconds spent executing 0 partial-flushes (flushing a total of 0 entities and 0 collections)
}
2026-04-29 06:27:54.453 INFO  [main] t.report.mainapp.MainAppApplication - Starting MainAppApplication using Java 18.0.2 with PID 21488 (D:\06-05-2025\report\main-app\target\classes started by Precision 7540 in D:\06-05-2025\report)
2026-04-29 06:27:54.455 INFO  [main] t.report.mainapp.MainAppApplication - No active profile set, falling back to 1 default profile: "default"
2026-04-29 06:27:55.424 INFO  [main] o.s.d.r.c.RepositoryConfigurationDelegate - Multiple Spring Data modules found, entering strict repository configuration mode
2026-04-29 06:27:55.426 INFO  [main] o.s.d.r.c.RepositoryConfigurationDelegate - Bootstrapping Spring Data JPA repositories in DEFAULT mode.
2026-04-29 06:27:55.446 INFO  [main] o.s.d.r.c.RepositoryConfigurationDelegate - Finished Spring Data repository scanning in 14 ms. Found 0 JPA repository interfaces.
2026-04-29 06:27:55.456 INFO  [main] o.s.d.r.c.RepositoryConfigurationDelegate - Multiple Spring Data modules found, entering strict repository configuration mode
2026-04-29 06:27:55.457 INFO  [main] o.s.d.r.c.RepositoryConfigurationDelegate - Bootstrapping Spring Data Redis repositories in DEFAULT mode.
2026-04-29 06:27:55.468 INFO  [main] o.s.d.r.c.RepositoryConfigurationDelegate - Finished Spring Data repository scanning in 4 ms. Found 0 Redis repository interfaces.
2026-04-29 06:27:56.030 INFO  [main] o.s.b.w.e.tomcat.TomcatWebServer - Tomcat initialized with port 8080 (http)
2026-04-29 06:27:56.039 INFO  [main] o.a.coyote.http11.Http11NioProtocol - Initializing ProtocolHandler ["http-nio-8080"]
2026-04-29 06:27:56.040 INFO  [main] o.a.catalina.core.StandardService - Starting service [Tomcat]
2026-04-29 06:27:56.040 INFO  [main] o.a.catalina.core.StandardEngine - Starting Servlet engine: [Apache Tomcat/10.1.42]
2026-04-29 06:27:56.106 INFO  [main] o.a.c.c.C.[Tomcat].[localhost].[/] - Initializing Spring embedded WebApplicationContext
2026-04-29 06:27:56.107 INFO  [main] o.s.b.w.s.c.ServletWebServerApplicationContext - Root WebApplicationContext: initialization completed in 1614 ms
2026-04-29 06:27:56.556 INFO  [main] com.zaxxer.hikari.HikariDataSource - HikariPool-1 - Starting...
2026-04-29 06:27:57.011 INFO  [main] com.zaxxer.hikari.pool.HikariPool - HikariPool-1 - Added connection oracle.jdbc.driver.T4CConnection@7d49a1a0
2026-04-29 06:27:57.012 INFO  [main] com.zaxxer.hikari.HikariDataSource - HikariPool-1 - Start completed.
2026-04-29 06:27:57.045 INFO  [main] o.h.jpa.internal.util.LogHelper - HHH000204: Processing PersistenceUnitInfo [name: default]
2026-04-29 06:27:57.092 INFO  [main] org.hibernate.Version - HHH000412: Hibernate ORM core version 6.6.18.Final
2026-04-29 06:27:57.121 INFO  [main] o.h.c.i.RegionFactoryInitiator - HHH000026: Second-level cache disabled
2026-04-29 06:27:57.365 INFO  [main] o.s.o.j.p.SpringPersistenceUnitInfo - No LoadTimeWeaver setup: ignoring JPA class transformer
2026-04-29 06:27:57.716 INFO  [main] o.hibernate.orm.connections.pooling - HHH10001005: Database info:
	Database JDBC URL [Connecting through datasource 'HikariDataSource (HikariPool-1)']
	Database driver: undefined/unknown
	Database version: 19.3
	Autocommit mode: undefined/unknown
	Isolation level: undefined/unknown
	Minimum pool size: undefined/unknown
	Maximum pool size: undefined/unknown
2026-04-29 06:27:58.695 INFO  [main] o.h.e.t.j.p.i.JtaPlatformInitiator - HHH000489: No JTA platform available (set 'hibernate.transaction.jta.platform' to enable JTA platform integration)
2026-04-29 06:27:58.702 INFO  [main] o.s.o.j.LocalContainerEntityManagerFactoryBean - Initialized JPA EntityManagerFactory for persistence unit 'default'
2026-04-29 06:28:00.583 INFO  [main] o.s.b.a.e.web.EndpointLinksResolver - Exposing 3 endpoints beneath base path '/actuator'
2026-04-29 06:28:00.668 INFO  [main] o.a.coyote.http11.Http11NioProtocol - Starting ProtocolHandler ["http-nio-8080"]
2026-04-29 06:28:00.686 INFO  [main] o.s.b.w.e.tomcat.TomcatWebServer - Tomcat started on port 8080 (http) with context path '/'
2026-04-29 06:28:21.915 INFO  [main] t.report.mainapp.MainAppApplication - Started MainAppApplication in 27.994 seconds (process running for 28.866)
2026-04-29 06:28:22.276 INFO  [RMI TCP Connection(3)-169.254.31.210] o.a.c.c.C.[Tomcat].[localhost].[/] - Initializing Spring DispatcherServlet 'dispatcherServlet'
2026-04-29 06:28:22.276 INFO  [RMI TCP Connection(3)-169.254.31.210] o.s.web.servlet.DispatcherServlet - Initializing Servlet 'dispatcherServlet'
2026-04-29 06:28:22.278 INFO  [RMI TCP Connection(3)-169.254.31.210] o.s.web.servlet.DispatcherServlet - Completed initialization in 2 ms
2026-04-29 06:29:32.885 INFO  [http-nio-8080-exec-1] o.h.e.i.StatisticalLoggingSessionEventListener - Session Metrics {
    1115300 nanoseconds spent acquiring 1 JDBC connections;
    0 nanoseconds spent releasing 0 JDBC connections;
    25432000 nanoseconds spent preparing 1 JDBC statements;
    12272300 nanoseconds spent executing 1 JDBC statements;
    0 nanoseconds spent executing 0 JDBC batches;
    0 nanoseconds spent performing 0 L2C puts;
    0 nanoseconds spent performing 0 L2C hits;
    0 nanoseconds spent performing 0 L2C misses;
    9720300 nanoseconds spent executing 1 flushes (flushing a total of 2 entities and 1 collections);
    31600 nanoseconds spent executing 1 pre-partial-flushes;
    10200 nanoseconds spent executing 1 partial-flushes (flushing a total of 0 entities and 0 collections)
}
2026-04-29 06:40:57.805 INFO  [http-nio-8080-exec-2] o.h.e.i.StatisticalLoggingSessionEventListener - Session Metrics {
    1068000 nanoseconds spent acquiring 1 JDBC connections;
    0 nanoseconds spent releasing 0 JDBC connections;
    18312400 nanoseconds spent preparing 2 JDBC statements;
    5505600 nanoseconds spent executing 1 JDBC statements;
    0 nanoseconds spent executing 0 JDBC batches;
    0 nanoseconds spent performing 0 L2C puts;
    0 nanoseconds spent performing 0 L2C hits;
    0 nanoseconds spent performing 0 L2C misses;
    0 nanoseconds spent executing 0 flushes (flushing a total of 0 entities and 0 collections);
    0 nanoseconds spent executing 0 pre-partial-flushes;
    0 nanoseconds spent executing 0 partial-flushes (flushing a total of 0 entities and 0 collections)
}
2026-04-29 06:40:57.806 INFO  [http-nio-8080-exec-4] o.h.e.i.StatisticalLoggingSessionEventListener - Session Metrics {
    1224100 nanoseconds spent acquiring 1 JDBC connections;
    0 nanoseconds spent releasing 0 JDBC connections;
    17766700 nanoseconds spent preparing 2 JDBC statements;
    10091193100 nanoseconds spent executing 1 JDBC statements;
    0 nanoseconds spent executing 0 JDBC batches;
    0 nanoseconds spent performing 0 L2C puts;
    0 nanoseconds spent performing 0 L2C hits;
    0 nanoseconds spent performing 0 L2C misses;
    0 nanoseconds spent executing 0 flushes (flushing a total of 0 entities and 0 collections);
    0 nanoseconds spent executing 0 pre-partial-flushes;
    0 nanoseconds spent executing 0 partial-flushes (flushing a total of 0 entities and 0 collections)
}
2026-04-29 06:42:39.395 INFO  [http-nio-8080-exec-8] o.h.e.i.StatisticalLoggingSessionEventListener - Session Metrics {
    1325200 nanoseconds spent acquiring 1 JDBC connections;
    0 nanoseconds spent releasing 0 JDBC connections;
    225600 nanoseconds spent preparing 1 JDBC statements;
    3424900 nanoseconds spent executing 1 JDBC statements;
    0 nanoseconds spent executing 0 JDBC batches;
    0 nanoseconds spent performing 0 L2C puts;
    0 nanoseconds spent performing 0 L2C hits;
    0 nanoseconds spent performing 0 L2C misses;
    332600 nanoseconds spent executing 1 flushes (flushing a total of 2 entities and 1 collections);
    7000 nanoseconds spent executing 1 pre-partial-flushes;
    2600 nanoseconds spent executing 1 partial-flushes (flushing a total of 0 entities and 0 collections)
}
2026-04-29 06:50:27.313 INFO  [http-nio-8080-exec-7] o.h.e.i.StatisticalLoggingSessionEventListener - Session Metrics {
    1284800 nanoseconds spent acquiring 1 JDBC connections;
    0 nanoseconds spent releasing 0 JDBC connections;
    1765800 nanoseconds spent preparing 2 JDBC statements;
    1245277700 nanoseconds spent executing 1 JDBC statements;
    0 nanoseconds spent executing 0 JDBC batches;
    0 nanoseconds spent performing 0 L2C puts;
    0 nanoseconds spent performing 0 L2C hits;
    0 nanoseconds spent performing 0 L2C misses;
    0 nanoseconds spent executing 0 flushes (flushing a total of 0 entities and 0 collections);
    0 nanoseconds spent executing 0 pre-partial-flushes;
    0 nanoseconds spent executing 0 partial-flushes (flushing a total of 0 entities and 0 collections)
}
2026-04-29 06:50:28.049 INFO  [http-nio-8080-exec-6] o.h.e.i.StatisticalLoggingSessionEventListener - Session Metrics {
    1044500 nanoseconds spent acquiring 1 JDBC connections;
    0 nanoseconds spent releasing 0 JDBC connections;
    145800 nanoseconds spent preparing 1 JDBC statements;
    732354700 nanoseconds spent executing 1 JDBC statements;
    0 nanoseconds spent executing 0 JDBC batches;
    0 nanoseconds spent performing 0 L2C puts;
    0 nanoseconds spent performing 0 L2C hits;
    0 nanoseconds spent performing 0 L2C misses;
    275600 nanoseconds spent executing 1 flushes (flushing a total of 2 entities and 1 collections);
    6600 nanoseconds spent executing 1 pre-partial-flushes;
    2400 nanoseconds spent executing 1 partial-flushes (flushing a total of 0 entities and 0 collections)
}
2026-04-29 06:50:28.050 INFO  [http-nio-8080-exec-9] o.h.e.i.StatisticalLoggingSessionEventListener - Session Metrics {
    884700 nanoseconds spent acquiring 1 JDBC connections;
    0 nanoseconds spent releasing 0 JDBC connections;
    1121800 nanoseconds spent preparing 2 JDBC statements;
    2151986000 nanoseconds spent executing 1 JDBC statements;
    0 nanoseconds spent executing 0 JDBC batches;
    0 nanoseconds spent performing 0 L2C puts;
    0 nanoseconds spent performing 0 L2C hits;
    0 nanoseconds spent performing 0 L2C misses;
    0 nanoseconds spent executing 0 flushes (flushing a total of 0 entities and 0 collections);
    0 nanoseconds spent executing 0 pre-partial-flushes;
    0 nanoseconds spent executing 0 partial-flushes (flushing a total of 0 entities and 0 collections)
}
2026-04-29 06:50:33.177 INFO  [http-nio-8080-exec-10] o.h.e.i.StatisticalLoggingSessionEventListener - Session Metrics {
    852400 nanoseconds spent acquiring 1 JDBC connections;
    0 nanoseconds spent releasing 0 JDBC connections;
    1169100 nanoseconds spent preparing 2 JDBC statements;
    1589500 nanoseconds spent executing 1 JDBC statements;
    0 nanoseconds spent executing 0 JDBC batches;
    0 nanoseconds spent performing 0 L2C puts;
    0 nanoseconds spent performing 0 L2C hits;
    0 nanoseconds spent performing 0 L2C misses;
    0 nanoseconds spent executing 0 flushes (flushing a total of 0 entities and 0 collections);
    0 nanoseconds spent executing 0 pre-partial-flushes;
    0 nanoseconds spent executing 0 partial-flushes (flushing a total of 0 entities and 0 collections)
}
2026-04-29 06:50:34.114 INFO  [http-nio-8080-exec-1] o.h.e.i.StatisticalLoggingSessionEventListener - Session Metrics {
    831900 nanoseconds spent acquiring 1 JDBC connections;
    0 nanoseconds spent releasing 0 JDBC connections;
    1065600 nanoseconds spent preparing 2 JDBC statements;
    1033544900 nanoseconds spent executing 1 JDBC statements;
    0 nanoseconds spent executing 0 JDBC batches;
    0 nanoseconds spent performing 0 L2C puts;
    0 nanoseconds spent performing 0 L2C hits;
    0 nanoseconds spent performing 0 L2C misses;
    0 nanoseconds spent executing 0 flushes (flushing a total of 0 entities and 0 collections);
    0 nanoseconds spent executing 0 pre-partial-flushes;
    0 nanoseconds spent executing 0 partial-flushes (flushing a total of 0 entities and 0 collections)
}
2026-04-29 06:50:48.856 INFO  [http-nio-8080-exec-4] o.h.e.i.StatisticalLoggingSessionEventListener - Session Metrics {
    819700 nanoseconds spent acquiring 1 JDBC connections;
    0 nanoseconds spent releasing 0 JDBC connections;
    158300 nanoseconds spent preparing 1 JDBC statements;
    2001700 nanoseconds spent executing 1 JDBC statements;
    0 nanoseconds spent executing 0 JDBC batches;
    0 nanoseconds spent performing 0 L2C puts;
    0 nanoseconds spent performing 0 L2C hits;
    0 nanoseconds spent performing 0 L2C misses;
    326500 nanoseconds spent executing 1 flushes (flushing a total of 2 entities and 1 collections);
    6200 nanoseconds spent executing 1 pre-partial-flushes;
    2600 nanoseconds spent executing 1 partial-flushes (flushing a total of 0 entities and 0 collections)
}
2026-04-29 06:50:55.998 INFO  [http-nio-8080-exec-2] o.h.e.i.StatisticalLoggingSessionEventListener - Session Metrics {
    971900 nanoseconds spent acquiring 1 JDBC connections;
    0 nanoseconds spent releasing 0 JDBC connections;
    1249200 nanoseconds spent preparing 2 JDBC statements;
    441997400 nanoseconds spent executing 1 JDBC statements;
    0 nanoseconds spent executing 0 JDBC batches;
    0 nanoseconds spent performing 0 L2C puts;
    0 nanoseconds spent performing 0 L2C hits;
    0 nanoseconds spent performing 0 L2C misses;
    0 nanoseconds spent executing 0 flushes (flushing a total of 0 entities and 0 collections);
    0 nanoseconds spent executing 0 pre-partial-flushes;
    0 nanoseconds spent executing 0 partial-flushes (flushing a total of 0 entities and 0 collections)
}
2026-04-29 06:50:56.646 INFO  [http-nio-8080-exec-5] o.h.e.i.StatisticalLoggingSessionEventListener - Session Metrics {
    644700 nanoseconds spent acquiring 1 JDBC connections;
    0 nanoseconds spent releasing 0 JDBC connections;
    949900 nanoseconds spent preparing 2 JDBC statements;
    626765200 nanoseconds spent executing 1 JDBC statements;
    0 nanoseconds spent executing 0 JDBC batches;
    0 nanoseconds spent performing 0 L2C puts;
    0 nanoseconds spent performing 0 L2C hits;
    0 nanoseconds spent performing 0 L2C misses;
    0 nanoseconds spent executing 0 flushes (flushing a total of 0 entities and 0 collections);
    0 nanoseconds spent executing 0 pre-partial-flushes;
    0 nanoseconds spent executing 0 partial-flushes (flushing a total of 0 entities and 0 collections)
}
2026-04-29 06:58:58.615 INFO  [main] t.report.mainapp.MainAppApplication - Starting MainAppApplication using Java 18.0.2 with PID 26172 (D:\06-05-2025\report\main-app\target\classes started by Precision 7540 in D:\06-05-2025\report)
2026-04-29 06:58:58.617 INFO  [main] t.report.mainapp.MainAppApplication - No active profile set, falling back to 1 default profile: "default"
2026-04-29 06:58:59.890 INFO  [main] o.s.d.r.c.RepositoryConfigurationDelegate - Multiple Spring Data modules found, entering strict repository configuration mode
2026-04-29 06:58:59.891 INFO  [main] o.s.d.r.c.RepositoryConfigurationDelegate - Bootstrapping Spring Data JPA repositories in DEFAULT mode.
2026-04-29 06:58:59.916 INFO  [main] o.s.d.r.c.RepositoryConfigurationDelegate - Finished Spring Data repository scanning in 15 ms. Found 0 JPA repository interfaces.
2026-04-29 06:58:59.925 INFO  [main] o.s.d.r.c.RepositoryConfigurationDelegate - Multiple Spring Data modules found, entering strict repository configuration mode
2026-04-29 06:58:59.927 INFO  [main] o.s.d.r.c.RepositoryConfigurationDelegate - Bootstrapping Spring Data Redis repositories in DEFAULT mode.
2026-04-29 06:58:59.938 INFO  [main] o.s.d.r.c.RepositoryConfigurationDelegate - Finished Spring Data repository scanning in 4 ms. Found 0 Redis repository interfaces.
2026-04-29 06:59:00.486 INFO  [main] o.s.b.w.e.tomcat.TomcatWebServer - Tomcat initialized with port 8080 (http)
2026-04-29 06:59:00.505 INFO  [main] o.a.coyote.http11.Http11NioProtocol - Initializing ProtocolHandler ["http-nio-8080"]
2026-04-29 06:59:00.506 INFO  [main] o.a.catalina.core.StandardService - Starting service [Tomcat]
2026-04-29 06:59:00.506 INFO  [main] o.a.catalina.core.StandardEngine - Starting Servlet engine: [Apache Tomcat/10.1.42]
2026-04-29 06:59:00.583 INFO  [main] o.a.c.c.C.[Tomcat].[localhost].[/] - Initializing Spring embedded WebApplicationContext
2026-04-29 06:59:00.584 INFO  [main] o.s.b.w.s.c.ServletWebServerApplicationContext - Root WebApplicationContext: initialization completed in 1929 ms
2026-04-29 06:59:01.063 INFO  [main] com.zaxxer.hikari.HikariDataSource - HikariPool-1 - Starting...
2026-04-29 06:59:01.599 INFO  [main] com.zaxxer.hikari.pool.HikariPool - HikariPool-1 - Added connection oracle.jdbc.driver.T4CConnection@378c48c1
2026-04-29 06:59:01.600 INFO  [main] com.zaxxer.hikari.HikariDataSource - HikariPool-1 - Start completed.
2026-04-29 06:59:01.637 INFO  [main] o.h.jpa.internal.util.LogHelper - HHH000204: Processing PersistenceUnitInfo [name: default]
2026-04-29 06:59:01.677 INFO  [main] org.hibernate.Version - HHH000412: Hibernate ORM core version 6.6.18.Final
2026-04-29 06:59:01.707 INFO  [main] o.h.c.i.RegionFactoryInitiator - HHH000026: Second-level cache disabled
2026-04-29 06:59:01.946 INFO  [main] o.s.o.j.p.SpringPersistenceUnitInfo - No LoadTimeWeaver setup: ignoring JPA class transformer
2026-04-29 06:59:02.183 INFO  [main] o.hibernate.orm.connections.pooling - HHH10001005: Database info:
	Database JDBC URL [Connecting through datasource 'HikariDataSource (HikariPool-1)']
	Database driver: undefined/unknown
	Database version: 19.3
	Autocommit mode: undefined/unknown
	Isolation level: undefined/unknown
	Minimum pool size: undefined/unknown
	Maximum pool size: undefined/unknown
2026-04-29 06:59:03.010 INFO  [main] o.h.e.t.j.p.i.JtaPlatformInitiator - HHH000489: No JTA platform available (set 'hibernate.transaction.jta.platform' to enable JTA platform integration)
2026-04-29 06:59:03.015 INFO  [main] o.s.o.j.LocalContainerEntityManagerFactoryBean - Initialized JPA EntityManagerFactory for persistence unit 'default'
2026-04-29 06:59:04.628 INFO  [main] o.s.b.a.e.web.EndpointLinksResolver - Exposing 3 endpoints beneath base path '/actuator'
2026-04-29 06:59:04.708 INFO  [main] o.a.coyote.http11.Http11NioProtocol - Starting ProtocolHandler ["http-nio-8080"]
2026-04-29 06:59:04.727 INFO  [main] o.s.b.w.e.tomcat.TomcatWebServer - Tomcat started on port 8080 (http) with context path '/'
2026-04-29 06:59:16.694 INFO  [http-nio-8080-exec-1] o.a.c.c.C.[Tomcat].[localhost].[/] - Initializing Spring DispatcherServlet 'dispatcherServlet'
2026-04-29 06:59:16.694 INFO  [http-nio-8080-exec-1] o.s.web.servlet.DispatcherServlet - Initializing Servlet 'dispatcherServlet'
2026-04-29 06:59:16.695 INFO  [http-nio-8080-exec-1] o.s.web.servlet.DispatcherServlet - Completed initialization in 1 ms
2026-04-29 06:59:17.308 INFO  [http-nio-8080-exec-1] o.h.e.i.StatisticalLoggingSessionEventListener - Session Metrics {
    3181400 nanoseconds spent acquiring 1 JDBC connections;
    0 nanoseconds spent releasing 0 JDBC connections;
    23134500 nanoseconds spent preparing 1 JDBC statements;
    14230700 nanoseconds spent executing 1 JDBC statements;
    0 nanoseconds spent executing 0 JDBC batches;
    0 nanoseconds spent performing 0 L2C puts;
    0 nanoseconds spent performing 0 L2C hits;
    0 nanoseconds spent performing 0 L2C misses;
    10749500 nanoseconds spent executing 1 flushes (flushing a total of 2 entities and 1 collections);
    34300 nanoseconds spent executing 1 pre-partial-flushes;
    15500 nanoseconds spent executing 1 partial-flushes (flushing a total of 0 entities and 0 collections)
}
2026-04-29 06:59:23.196 INFO  [http-nio-8080-exec-2] o.h.e.i.StatisticalLoggingSessionEventListener - Session Metrics {
    781900 nanoseconds spent acquiring 1 JDBC connections;
    0 nanoseconds spent releasing 0 JDBC connections;
    15931200 nanoseconds spent preparing 2 JDBC statements;
    685587000 nanoseconds spent executing 1 JDBC statements;
    0 nanoseconds spent executing 0 JDBC batches;
    0 nanoseconds spent performing 0 L2C puts;
    0 nanoseconds spent performing 0 L2C hits;
    0 nanoseconds spent performing 0 L2C misses;
    0 nanoseconds spent executing 0 flushes (flushing a total of 0 entities and 0 collections);
    0 nanoseconds spent executing 0 pre-partial-flushes;
    0 nanoseconds spent executing 0 partial-flushes (flushing a total of 0 entities and 0 collections)
}
2026-04-29 06:59:23.196 INFO  [http-nio-8080-exec-5] o.h.e.i.StatisticalLoggingSessionEventListener - Session Metrics {
    850600 nanoseconds spent acquiring 1 JDBC connections;
    0 nanoseconds spent releasing 0 JDBC connections;
    15944000 nanoseconds spent preparing 2 JDBC statements;
    659567500 nanoseconds spent executing 1 JDBC statements;
    0 nanoseconds spent executing 0 JDBC batches;
    0 nanoseconds spent performing 0 L2C puts;
    0 nanoseconds spent performing 0 L2C hits;
    0 nanoseconds spent performing 0 L2C misses;
    0 nanoseconds spent executing 0 flushes (flushing a total of 0 entities and 0 collections);
    0 nanoseconds spent executing 0 pre-partial-flushes;
    0 nanoseconds spent executing 0 partial-flushes (flushing a total of 0 entities and 0 collections)
}
2026-04-29 06:59:25.971 INFO  [main] t.report.mainapp.MainAppApplication - Started MainAppApplication in 27.87 seconds (process running for 30.0)
2026-04-29 06:59:46.920 INFO  [http-nio-8080-exec-3] o.h.e.i.StatisticalLoggingSessionEventListener - Session Metrics {
    1216900 nanoseconds spent acquiring 1 JDBC connections;
    0 nanoseconds spent releasing 0 JDBC connections;
    2001500 nanoseconds spent preparing 5 JDBC statements;
    80166400 nanoseconds spent executing 5 JDBC statements;
    0 nanoseconds spent executing 0 JDBC batches;
    0 nanoseconds spent performing 0 L2C puts;
    0 nanoseconds spent performing 0 L2C hits;
    0 nanoseconds spent performing 0 L2C misses;
    23263000 nanoseconds spent executing 1 flushes (flushing a total of 5 entities and 1 collections);
    0 nanoseconds spent executing 0 pre-partial-flushes;
    0 nanoseconds spent executing 0 partial-flushes (flushing a total of 0 entities and 0 collections)
}
2026-04-29 06:59:55.279 INFO  [http-nio-8080-exec-4] o.h.e.i.StatisticalLoggingSessionEventListener - Session Metrics {
    1222900 nanoseconds spent acquiring 1 JDBC connections;
    0 nanoseconds spent releasing 0 JDBC connections;
    196800 nanoseconds spent preparing 1 JDBC statements;
    3047700 nanoseconds spent executing 1 JDBC statements;
    0 nanoseconds spent executing 0 JDBC batches;
    0 nanoseconds spent performing 0 L2C puts;
    0 nanoseconds spent performing 0 L2C hits;
    0 nanoseconds spent performing 0 L2C misses;
    358500 nanoseconds spent executing 1 flushes (flushing a total of 2 entities and 1 collections);
    6600 nanoseconds spent executing 1 pre-partial-flushes;
    9100 nanoseconds spent executing 1 partial-flushes (flushing a total of 0 entities and 0 collections)
}
2026-04-29 07:00:18.643 INFO  [http-nio-8080-exec-7] o.h.e.i.StatisticalLoggingSessionEventListener - Session Metrics {
    933300 nanoseconds spent acquiring 1 JDBC connections;
    0 nanoseconds spent releasing 0 JDBC connections;
    1231500 nanoseconds spent preparing 2 JDBC statements;
    1276960600 nanoseconds spent executing 1 JDBC statements;
    0 nanoseconds spent executing 0 JDBC batches;
    0 nanoseconds spent performing 0 L2C puts;
    0 nanoseconds spent performing 0 L2C hits;
    0 nanoseconds spent performing 0 L2C misses;
    0 nanoseconds spent executing 0 flushes (flushing a total of 0 entities and 0 collections);
    0 nanoseconds spent executing 0 pre-partial-flushes;
    0 nanoseconds spent executing 0 partial-flushes (flushing a total of 0 entities and 0 collections)
}
2026-04-29 07:13:34.607 INFO  [http-nio-8080-exec-9] o.h.e.i.StatisticalLoggingSessionEventListener - Session Metrics {
    876500 nanoseconds spent acquiring 1 JDBC connections;
    0 nanoseconds spent releasing 0 JDBC connections;
    1106100 nanoseconds spent preparing 2 JDBC statements;
    783329000 nanoseconds spent executing 1 JDBC statements;
    0 nanoseconds spent executing 0 JDBC batches;
    0 nanoseconds spent performing 0 L2C puts;
    0 nanoseconds spent performing 0 L2C hits;
    0 nanoseconds spent performing 0 L2C misses;
    0 nanoseconds spent executing 0 flushes (flushing a total of 0 entities and 0 collections);
    0 nanoseconds spent executing 0 pre-partial-flushes;
    0 nanoseconds spent executing 0 partial-flushes (flushing a total of 0 entities and 0 collections)
}
2026-04-29 07:14:06.844 INFO  [http-nio-8080-exec-8] o.h.e.i.StatisticalLoggingSessionEventListener - Session Metrics {
    1190700 nanoseconds spent acquiring 1 JDBC connections;
    0 nanoseconds spent releasing 0 JDBC connections;
    245400 nanoseconds spent preparing 1 JDBC statements;
    3234700 nanoseconds spent executing 1 JDBC statements;
    0 nanoseconds spent executing 0 JDBC batches;
    0 nanoseconds spent performing 0 L2C puts;
    0 nanoseconds spent performing 0 L2C hits;
    0 nanoseconds spent performing 0 L2C misses;
    402400 nanoseconds spent executing 1 flushes (flushing a total of 2 entities and 1 collections);
    6100 nanoseconds spent executing 1 pre-partial-flushes;
    2800 nanoseconds spent executing 1 partial-flushes (flushing a total of 0 entities and 0 collections)
}
2026-04-29 07:14:52.124 INFO  [http-nio-8080-exec-10] o.h.e.i.StatisticalLoggingSessionEventListener - Session Metrics {
    796300 nanoseconds spent acquiring 1 JDBC connections;
    0 nanoseconds spent releasing 0 JDBC connections;
    1010100 nanoseconds spent preparing 2 JDBC statements;
    854863600 nanoseconds spent executing 1 JDBC statements;
    0 nanoseconds spent executing 0 JDBC batches;
    0 nanoseconds spent performing 0 L2C puts;
    0 nanoseconds spent performing 0 L2C hits;
    0 nanoseconds spent performing 0 L2C misses;
    0 nanoseconds spent executing 0 flushes (flushing a total of 0 entities and 0 collections);
    0 nanoseconds spent executing 0 pre-partial-flushes;
    0 nanoseconds spent executing 0 partial-flushes (flushing a total of 0 entities and 0 collections)
}
2026-04-29 07:15:02.955 INFO  [http-nio-8080-exec-1] o.h.e.i.StatisticalLoggingSessionEventListener - Session Metrics {
    1008300 nanoseconds spent acquiring 1 JDBC connections;
    0 nanoseconds spent releasing 0 JDBC connections;
    1264700 nanoseconds spent preparing 2 JDBC statements;
    1194749400 nanoseconds spent executing 1 JDBC statements;
    0 nanoseconds spent executing 0 JDBC batches;
    0 nanoseconds spent performing 0 L2C puts;
    0 nanoseconds spent performing 0 L2C hits;
    0 nanoseconds spent performing 0 L2C misses;
    0 nanoseconds spent executing 0 flushes (flushing a total of 0 entities and 0 collections);
    0 nanoseconds spent executing 0 pre-partial-flushes;
    0 nanoseconds spent executing 0 partial-flushes (flushing a total of 0 entities and 0 collections)
}
2026-04-29 08:06:20.221 INFO  [http-nio-8080-exec-3] o.h.e.i.StatisticalLoggingSessionEventListener - Session Metrics {
    1535100 nanoseconds spent acquiring 1 JDBC connections;
    0 nanoseconds spent releasing 0 JDBC connections;
    208500 nanoseconds spent preparing 1 JDBC statements;
    2803300 nanoseconds spent executing 1 JDBC statements;
    0 nanoseconds spent executing 0 JDBC batches;
    0 nanoseconds spent performing 0 L2C puts;
    0 nanoseconds spent performing 0 L2C hits;
    0 nanoseconds spent performing 0 L2C misses;
    299300 nanoseconds spent executing 1 flushes (flushing a total of 2 entities and 1 collections);
    7600 nanoseconds spent executing 1 pre-partial-flushes;
    3000 nanoseconds spent executing 1 partial-flushes (flushing a total of 0 entities and 0 collections)
}
2026-04-29 08:08:58.774 INFO  [http-nio-8080-exec-9] o.h.e.i.StatisticalLoggingSessionEventListener - Session Metrics {
    936400 nanoseconds spent acquiring 1 JDBC connections;
    0 nanoseconds spent releasing 0 JDBC connections;
    972352800 nanoseconds spent preparing 2 JDBC statements;
    2743800 nanoseconds spent executing 1 JDBC statements;
    0 nanoseconds spent executing 0 JDBC batches;
    0 nanoseconds spent performing 0 L2C puts;
    0 nanoseconds spent performing 0 L2C hits;
    0 nanoseconds spent performing 0 L2C misses;
    0 nanoseconds spent executing 0 flushes (flushing a total of 0 entities and 0 collections);
    0 nanoseconds spent executing 0 pre-partial-flushes;
    0 nanoseconds spent executing 0 partial-flushes (flushing a total of 0 entities and 0 collections)
}
2026-04-29 08:08:59.591 INFO  [http-nio-8080-exec-7] o.h.e.i.StatisticalLoggingSessionEventListener - Session Metrics {
    826800 nanoseconds spent acquiring 1 JDBC connections;
    0 nanoseconds spent releasing 0 JDBC connections;
    1153800 nanoseconds spent preparing 2 JDBC statements;
    615725900 nanoseconds spent executing 1 JDBC statements;
    0 nanoseconds spent executing 0 JDBC batches;
    0 nanoseconds spent performing 0 L2C puts;
    0 nanoseconds spent performing 0 L2C hits;
    0 nanoseconds spent performing 0 L2C misses;
    0 nanoseconds spent executing 0 flushes (flushing a total of 0 entities and 0 collections);
    0 nanoseconds spent executing 0 pre-partial-flushes;
    0 nanoseconds spent executing 0 partial-flushes (flushing a total of 0 entities and 0 collections)
}
2026-04-29 08:08:59.621 INFO  [HikariPool-1:connection-adder] oracle.jdbc - entering args (oracle.jdbc.internal.AbstractConnectionBuilder$1@5aeaba01)
2026-04-29 08:08:59.621 INFO  [HikariPool-1:connection-adder] oracle.jdbc - traceId=26D1D6A4. 
2026-04-29 08:08:59.623 INFO  [HikariPool-1:connection-adder] oracle.jdbc - Session Attributes: 
sdu=8192, tdu=2097152
nt: host=192.168.1.122, port=1521, socketOptions={0=YES, 1=NO, 17=0, 18=false, 2=30000, 20=true, 38=TLS, 23=40, 24=50, 40=false, 25=0}
    socket=null
client profile={oracle.net.encryption_types_client=(), oracle.net.crypto_seed=, oracle.net.authentication_services=(), oracle.net.setFIPSMode=false, oracle.net.kerberos5_mutual_authentication=false, oracle.net.encryption_client=ACCEPTED, oracle.net.crypto_checksum_client=ACCEPTED, oracle.net.crypto_checksum_types_client=()}
connection options=[host=192.168.1.122 port=1521 protocol=TCP addr=(ADDRESS=(PROTOCOL=TCP)(HOST=192.168.1.122)(PORT=1521)) conn_data=(DESCRIPTION=(ADDRESS=(PROTOCOL=TCP)(PORT=1521)(HOST=192.168.1.130)(HOSTNAME=rac-cluster-scan.txuyen.local))(CONNECT_DATA=(CID=(PROGRAM=MainAppApplication)(HOST=DESKTOP-CR3SMLK)(USER=Precision 7540))(SERVICE_NAME=pdb.txuyen.local)(CONNECTION_ID=ZAsjs4DhRnOrPI7ew070rA==)(SERVER=dedicated)(INSTANCE_NAME=orcl2))) done=false]
onBreakReset=false, dataEOF=false, negotiatedOptions=0xc41, connected=false
TTIINIT enabled=false, TTC cookie enabled=false

2026-04-29 08:08:59.624 INFO  [HikariPool-1:connection-adder] oracle.jdbc - traceId=26D1D6A4, anoEnabled=true. 
2026-04-29 08:08:59.624 INFO  [HikariPool-1:connection-adder] oracle.jdbc - Got Redirect, SessionTraceId = 26D1D6A4
2026-04-29 08:08:59.624 INFO  [HikariPool-1:connection-adder] oracle.jdbc - Session Attributes: 
sdu=8192, tdu=2097152
nt: host=192.168.1.122, port=1521, socketOptions={0=YES, 1=NO, 17=0, 18=false, 2=30000, 20=true, 38=TLS, 23=40, 24=50, 40=false, 25=0}
    socket=null
client profile={oracle.net.encryption_types_client=(), oracle.net.crypto_seed=, oracle.net.authentication_services=(), oracle.net.setFIPSMode=false, oracle.net.kerberos5_mutual_authentication=false, oracle.net.encryption_client=ACCEPTED, oracle.net.crypto_checksum_client=ACCEPTED, oracle.net.crypto_checksum_types_client=()}
connection options=[host=192.168.1.122 port=1521 protocol=TCP addr=(ADDRESS=(PROTOCOL=TCP)(HOST=192.168.1.122)(PORT=1521)) conn_data=(DESCRIPTION=(ADDRESS=(PROTOCOL=TCP)(PORT=1521)(HOST=192.168.1.130)(HOSTNAME=rac-cluster-scan.txuyen.local))(CONNECT_DATA=(CID=(PROGRAM=MainAppApplication)(HOST=DESKTOP-CR3SMLK)(USER=Precision 7540))(SERVICE_NAME=pdb.txuyen.local)(CONNECTION_ID=ZAsjs4DhRnOrPI7ew070rA==)(SERVER=dedicated)(INSTANCE_NAME=orcl2))) done=false]
onBreakReset=false, dataEOF=false, negotiatedOptions=0xc41, connected=false
TTIINIT enabled=false, TTC cookie enabled=false

2026-04-29 08:08:59.624 INFO  [HikariPool-1:connection-adder] oracle.jdbc - Got Resend, SessionTraceId = 26D1D6A4
2026-04-29 08:08:59.624 INFO  [HikariPool-1:connection-adder] oracle.jdbc - Connection established. Cleared conn strategy stack
2026-04-29 08:08:59.624 INFO  [HikariPool-1:connection-adder] oracle.jdbc - Sending break marker, SessionTraceId = 26D1D6A4
2026-04-29 08:08:59.625 INFO  [HikariPool-1:connection-adder] oracle.jdbc - throwing
java.sql.SQLRecoverableException: ORA-17002: I/O error: Connection reset by peer, Authentication lapse 154054 ms.
https://docs.oracle.com/error-help/db/ora-17002/
	at oracle.jdbc.driver.T4CConnection.handleLogonIOException(T4CConnection.java:1896)
	at oracle.jdbc.driver.T4CConnection.logon(T4CConnection.java:1207)
	at oracle.jdbc.driver.PhysicalConnection.connect(PhysicalConnection.java:1189)
	at oracle.jdbc.driver.T4CDriverExtension.getConnection(T4CDriverExtension.java:106)
	at oracle.jdbc.driver.OracleDriver.connect(OracleDriver.java:887)
	at oracle.jdbc.driver.OracleDriver.connect(OracleDriver.java:694)
	at com.zaxxer.hikari.util.DriverDataSource.getConnection(DriverDataSource.java:139)
	at com.zaxxer.hikari.pool.PoolBase.newConnection(PoolBase.java:368)
	at com.zaxxer.hikari.pool.PoolBase.newPoolEntry(PoolBase.java:205)
	at com.zaxxer.hikari.pool.HikariPool.createPoolEntry(HikariPool.java:483)
	at com.zaxxer.hikari.pool.HikariPool$PoolEntryCreator.call(HikariPool.java:747)
	at com.zaxxer.hikari.pool.HikariPool$PoolEntryCreator.call(HikariPool.java:726)
	at java.base/java.util.concurrent.FutureTask.run$$$capture(FutureTask.java:264)
	at java.base/java.util.concurrent.FutureTask.run(FutureTask.java)
	at java.base/java.util.concurrent.ThreadPoolExecutor.runWorker(ThreadPoolExecutor.java:1136)
	at java.base/java.util.concurrent.ThreadPoolExecutor$Worker.run(ThreadPoolExecutor.java:635)
	at java.base/java.lang.Thread.run(Thread.java:833)
Caused by: java.io.IOException: Connection reset by peer, Authentication lapse 154054 ms.
	at oracle.jdbc.driver.T4CConnection.handleLogonIOException(T4CConnection.java:1891)
	... 16 common frames omitted
Caused by: java.io.IOException: Connection reset by peer
	at java.base/sun.nio.ch.SocketDispatcher.write0(Native Method)
	at java.base/sun.nio.ch.SocketDispatcher.write(SocketDispatcher.java:54)
	at java.base/sun.nio.ch.SocketChannelImpl.tryWrite(SocketChannelImpl.java:1315)
	at java.base/sun.nio.ch.SocketChannelImpl.blockingWriteFully(SocketChannelImpl.java:1348)
	at java.base/sun.nio.ch.SocketAdaptor$2.write(SocketAdaptor.java:224)
	at oracle.net.nt.TimeoutSocketChannel.doBlockedWrite(TimeoutSocketChannel.java:774)
	at oracle.net.nt.TimeoutSocketChannel.write(TimeoutSocketChannel.java:715)
	at oracle.net.ns.NIOPacket.writeToSocketChannel(NIOPacket.java:374)
	at oracle.net.ns.NIONSDataChannel.writeDataToSocketChannel(NIONSDataChannel.java:216)
	at oracle.jdbc.driver.T4CMAREngineNIO.flush(T4CMAREngineNIO.java:888)
	at oracle.jdbc.driver.T4CMAREngineNIO.prepareForUnmarshall(T4CMAREngineNIO.java:920)
	at oracle.jdbc.driver.T4CMAREngineNIO.unmarshalUB1(T4CMAREngineNIO.java:466)
	at oracle.jdbc.driver.T4CTTIfun.receive(T4CTTIfun.java:814)
	at oracle.jdbc.driver.T4CTTIfun.doRPC(T4CTTIfun.java:237)
	at oracle.jdbc.driver.T4CTTIoauthenticate.doOAUTH(T4CTTIoauthenticate.java:547)
	at oracle.jdbc.driver.T4CTTIoauthenticate.doOAUTHWithO5Logon(T4CTTIoauthenticate.java:1746)
	at oracle.jdbc.driver.T4CTTIoauthenticate.doOAUTH(T4CTTIoauthenticate.java:1493)
	at oracle.jdbc.driver.T4CTTIoauthenticate.doOAUTH(T4CTTIoauthenticate.java:1433)
	at oracle.jdbc.driver.T4CConnection.authenticateWithPassword(T4CConnection.java:2294)
	at oracle.jdbc.driver.T4CConnection.authenticateUserForLogon(T4CConnection.java:2231)
	at oracle.jdbc.driver.T4CConnection.logon(T4CConnection.java:1155)
	... 15 common frames omitted
2026-04-29 08:08:59.626 INFO  [HikariPool-1:connection-adder] oracle.jdbc - properties={LOCALE=en_US, DriverVersion=23.7.0.25.01, java.library.path: =C:\Users\Precision 7540\.jdks\corretto-18.0.2\bin;C:\Windows\Sun\Java\bin;C:\Windows\system32;C:\Windows;C:\WINDOWS.X64_193000_db_home\bin;C:\app\23ai\dbhomeFree\bin;D:\WINDOWS.X64_193000_db_home\bin;C:\Program Files (x86)\VMware\VMware Workstation\bin\;C:\Program Files\Amazon Corretto\jdk17.0.10_7\bin;C:\Python312\Scripts\;C:\Python312\;C:\Windows\system32;C:\Windows;C:\Windows\System32\Wbem;C:\Windows\System32\WindowsPowerShell\v1.0\;C:\Windows\System32\OpenSSH\;C:\Program Files\Microsoft SQL Server\150\Tools\Binn\;C:\Program Files\Microsoft SQL Server\Client SDK\ODBC\170\Tools\Binn\;C:\Program Files\dotnet\;C:\Program Files (x86)\Windows Kits\10\Windows Performance Toolkit\;C:\Program Files (x86)\Microsoft SQL Server\150\DTS\Binn\;C:\Program Files\Azure Data Studio\bin;C:\Program Files (x86)\Microsoft SQL Server\150\Tools\Binn\;C:\Program Files\Microsoft SQL Server\150\DTS\Binn\;C:\Program Files\nodejs\;C:\ProgramData\chocolatey\bin;C:\Program Files (x86)\Yarn\bin\;C:\Program Files\Amazon\AWSCLIV2\;C:\Program Files\Git\cmd;C:\Program Files\PuTTY\;C:\Program Files (x86)\Microsoft SQL Server\160\DTS\Binn\;C:\Program Files\Docker\Docker\resources\bin;C:\Program Files\MySQL\MySQL Shell 8.0\bin\;C:\Users\Precision 7540\AppData\Local\Microsoft\WindowsApps;C:\Users\Precision 7540\.dotnet\tools;C:\Program Files\Azure Data Studio\bin;C:\Users\Precision 7540\AppData\Roaming\npm;C:\Users\Precision 7540\AppData\Local\Yarn\bin;C:\Users\Precision 7540\AppData\Local\Programs\Microsoft VS Code\bin;C:\apache-maven-3.9.6\bin;C:\terraform;C:\Program Files\Neovim\bin;C:\Users\Precision 7540\AppData\Local\Muse Hub\lib;C:\Program Files\JetBrains\IntelliJ IDEA 2025.3.3\bin;., java.class.path: =D:\06-05-2025\report\main-app\target\classes;C:\Users\Precision 7540\.m2\repository\org\springframework\boot\spring-boot-starter-data-jpa\3.5.3\spring-boot-starter-data-jpa-3.5.3.jar;C:\Users\Precision 7540\.m2\repository\org\springframework\boot\spring-boot-starter\3.5.3\spring-boot-starter-3.5.3.jar;C:\Users\Precision 7540\.m2\repository\org\springframework\boot\spring-boot\3.5.3\spring-boot-3.5.3.jar;C:\Users\Precision 7540\.m2\repository\org\springframework\boot\spring-boot-autoconfigure\3.5.3\spring-boot-autoconfigure-3.5.3.jar;C:\Users\Precision 7540\.m2\repository\org\springframework\boot\spring-boot-starter-logging\3.5.3\spring-boot-starter-logging-3.5.3.jar;C:\Users\Precision 7540\.m2\repository\ch\qos\logback\logback-classic\1.5.18\logback-classic-1.5.18.jar;C:\Users\Precision 7540\.m2\repository\ch\qos\logback\logback-core\1.5.18\logback-core-1.5.18.jar;C:\Users\Precision 7540\.m2\repository\org\apache\logging\log4j\log4j-to-slf4j\2.24.3\log4j-to-slf4j-2.24.3.jar;C:\Users\Precision 7540\.m2\repository\org\apache\logging\log4j\log4j-api\2.24.3\log4j-api-2.24.3.jar;C:\Users\Precision 7540\.m2\repository\org\slf4j\jul-to-slf4j\2.0.17\jul-to-slf4j-2.0.17.jar;C:\Users\Precision 7540\.m2\repository\jakarta\annotation\jakarta.annotation-api\2.1.1\jakarta.annotation-api-2.1.1.jar;C:\Users\Precision 7540\.m2\repository\org\yaml\snakeyaml\2.4\snakeyaml-2.4.jar;C:\Users\Precision 7540\.m2\repository\org\springframework\boot\spring-boot-starter-jdbc\3.5.3\spring-boot-starter-jdbc-3.5.3.jar;C:\Users\Precision 7540\.m2\repository\com\zaxxer\HikariCP\6.3.0\HikariCP-6.3.0.jar;C:\Users\Precision 7540\.m2\repository\org\springframework\spring-jdbc\6.2.8\spring-jdbc-6.2.8.jar;C:\Users\Precision 7540\.m2\repository\org\hibernate\orm\hibernate-core\6.6.18.Final\hibernate-core-6.6.18.Final.jar;C:\Users\Precision 7540\.m2\repository\jakarta\persistence\jakarta.persistence-api\3.1.0\jakarta.persistence-api-3.1.0.jar;C:\Users\Precision 7540\.m2\repository\jakarta\transaction\jakarta.transaction-api\2.0.1\jakarta.transaction-api-2.0.1.jar;C:\Users\Precision 7540\.m2\repository\org\jboss\logging\jboss-logging\3.6.1.Final\jboss-logging-3.6.1.Final.jar;C:\Users\Precision 7540\.m2\repository\org\hibernate\common\hibernate-commons-annotations\7.0.3.Final\hibernate-commons-annotations-7.0.3.Final.jar;C:\Users\Precision 7540\.m2\repository\io\smallrye\jandex\3.2.0\jandex-3.2.0.jar;C:\Users\Precision 7540\.m2\repository\com\fasterxml\classmate\1.7.0\classmate-1.7.0.jar;C:\Users\Precision 7540\.m2\repository\net\bytebuddy\byte-buddy\1.17.6\byte-buddy-1.17.6.jar;C:\Users\Precision 7540\.m2\repository\org\glassfish\jaxb\jaxb-runtime\4.0.5\jaxb-runtime-4.0.5.jar;C:\Users\Precision 7540\.m2\repository\org\glassfish\jaxb\jaxb-core\4.0.5\jaxb-core-4.0.5.jar;C:\Users\Precision 7540\.m2\repository\org\eclipse\angus\angus-activation\2.0.2\angus-activation-2.0.2.jar;C:\Users\Precision 7540\.m2\repository\org\glassfish\jaxb\txw2\4.0.5\txw2-4.0.5.jar;C:\Users\Precision 7540\.m2\repository\com\sun\istack\istack-commons-runtime\4.1.2\istack-commons-runtime-4.1.2.jar;C:\Users\Precision 7540\.m2\repository\jakarta\inject\jakarta.inject-api\2.0.1\jakarta.inject-api-2.0.1.jar;C:\Users\Precision 7540\.m2\repository\org\antlr\antlr4-runtime\4.13.0\antlr4-runtime-4.13.0.jar;C:\Users\Precision 7540\.m2\repository\org\springframework\data\spring-data-jpa\3.5.1\spring-data-jpa-3.5.1.jar;C:\Users\Precision 7540\.m2\repository\org\springframework\data\spring-data-commons\3.5.1\spring-data-commons-3.5.1.jar;C:\Users\Precision 7540\.m2\repository\org\springframework\spring-orm\6.2.8\spring-orm-6.2.8.jar;C:\Users\Precision 7540\.m2\repository\org\springframework\spring-aop\6.2.8\spring-aop-6.2.8.jar;C:\Users\Precision 7540\.m2\repository\org\springframework\spring-beans\6.2.8\spring-beans-6.2.8.jar;C:\Users\Precision 7540\.m2\repository\org\springframework\spring-aspects\6.2.8\spring-aspects-6.2.8.jar;C:\Users\Precision 7540\.m2\repository\org\aspectj\aspectjweaver\1.9.24\aspectjweaver-1.9.24.jar;C:\Users\Precision 7540\.m2\repository\org\springframework\boot\spring-boot-starter-web\3.5.3\spring-boot-starter-web-3.5.3.jar;C:\Users\Precision 7540\.m2\repository\org\springframework\boot\spring-boot-starter-json\3.5.3\spring-boot-starter-json-3.5.3.jar;C:\Users\Precision 7540\.m2\repository\com\fasterxml\jackson\datatype\jackson-datatype-jdk8\2.19.1\jackson-datatype-jdk8-2.19.1.jar;C:\Users\Precision 7540\.m2\repository\com\fasterxml\jackson\datatype\jackson-datatype-jsr310\2.19.1\jackson-datatype-jsr310-2.19.1.jar;C:\Users\Precision 7540\.m2\repository\com\fasterxml\jackson\module\jackson-module-parameter-names\2.19.1\jackson-module-parameter-names-2.19.1.jar;C:\Users\Precision 7540\.m2\repository\org\springframework\boot\spring-boot-starter-tomcat\3.5.3\spring-boot-starter-tomcat-3.5.3.jar;C:\Users\Precision 7540\.m2\repository\org\apache\tomcat\embed\tomcat-embed-core\10.1.42\tomcat-embed-core-10.1.42.jar;C:\Users\Precision 7540\.m2\repository\org\apache\tomcat\embed\tomcat-embed-el\10.1.42\tomcat-embed-el-10.1.42.jar;C:\Users\Precision 7540\.m2\repository\org\apache\tomcat\embed\tomcat-embed-websocket\10.1.42\tomcat-embed-websocket-10.1.42.jar;C:\Users\Precision 7540\.m2\repository\org\springframework\spring-web\6.2.8\spring-web-6.2.8.jar;C:\Users\Precision 7540\.m2\repository\org\springframework\spring-webmvc\6.2.8\spring-webmvc-6.2.8.jar;C:\Users\Precision 7540\.m2\repository\org\springframework\spring-expression\6.2.8\spring-expression-6.2.8.jar;C:\Users\Precision 7540\.m2\repository\com\oracle\database\jdbc\ojdbc11\23.7.0.25.01\ojdbc11-23.7.0.25.01.jar;C:\Users\Precision 7540\.m2\repository\org\projectlombok\lombok\1.18.38\lombok-1.18.38.jar;C:\Users\Precision 7540\.m2\repository\jakarta\xml\bind\jakarta.xml.bind-api\4.0.2\jakarta.xml.bind-api-4.0.2.jar;C:\Users\Precision 7540\.m2\repository\jakarta\activation\jakarta.activation-api\2.1.3\jakarta.activation-api-2.1.3.jar;C:\Users\Precision 7540\.m2\repository\org\springframework\spring-core\6.2.8\spring-core-6.2.8.jar;C:\Users\Precision 7540\.m2\repository\org\springframework\spring-jcl\6.2.8\spring-jcl-6.2.8.jar;C:\Users\Precision 7540\.m2\repository\txu\common\1.0.0\common-1.0.0.jar;C:\Users\Precision 7540\.m2\repository\org\mapstruct\mapstruct\1.5.5.Final\mapstruct-1.5.5.Final.jar;C:\Users\Precision 7540\.m2\repository\org\springframework\boot\spring-boot-starter-data-redis\3.5.3\spring-boot-starter-data-redis-3.5.3.jar;C:\Users\Precision 7540\.m2\repository\io\lettuce\lettuce-core\6.6.0.RELEASE\lettuce-core-6.6.0.RELEASE.jar;C:\Users\Precision 7540\.m2\repository\redis\clients\authentication\redis-authx-core\0.1.1-beta2\redis-authx-core-0.1.1-beta2.jar;C:\Users\Precision 7540\.m2\repository\io\projectreactor\reactor-core\3.7.7\reactor-core-3.7.7.jar;C:\Users\Precision 7540\.m2\repository\org\springframework\data\spring-data-redis\3.5.1\spring-data-redis-3.5.1.jar;C:\Users\Precision 7540\.m2\repository\org\springframework\data\spring-data-keyvalue\3.5.1\spring-data-keyvalue-3.5.1.jar;C:\Users\Precision 7540\.m2\repository\org\springframework\spring-oxm\6.2.8\spring-oxm-6.2.8.jar;C:\Users\Precision 7540\.m2\repository\org\springframework\spring-context-support\6.2.8\spring-context-support-6.2.8.jar;C:\Users\Precision 7540\.m2\repository\txu\erp-grpc\1.0.0\erp-grpc-1.0.0.jar;C:\Users\Precision 7540\.m2\repository\javax\annotation\javax.annotation-api\1.3.2\javax.annotation-api-1.3.2.jar;C:\Users\Precision 7540\.m2\repository\io\awspring\cloud\spring-cloud-starter-aws-parameter-store-config\2.4.2\spring-cloud-starter-aws-parameter-store-config-2.4.2.jar;C:\Users\Precision 7540\.m2\repository\io\awspring\cloud\spring-cloud-aws-parameter-store-config\2.4.2\spring-cloud-aws-parameter-store-config-2.4.2.jar;C:\Users\Precision 7540\.m2\repository\org\springframework\cloud\spring-cloud-context\3.1.0\spring-cloud-context-3.1.0.jar;C:\Users\Precision 7540\.m2\repository\org\springframework\security\spring-security-crypto\6.5.1\spring-security-crypto-6.5.1.jar;C:\Users\Precision 7540\.m2\repository\com\amazonaws\aws-java-sdk-ssm\1.12.266\aws-java-sdk-ssm-1.12.266.jar;C:\Users\Precision 7540\.m2\repository\io\awspring\cloud\spring-cloud-aws-core\2.4.2\spring-cloud-aws-core-2.4.2.jar;C:\Users\Precision 7540\.m2\repository\com\amazonaws\aws-java-sdk-ec2\1.12.266\aws-java-sdk-ec2-1.12.266.jar;C:\Users\Precision 7540\.m2\repository\org\slf4j\slf4j-api\2.0.17\slf4j-api-2.0.17.jar;C:\Users\Precision 7540\.m2\repository\javax\activation\javax.activation-api\1.2.0\javax.activation-api-1.2.0.jar;C:\Users\Precision 7540\.m2\repository\commons-io\commons-io\2.11.0\commons-io-2.11.0.jar;C:\Users\Precision 7540\.m2\repository\io\grpc\grpc-netty\1.50.0\grpc-netty-1.50.0.jar;C:\Users\Precision 7540\.m2\repository\io\grpc\grpc-core\1.50.0\grpc-core-1.50.0.jar;C:\Users\Precision 7540\.m2\repository\com\google\code\gson\gson\2.13.1\gson-2.13.1.jar;C:\Users\Precision 7540\.m2\repository\com\google\android\annotations\4.1.1.4\annotations-4.1.1.4.jar;C:\Users\Precision 7540\.m2\repository\org\codehaus\mojo\animal-sniffer-annotations\1.21\animal-sniffer-annotations-1.21.jar;C:\Users\Precision 7540\.m2\repository\io\netty\netty-codec-http2\4.1.122.Final\netty-codec-http2-4.1.122.Final.jar;C:\Users\Precision 7540\.m2\repository\io\netty\netty-common\4.1.122.Final\netty-common-4.1.122.Final.jar;C:\Users\Precision 7540\.m2\repository\io\netty\netty-buffer\4.1.122.Final\netty-buffer-4.1.122.Final.jar;C:\Users\Precision 7540\.m2\repository\io\netty\netty-transport\4.1.122.Final\netty-transport-4.1.122.Final.jar;C:\Users\Precision 7540\.m2\repository\io\netty\netty-codec\4.1.122.Final\netty-codec-4.1.122.Final.jar;C:\Users\Precision 7540\.m2\repository\io\netty\netty-handler\4.1.122.Final\netty-handler-4.1.122.Final.jar;C:\Users\Precision 7540\.m2\repository\io\netty\netty-codec-http\4.1.122.Final\netty-codec-http-4.1.122.Final.jar;C:\Users\Precision 7540\.m2\repository\io\netty\netty-handler-proxy\4.1.122.Final\netty-handler-proxy-4.1.122.Final.jar;C:\Users\Precision 7540\.m2\repository\io\netty\netty-codec-socks\4.1.122.Final\netty-codec-socks-4.1.122.Final.jar;C:\Users\Precision 7540\.m2\repository\com\google\guava\guava\31.1-android\guava-31.1-android.jar;C:\Users\Precision 7540\.m2\repository\com\google\guava\failureaccess\1.0.1\failureaccess-1.0.1.jar;C:\Users\Precision 7540\.m2\repository\com\google\guava\listenablefuture\9999.0-empty-to-avoid-conflict-with-guava\listenablefuture-9999.0-empty-to-avoid-conflict-with-guava.jar;C:\Users\Precision 7540\.m2\repository\org\checkerframework\checker-qual\3.12.0\checker-qual-3.12.0.jar;C:\Users\Precision 7540\.m2\repository\com\google\j2objc\j2objc-annotations\1.3\j2objc-annotations-1.3.jar;C:\Users\Precision 7540\.m2\repository\com\google\errorprone\error_prone_annotations\2.14.0\error_prone_annotations-2.14.0.jar;C:\Users\Precision 7540\.m2\repository\io\perfmark\perfmark-api\0.25.0\perfmark-api-0.25.0.jar;C:\Users\Precision 7540\.m2\repository\io\netty\netty-transport-native-unix-common\4.1.122.Final\netty-transport-native-unix-common-4.1.122.Final.jar;C:\Users\Precision 7540\.m2\repository\io\grpc\grpc-protobuf\1.50.0\grpc-protobuf-1.50.0.jar;C:\Users\Precision 7540\.m2\repository\io\grpc\grpc-api\1.50.0\grpc-api-1.50.0.jar;C:\Users\Precision 7540\.m2\repository\io\grpc\grpc-context\1.50.0\grpc-context-1.50.0.jar;C:\Users\Precision 7540\.m2\repository\com\google\code\findbugs\jsr305\3.0.2\jsr305-3.0.2.jar;C:\Users\Precision 7540\.m2\repository\com\google\protobuf\protobuf-java\3.21.7\protobuf-java-3.21.7.jar;C:\Users\Precision 7540\.m2\repository\com\google\api\grpc\proto-google-common-protos\2.9.0\proto-google-common-protos-2.9.0.jar;C:\Users\Precision 7540\.m2\repository\io\grpc\grpc-protobuf-lite\1.50.0\grpc-protobuf-lite-1.50.0.jar;C:\Users\Precision 7540\.m2\repository\io\grpc\grpc-stub\1.50.0\grpc-stub-1.50.0.jar;C:\Users\Precision 7540\.m2\repository\io\jsonwebtoken\jjwt\0.9.1\jjwt-0.9.1.jar;C:\Users\Precision 7540\.m2\repository\com\fasterxml\jackson\core\jackson-databind\2.19.1\jackson-databind-2.19.1.jar;C:\Users\Precision 7540\.m2\repository\com\fasterxml\jackson\core\jackson-annotations\2.19.1\jackson-annotations-2.19.1.jar;C:\Users\Precision 7540\.m2\repository\com\fasterxml\jackson\core\jackson-core\2.19.1\jackson-core-2.19.1.jar;C:\Users\Precision 7540\.m2\repository\javax\xml\bind\jaxb-api\2.2.11\jaxb-api-2.2.11.jar;C:\Users\Precision 7540\.m2\repository\com\sun\xml\bind\jaxb-core\2.2.11\jaxb-core-2.2.11.jar;C:\Users\Precision 7540\.m2\repository\com\sun\xml\bind\jaxb-impl\2.2.11\jaxb-impl-2.2.11.jar;C:\Users\Precision 7540\.m2\repository\io\micrometer\micrometer-registry-prometheus\1.15.1\micrometer-registry-prometheus-1.15.1.jar;C:\Users\Precision 7540\.m2\repository\io\micrometer\micrometer-core\1.15.1\micrometer-core-1.15.1.jar;C:\Users\Precision 7540\.m2\repository\io\micrometer\micrometer-commons\1.15.1\micrometer-commons-1.15.1.jar;C:\Users\Precision 7540\.m2\repository\org\hdrhistogram\HdrHistogram\2.2.2\HdrHistogram-2.2.2.jar;C:\Users\Precision 7540\.m2\repository\org\latencyutils\LatencyUtils\2.0.3\LatencyUtils-2.0.3.jar;C:\Users\Precision 7540\.m2\repository\io\prometheus\prometheus-metrics-core\1.3.8\prometheus-metrics-core-1.3.8.jar;C:\Users\Precision 7540\.m2\repository\io\prometheus\prometheus-metrics-model\1.3.8\prometheus-metrics-model-1.3.8.jar;C:\Users\Precision 7540\.m2\repository\io\prometheus\prometheus-metrics-config\1.3.8\prometheus-metrics-config-1.3.8.jar;C:\Users\Precision 7540\.m2\repository\io\prometheus\prometheus-metrics-tracer-common\1.3.8\prometheus-metrics-tracer-common-1.3.8.jar;C:\Users\Precision 7540\.m2\repository\io\prometheus\prometheus-metrics-exposition-formats\1.3.8\prometheus-metrics-exposition-formats-1.3.8.jar;C:\Users\Precision 7540\.m2\repository\io\prometheus\prometheus-metrics-exposition-formats-no-protobuf\1.3.8\prometheus-metrics-exposition-formats-no-protobuf-1.3.8.jar;C:\Users\Precision 7540\.m2\repository\io\prometheus\prometheus-metrics-exposition-textformats\1.3.8\prometheus-metrics-exposition-textformats-1.3.8.jar;C:\Users\Precision 7540\.m2\repository\org\springframework\boot\spring-boot-starter-actuator\3.5.3\spring-boot-starter-actuator-3.5.3.jar;C:\Users\Precision 7540\.m2\repository\org\springframework\boot\spring-boot-actuator-autoconfigure\3.5.3\spring-boot-actuator-autoconfigure-3.5.3.jar;C:\Users\Precision 7540\.m2\repository\org\springframework\boot\spring-boot-actuator\3.5.3\spring-boot-actuator-3.5.3.jar;C:\Users\Precision 7540\.m2\repository\io\micrometer\micrometer-observation\1.15.1\micrometer-observation-1.15.1.jar;C:\Users\Precision 7540\.m2\repository\io\micrometer\micrometer-jakarta9\1.15.1\micrometer-jakarta9-1.15.1.jar;C:\Users\Precision 7540\.m2\repository\software\amazon\awssdk\s3\2.39.6\s3-2.39.6.jar;C:\Users\Precision 7540\.m2\repository\software\amazon\awssdk\aws-xml-protocol\2.39.6\aws-xml-protocol-2.39.6.jar;C:\Users\Precision 7540\.m2\repository\software\amazon\awssdk\aws-query-protocol\2.39.6\aws-query-protocol-2.39.6.jar;C:\Users\Precision 7540\.m2\repository\software\amazon\awssdk\protocol-core\2.39.6\protocol-core-2.39.6.jar;C:\Users\Precision 7540\.m2\repository\software\amazon\awssdk\arns\2.39.6\arns-2.39.6.jar;C:\Users\Precision 7540\.m2\repository\software\amazon\awssdk\profiles\2.39.6\profiles-2.39.6.jar;C:\Users\Precision 7540\.m2\repository\software\amazon\awssdk\crt-core\2.39.6\crt-core-2.39.6.jar;C:\Users\Precision 7540\.m2\repository\software\amazon\awssdk\http-auth\2.39.6\http-auth-2.39.6.jar;C:\Users\Precision 7540\.m2\repository\software\amazon\awssdk\identity-spi\2.39.6\identity-spi-2.39.6.jar;C:\Users\Precision 7540\.m2\repository\software\amazon\awssdk\http-auth-spi\2.39.6\http-auth-spi-2.39.6.jar;C:\Users\Precision 7540\.m2\repository\org\reactivestreams\reactive-streams\1.0.4\reactive-streams-1.0.4.jar;C:\Users\Precision 7540\.m2\repository\software\amazon\awssdk\http-auth-aws\2.39.6\http-auth-aws-2.39.6.jar;C:\Users\Precision 7540\.m2\repository\software\amazon\awssdk\checksums\2.39.6\checksums-2.39.6.jar;C:\Users\Precision 7540\.m2\repository\software\amazon\awssdk\checksums-spi\2.39.6\checksums-spi-2.39.6.jar;C:\Users\Precision 7540\.m2\repository\software\amazon\awssdk\retries-spi\2.39.6\retries-spi-2.39.6.jar;C:\Users\Precision 7540\.m2\repository\software\amazon\awssdk\sdk-core\2.39.6\sdk-core-2.39.6.jar;C:\Users\Precision 7540\.m2\repository\software\amazon\awssdk\retries\2.39.6\retries-2.39.6.jar;C:\Users\Precision 7540\.m2\repository\software\amazon\awssdk\auth\2.39.6\auth-2.39.6.jar;C:\Users\Precision 7540\.m2\repository\software\amazon\awssdk\http-auth-aws-eventstream\2.39.6\http-auth-aws-eventstream-2.39.6.jar;C:\Users\Precision 7540\.m2\repository\software\amazon\eventstream\eventstream\1.0.1\eventstream-1.0.1.jar;C:\Users\Precision 7540\.m2\repository\software\amazon\awssdk\http-client-spi\2.39.6\http-client-spi-2.39.6.jar;C:\Users\Precision 7540\.m2\repository\software\amazon\awssdk\regions\2.39.6\regions-2.39.6.jar;C:\Users\Precision 7540\.m2\repository\software\amazon\awssdk\annotations\2.39.6\annotations-2.39.6.jar;C:\Users\Precision 7540\.m2\repository\software\amazon\awssdk\utils\2.39.6\utils-2.39.6.jar;C:\Users\Precision 7540\.m2\repository\software\amazon\awssdk\aws-core\2.39.6\aws-core-2.39.6.jar;C:\Users\Precision 7540\.m2\repository\software\amazon\awssdk\utils-lite\2.39.6\utils-lite-2.39.6.jar;C:\Users\Precision 7540\.m2\repository\software\amazon\awssdk\metrics-spi\2.39.6\metrics-spi-2.39.6.jar;C:\Users\Precision 7540\.m2\repository\software\amazon\awssdk\json-utils\2.39.6\json-utils-2.39.6.jar;C:\Users\Precision 7540\.m2\repository\software\amazon\awssdk\third-party-jackson-core\2.39.6\third-party-jackson-core-2.39.6.jar;C:\Users\Precision 7540\.m2\repository\software\amazon\awssdk\endpoints-spi\2.39.6\endpoints-spi-2.39.6.jar;C:\Users\Precision 7540\.m2\repository\software\amazon\awssdk\apache-client\2.39.6\apache-client-2.39.6.jar;C:\Users\Precision 7540\.m2\repository\org\apache\httpcomponents\httpclient\4.5.13\httpclient-4.5.13.jar;C:\Users\Precision 7540\.m2\repository\org\apache\httpcomponents\httpcore\4.4.16\httpcore-4.4.16.jar;C:\Users\Precision 7540\.m2\repository\commons-codec\commons-codec\1.18.0\commons-codec-1.18.0.jar;C:\Users\Precision 7540\.m2\repository\software\amazon\awssdk\netty-nio-client\2.39.6\netty-nio-client-2.39.6.jar;C:\Users\Precision 7540\.m2\repository\io\netty\netty-transport-classes-epoll\4.1.122.Final\netty-transport-classes-epoll-4.1.122.Final.jar;C:\Users\Precision 7540\.m2\repository\io\netty\netty-resolver\4.1.122.Final\netty-resolver-4.1.122.Final.jar;C:\Users\Precision 7540\.m2\repository\com\amazonaws\aws-java-sdk-s3\1.12.794\aws-java-sdk-s3-1.12.794.jar;C:\Users\Precision 7540\.m2\repository\com\amazonaws\aws-java-sdk-kms\1.12.794\aws-java-sdk-kms-1.12.794.jar;C:\Users\Precision 7540\.m2\repository\com\amazonaws\aws-java-sdk-core\1.12.794\aws-java-sdk-core-1.12.794.jar;C:\Users\Precision 7540\.m2\repository\commons-logging\commons-logging\1.1.3\commons-logging-1.1.3.jar;C:\Users\Precision 7540\.m2\repository\com\fasterxml\jackson\dataformat\jackson-dataformat-cbor\2.19.1\jackson-dataformat-cbor-2.19.1.jar;C:\Users\Precision 7540\.m2\repository\joda-time\joda-time\2.12.7\joda-time-2.12.7.jar;C:\Users\Precision 7540\.m2\repository\com\amazonaws\jmespath-java\1.12.794\jmespath-java-1.12.794.jar;C:\Users\Precision 7540\.m2\repository\org\apache\commons\commons-pool2\2.12.1\commons-pool2-2.12.1.jar;C:\Users\Precision 7540\.m2\repository\org\springframework\kafka\spring-kafka\3.3.7\spring-kafka-3.3.7.jar;C:\Users\Precision 7540\.m2\repository\org\springframework\spring-context\6.2.8\spring-context-6.2.8.jar;C:\Users\Precision 7540\.m2\repository\org\springframework\spring-messaging\6.2.8\spring-messaging-6.2.8.jar;C:\Users\Precision 7540\.m2\repository\org\springframework\spring-tx\6.2.8\spring-tx-6.2.8.jar;C:\Users\Precision 7540\.m2\repository\org\springframework\retry\spring-retry\2.0.12\spring-retry-2.0.12.jar;C:\Users\Precision 7540\.m2\repository\org\apache\kafka\kafka-clients\3.9.1\kafka-clients-3.9.1.jar;C:\Users\Precision 7540\.m2\repository\com\github\luben\zstd-jni\1.5.6-4\zstd-jni-1.5.6-4.jar;C:\Users\Precision 7540\.m2\repository\org\lz4\lz4-java\1.8.0\lz4-java-1.8.0.jar;C:\Users\Precision 7540\.m2\repository\org\xerial\snappy\snappy-java\1.1.10.5\snappy-java-1.1.10.5.jar;C:\Users\Precision 7540\.m2\repository\org\springframework\boot\spring-boot-starter-activemq\3.5.3\spring-boot-starter-activemq-3.5.3.jar;C:\Users\Precision 7540\.m2\repository\org\springframework\spring-jms\6.2.8\spring-jms-6.2.8.jar;C:\Users\Precision 7540\.m2\repository\org\apache\activemq\activemq-client\6.1.6\activemq-client-6.1.6.jar;C:\Users\Precision 7540\.m2\repository\jakarta\jms\jakarta.jms-api\3.1.0\jakarta.jms-api-3.1.0.jar;C:\Users\Precision 7540\.m2\repository\org\fusesource\hawtbuf\hawtbuf\1.11\hawtbuf-1.11.jar;C:\Program Files\JetBrains\IntelliJ IDEA 2024.2.4\lib\idea_rt.jar, java.version: =18.0.2}. 
2026-04-29 08:19:01.785 INFO  [http-nio-8080-exec-1] o.h.e.i.StatisticalLoggingSessionEventListener - Session Metrics {
    983900 nanoseconds spent acquiring 1 JDBC connections;
    0 nanoseconds spent releasing 0 JDBC connections;
    255600 nanoseconds spent preparing 1 JDBC statements;
    5732300 nanoseconds spent executing 1 JDBC statements;
    0 nanoseconds spent executing 0 JDBC batches;
    0 nanoseconds spent performing 0 L2C puts;
    0 nanoseconds spent performing 0 L2C hits;
    0 nanoseconds spent performing 0 L2C misses;
    494400 nanoseconds spent executing 1 flushes (flushing a total of 2 entities and 1 collections);
    9900 nanoseconds spent executing 1 pre-partial-flushes;
    4800 nanoseconds spent executing 1 partial-flushes (flushing a total of 0 entities and 0 collections)
}
2026-04-29 08:19:09.169 INFO  [http-nio-8080-exec-2] o.h.e.i.StatisticalLoggingSessionEventListener - Session Metrics {
    1724900 nanoseconds spent acquiring 1 JDBC connections;
    0 nanoseconds spent releasing 0 JDBC connections;
    2068600 nanoseconds spent preparing 2 JDBC statements;
    1843800 nanoseconds spent executing 1 JDBC statements;
    0 nanoseconds spent executing 0 JDBC batches;
    0 nanoseconds spent performing 0 L2C puts;
    0 nanoseconds spent performing 0 L2C hits;
    0 nanoseconds spent performing 0 L2C misses;
    0 nanoseconds spent executing 0 flushes (flushing a total of 0 entities and 0 collections);
    0 nanoseconds spent executing 0 pre-partial-flushes;
    0 nanoseconds spent executing 0 partial-flushes (flushing a total of 0 entities and 0 collections)
}
2026-04-29 08:19:09.726 INFO  [http-nio-8080-exec-5] o.h.e.i.StatisticalLoggingSessionEventListener - Session Metrics {
    2746800 nanoseconds spent acquiring 1 JDBC connections;
    0 nanoseconds spent releasing 0 JDBC connections;
    3077700 nanoseconds spent preparing 2 JDBC statements;
    2805200 nanoseconds spent executing 1 JDBC statements;
    0 nanoseconds spent executing 0 JDBC batches;
    0 nanoseconds spent performing 0 L2C puts;
    0 nanoseconds spent performing 0 L2C hits;
    0 nanoseconds spent performing 0 L2C misses;
    0 nanoseconds spent executing 0 flushes (flushing a total of 0 entities and 0 collections);
    0 nanoseconds spent executing 0 pre-partial-flushes;
    0 nanoseconds spent executing 0 partial-flushes (flushing a total of 0 entities and 0 collections)
}
2026-04-29 08:28:06.019 INFO  [http-nio-8080-exec-4] o.h.e.i.StatisticalLoggingSessionEventListener - Session Metrics {
    4578900 nanoseconds spent acquiring 1 JDBC connections;
    0 nanoseconds spent releasing 0 JDBC connections;
    4000400 nanoseconds spent preparing 1 JDBC statements;
    16765300 nanoseconds spent executing 1 JDBC statements;
    0 nanoseconds spent executing 0 JDBC batches;
    0 nanoseconds spent performing 0 L2C puts;
    0 nanoseconds spent performing 0 L2C hits;
    0 nanoseconds spent performing 0 L2C misses;
    5859800 nanoseconds spent executing 1 flushes (flushing a total of 2 entities and 1 collections);
    306400 nanoseconds spent executing 1 pre-partial-flushes;
    8200 nanoseconds spent executing 1 partial-flushes (flushing a total of 0 entities and 0 collections)
}
2026-04-29 08:28:24.746 INFO  [http-nio-8080-exec-9] o.h.e.i.StatisticalLoggingSessionEventListener - Session Metrics {
    636800 nanoseconds spent acquiring 1 JDBC connections;
    0 nanoseconds spent releasing 0 JDBC connections;
    876100 nanoseconds spent preparing 2 JDBC statements;
    1837300 nanoseconds spent executing 1 JDBC statements;
    0 nanoseconds spent executing 0 JDBC batches;
    0 nanoseconds spent performing 0 L2C puts;
    0 nanoseconds spent performing 0 L2C hits;
    0 nanoseconds spent performing 0 L2C misses;
    0 nanoseconds spent executing 0 flushes (flushing a total of 0 entities and 0 collections);
    0 nanoseconds spent executing 0 pre-partial-flushes;
    0 nanoseconds spent executing 0 partial-flushes (flushing a total of 0 entities and 0 collections)
}
2026-04-29 08:28:24.746 INFO  [http-nio-8080-exec-7] o.h.e.i.StatisticalLoggingSessionEventListener - Session Metrics {
    762100 nanoseconds spent acquiring 1 JDBC connections;
    0 nanoseconds spent releasing 0 JDBC connections;
    1653400 nanoseconds spent preparing 2 JDBC statements;
    1553500 nanoseconds spent executing 1 JDBC statements;
    0 nanoseconds spent executing 0 JDBC batches;
    0 nanoseconds spent performing 0 L2C puts;
    0 nanoseconds spent performing 0 L2C hits;
    0 nanoseconds spent performing 0 L2C misses;
    0 nanoseconds spent executing 0 flushes (flushing a total of 0 entities and 0 collections);
    0 nanoseconds spent executing 0 pre-partial-flushes;
    0 nanoseconds spent executing 0 partial-flushes (flushing a total of 0 entities and 0 collections)
}
2026-04-29 08:28:38.559 INFO  [http-nio-8080-exec-10] o.h.e.i.StatisticalLoggingSessionEventListener - Session Metrics {
    974000 nanoseconds spent acquiring 1 JDBC connections;
    0 nanoseconds spent releasing 0 JDBC connections;
    1819100 nanoseconds spent preparing 5 JDBC statements;
    65790100 nanoseconds spent executing 5 JDBC statements;
    0 nanoseconds spent executing 0 JDBC batches;
    0 nanoseconds spent performing 0 L2C puts;
    0 nanoseconds spent performing 0 L2C hits;
    0 nanoseconds spent performing 0 L2C misses;
    13800600 nanoseconds spent executing 1 flushes (flushing a total of 5 entities and 1 collections);
    0 nanoseconds spent executing 0 pre-partial-flushes;
    0 nanoseconds spent executing 0 partial-flushes (flushing a total of 0 entities and 0 collections)
}
2026-04-29 08:28:48.743 INFO  [http-nio-8080-exec-1] o.h.e.i.StatisticalLoggingSessionEventListener - Session Metrics {
    2265500 nanoseconds spent acquiring 1 JDBC connections;
    0 nanoseconds spent releasing 0 JDBC connections;
    2684100 nanoseconds spent preparing 2 JDBC statements;
    4338300 nanoseconds spent executing 2 JDBC statements;
    0 nanoseconds spent executing 0 JDBC batches;
    0 nanoseconds spent performing 0 L2C puts;
    0 nanoseconds spent performing 0 L2C hits;
    0 nanoseconds spent performing 0 L2C misses;
    0 nanoseconds spent executing 0 flushes (flushing a total of 0 entities and 0 collections);
    0 nanoseconds spent executing 0 pre-partial-flushes;
    0 nanoseconds spent executing 0 partial-flushes (flushing a total of 0 entities and 0 collections)
}
2026-04-29 08:28:54.002 INFO  [http-nio-8080-exec-2] o.h.e.i.StatisticalLoggingSessionEventListener - Session Metrics {
    989500 nanoseconds spent acquiring 1 JDBC connections;
    0 nanoseconds spent releasing 0 JDBC connections;
    863600 nanoseconds spent preparing 1 JDBC statements;
    2071200 nanoseconds spent executing 1 JDBC statements;
    0 nanoseconds spent executing 0 JDBC batches;
    0 nanoseconds spent performing 0 L2C puts;
    0 nanoseconds spent performing 0 L2C hits;
    0 nanoseconds spent performing 0 L2C misses;
    352700 nanoseconds spent executing 1 flushes (flushing a total of 2 entities and 1 collections);
    10000 nanoseconds spent executing 1 pre-partial-flushes;
    4400 nanoseconds spent executing 1 partial-flushes (flushing a total of 0 entities and 0 collections)
}
2026-04-29 08:29:22.426 INFO  [http-nio-8080-exec-5] o.h.e.i.StatisticalLoggingSessionEventListener - Session Metrics {
    694100 nanoseconds spent acquiring 1 JDBC connections;
    0 nanoseconds spent releasing 0 JDBC connections;
    989000 nanoseconds spent preparing 2 JDBC statements;
    834226200 nanoseconds spent executing 1 JDBC statements;
    0 nanoseconds spent executing 0 JDBC batches;
    0 nanoseconds spent performing 0 L2C puts;
    0 nanoseconds spent performing 0 L2C hits;
    0 nanoseconds spent performing 0 L2C misses;
    0 nanoseconds spent executing 0 flushes (flushing a total of 0 entities and 0 collections);
    0 nanoseconds spent executing 0 pre-partial-flushes;
    0 nanoseconds spent executing 0 partial-flushes (flushing a total of 0 entities and 0 collections)
}
2026-04-29 08:29:22.435 INFO  [http-nio-8080-exec-6] o.h.e.i.StatisticalLoggingSessionEventListener - Session Metrics {
    723500 nanoseconds spent acquiring 1 JDBC connections;
    0 nanoseconds spent releasing 0 JDBC connections;
    1048600 nanoseconds spent preparing 2 JDBC statements;
    1029515800 nanoseconds spent executing 1 JDBC statements;
    0 nanoseconds spent executing 0 JDBC batches;
    0 nanoseconds spent performing 0 L2C puts;
    0 nanoseconds spent performing 0 L2C hits;
    0 nanoseconds spent performing 0 L2C misses;
    0 nanoseconds spent executing 0 flushes (flushing a total of 0 entities and 0 collections);
    0 nanoseconds spent executing 0 pre-partial-flushes;
    0 nanoseconds spent executing 0 partial-flushes (flushing a total of 0 entities and 0 collections)
}
2026-04-29 09:27:18.962 INFO  [http-nio-8080-exec-9] o.h.e.i.StatisticalLoggingSessionEventListener - Session Metrics {
    1838900 nanoseconds spent acquiring 1 JDBC connections;
    0 nanoseconds spent releasing 0 JDBC connections;
    1972100 nanoseconds spent preparing 1 JDBC statements;
    8252800 nanoseconds spent executing 1 JDBC statements;
    0 nanoseconds spent executing 0 JDBC batches;
    0 nanoseconds spent performing 0 L2C puts;
    0 nanoseconds spent performing 0 L2C hits;
    0 nanoseconds spent performing 0 L2C misses;
    2487700 nanoseconds spent executing 1 flushes (flushing a total of 2 entities and 1 collections);
    85000 nanoseconds spent executing 1 pre-partial-flushes;
    8300 nanoseconds spent executing 1 partial-flushes (flushing a total of 0 entities and 0 collections)
}
2026-04-29 09:34:04.340 INFO  [http-nio-8080-exec-1] o.h.e.i.StatisticalLoggingSessionEventListener - Session Metrics {
    533000 nanoseconds spent acquiring 1 JDBC connections;
    0 nanoseconds spent releasing 0 JDBC connections;
    1220900 nanoseconds spent preparing 2 JDBC statements;
    1868900 nanoseconds spent executing 1 JDBC statements;
    0 nanoseconds spent executing 0 JDBC batches;
    0 nanoseconds spent performing 0 L2C puts;
    0 nanoseconds spent performing 0 L2C hits;
    0 nanoseconds spent performing 0 L2C misses;
    0 nanoseconds spent executing 0 flushes (flushing a total of 0 entities and 0 collections);
    0 nanoseconds spent executing 0 pre-partial-flushes;
    0 nanoseconds spent executing 0 partial-flushes (flushing a total of 0 entities and 0 collections)
}
2026-04-29 09:34:04.358 INFO  [HikariPool-1:connection-adder] oracle.jdbc - entering args (oracle.jdbc.internal.AbstractConnectionBuilder$1@709158f5)
2026-04-29 09:34:04.358 INFO  [HikariPool-1:connection-adder] oracle.jdbc - traceId=74DF4083. 
2026-04-29 09:34:04.359 INFO  [HikariPool-1:connection-adder] oracle.jdbc - Session Attributes: 
sdu=8192, tdu=2097152
nt: host=192.168.1.121, port=1521, socketOptions={0=YES, 1=NO, 17=0, 18=false, 2=30000, 20=true, 38=TLS, 23=40, 24=50, 40=false, 25=0}
    socket=null
client profile={oracle.net.encryption_types_client=(), oracle.net.crypto_seed=, oracle.net.authentication_services=(), oracle.net.setFIPSMode=false, oracle.net.kerberos5_mutual_authentication=false, oracle.net.encryption_client=ACCEPTED, oracle.net.crypto_checksum_client=ACCEPTED, oracle.net.crypto_checksum_types_client=()}
connection options=[host=192.168.1.121 port=1521 protocol=TCP addr=(ADDRESS=(PROTOCOL=TCP)(HOST=192.168.1.121)(PORT=1521)) conn_data=(DESCRIPTION=(ADDRESS=(PROTOCOL=TCP)(PORT=1521)(HOST=192.168.1.130)(HOSTNAME=rac-cluster-scan.txuyen.local))(CONNECT_DATA=(CID=(PROGRAM=MainAppApplication)(HOST=DESKTOP-CR3SMLK)(USER=Precision 7540))(SERVICE_NAME=pdb.txuyen.local)(CONNECTION_ID=/zxNiXDnT4O/HQp+iy+xTQ==)(SERVER=dedicated)(INSTANCE_NAME=orcl1))) done=false]
onBreakReset=false, dataEOF=false, negotiatedOptions=0xc41, connected=false
TTIINIT enabled=false, TTC cookie enabled=false

2026-04-29 09:34:04.359 INFO  [HikariPool-1:connection-adder] oracle.jdbc - traceId=74DF4083, anoEnabled=true. 
2026-04-29 09:34:04.366 INFO  [HikariPool-1:connection-adder] oracle.jdbc - Got Redirect, SessionTraceId = 74DF4083
2026-04-29 09:34:04.366 INFO  [HikariPool-1:connection-adder] oracle.jdbc - Session Attributes: 
sdu=8192, tdu=2097152
nt: host=192.168.1.121, port=1521, socketOptions={0=YES, 1=NO, 17=0, 18=false, 2=30000, 20=true, 38=TLS, 23=40, 24=50, 40=false, 25=0}
    socket=null
client profile={oracle.net.encryption_types_client=(), oracle.net.crypto_seed=, oracle.net.authentication_services=(), oracle.net.setFIPSMode=false, oracle.net.kerberos5_mutual_authentication=false, oracle.net.encryption_client=ACCEPTED, oracle.net.crypto_checksum_client=ACCEPTED, oracle.net.crypto_checksum_types_client=()}
connection options=[host=192.168.1.121 port=1521 protocol=TCP addr=(ADDRESS=(PROTOCOL=TCP)(HOST=192.168.1.121)(PORT=1521)) conn_data=(DESCRIPTION=(ADDRESS=(PROTOCOL=TCP)(PORT=1521)(HOST=192.168.1.130)(HOSTNAME=rac-cluster-scan.txuyen.local))(CONNECT_DATA=(CID=(PROGRAM=MainAppApplication)(HOST=DESKTOP-CR3SMLK)(USER=Precision 7540))(SERVICE_NAME=pdb.txuyen.local)(CONNECTION_ID=/zxNiXDnT4O/HQp+iy+xTQ==)(SERVER=dedicated)(INSTANCE_NAME=orcl1))) done=false]
onBreakReset=false, dataEOF=false, negotiatedOptions=0xc41, connected=false
TTIINIT enabled=false, TTC cookie enabled=false

2026-04-29 09:34:04.366 INFO  [HikariPool-1:connection-adder] oracle.jdbc - Got Resend, SessionTraceId = 74DF4083
2026-04-29 09:34:04.366 INFO  [HikariPool-1:connection-adder] oracle.jdbc - Connection established. Cleared conn strategy stack
2026-04-29 09:34:04.366 INFO  [HikariPool-1:connection-adder] oracle.jdbc - Sending break marker, SessionTraceId = 74DF4083
2026-04-29 09:34:04.366 INFO  [HikariPool-1:connection-adder] oracle.jdbc - throwing
java.sql.SQLRecoverableException: ORA-17002: I/O error: Connection reset by peer, Authentication lapse 391231 ms.
https://docs.oracle.com/error-help/db/ora-17002/
	at oracle.jdbc.driver.T4CConnection.handleLogonIOException(T4CConnection.java:1896)
	at oracle.jdbc.driver.T4CConnection.logon(T4CConnection.java:1207)
	at oracle.jdbc.driver.PhysicalConnection.connect(PhysicalConnection.java:1189)
	at oracle.jdbc.driver.T4CDriverExtension.getConnection(T4CDriverExtension.java:106)
	at oracle.jdbc.driver.OracleDriver.connect(OracleDriver.java:887)
	at oracle.jdbc.driver.OracleDriver.connect(OracleDriver.java:694)
	at com.zaxxer.hikari.util.DriverDataSource.getConnection(DriverDataSource.java:139)
	at com.zaxxer.hikari.pool.PoolBase.newConnection(PoolBase.java:368)
	at com.zaxxer.hikari.pool.PoolBase.newPoolEntry(PoolBase.java:205)
	at com.zaxxer.hikari.pool.HikariPool.createPoolEntry(HikariPool.java:483)
	at com.zaxxer.hikari.pool.HikariPool$PoolEntryCreator.call(HikariPool.java:747)
	at com.zaxxer.hikari.pool.HikariPool$PoolEntryCreator.call(HikariPool.java:726)
	at java.base/java.util.concurrent.FutureTask.run$$$capture(FutureTask.java:264)
	at java.base/java.util.concurrent.FutureTask.run(FutureTask.java)
	at java.base/java.util.concurrent.ThreadPoolExecutor.runWorker(ThreadPoolExecutor.java:1136)
	at java.base/java.util.concurrent.ThreadPoolExecutor$Worker.run(ThreadPoolExecutor.java:635)
	at java.base/java.lang.Thread.run(Thread.java:833)
Caused by: java.io.IOException: Connection reset by peer, Authentication lapse 391231 ms.
	at oracle.jdbc.driver.T4CConnection.handleLogonIOException(T4CConnection.java:1891)
	... 16 common frames omitted
Caused by: java.io.IOException: Connection reset by peer
	at java.base/sun.nio.ch.SocketDispatcher.write0(Native Method)
	at java.base/sun.nio.ch.SocketDispatcher.write(SocketDispatcher.java:54)
	at java.base/sun.nio.ch.SocketChannelImpl.tryWrite(SocketChannelImpl.java:1315)
	at java.base/sun.nio.ch.SocketChannelImpl.blockingWriteFully(SocketChannelImpl.java:1348)
	at java.base/sun.nio.ch.SocketAdaptor$2.write(SocketAdaptor.java:224)
	at oracle.net.nt.TimeoutSocketChannel.doBlockedWrite(TimeoutSocketChannel.java:774)
	at oracle.net.nt.TimeoutSocketChannel.write(TimeoutSocketChannel.java:715)
	at oracle.net.ns.NIOPacket.writeToSocketChannel(NIOPacket.java:374)
	at oracle.net.ns.NIONSDataChannel.writeDataToSocketChannel(NIONSDataChannel.java:216)
	at oracle.jdbc.driver.T4CMAREngineNIO.flush(T4CMAREngineNIO.java:888)
	at oracle.jdbc.driver.T4CMAREngineNIO.prepareForUnmarshall(T4CMAREngineNIO.java:920)
	at oracle.jdbc.driver.T4CMAREngineNIO.unmarshalUB1(T4CMAREngineNIO.java:466)
	at oracle.jdbc.driver.T4CTTIfun.receive(T4CTTIfun.java:814)
	at oracle.jdbc.driver.T4CTTIfun.doRPC(T4CTTIfun.java:237)
	at oracle.jdbc.driver.T4CTTIoauthenticate.doOAUTH(T4CTTIoauthenticate.java:547)
	at oracle.jdbc.driver.T4CTTIoauthenticate.doOAUTHWithO5Logon(T4CTTIoauthenticate.java:1746)
	at oracle.jdbc.driver.T4CTTIoauthenticate.doOAUTH(T4CTTIoauthenticate.java:1493)
	at oracle.jdbc.driver.T4CTTIoauthenticate.doOAUTH(T4CTTIoauthenticate.java:1433)
	at oracle.jdbc.driver.T4CConnection.authenticateWithPassword(T4CConnection.java:2294)
	at oracle.jdbc.driver.T4CConnection.authenticateUserForLogon(T4CConnection.java:2231)
	at oracle.jdbc.driver.T4CConnection.logon(T4CConnection.java:1155)
	... 15 common frames omitted
2026-04-29 09:34:04.368 INFO  [HikariPool-1:connection-adder] oracle.jdbc - properties={LOCALE=en_US, DriverVersion=23.7.0.25.01, java.library.path: =C:\Users\Precision 7540\.jdks\corretto-18.0.2\bin;C:\Windows\Sun\Java\bin;C:\Windows\system32;C:\Windows;C:\WINDOWS.X64_193000_db_home\bin;C:\app\23ai\dbhomeFree\bin;D:\WINDOWS.X64_193000_db_home\bin;C:\Program Files (x86)\VMware\VMware Workstation\bin\;C:\Program Files\Amazon Corretto\jdk17.0.10_7\bin;C:\Python312\Scripts\;C:\Python312\;C:\Windows\system32;C:\Windows;C:\Windows\System32\Wbem;C:\Windows\System32\WindowsPowerShell\v1.0\;C:\Windows\System32\OpenSSH\;C:\Program Files\Microsoft SQL Server\150\Tools\Binn\;C:\Program Files\Microsoft SQL Server\Client SDK\ODBC\170\Tools\Binn\;C:\Program Files\dotnet\;C:\Program Files (x86)\Windows Kits\10\Windows Performance Toolkit\;C:\Program Files (x86)\Microsoft SQL Server\150\DTS\Binn\;C:\Program Files\Azure Data Studio\bin;C:\Program Files (x86)\Microsoft SQL Server\150\Tools\Binn\;C:\Program Files\Microsoft SQL Server\150\DTS\Binn\;C:\Program Files\nodejs\;C:\ProgramData\chocolatey\bin;C:\Program Files (x86)\Yarn\bin\;C:\Program Files\Amazon\AWSCLIV2\;C:\Program Files\Git\cmd;C:\Program Files\PuTTY\;C:\Program Files (x86)\Microsoft SQL Server\160\DTS\Binn\;C:\Program Files\Docker\Docker\resources\bin;C:\Program Files\MySQL\MySQL Shell 8.0\bin\;C:\Users\Precision 7540\AppData\Local\Microsoft\WindowsApps;C:\Users\Precision 7540\.dotnet\tools;C:\Program Files\Azure Data Studio\bin;C:\Users\Precision 7540\AppData\Roaming\npm;C:\Users\Precision 7540\AppData\Local\Yarn\bin;C:\Users\Precision 7540\AppData\Local\Programs\Microsoft VS Code\bin;C:\apache-maven-3.9.6\bin;C:\terraform;C:\Program Files\Neovim\bin;C:\Users\Precision 7540\AppData\Local\Muse Hub\lib;C:\Program Files\JetBrains\IntelliJ IDEA 2025.3.3\bin;., java.class.path: =D:\06-05-2025\report\main-app\target\classes;C:\Users\Precision 7540\.m2\repository\org\springframework\boot\spring-boot-starter-data-jpa\3.5.3\spring-boot-starter-data-jpa-3.5.3.jar;C:\Users\Precision 7540\.m2\repository\org\springframework\boot\spring-boot-starter\3.5.3\spring-boot-starter-3.5.3.jar;C:\Users\Precision 7540\.m2\repository\org\springframework\boot\spring-boot\3.5.3\spring-boot-3.5.3.jar;C:\Users\Precision 7540\.m2\repository\org\springframework\boot\spring-boot-autoconfigure\3.5.3\spring-boot-autoconfigure-3.5.3.jar;C:\Users\Precision 7540\.m2\repository\org\springframework\boot\spring-boot-starter-logging\3.5.3\spring-boot-starter-logging-3.5.3.jar;C:\Users\Precision 7540\.m2\repository\ch\qos\logback\logback-classic\1.5.18\logback-classic-1.5.18.jar;C:\Users\Precision 7540\.m2\repository\ch\qos\logback\logback-core\1.5.18\logback-core-1.5.18.jar;C:\Users\Precision 7540\.m2\repository\org\apache\logging\log4j\log4j-to-slf4j\2.24.3\log4j-to-slf4j-2.24.3.jar;C:\Users\Precision 7540\.m2\repository\org\apache\logging\log4j\log4j-api\2.24.3\log4j-api-2.24.3.jar;C:\Users\Precision 7540\.m2\repository\org\slf4j\jul-to-slf4j\2.0.17\jul-to-slf4j-2.0.17.jar;C:\Users\Precision 7540\.m2\repository\jakarta\annotation\jakarta.annotation-api\2.1.1\jakarta.annotation-api-2.1.1.jar;C:\Users\Precision 7540\.m2\repository\org\yaml\snakeyaml\2.4\snakeyaml-2.4.jar;C:\Users\Precision 7540\.m2\repository\org\springframework\boot\spring-boot-starter-jdbc\3.5.3\spring-boot-starter-jdbc-3.5.3.jar;C:\Users\Precision 7540\.m2\repository\com\zaxxer\HikariCP\6.3.0\HikariCP-6.3.0.jar;C:\Users\Precision 7540\.m2\repository\org\springframework\spring-jdbc\6.2.8\spring-jdbc-6.2.8.jar;C:\Users\Precision 7540\.m2\repository\org\hibernate\orm\hibernate-core\6.6.18.Final\hibernate-core-6.6.18.Final.jar;C:\Users\Precision 7540\.m2\repository\jakarta\persistence\jakarta.persistence-api\3.1.0\jakarta.persistence-api-3.1.0.jar;C:\Users\Precision 7540\.m2\repository\jakarta\transaction\jakarta.transaction-api\2.0.1\jakarta.transaction-api-2.0.1.jar;C:\Users\Precision 7540\.m2\repository\org\jboss\logging\jboss-logging\3.6.1.Final\jboss-logging-3.6.1.Final.jar;C:\Users\Precision 7540\.m2\repository\org\hibernate\common\hibernate-commons-annotations\7.0.3.Final\hibernate-commons-annotations-7.0.3.Final.jar;C:\Users\Precision 7540\.m2\repository\io\smallrye\jandex\3.2.0\jandex-3.2.0.jar;C:\Users\Precision 7540\.m2\repository\com\fasterxml\classmate\1.7.0\classmate-1.7.0.jar;C:\Users\Precision 7540\.m2\repository\net\bytebuddy\byte-buddy\1.17.6\byte-buddy-1.17.6.jar;C:\Users\Precision 7540\.m2\repository\org\glassfish\jaxb\jaxb-runtime\4.0.5\jaxb-runtime-4.0.5.jar;C:\Users\Precision 7540\.m2\repository\org\glassfish\jaxb\jaxb-core\4.0.5\jaxb-core-4.0.5.jar;C:\Users\Precision 7540\.m2\repository\org\eclipse\angus\angus-activation\2.0.2\angus-activation-2.0.2.jar;C:\Users\Precision 7540\.m2\repository\org\glassfish\jaxb\txw2\4.0.5\txw2-4.0.5.jar;C:\Users\Precision 7540\.m2\repository\com\sun\istack\istack-commons-runtime\4.1.2\istack-commons-runtime-4.1.2.jar;C:\Users\Precision 7540\.m2\repository\jakarta\inject\jakarta.inject-api\2.0.1\jakarta.inject-api-2.0.1.jar;C:\Users\Precision 7540\.m2\repository\org\antlr\antlr4-runtime\4.13.0\antlr4-runtime-4.13.0.jar;C:\Users\Precision 7540\.m2\repository\org\springframework\data\spring-data-jpa\3.5.1\spring-data-jpa-3.5.1.jar;C:\Users\Precision 7540\.m2\repository\org\springframework\data\spring-data-commons\3.5.1\spring-data-commons-3.5.1.jar;C:\Users\Precision 7540\.m2\repository\org\springframework\spring-orm\6.2.8\spring-orm-6.2.8.jar;C:\Users\Precision 7540\.m2\repository\org\springframework\spring-aop\6.2.8\spring-aop-6.2.8.jar;C:\Users\Precision 7540\.m2\repository\org\springframework\spring-beans\6.2.8\spring-beans-6.2.8.jar;C:\Users\Precision 7540\.m2\repository\org\springframework\spring-aspects\6.2.8\spring-aspects-6.2.8.jar;C:\Users\Precision 7540\.m2\repository\org\aspectj\aspectjweaver\1.9.24\aspectjweaver-1.9.24.jar;C:\Users\Precision 7540\.m2\repository\org\springframework\boot\spring-boot-starter-web\3.5.3\spring-boot-starter-web-3.5.3.jar;C:\Users\Precision 7540\.m2\repository\org\springframework\boot\spring-boot-starter-json\3.5.3\spring-boot-starter-json-3.5.3.jar;C:\Users\Precision 7540\.m2\repository\com\fasterxml\jackson\datatype\jackson-datatype-jdk8\2.19.1\jackson-datatype-jdk8-2.19.1.jar;C:\Users\Precision 7540\.m2\repository\com\fasterxml\jackson\datatype\jackson-datatype-jsr310\2.19.1\jackson-datatype-jsr310-2.19.1.jar;C:\Users\Precision 7540\.m2\repository\com\fasterxml\jackson\module\jackson-module-parameter-names\2.19.1\jackson-module-parameter-names-2.19.1.jar;C:\Users\Precision 7540\.m2\repository\org\springframework\boot\spring-boot-starter-tomcat\3.5.3\spring-boot-starter-tomcat-3.5.3.jar;C:\Users\Precision 7540\.m2\repository\org\apache\tomcat\embed\tomcat-embed-core\10.1.42\tomcat-embed-core-10.1.42.jar;C:\Users\Precision 7540\.m2\repository\org\apache\tomcat\embed\tomcat-embed-el\10.1.42\tomcat-embed-el-10.1.42.jar;C:\Users\Precision 7540\.m2\repository\org\apache\tomcat\embed\tomcat-embed-websocket\10.1.42\tomcat-embed-websocket-10.1.42.jar;C:\Users\Precision 7540\.m2\repository\org\springframework\spring-web\6.2.8\spring-web-6.2.8.jar;C:\Users\Precision 7540\.m2\repository\org\springframework\spring-webmvc\6.2.8\spring-webmvc-6.2.8.jar;C:\Users\Precision 7540\.m2\repository\org\springframework\spring-expression\6.2.8\spring-expression-6.2.8.jar;C:\Users\Precision 7540\.m2\repository\com\oracle\database\jdbc\ojdbc11\23.7.0.25.01\ojdbc11-23.7.0.25.01.jar;C:\Users\Precision 7540\.m2\repository\org\projectlombok\lombok\1.18.38\lombok-1.18.38.jar;C:\Users\Precision 7540\.m2\repository\jakarta\xml\bind\jakarta.xml.bind-api\4.0.2\jakarta.xml.bind-api-4.0.2.jar;C:\Users\Precision 7540\.m2\repository\jakarta\activation\jakarta.activation-api\2.1.3\jakarta.activation-api-2.1.3.jar;C:\Users\Precision 7540\.m2\repository\org\springframework\spring-core\6.2.8\spring-core-6.2.8.jar;C:\Users\Precision 7540\.m2\repository\org\springframework\spring-jcl\6.2.8\spring-jcl-6.2.8.jar;C:\Users\Precision 7540\.m2\repository\txu\common\1.0.0\common-1.0.0.jar;C:\Users\Precision 7540\.m2\repository\org\mapstruct\mapstruct\1.5.5.Final\mapstruct-1.5.5.Final.jar;C:\Users\Precision 7540\.m2\repository\org\springframework\boot\spring-boot-starter-data-redis\3.5.3\spring-boot-starter-data-redis-3.5.3.jar;C:\Users\Precision 7540\.m2\repository\io\lettuce\lettuce-core\6.6.0.RELEASE\lettuce-core-6.6.0.RELEASE.jar;C:\Users\Precision 7540\.m2\repository\redis\clients\authentication\redis-authx-core\0.1.1-beta2\redis-authx-core-0.1.1-beta2.jar;C:\Users\Precision 7540\.m2\repository\io\projectreactor\reactor-core\3.7.7\reactor-core-3.7.7.jar;C:\Users\Precision 7540\.m2\repository\org\springframework\data\spring-data-redis\3.5.1\spring-data-redis-3.5.1.jar;C:\Users\Precision 7540\.m2\repository\org\springframework\data\spring-data-keyvalue\3.5.1\spring-data-keyvalue-3.5.1.jar;C:\Users\Precision 7540\.m2\repository\org\springframework\spring-oxm\6.2.8\spring-oxm-6.2.8.jar;C:\Users\Precision 7540\.m2\repository\org\springframework\spring-context-support\6.2.8\spring-context-support-6.2.8.jar;C:\Users\Precision 7540\.m2\repository\txu\erp-grpc\1.0.0\erp-grpc-1.0.0.jar;C:\Users\Precision 7540\.m2\repository\javax\annotation\javax.annotation-api\1.3.2\javax.annotation-api-1.3.2.jar;C:\Users\Precision 7540\.m2\repository\io\awspring\cloud\spring-cloud-starter-aws-parameter-store-config\2.4.2\spring-cloud-starter-aws-parameter-store-config-2.4.2.jar;C:\Users\Precision 7540\.m2\repository\io\awspring\cloud\spring-cloud-aws-parameter-store-config\2.4.2\spring-cloud-aws-parameter-store-config-2.4.2.jar;C:\Users\Precision 7540\.m2\repository\org\springframework\cloud\spring-cloud-context\3.1.0\spring-cloud-context-3.1.0.jar;C:\Users\Precision 7540\.m2\repository\org\springframework\security\spring-security-crypto\6.5.1\spring-security-crypto-6.5.1.jar;C:\Users\Precision 7540\.m2\repository\com\amazonaws\aws-java-sdk-ssm\1.12.266\aws-java-sdk-ssm-1.12.266.jar;C:\Users\Precision 7540\.m2\repository\io\awspring\cloud\spring-cloud-aws-core\2.4.2\spring-cloud-aws-core-2.4.2.jar;C:\Users\Precision 7540\.m2\repository\com\amazonaws\aws-java-sdk-ec2\1.12.266\aws-java-sdk-ec2-1.12.266.jar;C:\Users\Precision 7540\.m2\repository\org\slf4j\slf4j-api\2.0.17\slf4j-api-2.0.17.jar;C:\Users\Precision 7540\.m2\repository\javax\activation\javax.activation-api\1.2.0\javax.activation-api-1.2.0.jar;C:\Users\Precision 7540\.m2\repository\commons-io\commons-io\2.11.0\commons-io-2.11.0.jar;C:\Users\Precision 7540\.m2\repository\io\grpc\grpc-netty\1.50.0\grpc-netty-1.50.0.jar;C:\Users\Precision 7540\.m2\repository\io\grpc\grpc-core\1.50.0\grpc-core-1.50.0.jar;C:\Users\Precision 7540\.m2\repository\com\google\code\gson\gson\2.13.1\gson-2.13.1.jar;C:\Users\Precision 7540\.m2\repository\com\google\android\annotations\4.1.1.4\annotations-4.1.1.4.jar;C:\Users\Precision 7540\.m2\repository\org\codehaus\mojo\animal-sniffer-annotations\1.21\animal-sniffer-annotations-1.21.jar;C:\Users\Precision 7540\.m2\repository\io\netty\netty-codec-http2\4.1.122.Final\netty-codec-http2-4.1.122.Final.jar;C:\Users\Precision 7540\.m2\repository\io\netty\netty-common\4.1.122.Final\netty-common-4.1.122.Final.jar;C:\Users\Precision 7540\.m2\repository\io\netty\netty-buffer\4.1.122.Final\netty-buffer-4.1.122.Final.jar;C:\Users\Precision 7540\.m2\repository\io\netty\netty-transport\4.1.122.Final\netty-transport-4.1.122.Final.jar;C:\Users\Precision 7540\.m2\repository\io\netty\netty-codec\4.1.122.Final\netty-codec-4.1.122.Final.jar;C:\Users\Precision 7540\.m2\repository\io\netty\netty-handler\4.1.122.Final\netty-handler-4.1.122.Final.jar;C:\Users\Precision 7540\.m2\repository\io\netty\netty-codec-http\4.1.122.Final\netty-codec-http-4.1.122.Final.jar;C:\Users\Precision 7540\.m2\repository\io\netty\netty-handler-proxy\4.1.122.Final\netty-handler-proxy-4.1.122.Final.jar;C:\Users\Precision 7540\.m2\repository\io\netty\netty-codec-socks\4.1.122.Final\netty-codec-socks-4.1.122.Final.jar;C:\Users\Precision 7540\.m2\repository\com\google\guava\guava\31.1-android\guava-31.1-android.jar;C:\Users\Precision 7540\.m2\repository\com\google\guava\failureaccess\1.0.1\failureaccess-1.0.1.jar;C:\Users\Precision 7540\.m2\repository\com\google\guava\listenablefuture\9999.0-empty-to-avoid-conflict-with-guava\listenablefuture-9999.0-empty-to-avoid-conflict-with-guava.jar;C:\Users\Precision 7540\.m2\repository\org\checkerframework\checker-qual\3.12.0\checker-qual-3.12.0.jar;C:\Users\Precision 7540\.m2\repository\com\google\j2objc\j2objc-annotations\1.3\j2objc-annotations-1.3.jar;C:\Users\Precision 7540\.m2\repository\com\google\errorprone\error_prone_annotations\2.14.0\error_prone_annotations-2.14.0.jar;C:\Users\Precision 7540\.m2\repository\io\perfmark\perfmark-api\0.25.0\perfmark-api-0.25.0.jar;C:\Users\Precision 7540\.m2\repository\io\netty\netty-transport-native-unix-common\4.1.122.Final\netty-transport-native-unix-common-4.1.122.Final.jar;C:\Users\Precision 7540\.m2\repository\io\grpc\grpc-protobuf\1.50.0\grpc-protobuf-1.50.0.jar;C:\Users\Precision 7540\.m2\repository\io\grpc\grpc-api\1.50.0\grpc-api-1.50.0.jar;C:\Users\Precision 7540\.m2\repository\io\grpc\grpc-context\1.50.0\grpc-context-1.50.0.jar;C:\Users\Precision 7540\.m2\repository\com\google\code\findbugs\jsr305\3.0.2\jsr305-3.0.2.jar;C:\Users\Precision 7540\.m2\repository\com\google\protobuf\protobuf-java\3.21.7\protobuf-java-3.21.7.jar;C:\Users\Precision 7540\.m2\repository\com\google\api\grpc\proto-google-common-protos\2.9.0\proto-google-common-protos-2.9.0.jar;C:\Users\Precision 7540\.m2\repository\io\grpc\grpc-protobuf-lite\1.50.0\grpc-protobuf-lite-1.50.0.jar;C:\Users\Precision 7540\.m2\repository\io\grpc\grpc-stub\1.50.0\grpc-stub-1.50.0.jar;C:\Users\Precision 7540\.m2\repository\io\jsonwebtoken\jjwt\0.9.1\jjwt-0.9.1.jar;C:\Users\Precision 7540\.m2\repository\com\fasterxml\jackson\core\jackson-databind\2.19.1\jackson-databind-2.19.1.jar;C:\Users\Precision 7540\.m2\repository\com\fasterxml\jackson\core\jackson-annotations\2.19.1\jackson-annotations-2.19.1.jar;C:\Users\Precision 7540\.m2\repository\com\fasterxml\jackson\core\jackson-core\2.19.1\jackson-core-2.19.1.jar;C:\Users\Precision 7540\.m2\repository\javax\xml\bind\jaxb-api\2.2.11\jaxb-api-2.2.11.jar;C:\Users\Precision 7540\.m2\repository\com\sun\xml\bind\jaxb-core\2.2.11\jaxb-core-2.2.11.jar;C:\Users\Precision 7540\.m2\repository\com\sun\xml\bind\jaxb-impl\2.2.11\jaxb-impl-2.2.11.jar;C:\Users\Precision 7540\.m2\repository\io\micrometer\micrometer-registry-prometheus\1.15.1\micrometer-registry-prometheus-1.15.1.jar;C:\Users\Precision 7540\.m2\repository\io\micrometer\micrometer-core\1.15.1\micrometer-core-1.15.1.jar;C:\Users\Precision 7540\.m2\repository\io\micrometer\micrometer-commons\1.15.1\micrometer-commons-1.15.1.jar;C:\Users\Precision 7540\.m2\repository\org\hdrhistogram\HdrHistogram\2.2.2\HdrHistogram-2.2.2.jar;C:\Users\Precision 7540\.m2\repository\org\latencyutils\LatencyUtils\2.0.3\LatencyUtils-2.0.3.jar;C:\Users\Precision 7540\.m2\repository\io\prometheus\prometheus-metrics-core\1.3.8\prometheus-metrics-core-1.3.8.jar;C:\Users\Precision 7540\.m2\repository\io\prometheus\prometheus-metrics-model\1.3.8\prometheus-metrics-model-1.3.8.jar;C:\Users\Precision 7540\.m2\repository\io\prometheus\prometheus-metrics-config\1.3.8\prometheus-metrics-config-1.3.8.jar;C:\Users\Precision 7540\.m2\repository\io\prometheus\prometheus-metrics-tracer-common\1.3.8\prometheus-metrics-tracer-common-1.3.8.jar;C:\Users\Precision 7540\.m2\repository\io\prometheus\prometheus-metrics-exposition-formats\1.3.8\prometheus-metrics-exposition-formats-1.3.8.jar;C:\Users\Precision 7540\.m2\repository\io\prometheus\prometheus-metrics-exposition-formats-no-protobuf\1.3.8\prometheus-metrics-exposition-formats-no-protobuf-1.3.8.jar;C:\Users\Precision 7540\.m2\repository\io\prometheus\prometheus-metrics-exposition-textformats\1.3.8\prometheus-metrics-exposition-textformats-1.3.8.jar;C:\Users\Precision 7540\.m2\repository\org\springframework\boot\spring-boot-starter-actuator\3.5.3\spring-boot-starter-actuator-3.5.3.jar;C:\Users\Precision 7540\.m2\repository\org\springframework\boot\spring-boot-actuator-autoconfigure\3.5.3\spring-boot-actuator-autoconfigure-3.5.3.jar;C:\Users\Precision 7540\.m2\repository\org\springframework\boot\spring-boot-actuator\3.5.3\spring-boot-actuator-3.5.3.jar;C:\Users\Precision 7540\.m2\repository\io\micrometer\micrometer-observation\1.15.1\micrometer-observation-1.15.1.jar;C:\Users\Precision 7540\.m2\repository\io\micrometer\micrometer-jakarta9\1.15.1\micrometer-jakarta9-1.15.1.jar;C:\Users\Precision 7540\.m2\repository\software\amazon\awssdk\s3\2.39.6\s3-2.39.6.jar;C:\Users\Precision 7540\.m2\repository\software\amazon\awssdk\aws-xml-protocol\2.39.6\aws-xml-protocol-2.39.6.jar;C:\Users\Precision 7540\.m2\repository\software\amazon\awssdk\aws-query-protocol\2.39.6\aws-query-protocol-2.39.6.jar;C:\Users\Precision 7540\.m2\repository\software\amazon\awssdk\protocol-core\2.39.6\protocol-core-2.39.6.jar;C:\Users\Precision 7540\.m2\repository\software\amazon\awssdk\arns\2.39.6\arns-2.39.6.jar;C:\Users\Precision 7540\.m2\repository\software\amazon\awssdk\profiles\2.39.6\profiles-2.39.6.jar;C:\Users\Precision 7540\.m2\repository\software\amazon\awssdk\crt-core\2.39.6\crt-core-2.39.6.jar;C:\Users\Precision 7540\.m2\repository\software\amazon\awssdk\http-auth\2.39.6\http-auth-2.39.6.jar;C:\Users\Precision 7540\.m2\repository\software\amazon\awssdk\identity-spi\2.39.6\identity-spi-2.39.6.jar;C:\Users\Precision 7540\.m2\repository\software\amazon\awssdk\http-auth-spi\2.39.6\http-auth-spi-2.39.6.jar;C:\Users\Precision 7540\.m2\repository\org\reactivestreams\reactive-streams\1.0.4\reactive-streams-1.0.4.jar;C:\Users\Precision 7540\.m2\repository\software\amazon\awssdk\http-auth-aws\2.39.6\http-auth-aws-2.39.6.jar;C:\Users\Precision 7540\.m2\repository\software\amazon\awssdk\checksums\2.39.6\checksums-2.39.6.jar;C:\Users\Precision 7540\.m2\repository\software\amazon\awssdk\checksums-spi\2.39.6\checksums-spi-2.39.6.jar;C:\Users\Precision 7540\.m2\repository\software\amazon\awssdk\retries-spi\2.39.6\retries-spi-2.39.6.jar;C:\Users\Precision 7540\.m2\repository\software\amazon\awssdk\sdk-core\2.39.6\sdk-core-2.39.6.jar;C:\Users\Precision 7540\.m2\repository\software\amazon\awssdk\retries\2.39.6\retries-2.39.6.jar;C:\Users\Precision 7540\.m2\repository\software\amazon\awssdk\auth\2.39.6\auth-2.39.6.jar;C:\Users\Precision 7540\.m2\repository\software\amazon\awssdk\http-auth-aws-eventstream\2.39.6\http-auth-aws-eventstream-2.39.6.jar;C:\Users\Precision 7540\.m2\repository\software\amazon\eventstream\eventstream\1.0.1\eventstream-1.0.1.jar;C:\Users\Precision 7540\.m2\repository\software\amazon\awssdk\http-client-spi\2.39.6\http-client-spi-2.39.6.jar;C:\Users\Precision 7540\.m2\repository\software\amazon\awssdk\regions\2.39.6\regions-2.39.6.jar;C:\Users\Precision 7540\.m2\repository\software\amazon\awssdk\annotations\2.39.6\annotations-2.39.6.jar;C:\Users\Precision 7540\.m2\repository\software\amazon\awssdk\utils\2.39.6\utils-2.39.6.jar;C:\Users\Precision 7540\.m2\repository\software\amazon\awssdk\aws-core\2.39.6\aws-core-2.39.6.jar;C:\Users\Precision 7540\.m2\repository\software\amazon\awssdk\utils-lite\2.39.6\utils-lite-2.39.6.jar;C:\Users\Precision 7540\.m2\repository\software\amazon\awssdk\metrics-spi\2.39.6\metrics-spi-2.39.6.jar;C:\Users\Precision 7540\.m2\repository\software\amazon\awssdk\json-utils\2.39.6\json-utils-2.39.6.jar;C:\Users\Precision 7540\.m2\repository\software\amazon\awssdk\third-party-jackson-core\2.39.6\third-party-jackson-core-2.39.6.jar;C:\Users\Precision 7540\.m2\repository\software\amazon\awssdk\endpoints-spi\2.39.6\endpoints-spi-2.39.6.jar;C:\Users\Precision 7540\.m2\repository\software\amazon\awssdk\apache-client\2.39.6\apache-client-2.39.6.jar;C:\Users\Precision 7540\.m2\repository\org\apache\httpcomponents\httpclient\4.5.13\httpclient-4.5.13.jar;C:\Users\Precision 7540\.m2\repository\org\apache\httpcomponents\httpcore\4.4.16\httpcore-4.4.16.jar;C:\Users\Precision 7540\.m2\repository\commons-codec\commons-codec\1.18.0\commons-codec-1.18.0.jar;C:\Users\Precision 7540\.m2\repository\software\amazon\awssdk\netty-nio-client\2.39.6\netty-nio-client-2.39.6.jar;C:\Users\Precision 7540\.m2\repository\io\netty\netty-transport-classes-epoll\4.1.122.Final\netty-transport-classes-epoll-4.1.122.Final.jar;C:\Users\Precision 7540\.m2\repository\io\netty\netty-resolver\4.1.122.Final\netty-resolver-4.1.122.Final.jar;C:\Users\Precision 7540\.m2\repository\com\amazonaws\aws-java-sdk-s3\1.12.794\aws-java-sdk-s3-1.12.794.jar;C:\Users\Precision 7540\.m2\repository\com\amazonaws\aws-java-sdk-kms\1.12.794\aws-java-sdk-kms-1.12.794.jar;C:\Users\Precision 7540\.m2\repository\com\amazonaws\aws-java-sdk-core\1.12.794\aws-java-sdk-core-1.12.794.jar;C:\Users\Precision 7540\.m2\repository\commons-logging\commons-logging\1.1.3\commons-logging-1.1.3.jar;C:\Users\Precision 7540\.m2\repository\com\fasterxml\jackson\dataformat\jackson-dataformat-cbor\2.19.1\jackson-dataformat-cbor-2.19.1.jar;C:\Users\Precision 7540\.m2\repository\joda-time\joda-time\2.12.7\joda-time-2.12.7.jar;C:\Users\Precision 7540\.m2\repository\com\amazonaws\jmespath-java\1.12.794\jmespath-java-1.12.794.jar;C:\Users\Precision 7540\.m2\repository\org\apache\commons\commons-pool2\2.12.1\commons-pool2-2.12.1.jar;C:\Users\Precision 7540\.m2\repository\org\springframework\kafka\spring-kafka\3.3.7\spring-kafka-3.3.7.jar;C:\Users\Precision 7540\.m2\repository\org\springframework\spring-context\6.2.8\spring-context-6.2.8.jar;C:\Users\Precision 7540\.m2\repository\org\springframework\spring-messaging\6.2.8\spring-messaging-6.2.8.jar;C:\Users\Precision 7540\.m2\repository\org\springframework\spring-tx\6.2.8\spring-tx-6.2.8.jar;C:\Users\Precision 7540\.m2\repository\org\springframework\retry\spring-retry\2.0.12\spring-retry-2.0.12.jar;C:\Users\Precision 7540\.m2\repository\org\apache\kafka\kafka-clients\3.9.1\kafka-clients-3.9.1.jar;C:\Users\Precision 7540\.m2\repository\com\github\luben\zstd-jni\1.5.6-4\zstd-jni-1.5.6-4.jar;C:\Users\Precision 7540\.m2\repository\org\lz4\lz4-java\1.8.0\lz4-java-1.8.0.jar;C:\Users\Precision 7540\.m2\repository\org\xerial\snappy\snappy-java\1.1.10.5\snappy-java-1.1.10.5.jar;C:\Users\Precision 7540\.m2\repository\org\springframework\boot\spring-boot-starter-activemq\3.5.3\spring-boot-starter-activemq-3.5.3.jar;C:\Users\Precision 7540\.m2\repository\org\springframework\spring-jms\6.2.8\spring-jms-6.2.8.jar;C:\Users\Precision 7540\.m2\repository\org\apache\activemq\activemq-client\6.1.6\activemq-client-6.1.6.jar;C:\Users\Precision 7540\.m2\repository\jakarta\jms\jakarta.jms-api\3.1.0\jakarta.jms-api-3.1.0.jar;C:\Users\Precision 7540\.m2\repository\org\fusesource\hawtbuf\hawtbuf\1.11\hawtbuf-1.11.jar;C:\Program Files\JetBrains\IntelliJ IDEA 2024.2.4\lib\idea_rt.jar, java.version: =18.0.2}. 
2026-04-29 09:34:16.718 INFO  [http-nio-8080-exec-10] o.h.e.i.StatisticalLoggingSessionEventListener - Session Metrics {
    582900 nanoseconds spent acquiring 1 JDBC connections;
    0 nanoseconds spent releasing 0 JDBC connections;
    1188900 nanoseconds spent preparing 2 JDBC statements;
    1302600 nanoseconds spent executing 1 JDBC statements;
    0 nanoseconds spent executing 0 JDBC batches;
    0 nanoseconds spent performing 0 L2C puts;
    0 nanoseconds spent performing 0 L2C hits;
    0 nanoseconds spent performing 0 L2C misses;
    0 nanoseconds spent executing 0 flushes (flushing a total of 0 entities and 0 collections);
    0 nanoseconds spent executing 0 pre-partial-flushes;
    0 nanoseconds spent executing 0 partial-flushes (flushing a total of 0 entities and 0 collections)
}
2026-04-29 09:45:39.443 INFO  [http-nio-8080-exec-6] o.h.e.i.StatisticalLoggingSessionEventListener - Session Metrics {
    1514600 nanoseconds spent acquiring 1 JDBC connections;
    0 nanoseconds spent releasing 0 JDBC connections;
    348500 nanoseconds spent preparing 1 JDBC statements;
    2979100 nanoseconds spent executing 1 JDBC statements;
    0 nanoseconds spent executing 0 JDBC batches;
    0 nanoseconds spent performing 0 L2C puts;
    0 nanoseconds spent performing 0 L2C hits;
    0 nanoseconds spent performing 0 L2C misses;
    271400 nanoseconds spent executing 1 flushes (flushing a total of 2 entities and 1 collections);
    10500 nanoseconds spent executing 1 pre-partial-flushes;
    3200 nanoseconds spent executing 1 partial-flushes (flushing a total of 0 entities and 0 collections)
}
2026-04-29 09:45:46.087 INFO  [http-nio-8080-exec-3] o.h.e.i.StatisticalLoggingSessionEventListener - Session Metrics {
    956600 nanoseconds spent acquiring 1 JDBC connections;
    0 nanoseconds spent releasing 0 JDBC connections;
    1287300 nanoseconds spent preparing 2 JDBC statements;
    1192414000 nanoseconds spent executing 1 JDBC statements;
    0 nanoseconds spent executing 0 JDBC batches;
    0 nanoseconds spent performing 0 L2C puts;
    0 nanoseconds spent performing 0 L2C hits;
    0 nanoseconds spent performing 0 L2C misses;
    0 nanoseconds spent executing 0 flushes (flushing a total of 0 entities and 0 collections);
    0 nanoseconds spent executing 0 pre-partial-flushes;
    0 nanoseconds spent executing 0 partial-flushes (flushing a total of 0 entities and 0 collections)
}
2026-04-29 09:45:48.511 INFO  [http-nio-8080-exec-4] o.h.e.i.StatisticalLoggingSessionEventListener - Session Metrics {
    1029459300 nanoseconds spent acquiring 1 JDBC connections;
    0 nanoseconds spent releasing 0 JDBC connections;
    1029752800 nanoseconds spent preparing 2 JDBC statements;
    8227100 nanoseconds spent executing 1 JDBC statements;
    0 nanoseconds spent executing 0 JDBC batches;
    0 nanoseconds spent performing 0 L2C puts;
    0 nanoseconds spent performing 0 L2C hits;
    0 nanoseconds spent performing 0 L2C misses;
    0 nanoseconds spent executing 0 flushes (flushing a total of 0 entities and 0 collections);
    0 nanoseconds spent executing 0 pre-partial-flushes;
    0 nanoseconds spent executing 0 partial-flushes (flushing a total of 0 entities and 0 collections)
}
2026-04-29 09:46:03.469 INFO  [http-nio-8080-exec-9] o.h.e.i.StatisticalLoggingSessionEventListener - Session Metrics {
    649700 nanoseconds spent acquiring 1 JDBC connections;
    0 nanoseconds spent releasing 0 JDBC connections;
    1452900 nanoseconds spent preparing 5 JDBC statements;
    8108400 nanoseconds spent executing 5 JDBC statements;
    0 nanoseconds spent executing 0 JDBC batches;
    0 nanoseconds spent performing 0 L2C puts;
    0 nanoseconds spent performing 0 L2C hits;
    0 nanoseconds spent performing 0 L2C misses;
    5259500 nanoseconds spent executing 1 flushes (flushing a total of 5 entities and 1 collections);
    0 nanoseconds spent executing 0 pre-partial-flushes;
    0 nanoseconds spent executing 0 partial-flushes (flushing a total of 0 entities and 0 collections)
}
2026-04-29 09:46:08.151 INFO  [http-nio-8080-exec-8] o.h.e.i.StatisticalLoggingSessionEventListener - Session Metrics {
    1248500 nanoseconds spent acquiring 1 JDBC connections;
    0 nanoseconds spent releasing 0 JDBC connections;
    201300 nanoseconds spent preparing 1 JDBC statements;
    3245400 nanoseconds spent executing 1 JDBC statements;
    0 nanoseconds spent executing 0 JDBC batches;
    0 nanoseconds spent performing 0 L2C puts;
    0 nanoseconds spent performing 0 L2C hits;
    0 nanoseconds spent performing 0 L2C misses;
    398900 nanoseconds spent executing 1 flushes (flushing a total of 2 entities and 1 collections);
    10100 nanoseconds spent executing 1 pre-partial-flushes;
    4200 nanoseconds spent executing 1 partial-flushes (flushing a total of 0 entities and 0 collections)
}
2026-04-29 09:46:15.049 INFO  [http-nio-8080-exec-1] o.h.e.i.StatisticalLoggingSessionEventListener - Session Metrics {
    611000 nanoseconds spent acquiring 1 JDBC connections;
    0 nanoseconds spent releasing 0 JDBC connections;
    932300 nanoseconds spent preparing 2 JDBC statements;
    797821700 nanoseconds spent executing 1 JDBC statements;
    0 nanoseconds spent executing 0 JDBC batches;
    0 nanoseconds spent performing 0 L2C puts;
    0 nanoseconds spent performing 0 L2C hits;
    0 nanoseconds spent performing 0 L2C misses;
    0 nanoseconds spent executing 0 flushes (flushing a total of 0 entities and 0 collections);
    0 nanoseconds spent executing 0 pre-partial-flushes;
    0 nanoseconds spent executing 0 partial-flushes (flushing a total of 0 entities and 0 collections)
}
2026-04-29 09:46:15.802 INFO  [http-nio-8080-exec-10] o.h.e.i.StatisticalLoggingSessionEventListener - Session Metrics {
    648000 nanoseconds spent acquiring 1 JDBC connections;
    0 nanoseconds spent releasing 0 JDBC connections;
    919600 nanoseconds spent preparing 2 JDBC statements;
    632068700 nanoseconds spent executing 1 JDBC statements;
    0 nanoseconds spent executing 0 JDBC batches;
    0 nanoseconds spent performing 0 L2C puts;
    0 nanoseconds spent performing 0 L2C hits;
    0 nanoseconds spent performing 0 L2C misses;
    0 nanoseconds spent executing 0 flushes (flushing a total of 0 entities and 0 collections);
    0 nanoseconds spent executing 0 pre-partial-flushes;
    0 nanoseconds spent executing 0 partial-flushes (flushing a total of 0 entities and 0 collections)
}
2026-04-29 09:48:08.344 INFO  [http-nio-8080-exec-6] o.h.e.i.StatisticalLoggingSessionEventListener - Session Metrics {
    0 nanoseconds spent acquiring 0 JDBC connections;
    0 nanoseconds spent releasing 0 JDBC connections;
    0 nanoseconds spent preparing 0 JDBC statements;
    0 nanoseconds spent executing 0 JDBC statements;
    0 nanoseconds spent executing 0 JDBC batches;
    0 nanoseconds spent performing 0 L2C puts;
    0 nanoseconds spent performing 0 L2C hits;
    0 nanoseconds spent performing 0 L2C misses;
    0 nanoseconds spent executing 0 flushes (flushing a total of 0 entities and 0 collections);
    0 nanoseconds spent executing 0 pre-partial-flushes;
    0 nanoseconds spent executing 0 partial-flushes (flushing a total of 0 entities and 0 collections)
}
2026-04-29 09:48:13.023 INFO  [http-nio-8080-exec-3] o.h.e.i.StatisticalLoggingSessionEventListener - Session Metrics {
    0 nanoseconds spent acquiring 0 JDBC connections;
    0 nanoseconds spent releasing 0 JDBC connections;
    0 nanoseconds spent preparing 0 JDBC statements;
    0 nanoseconds spent executing 0 JDBC statements;
    0 nanoseconds spent executing 0 JDBC batches;
    0 nanoseconds spent performing 0 L2C puts;
    0 nanoseconds spent performing 0 L2C hits;
    0 nanoseconds spent performing 0 L2C misses;
    0 nanoseconds spent executing 0 flushes (flushing a total of 0 entities and 0 collections);
    0 nanoseconds spent executing 0 pre-partial-flushes;
    0 nanoseconds spent executing 0 partial-flushes (flushing a total of 0 entities and 0 collections)
}
2026-04-29 09:48:23.447 INFO  [http-nio-8080-exec-4] o.h.e.i.StatisticalLoggingSessionEventListener - Session Metrics {
    7802900 nanoseconds spent acquiring 1 JDBC connections;
    0 nanoseconds spent releasing 0 JDBC connections;
    234200 nanoseconds spent preparing 1 JDBC statements;
    3654200 nanoseconds spent executing 1 JDBC statements;
    0 nanoseconds spent executing 0 JDBC batches;
    0 nanoseconds spent performing 0 L2C puts;
    0 nanoseconds spent performing 0 L2C hits;
    0 nanoseconds spent performing 0 L2C misses;
    210500 nanoseconds spent executing 1 flushes (flushing a total of 2 entities and 1 collections);
    8600 nanoseconds spent executing 1 pre-partial-flushes;
    4700 nanoseconds spent executing 1 partial-flushes (flushing a total of 0 entities and 0 collections)
}
2026-04-29 09:48:23.447 INFO  [http-nio-8080-exec-7] o.h.e.i.StatisticalLoggingSessionEventListener - Session Metrics {
    8365900 nanoseconds spent acquiring 1 JDBC connections;
    0 nanoseconds spent releasing 0 JDBC connections;
    152800 nanoseconds spent preparing 1 JDBC statements;
    3583400 nanoseconds spent executing 1 JDBC statements;
    0 nanoseconds spent executing 0 JDBC batches;
    0 nanoseconds spent performing 0 L2C puts;
    0 nanoseconds spent performing 0 L2C hits;
    0 nanoseconds spent performing 0 L2C misses;
    173000 nanoseconds spent executing 1 flushes (flushing a total of 2 entities and 1 collections);
    6000 nanoseconds spent executing 1 pre-partial-flushes;
    3700 nanoseconds spent executing 1 partial-flushes (flushing a total of 0 entities and 0 collections)
}
2026-04-29 09:49:08.613 INFO  [http-nio-8080-exec-9] o.h.e.i.StatisticalLoggingSessionEventListener - Session Metrics {
    788200 nanoseconds spent acquiring 1 JDBC connections;
    0 nanoseconds spent releasing 0 JDBC connections;
    1085500 nanoseconds spent preparing 2 JDBC statements;
    1069009800 nanoseconds spent executing 1 JDBC statements;
    0 nanoseconds spent executing 0 JDBC batches;
    0 nanoseconds spent performing 0 L2C puts;
    0 nanoseconds spent performing 0 L2C hits;
    0 nanoseconds spent performing 0 L2C misses;
    0 nanoseconds spent executing 0 flushes (flushing a total of 0 entities and 0 collections);
    0 nanoseconds spent executing 0 pre-partial-flushes;
    0 nanoseconds spent executing 0 partial-flushes (flushing a total of 0 entities and 0 collections)
}
2026-04-29 09:49:09.484 INFO  [http-nio-8080-exec-8] o.h.e.i.StatisticalLoggingSessionEventListener - Session Metrics {
    1138884800 nanoseconds spent acquiring 1 JDBC connections;
    0 nanoseconds spent releasing 0 JDBC connections;
    1139224700 nanoseconds spent preparing 2 JDBC statements;
    2060800 nanoseconds spent executing 1 JDBC statements;
    0 nanoseconds spent executing 0 JDBC batches;
    0 nanoseconds spent performing 0 L2C puts;
    0 nanoseconds spent performing 0 L2C hits;
    0 nanoseconds spent performing 0 L2C misses;
    0 nanoseconds spent executing 0 flushes (flushing a total of 0 entities and 0 collections);
    0 nanoseconds spent executing 0 pre-partial-flushes;
    0 nanoseconds spent executing 0 partial-flushes (flushing a total of 0 entities and 0 collections)
}
2026-04-29 10:11:12.937 INFO  [http-nio-8080-exec-2] o.h.e.i.StatisticalLoggingSessionEventListener - Session Metrics {
    871800 nanoseconds spent acquiring 1 JDBC connections;
    0 nanoseconds spent releasing 0 JDBC connections;
    945100 nanoseconds spent preparing 6 JDBC statements;
    55195800 nanoseconds spent executing 6 JDBC statements;
    0 nanoseconds spent executing 0 JDBC batches;
    0 nanoseconds spent performing 0 L2C puts;
    0 nanoseconds spent performing 0 L2C hits;
    0 nanoseconds spent performing 0 L2C misses;
    2675200 nanoseconds spent executing 2 flushes (flushing a total of 8 entities and 2 collections);
    211600 nanoseconds spent executing 3 pre-partial-flushes;
    856500 nanoseconds spent executing 4 partial-flushes (flushing a total of 10 entities and 10 collections)
}
2026-04-29 10:11:21.202 INFO  [http-nio-8080-exec-6] o.h.e.i.StatisticalLoggingSessionEventListener - Session Metrics {
    1627800 nanoseconds spent acquiring 1 JDBC connections;
    0 nanoseconds spent releasing 0 JDBC connections;
    182500 nanoseconds spent preparing 1 JDBC statements;
    3590700 nanoseconds spent executing 1 JDBC statements;
    0 nanoseconds spent executing 0 JDBC batches;
    0 nanoseconds spent performing 0 L2C puts;
    0 nanoseconds spent performing 0 L2C hits;
    0 nanoseconds spent performing 0 L2C misses;
    251900 nanoseconds spent executing 1 flushes (flushing a total of 2 entities and 1 collections);
    7000 nanoseconds spent executing 1 pre-partial-flushes;
    3100 nanoseconds spent executing 1 partial-flushes (flushing a total of 0 entities and 0 collections)
}
2026-04-29 10:11:25.986 INFO  [http-nio-8080-exec-3] o.h.e.i.StatisticalLoggingSessionEventListener - Session Metrics {
    1038100 nanoseconds spent acquiring 1 JDBC connections;
    0 nanoseconds spent releasing 0 JDBC connections;
    1301100 nanoseconds spent preparing 2 JDBC statements;
    1791900 nanoseconds spent executing 1 JDBC statements;
    0 nanoseconds spent executing 0 JDBC batches;
    0 nanoseconds spent performing 0 L2C puts;
    0 nanoseconds spent performing 0 L2C hits;
    0 nanoseconds spent performing 0 L2C misses;
    0 nanoseconds spent executing 0 flushes (flushing a total of 0 entities and 0 collections);
    0 nanoseconds spent executing 0 pre-partial-flushes;
    0 nanoseconds spent executing 0 partial-flushes (flushing a total of 0 entities and 0 collections)
}
2026-04-29 10:11:25.991 INFO  [http-nio-8080-exec-4] o.h.e.i.StatisticalLoggingSessionEventListener - Session Metrics {
    1031900 nanoseconds spent acquiring 1 JDBC connections;
    0 nanoseconds spent releasing 0 JDBC connections;
    1230800 nanoseconds spent preparing 2 JDBC statements;
    2283800 nanoseconds spent executing 1 JDBC statements;
    0 nanoseconds spent executing 0 JDBC batches;
    0 nanoseconds spent performing 0 L2C puts;
    0 nanoseconds spent performing 0 L2C hits;
    0 nanoseconds spent performing 0 L2C misses;
    0 nanoseconds spent executing 0 flushes (flushing a total of 0 entities and 0 collections);
    0 nanoseconds spent executing 0 pre-partial-flushes;
    0 nanoseconds spent executing 0 partial-flushes (flushing a total of 0 entities and 0 collections)
}
2026-04-29 10:25:08.628 INFO  [http-nio-8080-exec-8] o.h.e.i.StatisticalLoggingSessionEventListener - Session Metrics {
    1502800 nanoseconds spent acquiring 1 JDBC connections;
    0 nanoseconds spent releasing 0 JDBC connections;
    395800 nanoseconds spent preparing 1 JDBC statements;
    4967600 nanoseconds spent executing 1 JDBC statements;
    0 nanoseconds spent executing 0 JDBC batches;
    0 nanoseconds spent performing 0 L2C puts;
    0 nanoseconds spent performing 0 L2C hits;
    0 nanoseconds spent performing 0 L2C misses;
    1387000 nanoseconds spent executing 1 flushes (flushing a total of 2 entities and 1 collections);
    14400 nanoseconds spent executing 1 pre-partial-flushes;
    6400 nanoseconds spent executing 1 partial-flushes (flushing a total of 0 entities and 0 collections)
}
2026-04-29 10:25:13.386 INFO  [http-nio-8080-exec-1] o.h.e.i.StatisticalLoggingSessionEventListener - Session Metrics {
    1515000 nanoseconds spent acquiring 1 JDBC connections;
    0 nanoseconds spent releasing 0 JDBC connections;
    1722900 nanoseconds spent preparing 2 JDBC statements;
    1887300 nanoseconds spent executing 1 JDBC statements;
    0 nanoseconds spent executing 0 JDBC batches;
    0 nanoseconds spent performing 0 L2C puts;
    0 nanoseconds spent performing 0 L2C hits;
    0 nanoseconds spent performing 0 L2C misses;
    0 nanoseconds spent executing 0 flushes (flushing a total of 0 entities and 0 collections);
    0 nanoseconds spent executing 0 pre-partial-flushes;
    0 nanoseconds spent executing 0 partial-flushes (flushing a total of 0 entities and 0 collections)
}
2026-04-29 10:25:13.390 INFO  [http-nio-8080-exec-10] o.h.e.i.StatisticalLoggingSessionEventListener - Session Metrics {
    860600 nanoseconds spent acquiring 1 JDBC connections;
    0 nanoseconds spent releasing 0 JDBC connections;
    1172600 nanoseconds spent preparing 2 JDBC statements;
    1574200 nanoseconds spent executing 1 JDBC statements;
    0 nanoseconds spent executing 0 JDBC batches;
    0 nanoseconds spent performing 0 L2C puts;
    0 nanoseconds spent performing 0 L2C hits;
    0 nanoseconds spent performing 0 L2C misses;
    0 nanoseconds spent executing 0 flushes (flushing a total of 0 entities and 0 collections);
    0 nanoseconds spent executing 0 pre-partial-flushes;
    0 nanoseconds spent executing 0 partial-flushes (flushing a total of 0 entities and 0 collections)
}
2026-04-29 10:25:52.408 INFO  [http-nio-8080-exec-5] o.h.e.i.StatisticalLoggingSessionEventListener - Session Metrics {
    1284600 nanoseconds spent acquiring 1 JDBC connections;
    0 nanoseconds spent releasing 0 JDBC connections;
    1657200 nanoseconds spent preparing 7 JDBC statements;
    67782800 nanoseconds spent executing 7 JDBC statements;
    0 nanoseconds spent executing 0 JDBC batches;
    0 nanoseconds spent performing 0 L2C puts;
    0 nanoseconds spent performing 0 L2C hits;
    0 nanoseconds spent performing 0 L2C misses;
    4730200 nanoseconds spent executing 2 flushes (flushing a total of 9 entities and 2 collections);
    367200 nanoseconds spent executing 4 pre-partial-flushes;
    684900 nanoseconds spent executing 5 partial-flushes (flushing a total of 14 entities and 14 collections)
}
2026-04-29 10:27:10.077 INFO  [http-nio-8080-exec-3] o.h.e.i.StatisticalLoggingSessionEventListener - Session Metrics {
    3273100 nanoseconds spent acquiring 1 JDBC connections;
    0 nanoseconds spent releasing 0 JDBC connections;
    4708300 nanoseconds spent preparing 1 JDBC statements;
    7331500 nanoseconds spent executing 1 JDBC statements;
    0 nanoseconds spent executing 0 JDBC batches;
    0 nanoseconds spent performing 0 L2C puts;
    0 nanoseconds spent performing 0 L2C hits;
    0 nanoseconds spent performing 0 L2C misses;
    335500 nanoseconds spent executing 1 flushes (flushing a total of 2 entities and 1 collections);
    8800 nanoseconds spent executing 1 pre-partial-flushes;
    4900 nanoseconds spent executing 1 partial-flushes (flushing a total of 0 entities and 0 collections)
}
2026-04-29 10:27:22.503 INFO  [http-nio-8080-exec-4] o.h.e.i.StatisticalLoggingSessionEventListener - Session Metrics {
    1093900 nanoseconds spent acquiring 1 JDBC connections;
    0 nanoseconds spent releasing 0 JDBC connections;
    1516200 nanoseconds spent preparing 2 JDBC statements;
    400055500 nanoseconds spent executing 1 JDBC statements;
    0 nanoseconds spent executing 0 JDBC batches;
    0 nanoseconds spent performing 0 L2C puts;
    0 nanoseconds spent performing 0 L2C hits;
    0 nanoseconds spent performing 0 L2C misses;
    0 nanoseconds spent executing 0 flushes (flushing a total of 0 entities and 0 collections);
    0 nanoseconds spent executing 0 pre-partial-flushes;
    0 nanoseconds spent executing 0 partial-flushes (flushing a total of 0 entities and 0 collections)
}
2026-04-29 10:27:23.834 INFO  [http-nio-8080-exec-7] o.h.e.i.StatisticalLoggingSessionEventListener - Session Metrics {
    642000 nanoseconds spent acquiring 1 JDBC connections;
    0 nanoseconds spent releasing 0 JDBC connections;
    873700 nanoseconds spent preparing 2 JDBC statements;
    572420300 nanoseconds spent executing 1 JDBC statements;
    0 nanoseconds spent executing 0 JDBC batches;
    0 nanoseconds spent performing 0 L2C puts;
    0 nanoseconds spent performing 0 L2C hits;
    0 nanoseconds spent performing 0 L2C misses;
    0 nanoseconds spent executing 0 flushes (flushing a total of 0 entities and 0 collections);
    0 nanoseconds spent executing 0 pre-partial-flushes;
    0 nanoseconds spent executing 0 partial-flushes (flushing a total of 0 entities and 0 collections)
}
2026-04-29 10:29:09.147 INFO  [http-nio-8080-exec-10] o.h.e.i.StatisticalLoggingSessionEventListener - Session Metrics {
    0 nanoseconds spent acquiring 0 JDBC connections;
    0 nanoseconds spent releasing 0 JDBC connections;
    0 nanoseconds spent preparing 0 JDBC statements;
    0 nanoseconds spent executing 0 JDBC statements;
    0 nanoseconds spent executing 0 JDBC batches;
    0 nanoseconds spent performing 0 L2C puts;
    0 nanoseconds spent performing 0 L2C hits;
    0 nanoseconds spent performing 0 L2C misses;
    0 nanoseconds spent executing 0 flushes (flushing a total of 0 entities and 0 collections);
    0 nanoseconds spent executing 0 pre-partial-flushes;
    0 nanoseconds spent executing 0 partial-flushes (flushing a total of 0 entities and 0 collections)
}
2026-04-29 10:29:10.205 INFO  [http-nio-8080-exec-5] o.h.e.i.StatisticalLoggingSessionEventListener - Session Metrics {
    0 nanoseconds spent acquiring 0 JDBC connections;
    0 nanoseconds spent releasing 0 JDBC connections;
    0 nanoseconds spent preparing 0 JDBC statements;
    0 nanoseconds spent executing 0 JDBC statements;
    0 nanoseconds spent executing 0 JDBC batches;
    0 nanoseconds spent performing 0 L2C puts;
    0 nanoseconds spent performing 0 L2C hits;
    0 nanoseconds spent performing 0 L2C misses;
    0 nanoseconds spent executing 0 flushes (flushing a total of 0 entities and 0 collections);
    0 nanoseconds spent executing 0 pre-partial-flushes;
    0 nanoseconds spent executing 0 partial-flushes (flushing a total of 0 entities and 0 collections)
}
2026-04-29 10:29:23.627 INFO  [http-nio-8080-exec-2] o.h.e.i.StatisticalLoggingSessionEventListener - Session Metrics {
    932800 nanoseconds spent acquiring 1 JDBC connections;
    0 nanoseconds spent releasing 0 JDBC connections;
    207000 nanoseconds spent preparing 1 JDBC statements;
    1765200 nanoseconds spent executing 1 JDBC statements;
    0 nanoseconds spent executing 0 JDBC batches;
    0 nanoseconds spent performing 0 L2C puts;
    0 nanoseconds spent performing 0 L2C hits;
    0 nanoseconds spent performing 0 L2C misses;
    247700 nanoseconds spent executing 1 flushes (flushing a total of 2 entities and 1 collections);
    8100 nanoseconds spent executing 1 pre-partial-flushes;
    3300 nanoseconds spent executing 1 partial-flushes (flushing a total of 0 entities and 0 collections)
}
2026-04-29 10:29:23.629 INFO  [http-nio-8080-exec-6] o.h.e.i.StatisticalLoggingSessionEventListener - Session Metrics {
    648900 nanoseconds spent acquiring 1 JDBC connections;
    0 nanoseconds spent releasing 0 JDBC connections;
    160700 nanoseconds spent preparing 1 JDBC statements;
    3403200 nanoseconds spent executing 1 JDBC statements;
    0 nanoseconds spent executing 0 JDBC batches;
    0 nanoseconds spent performing 0 L2C puts;
    0 nanoseconds spent performing 0 L2C hits;
    0 nanoseconds spent performing 0 L2C misses;
    328600 nanoseconds spent executing 1 flushes (flushing a total of 2 entities and 1 collections);
    6000 nanoseconds spent executing 1 pre-partial-flushes;
    4400 nanoseconds spent executing 1 partial-flushes (flushing a total of 0 entities and 0 collections)
}
2026-04-29 10:29:27.385 INFO  [http-nio-8080-exec-4] o.h.e.i.StatisticalLoggingSessionEventListener - Session Metrics {
    1016800 nanoseconds spent acquiring 1 JDBC connections;
    0 nanoseconds spent releasing 0 JDBC connections;
    1242700 nanoseconds spent preparing 2 JDBC statements;
    561331900 nanoseconds spent executing 1 JDBC statements;
    0 nanoseconds spent executing 0 JDBC batches;
    0 nanoseconds spent performing 0 L2C puts;
    0 nanoseconds spent performing 0 L2C hits;
    0 nanoseconds spent performing 0 L2C misses;
    0 nanoseconds spent executing 0 flushes (flushing a total of 0 entities and 0 collections);
    0 nanoseconds spent executing 0 pre-partial-flushes;
    0 nanoseconds spent executing 0 partial-flushes (flushing a total of 0 entities and 0 collections)
}
2026-04-29 10:29:27.995 INFO  [http-nio-8080-exec-7] o.h.e.i.StatisticalLoggingSessionEventListener - Session Metrics {
    520300 nanoseconds spent acquiring 1 JDBC connections;
    0 nanoseconds spent releasing 0 JDBC connections;
    632518900 nanoseconds spent preparing 2 JDBC statements;
    1558400 nanoseconds spent executing 1 JDBC statements;
    0 nanoseconds spent executing 0 JDBC batches;
    0 nanoseconds spent performing 0 L2C puts;
    0 nanoseconds spent performing 0 L2C hits;
    0 nanoseconds spent performing 0 L2C misses;
    0 nanoseconds spent executing 0 flushes (flushing a total of 0 entities and 0 collections);
    0 nanoseconds spent executing 0 pre-partial-flushes;
    0 nanoseconds spent executing 0 partial-flushes (flushing a total of 0 entities and 0 collections)
}
2026-04-29 10:32:11.701 INFO  [http-nio-8080-exec-1] o.h.e.i.StatisticalLoggingSessionEventListener - Session Metrics {
    727200 nanoseconds spent acquiring 1 JDBC connections;
    0 nanoseconds spent releasing 0 JDBC connections;
    126400 nanoseconds spent preparing 1 JDBC statements;
    5226400 nanoseconds spent executing 1 JDBC statements;
    0 nanoseconds spent executing 0 JDBC batches;
    0 nanoseconds spent performing 0 L2C puts;
    0 nanoseconds spent performing 0 L2C hits;
    0 nanoseconds spent performing 0 L2C misses;
    367700 nanoseconds spent executing 1 flushes (flushing a total of 2 entities and 1 collections);
    11000 nanoseconds spent executing 1 pre-partial-flushes;
    3900 nanoseconds spent executing 1 partial-flushes (flushing a total of 0 entities and 0 collections)
}
2026-04-29 10:32:23.054 INFO  [http-nio-8080-exec-5] o.h.e.i.StatisticalLoggingSessionEventListener - Session Metrics {
    1282300 nanoseconds spent acquiring 1 JDBC connections;
    0 nanoseconds spent releasing 0 JDBC connections;
    1451800 nanoseconds spent preparing 2 JDBC statements;
    3602500 nanoseconds spent executing 1 JDBC statements;
    0 nanoseconds spent executing 0 JDBC batches;
    0 nanoseconds spent performing 0 L2C puts;
    0 nanoseconds spent performing 0 L2C hits;
    0 nanoseconds spent performing 0 L2C misses;
    0 nanoseconds spent executing 0 flushes (flushing a total of 0 entities and 0 collections);
    0 nanoseconds spent executing 0 pre-partial-flushes;
    0 nanoseconds spent executing 0 partial-flushes (flushing a total of 0 entities and 0 collections)
}
2026-04-29 10:32:23.054 INFO  [http-nio-8080-exec-10] o.h.e.i.StatisticalLoggingSessionEventListener - Session Metrics {
    668200 nanoseconds spent acquiring 1 JDBC connections;
    0 nanoseconds spent releasing 0 JDBC connections;
    902600 nanoseconds spent preparing 2 JDBC statements;
    1870300 nanoseconds spent executing 1 JDBC statements;
    0 nanoseconds spent executing 0 JDBC batches;
    0 nanoseconds spent performing 0 L2C puts;
    0 nanoseconds spent performing 0 L2C hits;
    0 nanoseconds spent performing 0 L2C misses;
    0 nanoseconds spent executing 0 flushes (flushing a total of 0 entities and 0 collections);
    0 nanoseconds spent executing 0 pre-partial-flushes;
    0 nanoseconds spent executing 0 partial-flushes (flushing a total of 0 entities and 0 collections)
}
2026-04-29 10:34:10.393 INFO  [http-nio-8080-exec-3] o.h.e.i.StatisticalLoggingSessionEventListener - Session Metrics {
    972400 nanoseconds spent acquiring 1 JDBC connections;
    0 nanoseconds spent releasing 0 JDBC connections;
    224900 nanoseconds spent preparing 1 JDBC statements;
    2766700 nanoseconds spent executing 1 JDBC statements;
    0 nanoseconds spent executing 0 JDBC batches;
    0 nanoseconds spent performing 0 L2C puts;
    0 nanoseconds spent performing 0 L2C hits;
    0 nanoseconds spent performing 0 L2C misses;
    385700 nanoseconds spent executing 1 flushes (flushing a total of 2 entities and 1 collections);
    8700 nanoseconds spent executing 1 pre-partial-flushes;
    3400 nanoseconds spent executing 1 partial-flushes (flushing a total of 0 entities and 0 collections)
}
2026-04-29 10:34:12.844 INFO  [http-nio-8080-exec-4] o.h.e.i.StatisticalLoggingSessionEventListener - Session Metrics {
    25600 nanoseconds spent acquiring 1 JDBC connections;
    0 nanoseconds spent releasing 0 JDBC connections;
    282000 nanoseconds spent preparing 2 JDBC statements;
    6604800 nanoseconds spent executing 1 JDBC statements;
    0 nanoseconds spent executing 0 JDBC batches;
    0 nanoseconds spent performing 0 L2C puts;
    0 nanoseconds spent performing 0 L2C hits;
    0 nanoseconds spent performing 0 L2C misses;
    0 nanoseconds spent executing 0 flushes (flushing a total of 0 entities and 0 collections);
    0 nanoseconds spent executing 0 pre-partial-flushes;
    0 nanoseconds spent executing 0 partial-flushes (flushing a total of 0 entities and 0 collections)
}
2026-04-29 10:34:12.849 INFO  [http-nio-8080-exec-7] o.h.e.i.StatisticalLoggingSessionEventListener - Session Metrics {
    1408800 nanoseconds spent acquiring 1 JDBC connections;
    0 nanoseconds spent releasing 0 JDBC connections;
    1634700 nanoseconds spent preparing 2 JDBC statements;
    3174200 nanoseconds spent executing 1 JDBC statements;
    0 nanoseconds spent executing 0 JDBC batches;
    0 nanoseconds spent performing 0 L2C puts;
    0 nanoseconds spent performing 0 L2C hits;
    0 nanoseconds spent performing 0 L2C misses;
    0 nanoseconds spent executing 0 flushes (flushing a total of 0 entities and 0 collections);
    0 nanoseconds spent executing 0 pre-partial-flushes;
    0 nanoseconds spent executing 0 partial-flushes (flushing a total of 0 entities and 0 collections)
}
2026-04-29 10:34:19.645 INFO  [http-nio-8080-exec-8] o.h.e.i.StatisticalLoggingSessionEventListener - Session Metrics {
    837300 nanoseconds spent acquiring 1 JDBC connections;
    0 nanoseconds spent releasing 0 JDBC connections;
    753600 nanoseconds spent preparing 6 JDBC statements;
    13596600 nanoseconds spent executing 6 JDBC statements;
    0 nanoseconds spent executing 0 JDBC batches;
    0 nanoseconds spent performing 0 L2C puts;
    0 nanoseconds spent performing 0 L2C hits;
    0 nanoseconds spent performing 0 L2C misses;
    3860700 nanoseconds spent executing 2 flushes (flushing a total of 8 entities and 2 collections);
    168900 nanoseconds spent executing 3 pre-partial-flushes;
    435300 nanoseconds spent executing 4 partial-flushes (flushing a total of 10 entities and 10 collections)
}
2026-04-29 10:34:24.727 INFO  [http-nio-8080-exec-9] o.h.e.i.StatisticalLoggingSessionEventListener - Session Metrics {
    1066900 nanoseconds spent acquiring 1 JDBC connections;
    0 nanoseconds spent releasing 0 JDBC connections;
    125300 nanoseconds spent preparing 1 JDBC statements;
    5792600 nanoseconds spent executing 1 JDBC statements;
    0 nanoseconds spent executing 0 JDBC batches;
    0 nanoseconds spent performing 0 L2C puts;
    0 nanoseconds spent performing 0 L2C hits;
    0 nanoseconds spent performing 0 L2C misses;
    284800 nanoseconds spent executing 1 flushes (flushing a total of 2 entities and 1 collections);
    10400 nanoseconds spent executing 1 pre-partial-flushes;
    3900 nanoseconds spent executing 1 partial-flushes (flushing a total of 0 entities and 0 collections)
}
2026-04-29 10:34:27.004 INFO  [http-nio-8080-exec-1] o.h.e.i.StatisticalLoggingSessionEventListener - Session Metrics {
    26600 nanoseconds spent acquiring 1 JDBC connections;
    0 nanoseconds spent releasing 0 JDBC connections;
    307000 nanoseconds spent preparing 2 JDBC statements;
    1585700 nanoseconds spent executing 1 JDBC statements;
    0 nanoseconds spent executing 0 JDBC batches;
    0 nanoseconds spent performing 0 L2C puts;
    0 nanoseconds spent performing 0 L2C hits;
    0 nanoseconds spent performing 0 L2C misses;
    0 nanoseconds spent executing 0 flushes (flushing a total of 0 entities and 0 collections);
    0 nanoseconds spent executing 0 pre-partial-flushes;
    0 nanoseconds spent executing 0 partial-flushes (flushing a total of 0 entities and 0 collections)
}
2026-04-29 10:34:27.747 INFO  [http-nio-8080-exec-10] o.h.e.i.StatisticalLoggingSessionEventListener - Session Metrics {
    625400 nanoseconds spent acquiring 1 JDBC connections;
    0 nanoseconds spent releasing 0 JDBC connections;
    856300 nanoseconds spent preparing 2 JDBC statements;
    1975700 nanoseconds spent executing 1 JDBC statements;
    0 nanoseconds spent executing 0 JDBC batches;
    0 nanoseconds spent performing 0 L2C puts;
    0 nanoseconds spent performing 0 L2C hits;
    0 nanoseconds spent performing 0 L2C misses;
    0 nanoseconds spent executing 0 flushes (flushing a total of 0 entities and 0 collections);
    0 nanoseconds spent executing 0 pre-partial-flushes;
    0 nanoseconds spent executing 0 partial-flushes (flushing a total of 0 entities and 0 collections)
}
2026-04-29 11:33:31.842 INFO  [http-nio-8080-exec-3] o.h.e.i.StatisticalLoggingSessionEventListener - Session Metrics {
    570200 nanoseconds spent acquiring 1 JDBC connections;
    0 nanoseconds spent releasing 0 JDBC connections;
    223100 nanoseconds spent preparing 1 JDBC statements;
    4948700 nanoseconds spent executing 1 JDBC statements;
    0 nanoseconds spent executing 0 JDBC batches;
    0 nanoseconds spent performing 0 L2C puts;
    0 nanoseconds spent performing 0 L2C hits;
    0 nanoseconds spent performing 0 L2C misses;
    392100 nanoseconds spent executing 1 flushes (flushing a total of 2 entities and 1 collections);
    8600 nanoseconds spent executing 1 pre-partial-flushes;
    2600 nanoseconds spent executing 1 partial-flushes (flushing a total of 0 entities and 0 collections)
}
2026-04-29 11:33:34.141 INFO  [http-nio-8080-exec-8] o.h.e.i.StatisticalLoggingSessionEventListener - Session Metrics {
    24900 nanoseconds spent acquiring 1 JDBC connections;
    0 nanoseconds spent releasing 0 JDBC connections;
    254000 nanoseconds spent preparing 2 JDBC statements;
    1498800 nanoseconds spent executing 1 JDBC statements;
    0 nanoseconds spent executing 0 JDBC batches;
    0 nanoseconds spent performing 0 L2C puts;
    0 nanoseconds spent performing 0 L2C hits;
    0 nanoseconds spent performing 0 L2C misses;
    0 nanoseconds spent executing 0 flushes (flushing a total of 0 entities and 0 collections);
    0 nanoseconds spent executing 0 pre-partial-flushes;
    0 nanoseconds spent executing 0 partial-flushes (flushing a total of 0 entities and 0 collections)
}
2026-04-29 11:33:34.141 INFO  [http-nio-8080-exec-7] o.h.e.i.StatisticalLoggingSessionEventListener - Session Metrics {
    572700 nanoseconds spent acquiring 1 JDBC connections;
    0 nanoseconds spent releasing 0 JDBC connections;
    731700 nanoseconds spent preparing 2 JDBC statements;
    1986000 nanoseconds spent executing 1 JDBC statements;
    0 nanoseconds spent executing 0 JDBC batches;
    0 nanoseconds spent performing 0 L2C puts;
    0 nanoseconds spent performing 0 L2C hits;
    0 nanoseconds spent performing 0 L2C misses;
    0 nanoseconds spent executing 0 flushes (flushing a total of 0 entities and 0 collections);
    0 nanoseconds spent executing 0 pre-partial-flushes;
    0 nanoseconds spent executing 0 partial-flushes (flushing a total of 0 entities and 0 collections)
}
2026-04-29 11:38:16.517 INFO  [http-nio-8080-exec-10] o.h.e.i.StatisticalLoggingSessionEventListener - Session Metrics {
    6405200 nanoseconds spent acquiring 1 JDBC connections;
    0 nanoseconds spent releasing 0 JDBC connections;
    188500 nanoseconds spent preparing 1 JDBC statements;
    7189700 nanoseconds spent executing 1 JDBC statements;
    0 nanoseconds spent executing 0 JDBC batches;
    0 nanoseconds spent performing 0 L2C puts;
    0 nanoseconds spent performing 0 L2C hits;
    0 nanoseconds spent performing 0 L2C misses;
    296400 nanoseconds spent executing 1 flushes (flushing a total of 2 entities and 1 collections);
    12800 nanoseconds spent executing 1 pre-partial-flushes;
    7700 nanoseconds spent executing 1 partial-flushes (flushing a total of 0 entities and 0 collections)
}
2026-04-29 11:38:19.364 INFO  [http-nio-8080-exec-6] o.h.e.i.StatisticalLoggingSessionEventListener - Session Metrics {
    30900 nanoseconds spent acquiring 1 JDBC connections;
    0 nanoseconds spent releasing 0 JDBC connections;
    395800 nanoseconds spent preparing 2 JDBC statements;
    4705000 nanoseconds spent executing 1 JDBC statements;
    0 nanoseconds spent executing 0 JDBC batches;
    0 nanoseconds spent performing 0 L2C puts;
    0 nanoseconds spent performing 0 L2C hits;
    0 nanoseconds spent performing 0 L2C misses;
    0 nanoseconds spent executing 0 flushes (flushing a total of 0 entities and 0 collections);
    0 nanoseconds spent executing 0 pre-partial-flushes;
    0 nanoseconds spent executing 0 partial-flushes (flushing a total of 0 entities and 0 collections)
}
2026-04-29 11:46:06.407 INFO  [http-nio-8080-exec-5] o.h.e.i.StatisticalLoggingSessionEventListener - Session Metrics {
    567800 nanoseconds spent acquiring 1 JDBC connections;
    0 nanoseconds spent releasing 0 JDBC connections;
    938800 nanoseconds spent preparing 2 JDBC statements;
    3615000 nanoseconds spent executing 1 JDBC statements;
    0 nanoseconds spent executing 0 JDBC batches;
    0 nanoseconds spent performing 0 L2C puts;
    0 nanoseconds spent performing 0 L2C hits;
    0 nanoseconds spent performing 0 L2C misses;
    0 nanoseconds spent executing 0 flushes (flushing a total of 0 entities and 0 collections);
    0 nanoseconds spent executing 0 pre-partial-flushes;
    0 nanoseconds spent executing 0 partial-flushes (flushing a total of 0 entities and 0 collections)
}
2026-04-29 11:46:14.703 INFO  [http-nio-8080-exec-4] o.h.e.i.StatisticalLoggingSessionEventListener - Session Metrics {
    2321191800 nanoseconds spent acquiring 1 JDBC connections;
    0 nanoseconds spent releasing 0 JDBC connections;
    102800 nanoseconds spent preparing 1 JDBC statements;
    2282500 nanoseconds spent executing 1 JDBC statements;
    0 nanoseconds spent executing 0 JDBC batches;
    0 nanoseconds spent performing 0 L2C puts;
    0 nanoseconds spent performing 0 L2C hits;
    0 nanoseconds spent performing 0 L2C misses;
    182200 nanoseconds spent executing 1 flushes (flushing a total of 2 entities and 1 collections);
    9800 nanoseconds spent executing 1 pre-partial-flushes;
    2300 nanoseconds spent executing 1 partial-flushes (flushing a total of 0 entities and 0 collections)
}
2026-04-29 11:46:16.789 INFO  [http-nio-8080-exec-8] o.h.e.i.StatisticalLoggingSessionEventListener - Session Metrics {
    23500 nanoseconds spent acquiring 1 JDBC connections;
    0 nanoseconds spent releasing 0 JDBC connections;
    166100 nanoseconds spent preparing 2 JDBC statements;
    2590600 nanoseconds spent executing 1 JDBC statements;
    0 nanoseconds spent executing 0 JDBC batches;
    0 nanoseconds spent performing 0 L2C puts;
    0 nanoseconds spent performing 0 L2C hits;
    0 nanoseconds spent performing 0 L2C misses;
    0 nanoseconds spent executing 0 flushes (flushing a total of 0 entities and 0 collections);
    0 nanoseconds spent executing 0 pre-partial-flushes;
    0 nanoseconds spent executing 0 partial-flushes (flushing a total of 0 entities and 0 collections)
}
2026-04-29 11:46:16.792 INFO  [http-nio-8080-exec-3] o.h.e.i.StatisticalLoggingSessionEventListener - Session Metrics {
    10380767200 nanoseconds spent acquiring 1 JDBC connections;
    0 nanoseconds spent releasing 0 JDBC connections;
    83200 nanoseconds spent preparing 1 JDBC statements;
    5844900 nanoseconds spent executing 1 JDBC statements;
    0 nanoseconds spent executing 0 JDBC batches;
    0 nanoseconds spent performing 0 L2C puts;
    0 nanoseconds spent performing 0 L2C hits;
    0 nanoseconds spent performing 0 L2C misses;
    180700 nanoseconds spent executing 1 flushes (flushing a total of 2 entities and 1 collections);
    4300 nanoseconds spent executing 1 pre-partial-flushes;
    1900 nanoseconds spent executing 1 partial-flushes (flushing a total of 0 entities and 0 collections)
}
2026-04-29 11:46:42.441 INFO  [http-nio-8080-exec-7] o.h.e.i.StatisticalLoggingSessionEventListener - Session Metrics {
    1978032400 nanoseconds spent acquiring 1 JDBC connections;
    0 nanoseconds spent releasing 0 JDBC connections;
    1982268500 nanoseconds spent preparing 2 JDBC statements;
    4809600 nanoseconds spent executing 1 JDBC statements;
    0 nanoseconds spent executing 0 JDBC batches;
    0 nanoseconds spent performing 0 L2C puts;
    0 nanoseconds spent performing 0 L2C hits;
    0 nanoseconds spent performing 0 L2C misses;
    0 nanoseconds spent executing 0 flushes (flushing a total of 0 entities and 0 collections);
    0 nanoseconds spent executing 0 pre-partial-flushes;
    0 nanoseconds spent executing 0 partial-flushes (flushing a total of 0 entities and 0 collections)
}
2026-04-29 11:48:00.322 INFO  [http-nio-8080-exec-10] o.h.e.i.StatisticalLoggingSessionEventListener - Session Metrics {
    987300 nanoseconds spent acquiring 1 JDBC connections;
    0 nanoseconds spent releasing 0 JDBC connections;
    153500 nanoseconds spent preparing 1 JDBC statements;
    2737200 nanoseconds spent executing 1 JDBC statements;
    0 nanoseconds spent executing 0 JDBC batches;
    0 nanoseconds spent performing 0 L2C puts;
    0 nanoseconds spent performing 0 L2C hits;
    0 nanoseconds spent performing 0 L2C misses;
    294000 nanoseconds spent executing 1 flushes (flushing a total of 2 entities and 1 collections);
    8100 nanoseconds spent executing 1 pre-partial-flushes;
    4000 nanoseconds spent executing 1 partial-flushes (flushing a total of 0 entities and 0 collections)
}
2026-04-29 11:48:02.894 INFO  [http-nio-8080-exec-6] o.h.e.i.StatisticalLoggingSessionEventListener - Session Metrics {
    20900 nanoseconds spent acquiring 1 JDBC connections;
    0 nanoseconds spent releasing 0 JDBC connections;
    197800 nanoseconds spent preparing 2 JDBC statements;
    1837500 nanoseconds spent executing 1 JDBC statements;
    0 nanoseconds spent executing 0 JDBC batches;
    0 nanoseconds spent performing 0 L2C puts;
    0 nanoseconds spent performing 0 L2C hits;
    0 nanoseconds spent performing 0 L2C misses;
    0 nanoseconds spent executing 0 flushes (flushing a total of 0 entities and 0 collections);
    0 nanoseconds spent executing 0 pre-partial-flushes;
    0 nanoseconds spent executing 0 partial-flushes (flushing a total of 0 entities and 0 collections)
}
2026-04-29 12:18:58.082 INFO  [http-nio-8080-exec-2] o.h.e.i.StatisticalLoggingSessionEventListener - Session Metrics {
    5008235100 nanoseconds spent acquiring 1 JDBC connections;
    0 nanoseconds spent releasing 0 JDBC connections;
    5008447600 nanoseconds spent preparing 2 JDBC statements;
    1979700 nanoseconds spent executing 1 JDBC statements;
    0 nanoseconds spent executing 0 JDBC batches;
    0 nanoseconds spent performing 0 L2C puts;
    0 nanoseconds spent performing 0 L2C hits;
    0 nanoseconds spent performing 0 L2C misses;
    0 nanoseconds spent executing 0 flushes (flushing a total of 0 entities and 0 collections);
    0 nanoseconds spent executing 0 pre-partial-flushes;
    0 nanoseconds spent executing 0 partial-flushes (flushing a total of 0 entities and 0 collections)
}
2026-04-29 12:19:13.237 INFO  [http-nio-8080-exec-3] o.h.e.i.StatisticalLoggingSessionEventListener - Session Metrics {
    5494771100 nanoseconds spent acquiring 1 JDBC connections;
    0 nanoseconds spent releasing 0 JDBC connections;
    701300 nanoseconds spent preparing 1 JDBC statements;
    2271100 nanoseconds spent executing 1 JDBC statements;
    0 nanoseconds spent executing 0 JDBC batches;
    0 nanoseconds spent performing 0 L2C puts;
    0 nanoseconds spent performing 0 L2C hits;
    0 nanoseconds spent performing 0 L2C misses;
    250400 nanoseconds spent executing 1 flushes (flushing a total of 2 entities and 1 collections);
    6400 nanoseconds spent executing 1 pre-partial-flushes;
    2600 nanoseconds spent executing 1 partial-flushes (flushing a total of 0 entities and 0 collections)
}
2026-04-29 12:19:15.661 INFO  [http-nio-8080-exec-4] o.h.e.i.StatisticalLoggingSessionEventListener - Session Metrics {
    15158466900 nanoseconds spent acquiring 1 JDBC connections;
    0 nanoseconds spent releasing 0 JDBC connections;
    15158696700 nanoseconds spent preparing 2 JDBC statements;
    2454800 nanoseconds spent executing 1 JDBC statements;
    0 nanoseconds spent executing 0 JDBC batches;
    0 nanoseconds spent performing 0 L2C puts;
    0 nanoseconds spent performing 0 L2C hits;
    0 nanoseconds spent performing 0 L2C misses;
    0 nanoseconds spent executing 0 flushes (flushing a total of 0 entities and 0 collections);
    0 nanoseconds spent executing 0 pre-partial-flushes;
    0 nanoseconds spent executing 0 partial-flushes (flushing a total of 0 entities and 0 collections)
}
2026-04-29 12:19:16.683 INFO  [http-nio-8080-exec-7] o.h.e.i.StatisticalLoggingSessionEventListener - Session Metrics {
    5519300 nanoseconds spent acquiring 1 JDBC connections;
    0 nanoseconds spent releasing 0 JDBC connections;
    5738500 nanoseconds spent preparing 2 JDBC statements;
    5074400 nanoseconds spent executing 1 JDBC statements;
    0 nanoseconds spent executing 0 JDBC batches;
    0 nanoseconds spent performing 0 L2C puts;
    0 nanoseconds spent performing 0 L2C hits;
    0 nanoseconds spent performing 0 L2C misses;
    0 nanoseconds spent executing 0 flushes (flushing a total of 0 entities and 0 collections);
    0 nanoseconds spent executing 0 pre-partial-flushes;
    0 nanoseconds spent executing 0 partial-flushes (flushing a total of 0 entities and 0 collections)
}
2026-04-29 12:19:17.806 INFO  [http-nio-8080-exec-9] o.h.e.i.StatisticalLoggingSessionEventListener - Session Metrics {
    1025720200 nanoseconds spent acquiring 1 JDBC connections;
    0 nanoseconds spent releasing 0 JDBC connections;
    1025959200 nanoseconds spent preparing 2 JDBC statements;
    1744200 nanoseconds spent executing 1 JDBC statements;
    0 nanoseconds spent executing 0 JDBC batches;
    0 nanoseconds spent performing 0 L2C puts;
    0 nanoseconds spent performing 0 L2C hits;
    0 nanoseconds spent performing 0 L2C misses;
    0 nanoseconds spent executing 0 flushes (flushing a total of 0 entities and 0 collections);
    0 nanoseconds spent executing 0 pre-partial-flushes;
    0 nanoseconds spent executing 0 partial-flushes (flushing a total of 0 entities and 0 collections)
}
2026-04-29 12:31:00.412 INFO  [http-nio-8080-exec-6] o.h.e.i.StatisticalLoggingSessionEventListener - Session Metrics {
    0 nanoseconds spent acquiring 0 JDBC connections;
    0 nanoseconds spent releasing 0 JDBC connections;
    0 nanoseconds spent preparing 0 JDBC statements;
    0 nanoseconds spent executing 0 JDBC statements;
    0 nanoseconds spent executing 0 JDBC batches;
    0 nanoseconds spent performing 0 L2C puts;
    0 nanoseconds spent performing 0 L2C hits;
    0 nanoseconds spent performing 0 L2C misses;
    0 nanoseconds spent executing 0 flushes (flushing a total of 0 entities and 0 collections);
    0 nanoseconds spent executing 0 pre-partial-flushes;
    0 nanoseconds spent executing 0 partial-flushes (flushing a total of 0 entities and 0 collections)
}
2026-04-29 12:31:02.361 INFO  [http-nio-8080-exec-5] o.h.e.i.StatisticalLoggingSessionEventListener - Session Metrics {
    0 nanoseconds spent acquiring 0 JDBC connections;
    0 nanoseconds spent releasing 0 JDBC connections;
    0 nanoseconds spent preparing 0 JDBC statements;
    0 nanoseconds spent executing 0 JDBC statements;
    0 nanoseconds spent executing 0 JDBC batches;
    0 nanoseconds spent performing 0 L2C puts;
    0 nanoseconds spent performing 0 L2C hits;
    0 nanoseconds spent performing 0 L2C misses;
    0 nanoseconds spent executing 0 flushes (flushing a total of 0 entities and 0 collections);
    0 nanoseconds spent executing 0 pre-partial-flushes;
    0 nanoseconds spent executing 0 partial-flushes (flushing a total of 0 entities and 0 collections)
}
2026-04-29 12:31:09.527 INFO  [http-nio-8080-exec-8] o.h.e.i.StatisticalLoggingSessionEventListener - Session Metrics {
    705900 nanoseconds spent acquiring 1 JDBC connections;
    0 nanoseconds spent releasing 0 JDBC connections;
    211000 nanoseconds spent preparing 1 JDBC statements;
    2401600 nanoseconds spent executing 1 JDBC statements;
    0 nanoseconds spent executing 0 JDBC batches;
    0 nanoseconds spent performing 0 L2C puts;
    0 nanoseconds spent performing 0 L2C hits;
    0 nanoseconds spent performing 0 L2C misses;
    296600 nanoseconds spent executing 1 flushes (flushing a total of 2 entities and 1 collections);
    11600 nanoseconds spent executing 1 pre-partial-flushes;
    3000 nanoseconds spent executing 1 partial-flushes (flushing a total of 0 entities and 0 collections)
}
2026-04-29 12:31:09.527 INFO  [http-nio-8080-exec-2] o.h.e.i.StatisticalLoggingSessionEventListener - Session Metrics {
    653000 nanoseconds spent acquiring 1 JDBC connections;
    0 nanoseconds spent releasing 0 JDBC connections;
    157300 nanoseconds spent preparing 1 JDBC statements;
    2338100 nanoseconds spent executing 1 JDBC statements;
    0 nanoseconds spent executing 0 JDBC batches;
    0 nanoseconds spent performing 0 L2C puts;
    0 nanoseconds spent performing 0 L2C hits;
    0 nanoseconds spent performing 0 L2C misses;
    296600 nanoseconds spent executing 1 flushes (flushing a total of 2 entities and 1 collections);
    11800 nanoseconds spent executing 1 pre-partial-flushes;
    2500 nanoseconds spent executing 1 partial-flushes (flushing a total of 0 entities and 0 collections)
}
2026-04-29 12:31:15.003 INFO  [http-nio-8080-exec-3] o.h.e.i.StatisticalLoggingSessionEventListener - Session Metrics {
    21200 nanoseconds spent acquiring 1 JDBC connections;
    0 nanoseconds spent releasing 0 JDBC connections;
    720700 nanoseconds spent preparing 2 JDBC statements;
    1739800 nanoseconds spent executing 1 JDBC statements;
    0 nanoseconds spent executing 0 JDBC batches;
    0 nanoseconds spent performing 0 L2C puts;
    0 nanoseconds spent performing 0 L2C hits;
    0 nanoseconds spent performing 0 L2C misses;
    0 nanoseconds spent executing 0 flushes (flushing a total of 0 entities and 0 collections);
    0 nanoseconds spent executing 0 pre-partial-flushes;
    0 nanoseconds spent executing 0 partial-flushes (flushing a total of 0 entities and 0 collections)
}
2026-04-29 12:31:15.007 INFO  [http-nio-8080-exec-4] o.h.e.i.StatisticalLoggingSessionEventListener - Session Metrics {
    23000 nanoseconds spent acquiring 1 JDBC connections;
    0 nanoseconds spent releasing 0 JDBC connections;
    230500 nanoseconds spent preparing 2 JDBC statements;
    1985300 nanoseconds spent executing 1 JDBC statements;
    0 nanoseconds spent executing 0 JDBC batches;
    0 nanoseconds spent performing 0 L2C puts;
    0 nanoseconds spent performing 0 L2C hits;
    0 nanoseconds spent performing 0 L2C misses;
    0 nanoseconds spent executing 0 flushes (flushing a total of 0 entities and 0 collections);
    0 nanoseconds spent executing 0 pre-partial-flushes;
    0 nanoseconds spent executing 0 partial-flushes (flushing a total of 0 entities and 0 collections)
}
2026-04-29 12:33:22.142 INFO  [http-nio-8080-exec-1] o.h.e.i.StatisticalLoggingSessionEventListener - Session Metrics {
    933500 nanoseconds spent acquiring 1 JDBC connections;
    0 nanoseconds spent releasing 0 JDBC connections;
    134800 nanoseconds spent preparing 1 JDBC statements;
    2056700 nanoseconds spent executing 1 JDBC statements;
    0 nanoseconds spent executing 0 JDBC batches;
    0 nanoseconds spent performing 0 L2C puts;
    0 nanoseconds spent performing 0 L2C hits;
    0 nanoseconds spent performing 0 L2C misses;
    347500 nanoseconds spent executing 1 flushes (flushing a total of 2 entities and 1 collections);
    9200 nanoseconds spent executing 1 pre-partial-flushes;
    3200 nanoseconds spent executing 1 partial-flushes (flushing a total of 0 entities and 0 collections)
}
2026-04-29 12:33:25.810 INFO  [http-nio-8080-exec-6] o.h.e.i.StatisticalLoggingSessionEventListener - Session Metrics {
    795400 nanoseconds spent acquiring 1 JDBC connections;
    0 nanoseconds spent releasing 0 JDBC connections;
    968400 nanoseconds spent preparing 2 JDBC statements;
    1616800 nanoseconds spent executing 1 JDBC statements;
    0 nanoseconds spent executing 0 JDBC batches;
    0 nanoseconds spent performing 0 L2C puts;
    0 nanoseconds spent performing 0 L2C hits;
    0 nanoseconds spent performing 0 L2C misses;
    0 nanoseconds spent executing 0 flushes (flushing a total of 0 entities and 0 collections);
    0 nanoseconds spent executing 0 pre-partial-flushes;
    0 nanoseconds spent executing 0 partial-flushes (flushing a total of 0 entities and 0 collections)
}
2026-04-29 12:33:25.810 INFO  [http-nio-8080-exec-10] o.h.e.i.StatisticalLoggingSessionEventListener - Session Metrics {
    26700 nanoseconds spent acquiring 1 JDBC connections;
    0 nanoseconds spent releasing 0 JDBC connections;
    235200 nanoseconds spent preparing 2 JDBC statements;
    1608600 nanoseconds spent executing 1 JDBC statements;
    0 nanoseconds spent executing 0 JDBC batches;
    0 nanoseconds spent performing 0 L2C puts;
    0 nanoseconds spent performing 0 L2C hits;
    0 nanoseconds spent performing 0 L2C misses;
    0 nanoseconds spent executing 0 flushes (flushing a total of 0 entities and 0 collections);
    0 nanoseconds spent executing 0 pre-partial-flushes;
    0 nanoseconds spent executing 0 partial-flushes (flushing a total of 0 entities and 0 collections)
}
2026-04-29 12:36:21.024 INFO  [http-nio-8080-exec-3] o.h.e.i.StatisticalLoggingSessionEventListener - Session Metrics {
    0 nanoseconds spent acquiring 0 JDBC connections;
    0 nanoseconds spent releasing 0 JDBC connections;
    0 nanoseconds spent preparing 0 JDBC statements;
    0 nanoseconds spent executing 0 JDBC statements;
    0 nanoseconds spent executing 0 JDBC batches;
    0 nanoseconds spent performing 0 L2C puts;
    0 nanoseconds spent performing 0 L2C hits;
    0 nanoseconds spent performing 0 L2C misses;
    0 nanoseconds spent executing 0 flushes (flushing a total of 0 entities and 0 collections);
    0 nanoseconds spent executing 0 pre-partial-flushes;
    0 nanoseconds spent executing 0 partial-flushes (flushing a total of 0 entities and 0 collections)
}
2026-04-29 12:36:21.774 INFO  [http-nio-8080-exec-4] o.h.e.i.StatisticalLoggingSessionEventListener - Session Metrics {
    0 nanoseconds spent acquiring 0 JDBC connections;
    0 nanoseconds spent releasing 0 JDBC connections;
    0 nanoseconds spent preparing 0 JDBC statements;
    0 nanoseconds spent executing 0 JDBC statements;
    0 nanoseconds spent executing 0 JDBC batches;
    0 nanoseconds spent performing 0 L2C puts;
    0 nanoseconds spent performing 0 L2C hits;
    0 nanoseconds spent performing 0 L2C misses;
    0 nanoseconds spent executing 0 flushes (flushing a total of 0 entities and 0 collections);
    0 nanoseconds spent executing 0 pre-partial-flushes;
    0 nanoseconds spent executing 0 partial-flushes (flushing a total of 0 entities and 0 collections)
}
2026-04-29 12:36:31.888 INFO  [http-nio-8080-exec-7] o.h.e.i.StatisticalLoggingSessionEventListener - Session Metrics {
    495900 nanoseconds spent acquiring 1 JDBC connections;
    0 nanoseconds spent releasing 0 JDBC connections;
    98500 nanoseconds spent preparing 1 JDBC statements;
    1949400 nanoseconds spent executing 1 JDBC statements;
    0 nanoseconds spent executing 0 JDBC batches;
    0 nanoseconds spent performing 0 L2C puts;
    0 nanoseconds spent performing 0 L2C hits;
    0 nanoseconds spent performing 0 L2C misses;
    165600 nanoseconds spent executing 1 flushes (flushing a total of 2 entities and 1 collections);
    4200 nanoseconds spent executing 1 pre-partial-flushes;
    2100 nanoseconds spent executing 1 partial-flushes (flushing a total of 0 entities and 0 collections)
}
2026-04-29 12:36:31.902 INFO  [http-nio-8080-exec-9] o.h.e.i.StatisticalLoggingSessionEventListener - Session Metrics {
    1289000 nanoseconds spent acquiring 1 JDBC connections;
    0 nanoseconds spent releasing 0 JDBC connections;
    108900 nanoseconds spent preparing 1 JDBC statements;
    17675700 nanoseconds spent executing 1 JDBC statements;
    0 nanoseconds spent executing 0 JDBC batches;
    0 nanoseconds spent performing 0 L2C puts;
    0 nanoseconds spent performing 0 L2C hits;
    0 nanoseconds spent performing 0 L2C misses;
    147100 nanoseconds spent executing 1 flushes (flushing a total of 2 entities and 1 collections);
    8400 nanoseconds spent executing 1 pre-partial-flushes;
    3000 nanoseconds spent executing 1 partial-flushes (flushing a total of 0 entities and 0 collections)
}
2026-04-29 12:36:34.263 INFO  [http-nio-8080-exec-10] o.h.e.i.StatisticalLoggingSessionEventListener - Session Metrics {
    17100 nanoseconds spent acquiring 1 JDBC connections;
    0 nanoseconds spent releasing 0 JDBC connections;
    227400 nanoseconds spent preparing 2 JDBC statements;
    1775500 nanoseconds spent executing 1 JDBC statements;
    0 nanoseconds spent executing 0 JDBC batches;
    0 nanoseconds spent performing 0 L2C puts;
    0 nanoseconds spent performing 0 L2C hits;
    0 nanoseconds spent performing 0 L2C misses;
    0 nanoseconds spent executing 0 flushes (flushing a total of 0 entities and 0 collections);
    0 nanoseconds spent executing 0 pre-partial-flushes;
    0 nanoseconds spent executing 0 partial-flushes (flushing a total of 0 entities and 0 collections)
}
2026-04-29 12:36:34.267 INFO  [http-nio-8080-exec-6] o.h.e.i.StatisticalLoggingSessionEventListener - Session Metrics {
    18600 nanoseconds spent acquiring 1 JDBC connections;
    0 nanoseconds spent releasing 0 JDBC connections;
    156400 nanoseconds spent preparing 2 JDBC statements;
    1682300 nanoseconds spent executing 1 JDBC statements;
    0 nanoseconds spent executing 0 JDBC batches;
    0 nanoseconds spent performing 0 L2C puts;
    0 nanoseconds spent performing 0 L2C hits;
    0 nanoseconds spent performing 0 L2C misses;
    0 nanoseconds spent executing 0 flushes (flushing a total of 0 entities and 0 collections);
    0 nanoseconds spent executing 0 pre-partial-flushes;
    0 nanoseconds spent executing 0 partial-flushes (flushing a total of 0 entities and 0 collections)
}
2026-04-29 12:39:50.326 INFO  [http-nio-8080-exec-2] o.h.e.i.StatisticalLoggingSessionEventListener - Session Metrics {
    1259400 nanoseconds spent acquiring 1 JDBC connections;
    0 nanoseconds spent releasing 0 JDBC connections;
    142500 nanoseconds spent preparing 1 JDBC statements;
    8112300 nanoseconds spent executing 1 JDBC statements;
    0 nanoseconds spent executing 0 JDBC batches;
    0 nanoseconds spent performing 0 L2C puts;
    0 nanoseconds spent performing 0 L2C hits;
    0 nanoseconds spent performing 0 L2C misses;
    602100 nanoseconds spent executing 1 flushes (flushing a total of 2 entities and 1 collections);
    11300 nanoseconds spent executing 1 pre-partial-flushes;
    39800 nanoseconds spent executing 1 partial-flushes (flushing a total of 0 entities and 0 collections)
}
2026-04-29 12:39:52.598 INFO  [http-nio-8080-exec-3] o.h.e.i.StatisticalLoggingSessionEventListener - Session Metrics {
    30200 nanoseconds spent acquiring 1 JDBC connections;
    0 nanoseconds spent releasing 0 JDBC connections;
    227500 nanoseconds spent preparing 2 JDBC statements;
    3850700 nanoseconds spent executing 1 JDBC statements;
    0 nanoseconds spent executing 0 JDBC batches;
    0 nanoseconds spent performing 0 L2C puts;
    0 nanoseconds spent performing 0 L2C hits;
    0 nanoseconds spent performing 0 L2C misses;
    0 nanoseconds spent executing 0 flushes (flushing a total of 0 entities and 0 collections);
    0 nanoseconds spent executing 0 pre-partial-flushes;
    0 nanoseconds spent executing 0 partial-flushes (flushing a total of 0 entities and 0 collections)
}
2026-04-29 12:39:54.295 INFO  [http-nio-8080-exec-4] o.h.e.i.StatisticalLoggingSessionEventListener - Session Metrics {
    594400 nanoseconds spent acquiring 1 JDBC connections;
    0 nanoseconds spent releasing 0 JDBC connections;
    795900 nanoseconds spent preparing 2 JDBC statements;
    8692600 nanoseconds spent executing 1 JDBC statements;
    0 nanoseconds spent executing 0 JDBC batches;
    0 nanoseconds spent performing 0 L2C puts;
    0 nanoseconds spent performing 0 L2C hits;
    0 nanoseconds spent performing 0 L2C misses;
    0 nanoseconds spent executing 0 flushes (flushing a total of 0 entities and 0 collections);
    0 nanoseconds spent executing 0 pre-partial-flushes;
    0 nanoseconds spent executing 0 partial-flushes (flushing a total of 0 entities and 0 collections)
}
2026-04-29 12:41:05.067 INFO  [http-nio-8080-exec-1] o.h.e.i.StatisticalLoggingSessionEventListener - Session Metrics {
    1938700 nanoseconds spent acquiring 1 JDBC connections;
    0 nanoseconds spent releasing 0 JDBC connections;
    1543600 nanoseconds spent preparing 1 JDBC statements;
    3374000 nanoseconds spent executing 1 JDBC statements;
    0 nanoseconds spent executing 0 JDBC batches;
    0 nanoseconds spent performing 0 L2C puts;
    0 nanoseconds spent performing 0 L2C hits;
    0 nanoseconds spent performing 0 L2C misses;
    328000 nanoseconds spent executing 1 flushes (flushing a total of 2 entities and 1 collections);
    59900 nanoseconds spent executing 1 pre-partial-flushes;
    24400 nanoseconds spent executing 1 partial-flushes (flushing a total of 0 entities and 0 collections)
}
2026-04-29 12:41:06.809 INFO  [http-nio-8080-exec-10] o.h.e.i.StatisticalLoggingSessionEventListener - Session Metrics {
    22300 nanoseconds spent acquiring 1 JDBC connections;
    0 nanoseconds spent releasing 0 JDBC connections;
    858500 nanoseconds spent preparing 2 JDBC statements;
    1819800 nanoseconds spent executing 1 JDBC statements;
    0 nanoseconds spent executing 0 JDBC batches;
    0 nanoseconds spent performing 0 L2C puts;
    0 nanoseconds spent performing 0 L2C hits;
    0 nanoseconds spent performing 0 L2C misses;
    0 nanoseconds spent executing 0 flushes (flushing a total of 0 entities and 0 collections);
    0 nanoseconds spent executing 0 pre-partial-flushes;
    0 nanoseconds spent executing 0 partial-flushes (flushing a total of 0 entities and 0 collections)
}
2026-04-29 12:41:10.189 INFO  [http-nio-8080-exec-6] o.h.e.i.StatisticalLoggingSessionEventListener - Session Metrics {
    451600 nanoseconds spent acquiring 1 JDBC connections;
    0 nanoseconds spent releasing 0 JDBC connections;
    1256400 nanoseconds spent preparing 2 JDBC statements;
    2657400 nanoseconds spent executing 1 JDBC statements;
    0 nanoseconds spent executing 0 JDBC batches;
    0 nanoseconds spent performing 0 L2C puts;
    0 nanoseconds spent performing 0 L2C hits;
    0 nanoseconds spent performing 0 L2C misses;
    0 nanoseconds spent executing 0 flushes (flushing a total of 0 entities and 0 collections);
    0 nanoseconds spent executing 0 pre-partial-flushes;
    0 nanoseconds spent executing 0 partial-flushes (flushing a total of 0 entities and 0 collections)
}
2026-04-29 12:44:20.305 INFO  [http-nio-8080-exec-3] o.h.e.i.StatisticalLoggingSessionEventListener - Session Metrics {
    800200 nanoseconds spent acquiring 1 JDBC connections;
    0 nanoseconds spent releasing 0 JDBC connections;
    1865700 nanoseconds spent preparing 5 JDBC statements;
    9756200 nanoseconds spent executing 5 JDBC statements;
    0 nanoseconds spent executing 0 JDBC batches;
    0 nanoseconds spent performing 0 L2C puts;
    0 nanoseconds spent performing 0 L2C hits;
    0 nanoseconds spent performing 0 L2C misses;
    4659800 nanoseconds spent executing 1 flushes (flushing a total of 5 entities and 1 collections);
    0 nanoseconds spent executing 0 pre-partial-flushes;
    0 nanoseconds spent executing 0 partial-flushes (flushing a total of 0 entities and 0 collections)
}
2026-04-29 12:44:25.423 INFO  [http-nio-8080-exec-4] o.h.e.i.StatisticalLoggingSessionEventListener - Session Metrics {
    655200 nanoseconds spent acquiring 1 JDBC connections;
    0 nanoseconds spent releasing 0 JDBC connections;
    114100 nanoseconds spent preparing 1 JDBC statements;
    1757400 nanoseconds spent executing 1 JDBC statements;
    0 nanoseconds spent executing 0 JDBC batches;
    0 nanoseconds spent performing 0 L2C puts;
    0 nanoseconds spent performing 0 L2C hits;
    0 nanoseconds spent performing 0 L2C misses;
    453200 nanoseconds spent executing 1 flushes (flushing a total of 2 entities and 1 collections);
    7300 nanoseconds spent executing 1 pre-partial-flushes;
    3200 nanoseconds spent executing 1 partial-flushes (flushing a total of 0 entities and 0 collections)
}
2026-04-29 12:44:33.591 INFO  [http-nio-8080-exec-7] o.h.e.i.StatisticalLoggingSessionEventListener - Session Metrics {
    1010700 nanoseconds spent acquiring 1 JDBC connections;
    0 nanoseconds spent releasing 0 JDBC connections;
    1214900 nanoseconds spent preparing 2 JDBC statements;
    2495500 nanoseconds spent executing 1 JDBC statements;
    0 nanoseconds spent executing 0 JDBC batches;
    0 nanoseconds spent performing 0 L2C puts;
    0 nanoseconds spent performing 0 L2C hits;
    0 nanoseconds spent performing 0 L2C misses;
    0 nanoseconds spent executing 0 flushes (flushing a total of 0 entities and 0 collections);
    0 nanoseconds spent executing 0 pre-partial-flushes;
    0 nanoseconds spent executing 0 partial-flushes (flushing a total of 0 entities and 0 collections)
}
2026-04-29 12:44:33.595 INFO  [http-nio-8080-exec-9] o.h.e.i.StatisticalLoggingSessionEventListener - Session Metrics {
    22000 nanoseconds spent acquiring 1 JDBC connections;
    0 nanoseconds spent releasing 0 JDBC connections;
    156100 nanoseconds spent preparing 2 JDBC statements;
    1268000 nanoseconds spent executing 1 JDBC statements;
    0 nanoseconds spent executing 0 JDBC batches;
    0 nanoseconds spent performing 0 L2C puts;
    0 nanoseconds spent performing 0 L2C hits;
    0 nanoseconds spent performing 0 L2C misses;
    0 nanoseconds spent executing 0 flushes (flushing a total of 0 entities and 0 collections);
    0 nanoseconds spent executing 0 pre-partial-flushes;
    0 nanoseconds spent executing 0 partial-flushes (flushing a total of 0 entities and 0 collections)
}
2026-04-29 12:47:36.701 INFO  [http-nio-8080-exec-6] o.h.e.i.StatisticalLoggingSessionEventListener - Session Metrics {
    1043900 nanoseconds spent acquiring 1 JDBC connections;
    0 nanoseconds spent releasing 0 JDBC connections;
    186700 nanoseconds spent preparing 1 JDBC statements;
    2713000 nanoseconds spent executing 1 JDBC statements;
    0 nanoseconds spent executing 0 JDBC batches;
    0 nanoseconds spent performing 0 L2C puts;
    0 nanoseconds spent performing 0 L2C hits;
    0 nanoseconds spent performing 0 L2C misses;
    284600 nanoseconds spent executing 1 flushes (flushing a total of 2 entities and 1 collections);
    7400 nanoseconds spent executing 1 pre-partial-flushes;
    3500 nanoseconds spent executing 1 partial-flushes (flushing a total of 0 entities and 0 collections)
}
2026-04-29 12:47:36.826 INFO  [http-nio-8080-exec-5] o.h.e.i.StatisticalLoggingSessionEventListener - Session Metrics {
    61000 nanoseconds spent acquiring 1 JDBC connections;
    0 nanoseconds spent releasing 0 JDBC connections;
    449100 nanoseconds spent preparing 2 JDBC statements;
    1555300 nanoseconds spent executing 1 JDBC statements;
    0 nanoseconds spent executing 0 JDBC batches;
    0 nanoseconds spent performing 0 L2C puts;
    0 nanoseconds spent performing 0 L2C hits;
    0 nanoseconds spent performing 0 L2C misses;
    0 nanoseconds spent executing 0 flushes (flushing a total of 0 entities and 0 collections);
    0 nanoseconds spent executing 0 pre-partial-flushes;
    0 nanoseconds spent executing 0 partial-flushes (flushing a total of 0 entities and 0 collections)
}
2026-04-29 12:47:36.833 INFO  [http-nio-8080-exec-8] o.h.e.i.StatisticalLoggingSessionEventListener - Session Metrics {
    558900 nanoseconds spent acquiring 1 JDBC connections;
    0 nanoseconds spent releasing 0 JDBC connections;
    695900 nanoseconds spent preparing 2 JDBC statements;
    3307700 nanoseconds spent executing 1 JDBC statements;
    0 nanoseconds spent executing 0 JDBC batches;
    0 nanoseconds spent performing 0 L2C puts;
    0 nanoseconds spent performing 0 L2C hits;
    0 nanoseconds spent performing 0 L2C misses;
    0 nanoseconds spent executing 0 flushes (flushing a total of 0 entities and 0 collections);
    0 nanoseconds spent executing 0 pre-partial-flushes;
    0 nanoseconds spent executing 0 partial-flushes (flushing a total of 0 entities and 0 collections)
}
2026-04-29 12:47:40.622 INFO  [http-nio-8080-exec-2] o.h.e.i.StatisticalLoggingSessionEventListener - Session Metrics {
    743600 nanoseconds spent acquiring 1 JDBC connections;
    0 nanoseconds spent releasing 0 JDBC connections;
    1159300 nanoseconds spent preparing 5 JDBC statements;
    14011100 nanoseconds spent executing 5 JDBC statements;
    0 nanoseconds spent executing 0 JDBC batches;
    0 nanoseconds spent performing 0 L2C puts;
    0 nanoseconds spent performing 0 L2C hits;
    0 nanoseconds spent performing 0 L2C misses;
    2669300 nanoseconds spent executing 1 flushes (flushing a total of 5 entities and 1 collections);
    0 nanoseconds spent executing 0 pre-partial-flushes;
    0 nanoseconds spent executing 0 partial-flushes (flushing a total of 0 entities and 0 collections)
}
2026-04-29 12:47:46.170 INFO  [http-nio-8080-exec-3] o.h.e.i.StatisticalLoggingSessionEventListener - Session Metrics {
    675300 nanoseconds spent acquiring 1 JDBC connections;
    0 nanoseconds spent releasing 0 JDBC connections;
    65900 nanoseconds spent preparing 1 JDBC statements;
    63657200 nanoseconds spent executing 1 JDBC statements;
    0 nanoseconds spent executing 0 JDBC batches;
    0 nanoseconds spent performing 0 L2C puts;
    0 nanoseconds spent performing 0 L2C hits;
    0 nanoseconds spent performing 0 L2C misses;
    358200 nanoseconds spent executing 1 flushes (flushing a total of 2 entities and 1 collections);
    5000 nanoseconds spent executing 1 pre-partial-flushes;
    2800 nanoseconds spent executing 1 partial-flushes (flushing a total of 0 entities and 0 collections)
}
2026-04-29 12:47:46.370 INFO  [http-nio-8080-exec-4] o.h.e.i.StatisticalLoggingSessionEventListener - Session Metrics {
    25500 nanoseconds spent acquiring 1 JDBC connections;
    0 nanoseconds spent releasing 0 JDBC connections;
    403900 nanoseconds spent preparing 2 JDBC statements;
    2154800 nanoseconds spent executing 1 JDBC statements;
    0 nanoseconds spent executing 0 JDBC batches;
    0 nanoseconds spent performing 0 L2C puts;
    0 nanoseconds spent performing 0 L2C hits;
    0 nanoseconds spent performing 0 L2C misses;
    0 nanoseconds spent executing 0 flushes (flushing a total of 0 entities and 0 collections);
    0 nanoseconds spent executing 0 pre-partial-flushes;
    0 nanoseconds spent executing 0 partial-flushes (flushing a total of 0 entities and 0 collections)
}
2026-04-29 12:47:46.376 INFO  [http-nio-8080-exec-7] o.h.e.i.StatisticalLoggingSessionEventListener - Session Metrics {
    1202400 nanoseconds spent acquiring 1 JDBC connections;
    0 nanoseconds spent releasing 0 JDBC connections;
    1362800 nanoseconds spent preparing 2 JDBC statements;
    1347700 nanoseconds spent executing 1 JDBC statements;
    0 nanoseconds spent executing 0 JDBC batches;
    0 nanoseconds spent performing 0 L2C puts;
    0 nanoseconds spent performing 0 L2C hits;
    0 nanoseconds spent performing 0 L2C misses;
    0 nanoseconds spent executing 0 flushes (flushing a total of 0 entities and 0 collections);
    0 nanoseconds spent executing 0 pre-partial-flushes;
    0 nanoseconds spent executing 0 partial-flushes (flushing a total of 0 entities and 0 collections)
}
2026-04-29 12:50:36.623 INFO  [http-nio-8080-exec-1] o.h.e.i.StatisticalLoggingSessionEventListener - Session Metrics {
    1558100 nanoseconds spent acquiring 1 JDBC connections;
    0 nanoseconds spent releasing 0 JDBC connections;
    867700 nanoseconds spent preparing 1 JDBC statements;
    2953300 nanoseconds spent executing 1 JDBC statements;
    0 nanoseconds spent executing 0 JDBC batches;
    0 nanoseconds spent performing 0 L2C puts;
    0 nanoseconds spent performing 0 L2C hits;
    0 nanoseconds spent performing 0 L2C misses;
    1529900 nanoseconds spent executing 1 flushes (flushing a total of 2 entities and 1 collections);
    8800 nanoseconds spent executing 1 pre-partial-flushes;
    4400 nanoseconds spent executing 1 partial-flushes (flushing a total of 0 entities and 0 collections)
}
2026-04-29 12:50:36.776 INFO  [http-nio-8080-exec-6] o.h.e.i.StatisticalLoggingSessionEventListener - Session Metrics {
    31800 nanoseconds spent acquiring 1 JDBC connections;
    0 nanoseconds spent releasing 0 JDBC connections;
    278100 nanoseconds spent preparing 2 JDBC statements;
    2236800 nanoseconds spent executing 1 JDBC statements;
    0 nanoseconds spent executing 0 JDBC batches;
    0 nanoseconds spent performing 0 L2C puts;
    0 nanoseconds spent performing 0 L2C hits;
    0 nanoseconds spent performing 0 L2C misses;
    0 nanoseconds spent executing 0 flushes (flushing a total of 0 entities and 0 collections);
    0 nanoseconds spent executing 0 pre-partial-flushes;
    0 nanoseconds spent executing 0 partial-flushes (flushing a total of 0 entities and 0 collections)
}
2026-04-29 12:50:36.789 INFO  [http-nio-8080-exec-5] o.h.e.i.StatisticalLoggingSessionEventListener - Session Metrics {
    1744100 nanoseconds spent acquiring 1 JDBC connections;
    0 nanoseconds spent releasing 0 JDBC connections;
    1924300 nanoseconds spent preparing 2 JDBC statements;
    2656800 nanoseconds spent executing 1 JDBC statements;
    0 nanoseconds spent executing 0 JDBC batches;
    0 nanoseconds spent performing 0 L2C puts;
    0 nanoseconds spent performing 0 L2C hits;
    0 nanoseconds spent performing 0 L2C misses;
    0 nanoseconds spent executing 0 flushes (flushing a total of 0 entities and 0 collections);
    0 nanoseconds spent executing 0 pre-partial-flushes;
    0 nanoseconds spent executing 0 partial-flushes (flushing a total of 0 entities and 0 collections)
}
2026-04-29 12:50:40.708 INFO  [http-nio-8080-exec-8] o.h.e.i.StatisticalLoggingSessionEventListener - Session Metrics {
    647800 nanoseconds spent acquiring 1 JDBC connections;
    0 nanoseconds spent releasing 0 JDBC connections;
    1018500 nanoseconds spent preparing 5 JDBC statements;
    6546100 nanoseconds spent executing 5 JDBC statements;
    0 nanoseconds spent executing 0 JDBC batches;
    0 nanoseconds spent performing 0 L2C puts;
    0 nanoseconds spent performing 0 L2C hits;
    0 nanoseconds spent performing 0 L2C misses;
    7501200 nanoseconds spent executing 1 flushes (flushing a total of 5 entities and 1 collections);
    0 nanoseconds spent executing 0 pre-partial-flushes;
    0 nanoseconds spent executing 0 partial-flushes (flushing a total of 0 entities and 0 collections)
}
2026-04-29 12:50:44.878 INFO  [http-nio-8080-exec-2] o.h.e.i.StatisticalLoggingSessionEventListener - Session Metrics {
    1435200 nanoseconds spent acquiring 1 JDBC connections;
    0 nanoseconds spent releasing 0 JDBC connections;
    95300 nanoseconds spent preparing 1 JDBC statements;
    1974200 nanoseconds spent executing 1 JDBC statements;
    0 nanoseconds spent executing 0 JDBC batches;
    0 nanoseconds spent performing 0 L2C puts;
    0 nanoseconds spent performing 0 L2C hits;
    0 nanoseconds spent performing 0 L2C misses;
    312400 nanoseconds spent executing 1 flushes (flushing a total of 2 entities and 1 collections);
    6400 nanoseconds spent executing 1 pre-partial-flushes;
    3500 nanoseconds spent executing 1 partial-flushes (flushing a total of 0 entities and 0 collections)
}
2026-04-29 12:50:45.063 INFO  [http-nio-8080-exec-3] o.h.e.i.StatisticalLoggingSessionEventListener - Session Metrics {
    26800 nanoseconds spent acquiring 1 JDBC connections;
    0 nanoseconds spent releasing 0 JDBC connections;
    529100 nanoseconds spent preparing 2 JDBC statements;
    3840500 nanoseconds spent executing 1 JDBC statements;
    0 nanoseconds spent executing 0 JDBC batches;
    0 nanoseconds spent performing 0 L2C puts;
    0 nanoseconds spent performing 0 L2C hits;
    0 nanoseconds spent performing 0 L2C misses;
    0 nanoseconds spent executing 0 flushes (flushing a total of 0 entities and 0 collections);
    0 nanoseconds spent executing 0 pre-partial-flushes;
    0 nanoseconds spent executing 0 partial-flushes (flushing a total of 0 entities and 0 collections)
}
2026-04-29 12:50:45.066 INFO  [http-nio-8080-exec-4] o.h.e.i.StatisticalLoggingSessionEventListener - Session Metrics {
    1996800 nanoseconds spent acquiring 1 JDBC connections;
    0 nanoseconds spent releasing 0 JDBC connections;
    2331300 nanoseconds spent preparing 2 JDBC statements;
    5357600 nanoseconds spent executing 1 JDBC statements;
    0 nanoseconds spent executing 0 JDBC batches;
    0 nanoseconds spent performing 0 L2C puts;
    0 nanoseconds spent performing 0 L2C hits;
    0 nanoseconds spent performing 0 L2C misses;
    0 nanoseconds spent executing 0 flushes (flushing a total of 0 entities and 0 collections);
    0 nanoseconds spent executing 0 pre-partial-flushes;
    0 nanoseconds spent executing 0 partial-flushes (flushing a total of 0 entities and 0 collections)
}
2026-04-29 12:51:11.806 INFO  [http-nio-8080-exec-7] o.h.e.i.StatisticalLoggingSessionEventListener - Session Metrics {
    0 nanoseconds spent acquiring 0 JDBC connections;
    0 nanoseconds spent releasing 0 JDBC connections;
    0 nanoseconds spent preparing 0 JDBC statements;
    0 nanoseconds spent executing 0 JDBC statements;
    0 nanoseconds spent executing 0 JDBC batches;
    0 nanoseconds spent performing 0 L2C puts;
    0 nanoseconds spent performing 0 L2C hits;
    0 nanoseconds spent performing 0 L2C misses;
    0 nanoseconds spent executing 0 flushes (flushing a total of 0 entities and 0 collections);
    0 nanoseconds spent executing 0 pre-partial-flushes;
    0 nanoseconds spent executing 0 partial-flushes (flushing a total of 0 entities and 0 collections)
}
2026-04-29 12:51:13.951 INFO  [http-nio-8080-exec-9] o.h.e.i.StatisticalLoggingSessionEventListener - Session Metrics {
    0 nanoseconds spent acquiring 0 JDBC connections;
    0 nanoseconds spent releasing 0 JDBC connections;
    0 nanoseconds spent preparing 0 JDBC statements;
    0 nanoseconds spent executing 0 JDBC statements;
    0 nanoseconds spent executing 0 JDBC batches;
    0 nanoseconds spent performing 0 L2C puts;
    0 nanoseconds spent performing 0 L2C hits;
    0 nanoseconds spent performing 0 L2C misses;
    0 nanoseconds spent executing 0 flushes (flushing a total of 0 entities and 0 collections);
    0 nanoseconds spent executing 0 pre-partial-flushes;
    0 nanoseconds spent executing 0 partial-flushes (flushing a total of 0 entities and 0 collections)
}
2026-04-29 12:51:19.005 INFO  [http-nio-8080-exec-10] o.h.e.i.StatisticalLoggingSessionEventListener - Session Metrics {
    4351300 nanoseconds spent acquiring 1 JDBC connections;
    0 nanoseconds spent releasing 0 JDBC connections;
    99500 nanoseconds spent preparing 1 JDBC statements;
    2243800 nanoseconds spent executing 1 JDBC statements;
    0 nanoseconds spent executing 0 JDBC batches;
    0 nanoseconds spent performing 0 L2C puts;
    0 nanoseconds spent performing 0 L2C hits;
    0 nanoseconds spent performing 0 L2C misses;
    202500 nanoseconds spent executing 1 flushes (flushing a total of 2 entities and 1 collections);
    5100 nanoseconds spent executing 1 pre-partial-flushes;
    2900 nanoseconds spent executing 1 partial-flushes (flushing a total of 0 entities and 0 collections)
}
2026-04-29 12:51:19.005 INFO  [http-nio-8080-exec-1] o.h.e.i.StatisticalLoggingSessionEventListener - Session Metrics {
    1890000 nanoseconds spent acquiring 1 JDBC connections;
    0 nanoseconds spent releasing 0 JDBC connections;
    113900 nanoseconds spent preparing 1 JDBC statements;
    1715500 nanoseconds spent executing 1 JDBC statements;
    0 nanoseconds spent executing 0 JDBC batches;
    0 nanoseconds spent performing 0 L2C puts;
    0 nanoseconds spent performing 0 L2C hits;
    0 nanoseconds spent performing 0 L2C misses;
    217200 nanoseconds spent executing 1 flushes (flushing a total of 2 entities and 1 collections);
    5400 nanoseconds spent executing 1 pre-partial-flushes;
    4400 nanoseconds spent executing 1 partial-flushes (flushing a total of 0 entities and 0 collections)
}
2026-04-29 12:51:19.336 INFO  [http-nio-8080-exec-6] o.h.e.i.StatisticalLoggingSessionEventListener - Session Metrics {
    26600 nanoseconds spent acquiring 1 JDBC connections;
    0 nanoseconds spent releasing 0 JDBC connections;
    180600 nanoseconds spent preparing 2 JDBC statements;
    2145600 nanoseconds spent executing 1 JDBC statements;
    0 nanoseconds spent executing 0 JDBC batches;
    0 nanoseconds spent performing 0 L2C puts;
    0 nanoseconds spent performing 0 L2C hits;
    0 nanoseconds spent performing 0 L2C misses;
    0 nanoseconds spent executing 0 flushes (flushing a total of 0 entities and 0 collections);
    0 nanoseconds spent executing 0 pre-partial-flushes;
    0 nanoseconds spent executing 0 partial-flushes (flushing a total of 0 entities and 0 collections)
}
2026-04-29 12:51:19.336 INFO  [http-nio-8080-exec-5] o.h.e.i.StatisticalLoggingSessionEventListener - Session Metrics {
    24100 nanoseconds spent acquiring 1 JDBC connections;
    0 nanoseconds spent releasing 0 JDBC connections;
    190300 nanoseconds spent preparing 2 JDBC statements;
    1762900 nanoseconds spent executing 1 JDBC statements;
    0 nanoseconds spent executing 0 JDBC batches;
    0 nanoseconds spent performing 0 L2C puts;
    0 nanoseconds spent performing 0 L2C hits;
    0 nanoseconds spent performing 0 L2C misses;
    0 nanoseconds spent executing 0 flushes (flushing a total of 0 entities and 0 collections);
    0 nanoseconds spent executing 0 pre-partial-flushes;
    0 nanoseconds spent executing 0 partial-flushes (flushing a total of 0 entities and 0 collections)
}
2026-04-29 12:51:23.970 INFO  [http-nio-8080-exec-2] o.h.e.i.StatisticalLoggingSessionEventListener - Session Metrics {
    691500 nanoseconds spent acquiring 1 JDBC connections;
    0 nanoseconds spent releasing 0 JDBC connections;
    498900 nanoseconds spent preparing 6 JDBC statements;
    10966500 nanoseconds spent executing 6 JDBC statements;
    0 nanoseconds spent executing 0 JDBC batches;
    0 nanoseconds spent performing 0 L2C puts;
    0 nanoseconds spent performing 0 L2C hits;
    0 nanoseconds spent performing 0 L2C misses;
    3252500 nanoseconds spent executing 2 flushes (flushing a total of 8 entities and 2 collections);
    207200 nanoseconds spent executing 3 pre-partial-flushes;
    543900 nanoseconds spent executing 4 partial-flushes (flushing a total of 10 entities and 10 collections)
}
2026-04-29 12:51:28.942 INFO  [http-nio-8080-exec-3] o.h.e.i.StatisticalLoggingSessionEventListener - Session Metrics {
    651800 nanoseconds spent acquiring 1 JDBC connections;
    0 nanoseconds spent releasing 0 JDBC connections;
    98600 nanoseconds spent preparing 1 JDBC statements;
    2787200 nanoseconds spent executing 1 JDBC statements;
    0 nanoseconds spent executing 0 JDBC batches;
    0 nanoseconds spent performing 0 L2C puts;
    0 nanoseconds spent performing 0 L2C hits;
    0 nanoseconds spent performing 0 L2C misses;
    515700 nanoseconds spent executing 1 flushes (flushing a total of 2 entities and 1 collections);
    4600 nanoseconds spent executing 1 pre-partial-flushes;
    2300 nanoseconds spent executing 1 partial-flushes (flushing a total of 0 entities and 0 collections)
}
2026-04-29 12:51:29.094 INFO  [http-nio-8080-exec-7] o.h.e.i.StatisticalLoggingSessionEventListener - Session Metrics {
    52900 nanoseconds spent acquiring 1 JDBC connections;
    0 nanoseconds spent releasing 0 JDBC connections;
    378700 nanoseconds spent preparing 2 JDBC statements;
    4093100 nanoseconds spent executing 1 JDBC statements;
    0 nanoseconds spent executing 0 JDBC batches;
    0 nanoseconds spent performing 0 L2C puts;
    0 nanoseconds spent performing 0 L2C hits;
    0 nanoseconds spent performing 0 L2C misses;
    0 nanoseconds spent executing 0 flushes (flushing a total of 0 entities and 0 collections);
    0 nanoseconds spent executing 0 pre-partial-flushes;
    0 nanoseconds spent executing 0 partial-flushes (flushing a total of 0 entities and 0 collections)
}
2026-04-29 12:51:29.098 INFO  [http-nio-8080-exec-4] o.h.e.i.StatisticalLoggingSessionEventListener - Session Metrics {
    1371300 nanoseconds spent acquiring 1 JDBC connections;
    0 nanoseconds spent releasing 0 JDBC connections;
    1651600 nanoseconds spent preparing 2 JDBC statements;
    2598500 nanoseconds spent executing 1 JDBC statements;
    0 nanoseconds spent executing 0 JDBC batches;
    0 nanoseconds spent performing 0 L2C puts;
    0 nanoseconds spent performing 0 L2C hits;
    0 nanoseconds spent performing 0 L2C misses;
    0 nanoseconds spent executing 0 flushes (flushing a total of 0 entities and 0 collections);
    0 nanoseconds spent executing 0 pre-partial-flushes;
    0 nanoseconds spent executing 0 partial-flushes (flushing a total of 0 entities and 0 collections)
}
2026-04-29 12:51:33.694 INFO  [http-nio-8080-exec-9] o.h.e.i.StatisticalLoggingSessionEventListener - Session Metrics {
    4235800 nanoseconds spent acquiring 1 JDBC connections;
    0 nanoseconds spent releasing 0 JDBC connections;
    97200 nanoseconds spent preparing 1 JDBC statements;
    2294500 nanoseconds spent executing 1 JDBC statements;
    0 nanoseconds spent executing 0 JDBC batches;
    0 nanoseconds spent performing 0 L2C puts;
    0 nanoseconds spent performing 0 L2C hits;
    0 nanoseconds spent performing 0 L2C misses;
    329600 nanoseconds spent executing 1 flushes (flushing a total of 2 entities and 1 collections);
    6500 nanoseconds spent executing 1 pre-partial-flushes;
    3300 nanoseconds spent executing 1 partial-flushes (flushing a total of 0 entities and 0 collections)
}
2026-04-29 12:51:33.838 INFO  [http-nio-8080-exec-10] o.h.e.i.StatisticalLoggingSessionEventListener - Session Metrics {
    21000 nanoseconds spent acquiring 1 JDBC connections;
    0 nanoseconds spent releasing 0 JDBC connections;
    222800 nanoseconds spent preparing 2 JDBC statements;
    1715400 nanoseconds spent executing 1 JDBC statements;
    0 nanoseconds spent executing 0 JDBC batches;
    0 nanoseconds spent performing 0 L2C puts;
    0 nanoseconds spent performing 0 L2C hits;
    0 nanoseconds spent performing 0 L2C misses;
    0 nanoseconds spent executing 0 flushes (flushing a total of 0 entities and 0 collections);
    0 nanoseconds spent executing 0 pre-partial-flushes;
    0 nanoseconds spent executing 0 partial-flushes (flushing a total of 0 entities and 0 collections)
}
2026-04-29 12:51:33.847 INFO  [http-nio-8080-exec-1] o.h.e.i.StatisticalLoggingSessionEventListener - Session Metrics {
    3793100 nanoseconds spent acquiring 1 JDBC connections;
    0 nanoseconds spent releasing 0 JDBC connections;
    4063100 nanoseconds spent preparing 2 JDBC statements;
    3824500 nanoseconds spent executing 1 JDBC statements;
    0 nanoseconds spent executing 0 JDBC batches;
    0 nanoseconds spent performing 0 L2C puts;
    0 nanoseconds spent performing 0 L2C hits;
    0 nanoseconds spent performing 0 L2C misses;
    0 nanoseconds spent executing 0 flushes (flushing a total of 0 entities and 0 collections);
    0 nanoseconds spent executing 0 pre-partial-flushes;
    0 nanoseconds spent executing 0 partial-flushes (flushing a total of 0 entities and 0 collections)
}
2026-04-29 13:01:52.321 INFO  [http-nio-8080-exec-8] o.h.e.i.StatisticalLoggingSessionEventListener - Session Metrics {
    700300 nanoseconds spent acquiring 1 JDBC connections;
    0 nanoseconds spent releasing 0 JDBC connections;
    132200 nanoseconds spent preparing 1 JDBC statements;
    1783400 nanoseconds spent executing 1 JDBC statements;
    0 nanoseconds spent executing 0 JDBC batches;
    0 nanoseconds spent performing 0 L2C puts;
    0 nanoseconds spent performing 0 L2C hits;
    0 nanoseconds spent performing 0 L2C misses;
    258300 nanoseconds spent executing 1 flushes (flushing a total of 2 entities and 1 collections);
    7500 nanoseconds spent executing 1 pre-partial-flushes;
    3000 nanoseconds spent executing 1 partial-flushes (flushing a total of 0 entities and 0 collections)
}
2026-04-29 13:01:52.589 INFO  [http-nio-8080-exec-2] o.h.e.i.StatisticalLoggingSessionEventListener - Session Metrics {
    25900 nanoseconds spent acquiring 1 JDBC connections;
    0 nanoseconds spent releasing 0 JDBC connections;
    203300 nanoseconds spent preparing 2 JDBC statements;
    1735300 nanoseconds spent executing 1 JDBC statements;
    0 nanoseconds spent executing 0 JDBC batches;
    0 nanoseconds spent performing 0 L2C puts;
    0 nanoseconds spent performing 0 L2C hits;
    0 nanoseconds spent performing 0 L2C misses;
    0 nanoseconds spent executing 0 flushes (flushing a total of 0 entities and 0 collections);
    0 nanoseconds spent executing 0 pre-partial-flushes;
    0 nanoseconds spent executing 0 partial-flushes (flushing a total of 0 entities and 0 collections)
}
2026-04-29 13:01:52.598 INFO  [http-nio-8080-exec-3] o.h.e.i.StatisticalLoggingSessionEventListener - Session Metrics {
    637500 nanoseconds spent acquiring 1 JDBC connections;
    0 nanoseconds spent releasing 0 JDBC connections;
    798100 nanoseconds spent preparing 2 JDBC statements;
    3295100 nanoseconds spent executing 1 JDBC statements;
    0 nanoseconds spent executing 0 JDBC batches;
    0 nanoseconds spent performing 0 L2C puts;
    0 nanoseconds spent performing 0 L2C hits;
    0 nanoseconds spent performing 0 L2C misses;
    0 nanoseconds spent executing 0 flushes (flushing a total of 0 entities and 0 collections);
    0 nanoseconds spent executing 0 pre-partial-flushes;
    0 nanoseconds spent executing 0 partial-flushes (flushing a total of 0 entities and 0 collections)
}
2026-04-29 13:02:12.881 INFO  [http-nio-8080-exec-7] o.h.e.i.StatisticalLoggingSessionEventListener - Session Metrics {
    0 nanoseconds spent acquiring 0 JDBC connections;
    0 nanoseconds spent releasing 0 JDBC connections;
    0 nanoseconds spent preparing 0 JDBC statements;
    0 nanoseconds spent executing 0 JDBC statements;
    0 nanoseconds spent executing 0 JDBC batches;
    0 nanoseconds spent performing 0 L2C puts;
    0 nanoseconds spent performing 0 L2C hits;
    0 nanoseconds spent performing 0 L2C misses;
    0 nanoseconds spent executing 0 flushes (flushing a total of 0 entities and 0 collections);
    0 nanoseconds spent executing 0 pre-partial-flushes;
    0 nanoseconds spent executing 0 partial-flushes (flushing a total of 0 entities and 0 collections)
}
2026-04-29 13:02:14.177 INFO  [http-nio-8080-exec-4] o.h.e.i.StatisticalLoggingSessionEventListener - Session Metrics {
    0 nanoseconds spent acquiring 0 JDBC connections;
    0 nanoseconds spent releasing 0 JDBC connections;
    0 nanoseconds spent preparing 0 JDBC statements;
    0 nanoseconds spent executing 0 JDBC statements;
    0 nanoseconds spent executing 0 JDBC batches;
    0 nanoseconds spent performing 0 L2C puts;
    0 nanoseconds spent performing 0 L2C hits;
    0 nanoseconds spent performing 0 L2C misses;
    0 nanoseconds spent executing 0 flushes (flushing a total of 0 entities and 0 collections);
    0 nanoseconds spent executing 0 pre-partial-flushes;
    0 nanoseconds spent executing 0 partial-flushes (flushing a total of 0 entities and 0 collections)
}
2026-04-29 13:02:19.536 INFO  [http-nio-8080-exec-9] o.h.e.i.StatisticalLoggingSessionEventListener - Session Metrics {
    1833300 nanoseconds spent acquiring 1 JDBC connections;
    0 nanoseconds spent releasing 0 JDBC connections;
    160900 nanoseconds spent preparing 1 JDBC statements;
    2977100 nanoseconds spent executing 1 JDBC statements;
    0 nanoseconds spent executing 0 JDBC batches;
    0 nanoseconds spent performing 0 L2C puts;
    0 nanoseconds spent performing 0 L2C hits;
    0 nanoseconds spent performing 0 L2C misses;
    572100 nanoseconds spent executing 1 flushes (flushing a total of 2 entities and 1 collections);
    9700 nanoseconds spent executing 1 pre-partial-flushes;
    6400 nanoseconds spent executing 1 partial-flushes (flushing a total of 0 entities and 0 collections)
}
2026-04-29 13:02:19.537 INFO  [http-nio-8080-exec-10] o.h.e.i.StatisticalLoggingSessionEventListener - Session Metrics {
    609700 nanoseconds spent acquiring 1 JDBC connections;
    0 nanoseconds spent releasing 0 JDBC connections;
    102200 nanoseconds spent preparing 1 JDBC statements;
    2951900 nanoseconds spent executing 1 JDBC statements;
    0 nanoseconds spent executing 0 JDBC batches;
    0 nanoseconds spent performing 0 L2C puts;
    0 nanoseconds spent performing 0 L2C hits;
    0 nanoseconds spent performing 0 L2C misses;
    570800 nanoseconds spent executing 1 flushes (flushing a total of 2 entities and 1 collections);
    4700 nanoseconds spent executing 1 pre-partial-flushes;
    2500 nanoseconds spent executing 1 partial-flushes (flushing a total of 0 entities and 0 collections)
}
2026-04-29 13:02:19.819 INFO  [http-nio-8080-exec-1] o.h.e.i.StatisticalLoggingSessionEventListener - Session Metrics {
    32100 nanoseconds spent acquiring 1 JDBC connections;
    0 nanoseconds spent releasing 0 JDBC connections;
    299500 nanoseconds spent preparing 2 JDBC statements;
    1614800 nanoseconds spent executing 1 JDBC statements;
    0 nanoseconds spent executing 0 JDBC batches;
    0 nanoseconds spent performing 0 L2C puts;
    0 nanoseconds spent performing 0 L2C hits;
    0 nanoseconds spent performing 0 L2C misses;
    0 nanoseconds spent executing 0 flushes (flushing a total of 0 entities and 0 collections);
    0 nanoseconds spent executing 0 pre-partial-flushes;
    0 nanoseconds spent executing 0 partial-flushes (flushing a total of 0 entities and 0 collections)
}
2026-04-29 13:02:19.823 INFO  [http-nio-8080-exec-5] o.h.e.i.StatisticalLoggingSessionEventListener - Session Metrics {
    18700 nanoseconds spent acquiring 1 JDBC connections;
    0 nanoseconds spent releasing 0 JDBC connections;
    285500 nanoseconds spent preparing 2 JDBC statements;
    1426400 nanoseconds spent executing 1 JDBC statements;
    0 nanoseconds spent executing 0 JDBC batches;
    0 nanoseconds spent performing 0 L2C puts;
    0 nanoseconds spent performing 0 L2C hits;
    0 nanoseconds spent performing 0 L2C misses;
    0 nanoseconds spent executing 0 flushes (flushing a total of 0 entities and 0 collections);
    0 nanoseconds spent executing 0 pre-partial-flushes;
    0 nanoseconds spent executing 0 partial-flushes (flushing a total of 0 entities and 0 collections)
}
2026-04-29 13:03:31.808 INFO  [http-nio-8080-exec-2] o.h.e.i.StatisticalLoggingSessionEventListener - Session Metrics {
    0 nanoseconds spent acquiring 0 JDBC connections;
    0 nanoseconds spent releasing 0 JDBC connections;
    0 nanoseconds spent preparing 0 JDBC statements;
    0 nanoseconds spent executing 0 JDBC statements;
    0 nanoseconds spent executing 0 JDBC batches;
    0 nanoseconds spent performing 0 L2C puts;
    0 nanoseconds spent performing 0 L2C hits;
    0 nanoseconds spent performing 0 L2C misses;
    0 nanoseconds spent executing 0 flushes (flushing a total of 0 entities and 0 collections);
    0 nanoseconds spent executing 0 pre-partial-flushes;
    0 nanoseconds spent executing 0 partial-flushes (flushing a total of 0 entities and 0 collections)
}
2026-04-29 13:03:32.339 INFO  [http-nio-8080-exec-3] o.h.e.i.StatisticalLoggingSessionEventListener - Session Metrics {
    0 nanoseconds spent acquiring 0 JDBC connections;
    0 nanoseconds spent releasing 0 JDBC connections;
    0 nanoseconds spent preparing 0 JDBC statements;
    0 nanoseconds spent executing 0 JDBC statements;
    0 nanoseconds spent executing 0 JDBC batches;
    0 nanoseconds spent performing 0 L2C puts;
    0 nanoseconds spent performing 0 L2C hits;
    0 nanoseconds spent performing 0 L2C misses;
    0 nanoseconds spent executing 0 flushes (flushing a total of 0 entities and 0 collections);
    0 nanoseconds spent executing 0 pre-partial-flushes;
    0 nanoseconds spent executing 0 partial-flushes (flushing a total of 0 entities and 0 collections)
}
2026-04-29 13:03:38.426 INFO  [http-nio-8080-exec-7] o.h.e.i.StatisticalLoggingSessionEventListener - Session Metrics {
    1066300 nanoseconds spent acquiring 1 JDBC connections;
    0 nanoseconds spent releasing 0 JDBC connections;
    89200 nanoseconds spent preparing 1 JDBC statements;
    1757900 nanoseconds spent executing 1 JDBC statements;
    0 nanoseconds spent executing 0 JDBC batches;
    0 nanoseconds spent performing 0 L2C puts;
    0 nanoseconds spent performing 0 L2C hits;
    0 nanoseconds spent performing 0 L2C misses;
    161200 nanoseconds spent executing 1 flushes (flushing a total of 2 entities and 1 collections);
    5300 nanoseconds spent executing 1 pre-partial-flushes;
    2500 nanoseconds spent executing 1 partial-flushes (flushing a total of 0 entities and 0 collections)
}
2026-04-29 13:03:38.426 INFO  [http-nio-8080-exec-4] o.h.e.i.StatisticalLoggingSessionEventListener - Session Metrics {
    489300 nanoseconds spent acquiring 1 JDBC connections;
    0 nanoseconds spent releasing 0 JDBC connections;
    108200 nanoseconds spent preparing 1 JDBC statements;
    1756900 nanoseconds spent executing 1 JDBC statements;
    0 nanoseconds spent executing 0 JDBC batches;
    0 nanoseconds spent performing 0 L2C puts;
    0 nanoseconds spent performing 0 L2C hits;
    0 nanoseconds spent performing 0 L2C misses;
    153600 nanoseconds spent executing 1 flushes (flushing a total of 2 entities and 1 collections);
    2900 nanoseconds spent executing 1 pre-partial-flushes;
    2600 nanoseconds spent executing 1 partial-flushes (flushing a total of 0 entities and 0 collections)
}
2026-04-29 13:03:38.762 INFO  [http-nio-8080-exec-9] o.h.e.i.StatisticalLoggingSessionEventListener - Session Metrics {
    27300 nanoseconds spent acquiring 1 JDBC connections;
    0 nanoseconds spent releasing 0 JDBC connections;
    388100 nanoseconds spent preparing 2 JDBC statements;
    2468800 nanoseconds spent executing 1 JDBC statements;
    0 nanoseconds spent executing 0 JDBC batches;
    0 nanoseconds spent performing 0 L2C puts;
    0 nanoseconds spent performing 0 L2C hits;
    0 nanoseconds spent performing 0 L2C misses;
    0 nanoseconds spent executing 0 flushes (flushing a total of 0 entities and 0 collections);
    0 nanoseconds spent executing 0 pre-partial-flushes;
    0 nanoseconds spent executing 0 partial-flushes (flushing a total of 0 entities and 0 collections)
}
2026-04-29 13:03:38.766 INFO  [http-nio-8080-exec-10] o.h.e.i.StatisticalLoggingSessionEventListener - Session Metrics {
    28200 nanoseconds spent acquiring 1 JDBC connections;
    0 nanoseconds spent releasing 0 JDBC connections;
    209900 nanoseconds spent preparing 2 JDBC statements;
    1710700 nanoseconds spent executing 1 JDBC statements;
    0 nanoseconds spent executing 0 JDBC batches;
    0 nanoseconds spent performing 0 L2C puts;
    0 nanoseconds spent performing 0 L2C hits;
    0 nanoseconds spent performing 0 L2C misses;
    0 nanoseconds spent executing 0 flushes (flushing a total of 0 entities and 0 collections);
    0 nanoseconds spent executing 0 pre-partial-flushes;
    0 nanoseconds spent executing 0 partial-flushes (flushing a total of 0 entities and 0 collections)
}
2026-04-29 13:04:02.149 INFO  [http-nio-8080-exec-1] o.h.e.i.StatisticalLoggingSessionEventListener - Session Metrics {
    3940600 nanoseconds spent acquiring 1 JDBC connections;
    0 nanoseconds spent releasing 0 JDBC connections;
    98100 nanoseconds spent preparing 1 JDBC statements;
    2304900 nanoseconds spent executing 1 JDBC statements;
    0 nanoseconds spent executing 0 JDBC batches;
    0 nanoseconds spent performing 0 L2C puts;
    0 nanoseconds spent performing 0 L2C hits;
    0 nanoseconds spent performing 0 L2C misses;
    274300 nanoseconds spent executing 1 flushes (flushing a total of 2 entities and 1 collections);
    10300 nanoseconds spent executing 1 pre-partial-flushes;
    4600 nanoseconds spent executing 1 partial-flushes (flushing a total of 0 entities and 0 collections)
}
2026-04-29 13:04:02.292 INFO  [http-nio-8080-exec-5] o.h.e.i.StatisticalLoggingSessionEventListener - Session Metrics {
    594200 nanoseconds spent acquiring 1 JDBC connections;
    0 nanoseconds spent releasing 0 JDBC connections;
    734900 nanoseconds spent preparing 2 JDBC statements;
    1378000 nanoseconds spent executing 1 JDBC statements;
    0 nanoseconds spent executing 0 JDBC batches;
    0 nanoseconds spent performing 0 L2C puts;
    0 nanoseconds spent performing 0 L2C hits;
    0 nanoseconds spent performing 0 L2C misses;
    0 nanoseconds spent executing 0 flushes (flushing a total of 0 entities and 0 collections);
    0 nanoseconds spent executing 0 pre-partial-flushes;
    0 nanoseconds spent executing 0 partial-flushes (flushing a total of 0 entities and 0 collections)
}
2026-04-29 13:04:02.292 INFO  [http-nio-8080-exec-6] o.h.e.i.StatisticalLoggingSessionEventListener - Session Metrics {
    27600 nanoseconds spent acquiring 1 JDBC connections;
    0 nanoseconds spent releasing 0 JDBC connections;
    201000 nanoseconds spent preparing 2 JDBC statements;
    1518700 nanoseconds spent executing 1 JDBC statements;
    0 nanoseconds spent executing 0 JDBC batches;
    0 nanoseconds spent performing 0 L2C puts;
    0 nanoseconds spent performing 0 L2C hits;
    0 nanoseconds spent performing 0 L2C misses;
    0 nanoseconds spent executing 0 flushes (flushing a total of 0 entities and 0 collections);
    0 nanoseconds spent executing 0 pre-partial-flushes;
    0 nanoseconds spent executing 0 partial-flushes (flushing a total of 0 entities and 0 collections)
}
2026-04-29 13:04:23.364 INFO  [http-nio-8080-exec-8] o.h.e.i.StatisticalLoggingSessionEventListener - Session Metrics {
    0 nanoseconds spent acquiring 0 JDBC connections;
    0 nanoseconds spent releasing 0 JDBC connections;
    0 nanoseconds spent preparing 0 JDBC statements;
    0 nanoseconds spent executing 0 JDBC statements;
    0 nanoseconds spent executing 0 JDBC batches;
    0 nanoseconds spent performing 0 L2C puts;
    0 nanoseconds spent performing 0 L2C hits;
    0 nanoseconds spent performing 0 L2C misses;
    0 nanoseconds spent executing 0 flushes (flushing a total of 0 entities and 0 collections);
    0 nanoseconds spent executing 0 pre-partial-flushes;
    0 nanoseconds spent executing 0 partial-flushes (flushing a total of 0 entities and 0 collections)
}
2026-04-29 13:04:23.963 INFO  [http-nio-8080-exec-2] o.h.e.i.StatisticalLoggingSessionEventListener - Session Metrics {
    0 nanoseconds spent acquiring 0 JDBC connections;
    0 nanoseconds spent releasing 0 JDBC connections;
    0 nanoseconds spent preparing 0 JDBC statements;
    0 nanoseconds spent executing 0 JDBC statements;
    0 nanoseconds spent executing 0 JDBC batches;
    0 nanoseconds spent performing 0 L2C puts;
    0 nanoseconds spent performing 0 L2C hits;
    0 nanoseconds spent performing 0 L2C misses;
    0 nanoseconds spent executing 0 flushes (flushing a total of 0 entities and 0 collections);
    0 nanoseconds spent executing 0 pre-partial-flushes;
    0 nanoseconds spent executing 0 partial-flushes (flushing a total of 0 entities and 0 collections)
}
2026-04-29 13:04:34.056 INFO  [http-nio-8080-exec-3] o.h.e.i.StatisticalLoggingSessionEventListener - Session Metrics {
    1766000 nanoseconds spent acquiring 1 JDBC connections;
    0 nanoseconds spent releasing 0 JDBC connections;
    106100 nanoseconds spent preparing 1 JDBC statements;
    2228600 nanoseconds spent executing 1 JDBC statements;
    0 nanoseconds spent executing 0 JDBC batches;
    0 nanoseconds spent performing 0 L2C puts;
    0 nanoseconds spent performing 0 L2C hits;
    0 nanoseconds spent performing 0 L2C misses;
    307200 nanoseconds spent executing 1 flushes (flushing a total of 2 entities and 1 collections);
    9200 nanoseconds spent executing 1 pre-partial-flushes;
    7500 nanoseconds spent executing 1 partial-flushes (flushing a total of 0 entities and 0 collections)
}
2026-04-29 13:04:34.057 INFO  [http-nio-8080-exec-4] o.h.e.i.StatisticalLoggingSessionEventListener - Session Metrics {
    964000 nanoseconds spent acquiring 1 JDBC connections;
    0 nanoseconds spent releasing 0 JDBC connections;
    163300 nanoseconds spent preparing 1 JDBC statements;
    2545300 nanoseconds spent executing 1 JDBC statements;
    0 nanoseconds spent executing 0 JDBC batches;
    0 nanoseconds spent performing 0 L2C puts;
    0 nanoseconds spent performing 0 L2C hits;
    0 nanoseconds spent performing 0 L2C misses;
    292900 nanoseconds spent executing 1 flushes (flushing a total of 2 entities and 1 collections);
    8300 nanoseconds spent executing 1 pre-partial-flushes;
    3400 nanoseconds spent executing 1 partial-flushes (flushing a total of 0 entities and 0 collections)
}
2026-04-29 13:04:34.364 INFO  [http-nio-8080-exec-7] o.h.e.i.StatisticalLoggingSessionEventListener - Session Metrics {
    21500 nanoseconds spent acquiring 1 JDBC connections;
    0 nanoseconds spent releasing 0 JDBC connections;
    189000 nanoseconds spent preparing 2 JDBC statements;
    1726600 nanoseconds spent executing 1 JDBC statements;
    0 nanoseconds spent executing 0 JDBC batches;
    0 nanoseconds spent performing 0 L2C puts;
    0 nanoseconds spent performing 0 L2C hits;
    0 nanoseconds spent performing 0 L2C misses;
    0 nanoseconds spent executing 0 flushes (flushing a total of 0 entities and 0 collections);
    0 nanoseconds spent executing 0 pre-partial-flushes;
    0 nanoseconds spent executing 0 partial-flushes (flushing a total of 0 entities and 0 collections)
}
2026-04-29 13:04:34.365 INFO  [http-nio-8080-exec-9] o.h.e.i.StatisticalLoggingSessionEventListener - Session Metrics {
    26600 nanoseconds spent acquiring 1 JDBC connections;
    0 nanoseconds spent releasing 0 JDBC connections;
    219400 nanoseconds spent preparing 2 JDBC statements;
    1831500 nanoseconds spent executing 1 JDBC statements;
    0 nanoseconds spent executing 0 JDBC batches;
    0 nanoseconds spent performing 0 L2C puts;
    0 nanoseconds spent performing 0 L2C hits;
    0 nanoseconds spent performing 0 L2C misses;
    0 nanoseconds spent executing 0 flushes (flushing a total of 0 entities and 0 collections);
    0 nanoseconds spent executing 0 pre-partial-flushes;
    0 nanoseconds spent executing 0 partial-flushes (flushing a total of 0 entities and 0 collections)
}
2026-04-29 13:06:54.450 INFO  [SpringApplicationShutdownHook] o.s.b.w.e.tomcat.GracefulShutdown - Commencing graceful shutdown. Waiting for active requests to complete
2026-04-29 13:06:54.943 INFO  [tomcat-shutdown] o.s.b.w.e.tomcat.GracefulShutdown - Graceful shutdown complete
2026-04-29 13:06:55.046 INFO  [SpringApplicationShutdownHook] o.s.o.j.LocalContainerEntityManagerFactoryBean - Closing JPA EntityManagerFactory for persistence unit 'default'
2026-04-29 13:06:55.060 INFO  [SpringApplicationShutdownHook] com.zaxxer.hikari.HikariDataSource - HikariPool-1 - Shutdown initiated...
2026-04-29 13:06:55.073 INFO  [SpringApplicationShutdownHook] com.zaxxer.hikari.HikariDataSource - HikariPool-1 - Shutdown completed.
2026-04-29 13:22:41.804 INFO  [main] t.report.mainapp.MainAppApplication - Starting MainAppApplication using Java 18.0.2 with PID 24528 (D:\06-05-2025\report\main-app\target\classes started by Precision 7540 in D:\06-05-2025\report)
2026-04-29 13:22:41.806 INFO  [main] t.report.mainapp.MainAppApplication - No active profile set, falling back to 1 default profile: "default"
2026-04-29 13:22:43.760 INFO  [main] o.s.d.r.c.RepositoryConfigurationDelegate - Multiple Spring Data modules found, entering strict repository configuration mode
2026-04-29 13:22:43.764 INFO  [main] o.s.d.r.c.RepositoryConfigurationDelegate - Bootstrapping Spring Data JPA repositories in DEFAULT mode.
2026-04-29 13:22:43.798 INFO  [main] o.s.d.r.c.RepositoryConfigurationDelegate - Finished Spring Data repository scanning in 19 ms. Found 0 JPA repository interfaces.
2026-04-29 13:22:43.819 INFO  [main] o.s.d.r.c.RepositoryConfigurationDelegate - Multiple Spring Data modules found, entering strict repository configuration mode
2026-04-29 13:22:43.820 INFO  [main] o.s.d.r.c.RepositoryConfigurationDelegate - Bootstrapping Spring Data Redis repositories in DEFAULT mode.
2026-04-29 13:22:43.846 INFO  [main] o.s.d.r.c.RepositoryConfigurationDelegate - Finished Spring Data repository scanning in 6 ms. Found 0 Redis repository interfaces.
2026-04-29 13:22:44.900 INFO  [main] o.s.b.w.e.tomcat.TomcatWebServer - Tomcat initialized with port 8080 (http)
2026-04-29 13:22:44.922 INFO  [main] o.a.coyote.http11.Http11NioProtocol - Initializing ProtocolHandler ["http-nio-8080"]
2026-04-29 13:22:44.924 INFO  [main] o.a.catalina.core.StandardService - Starting service [Tomcat]
2026-04-29 13:22:44.925 INFO  [main] o.a.catalina.core.StandardEngine - Starting Servlet engine: [Apache Tomcat/10.1.42]
2026-04-29 13:22:45.082 INFO  [main] o.a.c.c.C.[Tomcat].[localhost].[/] - Initializing Spring embedded WebApplicationContext
2026-04-29 13:22:45.086 INFO  [main] o.s.b.w.s.c.ServletWebServerApplicationContext - Root WebApplicationContext: initialization completed in 3215 ms
2026-04-29 13:22:45.993 INFO  [main] com.zaxxer.hikari.HikariDataSource - HikariPool-1 - Starting...
2026-04-29 13:23:01.634 INFO  [main] com.zaxxer.hikari.pool.HikariPool - HikariPool-1 - Added connection oracle.jdbc.driver.T4CConnection@61bf405d
2026-04-29 13:23:01.636 INFO  [main] com.zaxxer.hikari.HikariDataSource - HikariPool-1 - Start completed.
2026-04-29 13:23:01.683 INFO  [main] o.h.jpa.internal.util.LogHelper - HHH000204: Processing PersistenceUnitInfo [name: default]
2026-04-29 13:23:01.761 INFO  [main] org.hibernate.Version - HHH000412: Hibernate ORM core version 6.6.18.Final
2026-04-29 13:23:01.800 INFO  [main] o.h.c.i.RegionFactoryInitiator - HHH000026: Second-level cache disabled
2026-04-29 13:23:02.122 INFO  [main] o.s.o.j.p.SpringPersistenceUnitInfo - No LoadTimeWeaver setup: ignoring JPA class transformer
2026-04-29 13:23:02.410 INFO  [main] o.hibernate.orm.connections.pooling - HHH10001005: Database info:
	Database JDBC URL [Connecting through datasource 'HikariDataSource (HikariPool-1)']
	Database driver: undefined/unknown
	Database version: 19.3
	Autocommit mode: undefined/unknown
	Isolation level: undefined/unknown
	Minimum pool size: undefined/unknown
	Maximum pool size: undefined/unknown
2026-04-29 13:23:03.551 INFO  [main] o.h.e.t.j.p.i.JtaPlatformInitiator - HHH000489: No JTA platform available (set 'hibernate.transaction.jta.platform' to enable JTA platform integration)
2026-04-29 13:23:03.558 INFO  [main] o.s.o.j.LocalContainerEntityManagerFactoryBean - Initialized JPA EntityManagerFactory for persistence unit 'default'
2026-04-29 13:23:05.820 INFO  [main] o.s.b.a.e.web.EndpointLinksResolver - Exposing 3 endpoints beneath base path '/actuator'
2026-04-29 13:23:05.920 INFO  [main] o.a.coyote.http11.Http11NioProtocol - Starting ProtocolHandler ["http-nio-8080"]
2026-04-29 13:23:05.938 INFO  [main] o.s.b.w.e.tomcat.TomcatWebServer - Tomcat started on port 8080 (http) with context path '/'
2026-04-29 13:23:15.240 INFO  [http-nio-8080-exec-2] o.a.c.c.C.[Tomcat].[localhost].[/] - Initializing Spring DispatcherServlet 'dispatcherServlet'
2026-04-29 13:23:15.241 INFO  [http-nio-8080-exec-2] o.s.web.servlet.DispatcherServlet - Initializing Servlet 'dispatcherServlet'
2026-04-29 13:23:15.243 INFO  [http-nio-8080-exec-2] o.s.web.servlet.DispatcherServlet - Completed initialization in 2 ms
2026-04-29 13:23:16.095 INFO  [http-nio-8080-exec-2] o.h.e.i.StatisticalLoggingSessionEventListener - Session Metrics {
    1898600 nanoseconds spent acquiring 1 JDBC connections;
    0 nanoseconds spent releasing 0 JDBC connections;
    30268300 nanoseconds spent preparing 1 JDBC statements;
    15611500 nanoseconds spent executing 1 JDBC statements;
    0 nanoseconds spent executing 0 JDBC batches;
    0 nanoseconds spent performing 0 L2C puts;
    0 nanoseconds spent performing 0 L2C hits;
    0 nanoseconds spent performing 0 L2C misses;
    14514800 nanoseconds spent executing 1 flushes (flushing a total of 2 entities and 1 collections);
    34100 nanoseconds spent executing 1 pre-partial-flushes;
    16900 nanoseconds spent executing 1 partial-flushes (flushing a total of 0 entities and 0 collections)
}
2026-04-29 13:23:16.095 INFO  [http-nio-8080-exec-1] o.h.e.i.StatisticalLoggingSessionEventListener - Session Metrics {
    1898400 nanoseconds spent acquiring 1 JDBC connections;
    0 nanoseconds spent releasing 0 JDBC connections;
    30248400 nanoseconds spent preparing 1 JDBC statements;
    15611700 nanoseconds spent executing 1 JDBC statements;
    0 nanoseconds spent executing 0 JDBC batches;
    0 nanoseconds spent performing 0 L2C puts;
    0 nanoseconds spent performing 0 L2C hits;
    0 nanoseconds spent performing 0 L2C misses;
    14514700 nanoseconds spent executing 1 flushes (flushing a total of 2 entities and 1 collections);
    34000 nanoseconds spent executing 1 pre-partial-flushes;
    16800 nanoseconds spent executing 1 partial-flushes (flushing a total of 0 entities and 0 collections)
}
2026-04-29 13:23:17.032 INFO  [http-nio-8080-exec-4] o.h.e.i.StatisticalLoggingSessionEventListener - Session Metrics {
    954100 nanoseconds spent acquiring 1 JDBC connections;
    0 nanoseconds spent releasing 0 JDBC connections;
    25885600 nanoseconds spent preparing 2 JDBC statements;
    3153600 nanoseconds spent executing 1 JDBC statements;
    0 nanoseconds spent executing 0 JDBC batches;
    0 nanoseconds spent performing 0 L2C puts;
    0 nanoseconds spent performing 0 L2C hits;
    0 nanoseconds spent performing 0 L2C misses;
    0 nanoseconds spent executing 0 flushes (flushing a total of 0 entities and 0 collections);
    0 nanoseconds spent executing 0 pre-partial-flushes;
    0 nanoseconds spent executing 0 partial-flushes (flushing a total of 0 entities and 0 collections)
}
2026-04-29 13:23:17.032 INFO  [http-nio-8080-exec-3] o.h.e.i.StatisticalLoggingSessionEventListener - Session Metrics {
    2522100 nanoseconds spent acquiring 1 JDBC connections;
    0 nanoseconds spent releasing 0 JDBC connections;
    27556900 nanoseconds spent preparing 2 JDBC statements;
    4984500 nanoseconds spent executing 1 JDBC statements;
    0 nanoseconds spent executing 0 JDBC batches;
    0 nanoseconds spent performing 0 L2C puts;
    0 nanoseconds spent performing 0 L2C hits;
    0 nanoseconds spent performing 0 L2C misses;
    0 nanoseconds spent executing 0 flushes (flushing a total of 0 entities and 0 collections);
    0 nanoseconds spent executing 0 pre-partial-flushes;
    0 nanoseconds spent executing 0 partial-flushes (flushing a total of 0 entities and 0 collections)
}
2026-04-29 13:23:21.201 INFO  [main] t.report.mainapp.MainAppApplication - Started MainAppApplication in 40.305 seconds (process running for 43.122)
2026-04-29 13:23:53.501 INFO  [http-nio-8080-exec-8] o.h.e.i.StatisticalLoggingSessionEventListener - Session Metrics {
    1846100 nanoseconds spent acquiring 1 JDBC connections;
    0 nanoseconds spent releasing 0 JDBC connections;
    5618200 nanoseconds spent preparing 5 JDBC statements;
    39419700 nanoseconds spent executing 5 JDBC statements;
    0 nanoseconds spent executing 0 JDBC batches;
    0 nanoseconds spent performing 0 L2C puts;
    0 nanoseconds spent performing 0 L2C hits;
    0 nanoseconds spent performing 0 L2C misses;
    91462600 nanoseconds spent executing 1 flushes (flushing a total of 5 entities and 1 collections);
    0 nanoseconds spent executing 0 pre-partial-flushes;
    0 nanoseconds spent executing 0 partial-flushes (flushing a total of 0 entities and 0 collections)
}
2026-04-29 13:24:01.182 INFO  [http-nio-8080-exec-6] o.h.e.i.StatisticalLoggingSessionEventListener - Session Metrics {
    1308100 nanoseconds spent acquiring 1 JDBC connections;
    0 nanoseconds spent releasing 0 JDBC connections;
    226700 nanoseconds spent preparing 1 JDBC statements;
    3180100 nanoseconds spent executing 1 JDBC statements;
    0 nanoseconds spent executing 0 JDBC batches;
    0 nanoseconds spent performing 0 L2C puts;
    0 nanoseconds spent performing 0 L2C hits;
    0 nanoseconds spent performing 0 L2C misses;
    684600 nanoseconds spent executing 1 flushes (flushing a total of 2 entities and 1 collections);
    7000 nanoseconds spent executing 1 pre-partial-flushes;
    3500 nanoseconds spent executing 1 partial-flushes (flushing a total of 0 entities and 0 collections)
}
2026-04-29 13:24:01.353 INFO  [http-nio-8080-exec-7] o.h.e.i.StatisticalLoggingSessionEventListener - Session Metrics {
    54800 nanoseconds spent acquiring 1 JDBC connections;
    0 nanoseconds spent releasing 0 JDBC connections;
    438800 nanoseconds spent preparing 2 JDBC statements;
    2964000 nanoseconds spent executing 1 JDBC statements;
    0 nanoseconds spent executing 0 JDBC batches;
    0 nanoseconds spent performing 0 L2C puts;
    0 nanoseconds spent performing 0 L2C hits;
    0 nanoseconds spent performing 0 L2C misses;
    0 nanoseconds spent executing 0 flushes (flushing a total of 0 entities and 0 collections);
    0 nanoseconds spent executing 0 pre-partial-flushes;
    0 nanoseconds spent executing 0 partial-flushes (flushing a total of 0 entities and 0 collections)
}
2026-04-29 13:24:01.358 INFO  [http-nio-8080-exec-5] o.h.e.i.StatisticalLoggingSessionEventListener - Session Metrics {
    1355500 nanoseconds spent acquiring 1 JDBC connections;
    0 nanoseconds spent releasing 0 JDBC connections;
    1738100 nanoseconds spent preparing 2 JDBC statements;
    3078600 nanoseconds spent executing 1 JDBC statements;
    0 nanoseconds spent executing 0 JDBC batches;
    0 nanoseconds spent performing 0 L2C puts;
    0 nanoseconds spent performing 0 L2C hits;
    0 nanoseconds spent performing 0 L2C misses;
    0 nanoseconds spent executing 0 flushes (flushing a total of 0 entities and 0 collections);
    0 nanoseconds spent executing 0 pre-partial-flushes;
    0 nanoseconds spent executing 0 partial-flushes (flushing a total of 0 entities and 0 collections)
}
2026-04-29 13:30:15.505 INFO  [http-nio-8080-exec-1] o.h.e.i.StatisticalLoggingSessionEventListener - Session Metrics {
    0 nanoseconds spent acquiring 0 JDBC connections;
    0 nanoseconds spent releasing 0 JDBC connections;
    0 nanoseconds spent preparing 0 JDBC statements;
    0 nanoseconds spent executing 0 JDBC statements;
    0 nanoseconds spent executing 0 JDBC batches;
    0 nanoseconds spent performing 0 L2C puts;
    0 nanoseconds spent performing 0 L2C hits;
    0 nanoseconds spent performing 0 L2C misses;
    0 nanoseconds spent executing 0 flushes (flushing a total of 0 entities and 0 collections);
    0 nanoseconds spent executing 0 pre-partial-flushes;
    0 nanoseconds spent executing 0 partial-flushes (flushing a total of 0 entities and 0 collections)
}
2026-04-29 13:30:16.438 INFO  [http-nio-8080-exec-2] o.h.e.i.StatisticalLoggingSessionEventListener - Session Metrics {
    0 nanoseconds spent acquiring 0 JDBC connections;
    0 nanoseconds spent releasing 0 JDBC connections;
    0 nanoseconds spent preparing 0 JDBC statements;
    0 nanoseconds spent executing 0 JDBC statements;
    0 nanoseconds spent executing 0 JDBC batches;
    0 nanoseconds spent performing 0 L2C puts;
    0 nanoseconds spent performing 0 L2C hits;
    0 nanoseconds spent performing 0 L2C misses;
    0 nanoseconds spent executing 0 flushes (flushing a total of 0 entities and 0 collections);
    0 nanoseconds spent executing 0 pre-partial-flushes;
    0 nanoseconds spent executing 0 partial-flushes (flushing a total of 0 entities and 0 collections)
}
2026-04-29 13:30:21.774 INFO  [http-nio-8080-exec-3] o.h.e.i.StatisticalLoggingSessionEventListener - Session Metrics {
    1287600 nanoseconds spent acquiring 1 JDBC connections;
    0 nanoseconds spent releasing 0 JDBC connections;
    224000 nanoseconds spent preparing 1 JDBC statements;
    2293000 nanoseconds spent executing 1 JDBC statements;
    0 nanoseconds spent executing 0 JDBC batches;
    0 nanoseconds spent performing 0 L2C puts;
    0 nanoseconds spent performing 0 L2C hits;
    0 nanoseconds spent performing 0 L2C misses;
    216400 nanoseconds spent executing 1 flushes (flushing a total of 2 entities and 1 collections);
    8100 nanoseconds spent executing 1 pre-partial-flushes;
    5600 nanoseconds spent executing 1 partial-flushes (flushing a total of 0 entities and 0 collections)
}
2026-04-29 13:30:21.774 INFO  [http-nio-8080-exec-4] o.h.e.i.StatisticalLoggingSessionEventListener - Session Metrics {
    894600 nanoseconds spent acquiring 1 JDBC connections;
    0 nanoseconds spent releasing 0 JDBC connections;
    137000 nanoseconds spent preparing 1 JDBC statements;
    1894100 nanoseconds spent executing 1 JDBC statements;
    0 nanoseconds spent executing 0 JDBC batches;
    0 nanoseconds spent performing 0 L2C puts;
    0 nanoseconds spent performing 0 L2C hits;
    0 nanoseconds spent performing 0 L2C misses;
    216400 nanoseconds spent executing 1 flushes (flushing a total of 2 entities and 1 collections);
    4400 nanoseconds spent executing 1 pre-partial-flushes;
    2200 nanoseconds spent executing 1 partial-flushes (flushing a total of 0 entities and 0 collections)
}
2026-04-29 13:30:22.106 INFO  [http-nio-8080-exec-8] o.h.e.i.StatisticalLoggingSessionEventListener - Session Metrics {
    34400 nanoseconds spent acquiring 1 JDBC connections;
    0 nanoseconds spent releasing 0 JDBC connections;
    1246500 nanoseconds spent preparing 2 JDBC statements;
    4968700 nanoseconds spent executing 1 JDBC statements;
    0 nanoseconds spent executing 0 JDBC batches;
    0 nanoseconds spent performing 0 L2C puts;
    0 nanoseconds spent performing 0 L2C hits;
    0 nanoseconds spent performing 0 L2C misses;
    0 nanoseconds spent executing 0 flushes (flushing a total of 0 entities and 0 collections);
    0 nanoseconds spent executing 0 pre-partial-flushes;
    0 nanoseconds spent executing 0 partial-flushes (flushing a total of 0 entities and 0 collections)
}
2026-04-29 13:30:22.107 INFO  [http-nio-8080-exec-6] o.h.e.i.StatisticalLoggingSessionEventListener - Session Metrics {
    52300 nanoseconds spent acquiring 1 JDBC connections;
    0 nanoseconds spent releasing 0 JDBC connections;
    476400 nanoseconds spent preparing 2 JDBC statements;
    3027800 nanoseconds spent executing 1 JDBC statements;
    0 nanoseconds spent executing 0 JDBC batches;
    0 nanoseconds spent performing 0 L2C puts;
    0 nanoseconds spent performing 0 L2C hits;
    0 nanoseconds spent performing 0 L2C misses;
    0 nanoseconds spent executing 0 flushes (flushing a total of 0 entities and 0 collections);
    0 nanoseconds spent executing 0 pre-partial-flushes;
    0 nanoseconds spent executing 0 partial-flushes (flushing a total of 0 entities and 0 collections)
}
2026-04-29 13:30:31.617 INFO  [http-nio-8080-exec-7] o.h.e.i.StatisticalLoggingSessionEventListener - Session Metrics {
    794500 nanoseconds spent acquiring 1 JDBC connections;
    0 nanoseconds spent releasing 0 JDBC connections;
    840100 nanoseconds spent preparing 6 JDBC statements;
    10102600 nanoseconds spent executing 6 JDBC statements;
    0 nanoseconds spent executing 0 JDBC batches;
    0 nanoseconds spent performing 0 L2C puts;
    0 nanoseconds spent performing 0 L2C hits;
    0 nanoseconds spent performing 0 L2C misses;
    4439500 nanoseconds spent executing 2 flushes (flushing a total of 8 entities and 2 collections);
    247600 nanoseconds spent executing 3 pre-partial-flushes;
    787500 nanoseconds spent executing 4 partial-flushes (flushing a total of 10 entities and 10 collections)
}
2026-04-29 13:30:36.564 INFO  [http-nio-8080-exec-5] o.h.e.i.StatisticalLoggingSessionEventListener - Session Metrics {
    1723900 nanoseconds spent acquiring 1 JDBC connections;
    0 nanoseconds spent releasing 0 JDBC connections;
    187200 nanoseconds spent preparing 1 JDBC statements;
    2337600 nanoseconds spent executing 1 JDBC statements;
    0 nanoseconds spent executing 0 JDBC batches;
    0 nanoseconds spent performing 0 L2C puts;
    0 nanoseconds spent performing 0 L2C hits;
    0 nanoseconds spent performing 0 L2C misses;
    292300 nanoseconds spent executing 1 flushes (flushing a total of 2 entities and 1 collections);
    7000 nanoseconds spent executing 1 pre-partial-flushes;
    3200 nanoseconds spent executing 1 partial-flushes (flushing a total of 0 entities and 0 collections)
}
2026-04-29 13:30:36.710 INFO  [http-nio-8080-exec-10] o.h.e.i.StatisticalLoggingSessionEventListener - Session Metrics {
    1854000 nanoseconds spent acquiring 1 JDBC connections;
    0 nanoseconds spent releasing 0 JDBC connections;
    2169000 nanoseconds spent preparing 2 JDBC statements;
    2824700 nanoseconds spent executing 1 JDBC statements;
    0 nanoseconds spent executing 0 JDBC batches;
    0 nanoseconds spent performing 0 L2C puts;
    0 nanoseconds spent performing 0 L2C hits;
    0 nanoseconds spent performing 0 L2C misses;
    0 nanoseconds spent executing 0 flushes (flushing a total of 0 entities and 0 collections);
    0 nanoseconds spent executing 0 pre-partial-flushes;
    0 nanoseconds spent executing 0 partial-flushes (flushing a total of 0 entities and 0 collections)
}
2026-04-29 13:30:36.710 INFO  [http-nio-8080-exec-9] o.h.e.i.StatisticalLoggingSessionEventListener - Session Metrics {
    50700 nanoseconds spent acquiring 1 JDBC connections;
    0 nanoseconds spent releasing 0 JDBC connections;
    340100 nanoseconds spent preparing 2 JDBC statements;
    2921000 nanoseconds spent executing 1 JDBC statements;
    0 nanoseconds spent executing 0 JDBC batches;
    0 nanoseconds spent performing 0 L2C puts;
    0 nanoseconds spent performing 0 L2C hits;
    0 nanoseconds spent performing 0 L2C misses;
    0 nanoseconds spent executing 0 flushes (flushing a total of 0 entities and 0 collections);
    0 nanoseconds spent executing 0 pre-partial-flushes;
    0 nanoseconds spent executing 0 partial-flushes (flushing a total of 0 entities and 0 collections)
}
2026-04-29 13:32:08.932 INFO  [http-nio-8080-exec-4] o.h.e.i.StatisticalLoggingSessionEventListener - Session Metrics {
    0 nanoseconds spent acquiring 0 JDBC connections;
    0 nanoseconds spent releasing 0 JDBC connections;
    0 nanoseconds spent preparing 0 JDBC statements;
    0 nanoseconds spent executing 0 JDBC statements;
    0 nanoseconds spent executing 0 JDBC batches;
    0 nanoseconds spent performing 0 L2C puts;
    0 nanoseconds spent performing 0 L2C hits;
    0 nanoseconds spent performing 0 L2C misses;
    0 nanoseconds spent executing 0 flushes (flushing a total of 0 entities and 0 collections);
    0 nanoseconds spent executing 0 pre-partial-flushes;
    0 nanoseconds spent executing 0 partial-flushes (flushing a total of 0 entities and 0 collections)
}
2026-04-29 13:32:09.567 INFO  [http-nio-8080-exec-3] o.h.e.i.StatisticalLoggingSessionEventListener - Session Metrics {
    0 nanoseconds spent acquiring 0 JDBC connections;
    0 nanoseconds spent releasing 0 JDBC connections;
    0 nanoseconds spent preparing 0 JDBC statements;
    0 nanoseconds spent executing 0 JDBC statements;
    0 nanoseconds spent executing 0 JDBC batches;
    0 nanoseconds spent performing 0 L2C puts;
    0 nanoseconds spent performing 0 L2C hits;
    0 nanoseconds spent performing 0 L2C misses;
    0 nanoseconds spent executing 0 flushes (flushing a total of 0 entities and 0 collections);
    0 nanoseconds spent executing 0 pre-partial-flushes;
    0 nanoseconds spent executing 0 partial-flushes (flushing a total of 0 entities and 0 collections)
}
2026-04-29 13:32:16.551 INFO  [http-nio-8080-exec-6] o.h.e.i.StatisticalLoggingSessionEventListener - Session Metrics {
    1170600 nanoseconds spent acquiring 1 JDBC connections;
    0 nanoseconds spent releasing 0 JDBC connections;
    229300 nanoseconds spent preparing 1 JDBC statements;
    2946600 nanoseconds spent executing 1 JDBC statements;
    0 nanoseconds spent executing 0 JDBC batches;
    0 nanoseconds spent performing 0 L2C puts;
    0 nanoseconds spent performing 0 L2C hits;
    0 nanoseconds spent performing 0 L2C misses;
    215200 nanoseconds spent executing 1 flushes (flushing a total of 2 entities and 1 collections);
    5000 nanoseconds spent executing 1 pre-partial-flushes;
    2900 nanoseconds spent executing 1 partial-flushes (flushing a total of 0 entities and 0 collections)
}
2026-04-29 13:32:16.551 INFO  [http-nio-8080-exec-8] o.h.e.i.StatisticalLoggingSessionEventListener - Session Metrics {
    2641800 nanoseconds spent acquiring 1 JDBC connections;
    0 nanoseconds spent releasing 0 JDBC connections;
    159200 nanoseconds spent preparing 1 JDBC statements;
    2926100 nanoseconds spent executing 1 JDBC statements;
    0 nanoseconds spent executing 0 JDBC batches;
    0 nanoseconds spent performing 0 L2C puts;
    0 nanoseconds spent performing 0 L2C hits;
    0 nanoseconds spent performing 0 L2C misses;
    215000 nanoseconds spent executing 1 flushes (flushing a total of 2 entities and 1 collections);
    5100 nanoseconds spent executing 1 pre-partial-flushes;
    2900 nanoseconds spent executing 1 partial-flushes (flushing a total of 0 entities and 0 collections)
}
2026-04-29 13:32:16.849 INFO  [http-nio-8080-exec-7] o.h.e.i.StatisticalLoggingSessionEventListener - Session Metrics {
    42500 nanoseconds spent acquiring 1 JDBC connections;
    0 nanoseconds spent releasing 0 JDBC connections;
    277900 nanoseconds spent preparing 2 JDBC statements;
    2271700 nanoseconds spent executing 1 JDBC statements;
    0 nanoseconds spent executing 0 JDBC batches;
    0 nanoseconds spent performing 0 L2C puts;
    0 nanoseconds spent performing 0 L2C hits;
    0 nanoseconds spent performing 0 L2C misses;
    0 nanoseconds spent executing 0 flushes (flushing a total of 0 entities and 0 collections);
    0 nanoseconds spent executing 0 pre-partial-flushes;
    0 nanoseconds spent executing 0 partial-flushes (flushing a total of 0 entities and 0 collections)
}
2026-04-29 13:32:16.852 INFO  [http-nio-8080-exec-5] o.h.e.i.StatisticalLoggingSessionEventListener - Session Metrics {
    28200 nanoseconds spent acquiring 1 JDBC connections;
    0 nanoseconds spent releasing 0 JDBC connections;
    214200 nanoseconds spent preparing 2 JDBC statements;
    1651200 nanoseconds spent executing 1 JDBC statements;
    0 nanoseconds spent executing 0 JDBC batches;
    0 nanoseconds spent performing 0 L2C puts;
    0 nanoseconds spent performing 0 L2C hits;
    0 nanoseconds spent performing 0 L2C misses;
    0 nanoseconds spent executing 0 flushes (flushing a total of 0 entities and 0 collections);
    0 nanoseconds spent executing 0 pre-partial-flushes;
    0 nanoseconds spent executing 0 partial-flushes (flushing a total of 0 entities and 0 collections)
}
2026-04-29 13:32:26.278 INFO  [http-nio-8080-exec-9] o.h.e.i.StatisticalLoggingSessionEventListener - Session Metrics {
    748700 nanoseconds spent acquiring 1 JDBC connections;
    0 nanoseconds spent releasing 0 JDBC connections;
    1290400 nanoseconds spent preparing 5 JDBC statements;
    5867700 nanoseconds spent executing 5 JDBC statements;
    0 nanoseconds spent executing 0 JDBC batches;
    0 nanoseconds spent performing 0 L2C puts;
    0 nanoseconds spent performing 0 L2C hits;
    0 nanoseconds spent performing 0 L2C misses;
    2016600 nanoseconds spent executing 1 flushes (flushing a total of 5 entities and 1 collections);
    0 nanoseconds spent executing 0 pre-partial-flushes;
    0 nanoseconds spent executing 0 partial-flushes (flushing a total of 0 entities and 0 collections)
}
2026-04-29 13:32:35.201 INFO  [http-nio-8080-exec-10] o.h.e.i.StatisticalLoggingSessionEventListener - Session Metrics {
    7833600 nanoseconds spent acquiring 1 JDBC connections;
    0 nanoseconds spent releasing 0 JDBC connections;
    726700 nanoseconds spent preparing 1 JDBC statements;
    10045600 nanoseconds spent executing 1 JDBC statements;
    0 nanoseconds spent executing 0 JDBC batches;
    0 nanoseconds spent performing 0 L2C puts;
    0 nanoseconds spent performing 0 L2C hits;
    0 nanoseconds spent performing 0 L2C misses;
    248000 nanoseconds spent executing 1 flushes (flushing a total of 2 entities and 1 collections);
    6700 nanoseconds spent executing 1 pre-partial-flushes;
    2700 nanoseconds spent executing 1 partial-flushes (flushing a total of 0 entities and 0 collections)
}
2026-04-29 13:32:35.373 INFO  [http-nio-8080-exec-2] o.h.e.i.StatisticalLoggingSessionEventListener - Session Metrics {
    119300 nanoseconds spent acquiring 1 JDBC connections;
    0 nanoseconds spent releasing 0 JDBC connections;
    738500 nanoseconds spent preparing 2 JDBC statements;
    5447400 nanoseconds spent executing 1 JDBC statements;
    0 nanoseconds spent executing 0 JDBC batches;
    0 nanoseconds spent performing 0 L2C puts;
    0 nanoseconds spent performing 0 L2C hits;
    0 nanoseconds spent performing 0 L2C misses;
    0 nanoseconds spent executing 0 flushes (flushing a total of 0 entities and 0 collections);
    0 nanoseconds spent executing 0 pre-partial-flushes;
    0 nanoseconds spent executing 0 partial-flushes (flushing a total of 0 entities and 0 collections)
}
2026-04-29 13:32:35.389 INFO  [http-nio-8080-exec-1] o.h.e.i.StatisticalLoggingSessionEventListener - Session Metrics {
    2538400 nanoseconds spent acquiring 1 JDBC connections;
    0 nanoseconds spent releasing 0 JDBC connections;
    2845300 nanoseconds spent preparing 2 JDBC statements;
    5561600 nanoseconds spent executing 1 JDBC statements;
    0 nanoseconds spent executing 0 JDBC batches;
    0 nanoseconds spent performing 0 L2C puts;
    0 nanoseconds spent performing 0 L2C hits;
    0 nanoseconds spent performing 0 L2C misses;
    0 nanoseconds spent executing 0 flushes (flushing a total of 0 entities and 0 collections);
    0 nanoseconds spent executing 0 pre-partial-flushes;
    0 nanoseconds spent executing 0 partial-flushes (flushing a total of 0 entities and 0 collections)
}
2026-04-29 13:33:13.587 INFO  [http-nio-8080-exec-4] o.h.e.i.StatisticalLoggingSessionEventListener - Session Metrics {
    899400 nanoseconds spent acquiring 1 JDBC connections;
    0 nanoseconds spent releasing 0 JDBC connections;
    225500 nanoseconds spent preparing 1 JDBC statements;
    2709500 nanoseconds spent executing 1 JDBC statements;
    0 nanoseconds spent executing 0 JDBC batches;
    0 nanoseconds spent performing 0 L2C puts;
    0 nanoseconds spent performing 0 L2C hits;
    0 nanoseconds spent performing 0 L2C misses;
    266400 nanoseconds spent executing 1 flushes (flushing a total of 2 entities and 1 collections);
    7100 nanoseconds spent executing 1 pre-partial-flushes;
    3700 nanoseconds spent executing 1 partial-flushes (flushing a total of 0 entities and 0 collections)
}
2026-04-29 13:33:13.789 INFO  [http-nio-8080-exec-3] o.h.e.i.StatisticalLoggingSessionEventListener - Session Metrics {
    2054300 nanoseconds spent acquiring 1 JDBC connections;
    0 nanoseconds spent releasing 0 JDBC connections;
    2448300 nanoseconds spent preparing 2 JDBC statements;
    5225100 nanoseconds spent executing 1 JDBC statements;
    0 nanoseconds spent executing 0 JDBC batches;
    0 nanoseconds spent performing 0 L2C puts;
    0 nanoseconds spent performing 0 L2C hits;
    0 nanoseconds spent performing 0 L2C misses;
    0 nanoseconds spent executing 0 flushes (flushing a total of 0 entities and 0 collections);
    0 nanoseconds spent executing 0 pre-partial-flushes;
    0 nanoseconds spent executing 0 partial-flushes (flushing a total of 0 entities and 0 collections)
}
2026-04-29 13:33:13.793 INFO  [http-nio-8080-exec-8] o.h.e.i.StatisticalLoggingSessionEventListener - Session Metrics {
    45900 nanoseconds spent acquiring 1 JDBC connections;
    0 nanoseconds spent releasing 0 JDBC connections;
    358800 nanoseconds spent preparing 2 JDBC statements;
    3152800 nanoseconds spent executing 1 JDBC statements;
    0 nanoseconds spent executing 0 JDBC batches;
    0 nanoseconds spent performing 0 L2C puts;
    0 nanoseconds spent performing 0 L2C hits;
    0 nanoseconds spent performing 0 L2C misses;
    0 nanoseconds spent executing 0 flushes (flushing a total of 0 entities and 0 collections);
    0 nanoseconds spent executing 0 pre-partial-flushes;
    0 nanoseconds spent executing 0 partial-flushes (flushing a total of 0 entities and 0 collections)
}
2026-04-29 13:33:24.188 INFO  [http-nio-8080-exec-6] o.h.e.i.StatisticalLoggingSessionEventListener - Session Metrics {
    0 nanoseconds spent acquiring 0 JDBC connections;
    0 nanoseconds spent releasing 0 JDBC connections;
    0 nanoseconds spent preparing 0 JDBC statements;
    0 nanoseconds spent executing 0 JDBC statements;
    0 nanoseconds spent executing 0 JDBC batches;
    0 nanoseconds spent performing 0 L2C puts;
    0 nanoseconds spent performing 0 L2C hits;
    0 nanoseconds spent performing 0 L2C misses;
    0 nanoseconds spent executing 0 flushes (flushing a total of 0 entities and 0 collections);
    0 nanoseconds spent executing 0 pre-partial-flushes;
    0 nanoseconds spent executing 0 partial-flushes (flushing a total of 0 entities and 0 collections)
}
2026-04-29 13:33:25.403 INFO  [http-nio-8080-exec-7] o.h.e.i.StatisticalLoggingSessionEventListener - Session Metrics {
    0 nanoseconds spent acquiring 0 JDBC connections;
    0 nanoseconds spent releasing 0 JDBC connections;
    0 nanoseconds spent preparing 0 JDBC statements;
    0 nanoseconds spent executing 0 JDBC statements;
    0 nanoseconds spent executing 0 JDBC batches;
    0 nanoseconds spent performing 0 L2C puts;
    0 nanoseconds spent performing 0 L2C hits;
    0 nanoseconds spent performing 0 L2C misses;
    0 nanoseconds spent executing 0 flushes (flushing a total of 0 entities and 0 collections);
    0 nanoseconds spent executing 0 pre-partial-flushes;
    0 nanoseconds spent executing 0 partial-flushes (flushing a total of 0 entities and 0 collections)
}
2026-04-29 13:33:30.284 INFO  [http-nio-8080-exec-5] o.h.e.i.StatisticalLoggingSessionEventListener - Session Metrics {
    808100 nanoseconds spent acquiring 1 JDBC connections;
    0 nanoseconds spent releasing 0 JDBC connections;
    177300 nanoseconds spent preparing 1 JDBC statements;
    1659600 nanoseconds spent executing 1 JDBC statements;
    0 nanoseconds spent executing 0 JDBC batches;
    0 nanoseconds spent performing 0 L2C puts;
    0 nanoseconds spent performing 0 L2C hits;
    0 nanoseconds spent performing 0 L2C misses;
    580000 nanoseconds spent executing 1 flushes (flushing a total of 2 entities and 1 collections);
    5400 nanoseconds spent executing 1 pre-partial-flushes;
    2500 nanoseconds spent executing 1 partial-flushes (flushing a total of 0 entities and 0 collections)
}
2026-04-29 13:33:30.284 INFO  [http-nio-8080-exec-9] o.h.e.i.StatisticalLoggingSessionEventListener - Session Metrics {
    596100 nanoseconds spent acquiring 1 JDBC connections;
    0 nanoseconds spent releasing 0 JDBC connections;
    130800 nanoseconds spent preparing 1 JDBC statements;
    1349600 nanoseconds spent executing 1 JDBC statements;
    0 nanoseconds spent executing 0 JDBC batches;
    0 nanoseconds spent performing 0 L2C puts;
    0 nanoseconds spent performing 0 L2C hits;
    0 nanoseconds spent performing 0 L2C misses;
    579700 nanoseconds spent executing 1 flushes (flushing a total of 2 entities and 1 collections);
    3400 nanoseconds spent executing 1 pre-partial-flushes;
    2500 nanoseconds spent executing 1 partial-flushes (flushing a total of 0 entities and 0 collections)
}
2026-04-29 13:33:30.566 INFO  [http-nio-8080-exec-10] o.h.e.i.StatisticalLoggingSessionEventListener - Session Metrics {
    29200 nanoseconds spent acquiring 1 JDBC connections;
    0 nanoseconds spent releasing 0 JDBC connections;
    266600 nanoseconds spent preparing 2 JDBC statements;
    2096100 nanoseconds spent executing 1 JDBC statements;
    0 nanoseconds spent executing 0 JDBC batches;
    0 nanoseconds spent performing 0 L2C puts;
    0 nanoseconds spent performing 0 L2C hits;
    0 nanoseconds spent performing 0 L2C misses;
    0 nanoseconds spent executing 0 flushes (flushing a total of 0 entities and 0 collections);
    0 nanoseconds spent executing 0 pre-partial-flushes;
    0 nanoseconds spent executing 0 partial-flushes (flushing a total of 0 entities and 0 collections)
}
2026-04-29 13:33:30.568 INFO  [http-nio-8080-exec-2] o.h.e.i.StatisticalLoggingSessionEventListener - Session Metrics {
    32800 nanoseconds spent acquiring 1 JDBC connections;
    0 nanoseconds spent releasing 0 JDBC connections;
    298100 nanoseconds spent preparing 2 JDBC statements;
    1609300 nanoseconds spent executing 1 JDBC statements;
    0 nanoseconds spent executing 0 JDBC batches;
    0 nanoseconds spent performing 0 L2C puts;
    0 nanoseconds spent performing 0 L2C hits;
    0 nanoseconds spent performing 0 L2C misses;
    0 nanoseconds spent executing 0 flushes (flushing a total of 0 entities and 0 collections);
    0 nanoseconds spent executing 0 pre-partial-flushes;
    0 nanoseconds spent executing 0 partial-flushes (flushing a total of 0 entities and 0 collections)
}
2026-04-29 13:33:59.822 INFO  [http-nio-8080-exec-1] o.h.e.i.StatisticalLoggingSessionEventListener - Session Metrics {
    1366300 nanoseconds spent acquiring 1 JDBC connections;
    0 nanoseconds spent releasing 0 JDBC connections;
    893000 nanoseconds spent preparing 7 JDBC statements;
    8642000 nanoseconds spent executing 7 JDBC statements;
    0 nanoseconds spent executing 0 JDBC batches;
    0 nanoseconds spent performing 0 L2C puts;
    0 nanoseconds spent performing 0 L2C hits;
    0 nanoseconds spent performing 0 L2C misses;
    2130600 nanoseconds spent executing 2 flushes (flushing a total of 9 entities and 2 collections);
    245500 nanoseconds spent executing 4 pre-partial-flushes;
    582900 nanoseconds spent executing 5 partial-flushes (flushing a total of 14 entities and 14 collections)
}
2026-04-29 13:34:08.993 INFO  [http-nio-8080-exec-4] o.h.e.i.StatisticalLoggingSessionEventListener - Session Metrics {
    1541000 nanoseconds spent acquiring 1 JDBC connections;
    0 nanoseconds spent releasing 0 JDBC connections;
    192000 nanoseconds spent preparing 1 JDBC statements;
    2606600 nanoseconds spent executing 1 JDBC statements;
    0 nanoseconds spent executing 0 JDBC batches;
    0 nanoseconds spent performing 0 L2C puts;
    0 nanoseconds spent performing 0 L2C hits;
    0 nanoseconds spent performing 0 L2C misses;
    299600 nanoseconds spent executing 1 flushes (flushing a total of 2 entities and 1 collections);
    6000 nanoseconds spent executing 1 pre-partial-flushes;
    5300 nanoseconds spent executing 1 partial-flushes (flushing a total of 0 entities and 0 collections)
}
2026-04-29 13:34:09.145 INFO  [http-nio-8080-exec-3] o.h.e.i.StatisticalLoggingSessionEventListener - Session Metrics {
    2421100 nanoseconds spent acquiring 1 JDBC connections;
    0 nanoseconds spent releasing 0 JDBC connections;
    2772900 nanoseconds spent preparing 2 JDBC statements;
    2954600 nanoseconds spent executing 1 JDBC statements;
    0 nanoseconds spent executing 0 JDBC batches;
    0 nanoseconds spent performing 0 L2C puts;
    0 nanoseconds spent performing 0 L2C hits;
    0 nanoseconds spent performing 0 L2C misses;
    0 nanoseconds spent executing 0 flushes (flushing a total of 0 entities and 0 collections);
    0 nanoseconds spent executing 0 pre-partial-flushes;
    0 nanoseconds spent executing 0 partial-flushes (flushing a total of 0 entities and 0 collections)
}
2026-04-29 13:34:09.154 INFO  [http-nio-8080-exec-8] o.h.e.i.StatisticalLoggingSessionEventListener - Session Metrics {
    105000 nanoseconds spent acquiring 1 JDBC connections;
    0 nanoseconds spent releasing 0 JDBC connections;
    605300 nanoseconds spent preparing 2 JDBC statements;
    2473300 nanoseconds spent executing 1 JDBC statements;
    0 nanoseconds spent executing 0 JDBC batches;
    0 nanoseconds spent performing 0 L2C puts;
    0 nanoseconds spent performing 0 L2C hits;
    0 nanoseconds spent performing 0 L2C misses;
    0 nanoseconds spent executing 0 flushes (flushing a total of 0 entities and 0 collections);
    0 nanoseconds spent executing 0 pre-partial-flushes;
    0 nanoseconds spent executing 0 partial-flushes (flushing a total of 0 entities and 0 collections)
}
2026-04-29 13:35:01.032 INFO  [http-nio-8080-exec-6] o.h.e.i.StatisticalLoggingSessionEventListener - Session Metrics {
    0 nanoseconds spent acquiring 0 JDBC connections;
    0 nanoseconds spent releasing 0 JDBC connections;
    0 nanoseconds spent preparing 0 JDBC statements;
    0 nanoseconds spent executing 0 JDBC statements;
    0 nanoseconds spent executing 0 JDBC batches;
    0 nanoseconds spent performing 0 L2C puts;
    0 nanoseconds spent performing 0 L2C hits;
    0 nanoseconds spent performing 0 L2C misses;
    0 nanoseconds spent executing 0 flushes (flushing a total of 0 entities and 0 collections);
    0 nanoseconds spent executing 0 pre-partial-flushes;
    0 nanoseconds spent executing 0 partial-flushes (flushing a total of 0 entities and 0 collections)
}
2026-04-29 13:35:01.631 INFO  [http-nio-8080-exec-7] o.h.e.i.StatisticalLoggingSessionEventListener - Session Metrics {
    0 nanoseconds spent acquiring 0 JDBC connections;
    0 nanoseconds spent releasing 0 JDBC connections;
    0 nanoseconds spent preparing 0 JDBC statements;
    0 nanoseconds spent executing 0 JDBC statements;
    0 nanoseconds spent executing 0 JDBC batches;
    0 nanoseconds spent performing 0 L2C puts;
    0 nanoseconds spent performing 0 L2C hits;
    0 nanoseconds spent performing 0 L2C misses;
    0 nanoseconds spent executing 0 flushes (flushing a total of 0 entities and 0 collections);
    0 nanoseconds spent executing 0 pre-partial-flushes;
    0 nanoseconds spent executing 0 partial-flushes (flushing a total of 0 entities and 0 collections)
}
2026-04-29 13:35:07.527 INFO  [http-nio-8080-exec-9] o.h.e.i.StatisticalLoggingSessionEventListener - Session Metrics {
    1359900 nanoseconds spent acquiring 1 JDBC connections;
    0 nanoseconds spent releasing 0 JDBC connections;
    203400 nanoseconds spent preparing 1 JDBC statements;
    2024900 nanoseconds spent executing 1 JDBC statements;
    0 nanoseconds spent executing 0 JDBC batches;
    0 nanoseconds spent performing 0 L2C puts;
    0 nanoseconds spent performing 0 L2C hits;
    0 nanoseconds spent performing 0 L2C misses;
    167500 nanoseconds spent executing 1 flushes (flushing a total of 2 entities and 1 collections);
    7000 nanoseconds spent executing 1 pre-partial-flushes;
    4500 nanoseconds spent executing 1 partial-flushes (flushing a total of 0 entities and 0 collections)
}
2026-04-29 13:35:07.527 INFO  [http-nio-8080-exec-5] o.h.e.i.StatisticalLoggingSessionEventListener - Session Metrics {
    576900 nanoseconds spent acquiring 1 JDBC connections;
    0 nanoseconds spent releasing 0 JDBC connections;
    206000 nanoseconds spent preparing 1 JDBC statements;
    1880100 nanoseconds spent executing 1 JDBC statements;
    0 nanoseconds spent executing 0 JDBC batches;
    0 nanoseconds spent performing 0 L2C puts;
    0 nanoseconds spent performing 0 L2C hits;
    0 nanoseconds spent performing 0 L2C misses;
    182300 nanoseconds spent executing 1 flushes (flushing a total of 2 entities and 1 collections);
    4600 nanoseconds spent executing 1 pre-partial-flushes;
    3100 nanoseconds spent executing 1 partial-flushes (flushing a total of 0 entities and 0 collections)
}
2026-04-29 13:35:07.805 INFO  [http-nio-8080-exec-10] o.h.e.i.StatisticalLoggingSessionEventListener - Session Metrics {
    35800 nanoseconds spent acquiring 1 JDBC connections;
    0 nanoseconds spent releasing 0 JDBC connections;
    289000 nanoseconds spent preparing 2 JDBC statements;
    1830500 nanoseconds spent executing 1 JDBC statements;
    0 nanoseconds spent executing 0 JDBC batches;
    0 nanoseconds spent performing 0 L2C puts;
    0 nanoseconds spent performing 0 L2C hits;
    0 nanoseconds spent performing 0 L2C misses;
    0 nanoseconds spent executing 0 flushes (flushing a total of 0 entities and 0 collections);
    0 nanoseconds spent executing 0 pre-partial-flushes;
    0 nanoseconds spent executing 0 partial-flushes (flushing a total of 0 entities and 0 collections)
}
2026-04-29 13:35:07.807 INFO  [http-nio-8080-exec-2] o.h.e.i.StatisticalLoggingSessionEventListener - Session Metrics {
    27500 nanoseconds spent acquiring 1 JDBC connections;
    0 nanoseconds spent releasing 0 JDBC connections;
    266200 nanoseconds spent preparing 2 JDBC statements;
    2162600 nanoseconds spent executing 1 JDBC statements;
    0 nanoseconds spent executing 0 JDBC batches;
    0 nanoseconds spent performing 0 L2C puts;
    0 nanoseconds spent performing 0 L2C hits;
    0 nanoseconds spent performing 0 L2C misses;
    0 nanoseconds spent executing 0 flushes (flushing a total of 0 entities and 0 collections);
    0 nanoseconds spent executing 0 pre-partial-flushes;
    0 nanoseconds spent executing 0 partial-flushes (flushing a total of 0 entities and 0 collections)
}
2026-04-29 13:35:16.465 INFO  [http-nio-8080-exec-1] o.h.e.i.StatisticalLoggingSessionEventListener - Session Metrics {
    881200 nanoseconds spent acquiring 1 JDBC connections;
    0 nanoseconds spent releasing 0 JDBC connections;
    838800 nanoseconds spent preparing 6 JDBC statements;
    7698200 nanoseconds spent executing 6 JDBC statements;
    0 nanoseconds spent executing 0 JDBC batches;
    0 nanoseconds spent performing 0 L2C puts;
    0 nanoseconds spent performing 0 L2C hits;
    0 nanoseconds spent performing 0 L2C misses;
    2708400 nanoseconds spent executing 2 flushes (flushing a total of 8 entities and 2 collections);
    180900 nanoseconds spent executing 3 pre-partial-flushes;
    455700 nanoseconds spent executing 4 partial-flushes (flushing a total of 10 entities and 10 collections)
}
2026-04-29 13:35:22.474 INFO  [http-nio-8080-exec-4] o.h.e.i.StatisticalLoggingSessionEventListener - Session Metrics {
    1852700 nanoseconds spent acquiring 1 JDBC connections;
    0 nanoseconds spent releasing 0 JDBC connections;
    228300 nanoseconds spent preparing 1 JDBC statements;
    2918200 nanoseconds spent executing 1 JDBC statements;
    0 nanoseconds spent executing 0 JDBC batches;
    0 nanoseconds spent performing 0 L2C puts;
    0 nanoseconds spent performing 0 L2C hits;
    0 nanoseconds spent performing 0 L2C misses;
    248700 nanoseconds spent executing 1 flushes (flushing a total of 2 entities and 1 collections);
    7400 nanoseconds spent executing 1 pre-partial-flushes;
    3200 nanoseconds spent executing 1 partial-flushes (flushing a total of 0 entities and 0 collections)
}
2026-04-29 13:35:22.653 INFO  [http-nio-8080-exec-3] o.h.e.i.StatisticalLoggingSessionEventListener - Session Metrics {
    1230400 nanoseconds spent acquiring 1 JDBC connections;
    0 nanoseconds spent releasing 0 JDBC connections;
    1575000 nanoseconds spent preparing 2 JDBC statements;
    2140100 nanoseconds spent executing 1 JDBC statements;
    0 nanoseconds spent executing 0 JDBC batches;
    0 nanoseconds spent performing 0 L2C puts;
    0 nanoseconds spent performing 0 L2C hits;
    0 nanoseconds spent performing 0 L2C misses;
    0 nanoseconds spent executing 0 flushes (flushing a total of 0 entities and 0 collections);
    0 nanoseconds spent executing 0 pre-partial-flushes;
    0 nanoseconds spent executing 0 partial-flushes (flushing a total of 0 entities and 0 collections)
}
2026-04-29 13:35:22.659 INFO  [http-nio-8080-exec-8] o.h.e.i.StatisticalLoggingSessionEventListener - Session Metrics {
    66100 nanoseconds spent acquiring 1 JDBC connections;
    0 nanoseconds spent releasing 0 JDBC connections;
    369400 nanoseconds spent preparing 2 JDBC statements;
    4482200 nanoseconds spent executing 1 JDBC statements;
    0 nanoseconds spent executing 0 JDBC batches;
    0 nanoseconds spent performing 0 L2C puts;
    0 nanoseconds spent performing 0 L2C hits;
    0 nanoseconds spent performing 0 L2C misses;
    0 nanoseconds spent executing 0 flushes (flushing a total of 0 entities and 0 collections);
    0 nanoseconds spent executing 0 pre-partial-flushes;
    0 nanoseconds spent executing 0 partial-flushes (flushing a total of 0 entities and 0 collections)
}
2026-04-29 13:37:39.064 INFO  [http-nio-8080-exec-9] o.h.e.i.StatisticalLoggingSessionEventListener - Session Metrics {
    1064800 nanoseconds spent acquiring 1 JDBC connections;
    0 nanoseconds spent releasing 0 JDBC connections;
    982600 nanoseconds spent preparing 1 JDBC statements;
    4011700 nanoseconds spent executing 1 JDBC statements;
    0 nanoseconds spent executing 0 JDBC batches;
    0 nanoseconds spent performing 0 L2C puts;
    0 nanoseconds spent performing 0 L2C hits;
    0 nanoseconds spent performing 0 L2C misses;
    782000 nanoseconds spent executing 1 flushes (flushing a total of 2 entities and 1 collections);
    6900 nanoseconds spent executing 1 pre-partial-flushes;
    4900 nanoseconds spent executing 1 partial-flushes (flushing a total of 0 entities and 0 collections)
}
2026-04-29 13:37:39.206 INFO  [http-nio-8080-exec-2] o.h.e.i.StatisticalLoggingSessionEventListener - Session Metrics {
    845100 nanoseconds spent acquiring 1 JDBC connections;
    0 nanoseconds spent releasing 0 JDBC connections;
    1303700 nanoseconds spent preparing 2 JDBC statements;
    2803400 nanoseconds spent executing 1 JDBC statements;
    0 nanoseconds spent executing 0 JDBC batches;
    0 nanoseconds spent performing 0 L2C puts;
    0 nanoseconds spent performing 0 L2C hits;
    0 nanoseconds spent performing 0 L2C misses;
    0 nanoseconds spent executing 0 flushes (flushing a total of 0 entities and 0 collections);
    0 nanoseconds spent executing 0 pre-partial-flushes;
    0 nanoseconds spent executing 0 partial-flushes (flushing a total of 0 entities and 0 collections)
}
2026-04-29 13:37:39.206 INFO  [http-nio-8080-exec-1] o.h.e.i.StatisticalLoggingSessionEventListener - Session Metrics {
    146100 nanoseconds spent acquiring 1 JDBC connections;
    0 nanoseconds spent releasing 0 JDBC connections;
    644000 nanoseconds spent preparing 2 JDBC statements;
    3414900 nanoseconds spent executing 1 JDBC statements;
    0 nanoseconds spent executing 0 JDBC batches;
    0 nanoseconds spent performing 0 L2C puts;
    0 nanoseconds spent performing 0 L2C hits;
    0 nanoseconds spent performing 0 L2C misses;
    0 nanoseconds spent executing 0 flushes (flushing a total of 0 entities and 0 collections);
    0 nanoseconds spent executing 0 pre-partial-flushes;
    0 nanoseconds spent executing 0 partial-flushes (flushing a total of 0 entities and 0 collections)
}
2026-04-29 13:46:00.532 INFO  [SpringApplicationShutdownHook] o.s.b.w.e.tomcat.GracefulShutdown - Commencing graceful shutdown. Waiting for active requests to complete
2026-04-29 13:46:00.790 INFO  [tomcat-shutdown] o.s.b.w.e.tomcat.GracefulShutdown - Graceful shutdown complete
2026-04-29 13:46:00.851 INFO  [SpringApplicationShutdownHook] o.s.o.j.LocalContainerEntityManagerFactoryBean - Closing JPA EntityManagerFactory for persistence unit 'default'
2026-04-29 13:46:00.855 INFO  [SpringApplicationShutdownHook] com.zaxxer.hikari.HikariDataSource - HikariPool-1 - Shutdown initiated...
2026-04-29 13:46:13.000 INFO  [main] t.report.mainapp.MainAppApplication - Starting MainAppApplication using Java 18.0.2 with PID 7392 (D:\06-05-2025\report\main-app\target\classes started by Precision 7540 in D:\06-05-2025\report)
2026-04-29 13:46:13.002 INFO  [main] t.report.mainapp.MainAppApplication - No active profile set, falling back to 1 default profile: "default"
2026-04-29 13:46:14.092 INFO  [main] o.s.d.r.c.RepositoryConfigurationDelegate - Multiple Spring Data modules found, entering strict repository configuration mode
2026-04-29 13:46:14.094 INFO  [main] o.s.d.r.c.RepositoryConfigurationDelegate - Bootstrapping Spring Data JPA repositories in DEFAULT mode.
2026-04-29 13:46:14.118 INFO  [main] o.s.d.r.c.RepositoryConfigurationDelegate - Finished Spring Data repository scanning in 16 ms. Found 0 JPA repository interfaces.
2026-04-29 13:46:14.130 INFO  [main] o.s.d.r.c.RepositoryConfigurationDelegate - Multiple Spring Data modules found, entering strict repository configuration mode
2026-04-29 13:46:14.131 INFO  [main] o.s.d.r.c.RepositoryConfigurationDelegate - Bootstrapping Spring Data Redis repositories in DEFAULT mode.
2026-04-29 13:46:14.144 INFO  [main] o.s.d.r.c.RepositoryConfigurationDelegate - Finished Spring Data repository scanning in 5 ms. Found 0 Redis repository interfaces.
2026-04-29 13:46:14.743 INFO  [main] o.s.b.w.e.tomcat.TomcatWebServer - Tomcat initialized with port 8080 (http)
2026-04-29 13:46:14.752 INFO  [main] o.a.coyote.http11.Http11NioProtocol - Initializing ProtocolHandler ["http-nio-8080"]
2026-04-29 13:46:14.754 INFO  [main] o.a.catalina.core.StandardService - Starting service [Tomcat]
2026-04-29 13:46:14.754 INFO  [main] o.a.catalina.core.StandardEngine - Starting Servlet engine: [Apache Tomcat/10.1.42]
2026-04-29 13:46:14.846 INFO  [main] o.a.c.c.C.[Tomcat].[localhost].[/] - Initializing Spring embedded WebApplicationContext
2026-04-29 13:46:14.846 INFO  [main] o.s.b.w.s.c.ServletWebServerApplicationContext - Root WebApplicationContext: initialization completed in 1801 ms
2026-04-29 13:46:15.291 INFO  [main] com.zaxxer.hikari.HikariDataSource - HikariPool-1 - Starting...
2026-04-29 13:46:15.717 INFO  [main] com.zaxxer.hikari.pool.HikariPool - HikariPool-1 - Added connection oracle.jdbc.driver.T4CConnection@d08f85a
2026-04-29 13:46:15.718 INFO  [main] com.zaxxer.hikari.HikariDataSource - HikariPool-1 - Start completed.
2026-04-29 13:46:15.749 INFO  [main] o.h.jpa.internal.util.LogHelper - HHH000204: Processing PersistenceUnitInfo [name: default]
2026-04-29 13:46:15.793 INFO  [main] org.hibernate.Version - HHH000412: Hibernate ORM core version 6.6.18.Final
2026-04-29 13:46:15.831 INFO  [main] o.h.c.i.RegionFactoryInitiator - HHH000026: Second-level cache disabled
2026-04-29 13:46:16.090 INFO  [main] o.s.o.j.p.SpringPersistenceUnitInfo - No LoadTimeWeaver setup: ignoring JPA class transformer
2026-04-29 13:46:16.339 INFO  [main] o.hibernate.orm.connections.pooling - HHH10001005: Database info:
	Database JDBC URL [Connecting through datasource 'HikariDataSource (HikariPool-1)']
	Database driver: undefined/unknown
	Database version: 19.3
	Autocommit mode: undefined/unknown
	Isolation level: undefined/unknown
	Minimum pool size: undefined/unknown
	Maximum pool size: undefined/unknown
2026-04-29 13:46:17.187 INFO  [main] o.h.e.t.j.p.i.JtaPlatformInitiator - HHH000489: No JTA platform available (set 'hibernate.transaction.jta.platform' to enable JTA platform integration)
2026-04-29 13:46:17.192 INFO  [main] o.s.o.j.LocalContainerEntityManagerFactoryBean - Initialized JPA EntityManagerFactory for persistence unit 'default'
2026-04-29 13:46:18.692 INFO  [main] o.s.b.a.e.web.EndpointLinksResolver - Exposing 3 endpoints beneath base path '/actuator'
2026-04-29 13:46:18.773 INFO  [main] o.a.coyote.http11.Http11NioProtocol - Starting ProtocolHandler ["http-nio-8080"]
2026-04-29 13:46:18.789 INFO  [main] o.s.b.w.e.tomcat.TomcatWebServer - Tomcat started on port 8080 (http) with context path '/'
2026-04-29 13:46:18.984 INFO  [main] t.report.mainapp.MainAppApplication - Started MainAppApplication in 6.555 seconds (process running for 7.218)
2026-04-29 13:46:19.602 INFO  [RMI TCP Connection(2)-169.254.31.210] o.a.c.c.C.[Tomcat].[localhost].[/] - Initializing Spring DispatcherServlet 'dispatcherServlet'
2026-04-29 13:46:19.602 INFO  [RMI TCP Connection(2)-169.254.31.210] o.s.web.servlet.DispatcherServlet - Initializing Servlet 'dispatcherServlet'
2026-04-29 13:46:19.604 INFO  [RMI TCP Connection(2)-169.254.31.210] o.s.web.servlet.DispatcherServlet - Completed initialization in 2 ms
2026-04-29 13:46:26.112 INFO  [http-nio-8080-exec-1] o.h.e.i.StatisticalLoggingSessionEventListener - Session Metrics {
    1781600 nanoseconds spent acquiring 1 JDBC connections;
    0 nanoseconds spent releasing 0 JDBC connections;
    23725700 nanoseconds spent preparing 1 JDBC statements;
    11572700 nanoseconds spent executing 1 JDBC statements;
    0 nanoseconds spent executing 0 JDBC batches;
    0 nanoseconds spent performing 0 L2C puts;
    0 nanoseconds spent performing 0 L2C hits;
    0 nanoseconds spent performing 0 L2C misses;
    11497200 nanoseconds spent executing 1 flushes (flushing a total of 2 entities and 1 collections);
    26800 nanoseconds spent executing 1 pre-partial-flushes;
    9100 nanoseconds spent executing 1 partial-flushes (flushing a total of 0 entities and 0 collections)
}
2026-04-29 13:46:26.332 INFO  [http-nio-8080-exec-4] o.h.e.i.StatisticalLoggingSessionEventListener - Session Metrics {
    35600 nanoseconds spent acquiring 1 JDBC connections;
    0 nanoseconds spent releasing 0 JDBC connections;
    19825500 nanoseconds spent preparing 2 JDBC statements;
    2438500 nanoseconds spent executing 1 JDBC statements;
    0 nanoseconds spent executing 0 JDBC batches;
    0 nanoseconds spent performing 0 L2C puts;
    0 nanoseconds spent performing 0 L2C hits;
    0 nanoseconds spent performing 0 L2C misses;
    0 nanoseconds spent executing 0 flushes (flushing a total of 0 entities and 0 collections);
    0 nanoseconds spent executing 0 pre-partial-flushes;
    0 nanoseconds spent executing 0 partial-flushes (flushing a total of 0 entities and 0 collections)
}
2026-04-29 13:46:26.332 INFO  [http-nio-8080-exec-6] o.h.e.i.StatisticalLoggingSessionEventListener - Session Metrics {
    925500 nanoseconds spent acquiring 1 JDBC connections;
    0 nanoseconds spent releasing 0 JDBC connections;
    20326400 nanoseconds spent preparing 2 JDBC statements;
    2920900 nanoseconds spent executing 1 JDBC statements;
    0 nanoseconds spent executing 0 JDBC batches;
    0 nanoseconds spent performing 0 L2C puts;
    0 nanoseconds spent performing 0 L2C hits;
    0 nanoseconds spent performing 0 L2C misses;
    0 nanoseconds spent executing 0 flushes (flushing a total of 0 entities and 0 collections);
    0 nanoseconds spent executing 0 pre-partial-flushes;
    0 nanoseconds spent executing 0 partial-flushes (flushing a total of 0 entities and 0 collections)
}
2026-04-29 13:47:02.326 INFO  [http-nio-8080-exec-5] o.h.e.i.StatisticalLoggingSessionEventListener - Session Metrics {
    956900 nanoseconds spent acquiring 1 JDBC connections;
    0 nanoseconds spent releasing 0 JDBC connections;
    2106200 nanoseconds spent preparing 3 JDBC statements;
    10988800 nanoseconds spent executing 3 JDBC statements;
    0 nanoseconds spent executing 0 JDBC batches;
    0 nanoseconds spent performing 0 L2C puts;
    0 nanoseconds spent performing 0 L2C hits;
    0 nanoseconds spent performing 0 L2C misses;
    0 nanoseconds spent executing 0 flushes (flushing a total of 0 entities and 0 collections);
    0 nanoseconds spent executing 0 pre-partial-flushes;
    0 nanoseconds spent executing 0 partial-flushes (flushing a total of 0 entities and 0 collections)
}
2026-04-29 13:47:14.502 INFO  [http-nio-8080-exec-3] o.h.e.i.StatisticalLoggingSessionEventListener - Session Metrics {
    2062600 nanoseconds spent acquiring 1 JDBC connections;
    0 nanoseconds spent releasing 0 JDBC connections;
    217800 nanoseconds spent preparing 1 JDBC statements;
    8653400 nanoseconds spent executing 1 JDBC statements;
    0 nanoseconds spent executing 0 JDBC batches;
    0 nanoseconds spent performing 0 L2C puts;
    0 nanoseconds spent performing 0 L2C hits;
    0 nanoseconds spent performing 0 L2C misses;
    805700 nanoseconds spent executing 1 flushes (flushing a total of 2 entities and 1 collections);
    7500 nanoseconds spent executing 1 pre-partial-flushes;
    3400 nanoseconds spent executing 1 partial-flushes (flushing a total of 0 entities and 0 collections)
}
2026-04-29 13:47:14.704 INFO  [http-nio-8080-exec-7] o.h.e.i.StatisticalLoggingSessionEventListener - Session Metrics {
    49600 nanoseconds spent acquiring 1 JDBC connections;
    0 nanoseconds spent releasing 0 JDBC connections;
    361900 nanoseconds spent preparing 2 JDBC statements;
    2660500 nanoseconds spent executing 1 JDBC statements;
    0 nanoseconds spent executing 0 JDBC batches;
    0 nanoseconds spent performing 0 L2C puts;
    0 nanoseconds spent performing 0 L2C hits;
    0 nanoseconds spent performing 0 L2C misses;
    0 nanoseconds spent executing 0 flushes (flushing a total of 0 entities and 0 collections);
    0 nanoseconds spent executing 0 pre-partial-flushes;
    0 nanoseconds spent executing 0 partial-flushes (flushing a total of 0 entities and 0 collections)
}
2026-04-29 13:47:14.708 INFO  [http-nio-8080-exec-8] o.h.e.i.StatisticalLoggingSessionEventListener - Session Metrics {
    1005800 nanoseconds spent acquiring 1 JDBC connections;
    0 nanoseconds spent releasing 0 JDBC connections;
    1717000 nanoseconds spent preparing 2 JDBC statements;
    3704200 nanoseconds spent executing 1 JDBC statements;
    0 nanoseconds spent executing 0 JDBC batches;
    0 nanoseconds spent performing 0 L2C puts;
    0 nanoseconds spent performing 0 L2C hits;
    0 nanoseconds spent performing 0 L2C misses;
    0 nanoseconds spent executing 0 flushes (flushing a total of 0 entities and 0 collections);
    0 nanoseconds spent executing 0 pre-partial-flushes;
    0 nanoseconds spent executing 0 partial-flushes (flushing a total of 0 entities and 0 collections)
}
2026-04-29 13:47:17.299 INFO  [http-nio-8080-exec-9] o.h.e.i.StatisticalLoggingSessionEventListener - Session Metrics {
    940200 nanoseconds spent acquiring 1 JDBC connections;
    0 nanoseconds spent releasing 0 JDBC connections;
    1515600 nanoseconds spent preparing 3 JDBC statements;
    4358300 nanoseconds spent executing 3 JDBC statements;
    0 nanoseconds spent executing 0 JDBC batches;
    0 nanoseconds spent performing 0 L2C puts;
    0 nanoseconds spent performing 0 L2C hits;
    0 nanoseconds spent performing 0 L2C misses;
    0 nanoseconds spent executing 0 flushes (flushing a total of 0 entities and 0 collections);
    0 nanoseconds spent executing 0 pre-partial-flushes;
    0 nanoseconds spent executing 0 partial-flushes (flushing a total of 0 entities and 0 collections)
}
2026-04-29 13:49:07.559 INFO  [http-nio-8080-exec-1] o.h.e.i.StatisticalLoggingSessionEventListener - Session Metrics {
    2729900 nanoseconds spent acquiring 1 JDBC connections;
    0 nanoseconds spent releasing 0 JDBC connections;
    217700 nanoseconds spent preparing 1 JDBC statements;
    4337100 nanoseconds spent executing 1 JDBC statements;
    0 nanoseconds spent executing 0 JDBC batches;
    0 nanoseconds spent performing 0 L2C puts;
    0 nanoseconds spent performing 0 L2C hits;
    0 nanoseconds spent performing 0 L2C misses;
    397800 nanoseconds spent executing 1 flushes (flushing a total of 2 entities and 1 collections);
    8100 nanoseconds spent executing 1 pre-partial-flushes;
    3600 nanoseconds spent executing 1 partial-flushes (flushing a total of 0 entities and 0 collections)
}
2026-04-29 13:49:07.721 INFO  [http-nio-8080-exec-6] o.h.e.i.StatisticalLoggingSessionEventListener - Session Metrics {
    1754700 nanoseconds spent acquiring 1 JDBC connections;
    0 nanoseconds spent releasing 0 JDBC connections;
    2133500 nanoseconds spent preparing 2 JDBC statements;
    5485200 nanoseconds spent executing 1 JDBC statements;
    0 nanoseconds spent executing 0 JDBC batches;
    0 nanoseconds spent performing 0 L2C puts;
    0 nanoseconds spent performing 0 L2C hits;
    0 nanoseconds spent performing 0 L2C misses;
    0 nanoseconds spent executing 0 flushes (flushing a total of 0 entities and 0 collections);
    0 nanoseconds spent executing 0 pre-partial-flushes;
    0 nanoseconds spent executing 0 partial-flushes (flushing a total of 0 entities and 0 collections)
}
2026-04-29 13:49:07.724 INFO  [http-nio-8080-exec-4] o.h.e.i.StatisticalLoggingSessionEventListener - Session Metrics {
    33900 nanoseconds spent acquiring 1 JDBC connections;
    0 nanoseconds spent releasing 0 JDBC connections;
    407500 nanoseconds spent preparing 2 JDBC statements;
    3576700 nanoseconds spent executing 1 JDBC statements;
    0 nanoseconds spent executing 0 JDBC batches;
    0 nanoseconds spent performing 0 L2C puts;
    0 nanoseconds spent performing 0 L2C hits;
    0 nanoseconds spent performing 0 L2C misses;
    0 nanoseconds spent executing 0 flushes (flushing a total of 0 entities and 0 collections);
    0 nanoseconds spent executing 0 pre-partial-flushes;
    0 nanoseconds spent executing 0 partial-flushes (flushing a total of 0 entities and 0 collections)
}
2026-04-29 13:49:19.926 INFO  [http-nio-8080-exec-10] o.h.e.i.StatisticalLoggingSessionEventListener - Session Metrics {
    735300 nanoseconds spent acquiring 1 JDBC connections;
    0 nanoseconds spent releasing 0 JDBC connections;
    1456100 nanoseconds spent preparing 5 JDBC statements;
    11156800 nanoseconds spent executing 5 JDBC statements;
    0 nanoseconds spent executing 0 JDBC batches;
    0 nanoseconds spent performing 0 L2C puts;
    0 nanoseconds spent performing 0 L2C hits;
    0 nanoseconds spent performing 0 L2C misses;
    18908700 nanoseconds spent executing 1 flushes (flushing a total of 5 entities and 1 collections);
    0 nanoseconds spent executing 0 pre-partial-flushes;
    0 nanoseconds spent executing 0 partial-flushes (flushing a total of 0 entities and 0 collections)
}
2026-04-29 13:49:24.989 INFO  [http-nio-8080-exec-5] o.h.e.i.StatisticalLoggingSessionEventListener - Session Metrics {
    1325000 nanoseconds spent acquiring 1 JDBC connections;
    0 nanoseconds spent releasing 0 JDBC connections;
    339500 nanoseconds spent preparing 1 JDBC statements;
    3758800 nanoseconds spent executing 1 JDBC statements;
    0 nanoseconds spent executing 0 JDBC batches;
    0 nanoseconds spent performing 0 L2C puts;
    0 nanoseconds spent performing 0 L2C hits;
    0 nanoseconds spent performing 0 L2C misses;
    319800 nanoseconds spent executing 1 flushes (flushing a total of 2 entities and 1 collections);
    7100 nanoseconds spent executing 1 pre-partial-flushes;
    3700 nanoseconds spent executing 1 partial-flushes (flushing a total of 0 entities and 0 collections)
}
2026-04-29 13:49:25.133 INFO  [http-nio-8080-exec-3] o.h.e.i.StatisticalLoggingSessionEventListener - Session Metrics {
    33700 nanoseconds spent acquiring 1 JDBC connections;
    0 nanoseconds spent releasing 0 JDBC connections;
    407300 nanoseconds spent preparing 2 JDBC statements;
    2682500 nanoseconds spent executing 1 JDBC statements;
    0 nanoseconds spent executing 0 JDBC batches;
    0 nanoseconds spent performing 0 L2C puts;
    0 nanoseconds spent performing 0 L2C hits;
    0 nanoseconds spent performing 0 L2C misses;
    0 nanoseconds spent executing 0 flushes (flushing a total of 0 entities and 0 collections);
    0 nanoseconds spent executing 0 pre-partial-flushes;
    0 nanoseconds spent executing 0 partial-flushes (flushing a total of 0 entities and 0 collections)
}
2026-04-29 13:49:25.139 INFO  [http-nio-8080-exec-7] o.h.e.i.StatisticalLoggingSessionEventListener - Session Metrics {
    846000 nanoseconds spent acquiring 1 JDBC connections;
    0 nanoseconds spent releasing 0 JDBC connections;
    1133700 nanoseconds spent preparing 2 JDBC statements;
    2374800 nanoseconds spent executing 1 JDBC statements;
    0 nanoseconds spent executing 0 JDBC batches;
    0 nanoseconds spent performing 0 L2C puts;
    0 nanoseconds spent performing 0 L2C hits;
    0 nanoseconds spent performing 0 L2C misses;
    0 nanoseconds spent executing 0 flushes (flushing a total of 0 entities and 0 collections);
    0 nanoseconds spent executing 0 pre-partial-flushes;
    0 nanoseconds spent executing 0 partial-flushes (flushing a total of 0 entities and 0 collections)
}
2026-04-29 13:49:38.169 INFO  [http-nio-8080-exec-8] o.h.e.i.StatisticalLoggingSessionEventListener - Session Metrics {
    1621500 nanoseconds spent acquiring 1 JDBC connections;
    0 nanoseconds spent releasing 0 JDBC connections;
    190400 nanoseconds spent preparing 1 JDBC statements;
    4121500 nanoseconds spent executing 1 JDBC statements;
    0 nanoseconds spent executing 0 JDBC batches;
    0 nanoseconds spent performing 0 L2C puts;
    0 nanoseconds spent performing 0 L2C hits;
    0 nanoseconds spent performing 0 L2C misses;
    431800 nanoseconds spent executing 1 flushes (flushing a total of 2 entities and 1 collections);
    10900 nanoseconds spent executing 1 pre-partial-flushes;
    4900 nanoseconds spent executing 1 partial-flushes (flushing a total of 0 entities and 0 collections)
}
2026-04-29 13:49:38.311 INFO  [http-nio-8080-exec-9] o.h.e.i.StatisticalLoggingSessionEventListener - Session Metrics {
    1031200 nanoseconds spent acquiring 1 JDBC connections;
    0 nanoseconds spent releasing 0 JDBC connections;
    1351000 nanoseconds spent preparing 2 JDBC statements;
    2479100 nanoseconds spent executing 1 JDBC statements;
    0 nanoseconds spent executing 0 JDBC batches;
    0 nanoseconds spent performing 0 L2C puts;
    0 nanoseconds spent performing 0 L2C hits;
    0 nanoseconds spent performing 0 L2C misses;
    0 nanoseconds spent executing 0 flushes (flushing a total of 0 entities and 0 collections);
    0 nanoseconds spent executing 0 pre-partial-flushes;
    0 nanoseconds spent executing 0 partial-flushes (flushing a total of 0 entities and 0 collections)
}
2026-04-29 13:49:38.316 INFO  [http-nio-8080-exec-2] o.h.e.i.StatisticalLoggingSessionEventListener - Session Metrics {
    58800 nanoseconds spent acquiring 1 JDBC connections;
    0 nanoseconds spent releasing 0 JDBC connections;
    312200 nanoseconds spent preparing 2 JDBC statements;
    4201300 nanoseconds spent executing 1 JDBC statements;
    0 nanoseconds spent executing 0 JDBC batches;
    0 nanoseconds spent performing 0 L2C puts;
    0 nanoseconds spent performing 0 L2C hits;
    0 nanoseconds spent performing 0 L2C misses;
    0 nanoseconds spent executing 0 flushes (flushing a total of 0 entities and 0 collections);
    0 nanoseconds spent executing 0 pre-partial-flushes;
    0 nanoseconds spent executing 0 partial-flushes (flushing a total of 0 entities and 0 collections)
}
2026-04-29 13:49:59.119 INFO  [http-nio-8080-exec-1] o.h.e.i.StatisticalLoggingSessionEventListener - Session Metrics {
    0 nanoseconds spent acquiring 0 JDBC connections;
    0 nanoseconds spent releasing 0 JDBC connections;
    0 nanoseconds spent preparing 0 JDBC statements;
    0 nanoseconds spent executing 0 JDBC statements;
    0 nanoseconds spent executing 0 JDBC batches;
    0 nanoseconds spent performing 0 L2C puts;
    0 nanoseconds spent performing 0 L2C hits;
    0 nanoseconds spent performing 0 L2C misses;
    0 nanoseconds spent executing 0 flushes (flushing a total of 0 entities and 0 collections);
    0 nanoseconds spent executing 0 pre-partial-flushes;
    0 nanoseconds spent executing 0 partial-flushes (flushing a total of 0 entities and 0 collections)
}
2026-04-29 13:50:01.805 INFO  [http-nio-8080-exec-6] o.h.e.i.StatisticalLoggingSessionEventListener - Session Metrics {
    0 nanoseconds spent acquiring 0 JDBC connections;
    0 nanoseconds spent releasing 0 JDBC connections;
    0 nanoseconds spent preparing 0 JDBC statements;
    0 nanoseconds spent executing 0 JDBC statements;
    0 nanoseconds spent executing 0 JDBC batches;
    0 nanoseconds spent performing 0 L2C puts;
    0 nanoseconds spent performing 0 L2C hits;
    0 nanoseconds spent performing 0 L2C misses;
    0 nanoseconds spent executing 0 flushes (flushing a total of 0 entities and 0 collections);
    0 nanoseconds spent executing 0 pre-partial-flushes;
    0 nanoseconds spent executing 0 partial-flushes (flushing a total of 0 entities and 0 collections)
}
2026-04-29 13:50:10.482 INFO  [http-nio-8080-exec-4] o.h.e.i.StatisticalLoggingSessionEventListener - Session Metrics {
    1926800 nanoseconds spent acquiring 1 JDBC connections;
    0 nanoseconds spent releasing 0 JDBC connections;
    168800 nanoseconds spent preparing 1 JDBC statements;
    2344400 nanoseconds spent executing 1 JDBC statements;
    0 nanoseconds spent executing 0 JDBC batches;
    0 nanoseconds spent performing 0 L2C puts;
    0 nanoseconds spent performing 0 L2C hits;
    0 nanoseconds spent performing 0 L2C misses;
    310100 nanoseconds spent executing 1 flushes (flushing a total of 2 entities and 1 collections);
    6300 nanoseconds spent executing 1 pre-partial-flushes;
    2500 nanoseconds spent executing 1 partial-flushes (flushing a total of 0 entities and 0 collections)
}
2026-04-29 13:50:10.482 INFO  [http-nio-8080-exec-10] o.h.e.i.StatisticalLoggingSessionEventListener - Session Metrics {
    978700 nanoseconds spent acquiring 1 JDBC connections;
    0 nanoseconds spent releasing 0 JDBC connections;
    144800 nanoseconds spent preparing 1 JDBC statements;
    2192500 nanoseconds spent executing 1 JDBC statements;
    0 nanoseconds spent executing 0 JDBC batches;
    0 nanoseconds spent performing 0 L2C puts;
    0 nanoseconds spent performing 0 L2C hits;
    0 nanoseconds spent performing 0 L2C misses;
    307700 nanoseconds spent executing 1 flushes (flushing a total of 2 entities and 1 collections);
    4500 nanoseconds spent executing 1 pre-partial-flushes;
    2800 nanoseconds spent executing 1 partial-flushes (flushing a total of 0 entities and 0 collections)
}
2026-04-29 13:50:10.763 INFO  [http-nio-8080-exec-5] o.h.e.i.StatisticalLoggingSessionEventListener - Session Metrics {
    211300 nanoseconds spent acquiring 1 JDBC connections;
    0 nanoseconds spent releasing 0 JDBC connections;
    534500 nanoseconds spent preparing 2 JDBC statements;
    8341800 nanoseconds spent executing 1 JDBC statements;
    0 nanoseconds spent executing 0 JDBC batches;
    0 nanoseconds spent performing 0 L2C puts;
    0 nanoseconds spent performing 0 L2C hits;
    0 nanoseconds spent performing 0 L2C misses;
    0 nanoseconds spent executing 0 flushes (flushing a total of 0 entities and 0 collections);
    0 nanoseconds spent executing 0 pre-partial-flushes;
    0 nanoseconds spent executing 0 partial-flushes (flushing a total of 0 entities and 0 collections)
}
2026-04-29 13:50:10.765 INFO  [http-nio-8080-exec-3] o.h.e.i.StatisticalLoggingSessionEventListener - Session Metrics {
    316100 nanoseconds spent acquiring 1 JDBC connections;
    0 nanoseconds spent releasing 0 JDBC connections;
    780800 nanoseconds spent preparing 2 JDBC statements;
    5232700 nanoseconds spent executing 1 JDBC statements;
    0 nanoseconds spent executing 0 JDBC batches;
    0 nanoseconds spent performing 0 L2C puts;
    0 nanoseconds spent performing 0 L2C hits;
    0 nanoseconds spent performing 0 L2C misses;
    0 nanoseconds spent executing 0 flushes (flushing a total of 0 entities and 0 collections);
    0 nanoseconds spent executing 0 pre-partial-flushes;
    0 nanoseconds spent executing 0 partial-flushes (flushing a total of 0 entities and 0 collections)
}
2026-04-29 13:50:28.686 INFO  [http-nio-8080-exec-7] o.h.e.i.StatisticalLoggingSessionEventListener - Session Metrics {
    825100 nanoseconds spent acquiring 1 JDBC connections;
    0 nanoseconds spent releasing 0 JDBC connections;
    822600 nanoseconds spent preparing 6 JDBC statements;
    29736300 nanoseconds spent executing 6 JDBC statements;
    0 nanoseconds spent executing 0 JDBC batches;
    0 nanoseconds spent performing 0 L2C puts;
    0 nanoseconds spent performing 0 L2C hits;
    0 nanoseconds spent performing 0 L2C misses;
    2505800 nanoseconds spent executing 2 flushes (flushing a total of 8 entities and 2 collections);
    226200 nanoseconds spent executing 3 pre-partial-flushes;
    774400 nanoseconds spent executing 4 partial-flushes (flushing a total of 10 entities and 10 collections)
}
2026-04-29 13:50:33.801 INFO  [http-nio-8080-exec-8] o.h.e.i.StatisticalLoggingSessionEventListener - Session Metrics {
    720700 nanoseconds spent acquiring 1 JDBC connections;
    0 nanoseconds spent releasing 0 JDBC connections;
    175900 nanoseconds spent preparing 1 JDBC statements;
    2193900 nanoseconds spent executing 1 JDBC statements;
    0 nanoseconds spent executing 0 JDBC batches;
    0 nanoseconds spent performing 0 L2C puts;
    0 nanoseconds spent performing 0 L2C hits;
    0 nanoseconds spent performing 0 L2C misses;
    277400 nanoseconds spent executing 1 flushes (flushing a total of 2 entities and 1 collections);
    5700 nanoseconds spent executing 1 pre-partial-flushes;
    2100 nanoseconds spent executing 1 partial-flushes (flushing a total of 0 entities and 0 collections)
}
2026-04-29 13:50:33.989 INFO  [http-nio-8080-exec-2] o.h.e.i.StatisticalLoggingSessionEventListener - Session Metrics {
    42800 nanoseconds spent acquiring 1 JDBC connections;
    0 nanoseconds spent releasing 0 JDBC connections;
    381800 nanoseconds spent preparing 2 JDBC statements;
    11528200 nanoseconds spent executing 1 JDBC statements;
    0 nanoseconds spent executing 0 JDBC batches;
    0 nanoseconds spent performing 0 L2C puts;
    0 nanoseconds spent performing 0 L2C hits;
    0 nanoseconds spent performing 0 L2C misses;
    0 nanoseconds spent executing 0 flushes (flushing a total of 0 entities and 0 collections);
    0 nanoseconds spent executing 0 pre-partial-flushes;
    0 nanoseconds spent executing 0 partial-flushes (flushing a total of 0 entities and 0 collections)
}
2026-04-29 13:50:33.992 INFO  [http-nio-8080-exec-9] o.h.e.i.StatisticalLoggingSessionEventListener - Session Metrics {
    1217400 nanoseconds spent acquiring 1 JDBC connections;
    0 nanoseconds spent releasing 0 JDBC connections;
    1594600 nanoseconds spent preparing 2 JDBC statements;
    2806600 nanoseconds spent executing 1 JDBC statements;
    0 nanoseconds spent executing 0 JDBC batches;
    0 nanoseconds spent performing 0 L2C puts;
    0 nanoseconds spent performing 0 L2C hits;
    0 nanoseconds spent performing 0 L2C misses;
    0 nanoseconds spent executing 0 flushes (flushing a total of 0 entities and 0 collections);
    0 nanoseconds spent executing 0 pre-partial-flushes;
    0 nanoseconds spent executing 0 partial-flushes (flushing a total of 0 entities and 0 collections)
}
2026-04-29 13:50:47.434 INFO  [http-nio-8080-exec-1] o.h.e.i.StatisticalLoggingSessionEventListener - Session Metrics {
    0 nanoseconds spent acquiring 0 JDBC connections;
    0 nanoseconds spent releasing 0 JDBC connections;
    0 nanoseconds spent preparing 0 JDBC statements;
    0 nanoseconds spent executing 0 JDBC statements;
    0 nanoseconds spent executing 0 JDBC batches;
    0 nanoseconds spent performing 0 L2C puts;
    0 nanoseconds spent performing 0 L2C hits;
    0 nanoseconds spent performing 0 L2C misses;
    0 nanoseconds spent executing 0 flushes (flushing a total of 0 entities and 0 collections);
    0 nanoseconds spent executing 0 pre-partial-flushes;
    0 nanoseconds spent executing 0 partial-flushes (flushing a total of 0 entities and 0 collections)
}
2026-04-29 13:50:47.536 INFO  [http-nio-8080-exec-6] o.h.e.i.StatisticalLoggingSessionEventListener - Session Metrics {
    0 nanoseconds spent acquiring 0 JDBC connections;
    0 nanoseconds spent releasing 0 JDBC connections;
    0 nanoseconds spent preparing 0 JDBC statements;
    0 nanoseconds spent executing 0 JDBC statements;
    0 nanoseconds spent executing 0 JDBC batches;
    0 nanoseconds spent performing 0 L2C puts;
    0 nanoseconds spent performing 0 L2C hits;
    0 nanoseconds spent performing 0 L2C misses;
    0 nanoseconds spent executing 0 flushes (flushing a total of 0 entities and 0 collections);
    0 nanoseconds spent executing 0 pre-partial-flushes;
    0 nanoseconds spent executing 0 partial-flushes (flushing a total of 0 entities and 0 collections)
}
2026-04-29 13:50:52.491 INFO  [http-nio-8080-exec-10] o.h.e.i.StatisticalLoggingSessionEventListener - Session Metrics {
    845700 nanoseconds spent acquiring 1 JDBC connections;
    0 nanoseconds spent releasing 0 JDBC connections;
    181300 nanoseconds spent preparing 1 JDBC statements;
    3234600 nanoseconds spent executing 1 JDBC statements;
    0 nanoseconds spent executing 0 JDBC batches;
    0 nanoseconds spent performing 0 L2C puts;
    0 nanoseconds spent performing 0 L2C hits;
    0 nanoseconds spent performing 0 L2C misses;
    226300 nanoseconds spent executing 1 flushes (flushing a total of 2 entities and 1 collections);
    4200 nanoseconds spent executing 1 pre-partial-flushes;
    3600 nanoseconds spent executing 1 partial-flushes (flushing a total of 0 entities and 0 collections)
}
2026-04-29 13:50:52.495 INFO  [http-nio-8080-exec-4] o.h.e.i.StatisticalLoggingSessionEventListener - Session Metrics {
    2115400 nanoseconds spent acquiring 1 JDBC connections;
    0 nanoseconds spent releasing 0 JDBC connections;
    257600 nanoseconds spent preparing 1 JDBC statements;
    4867200 nanoseconds spent executing 1 JDBC statements;
    0 nanoseconds spent executing 0 JDBC batches;
    0 nanoseconds spent performing 0 L2C puts;
    0 nanoseconds spent performing 0 L2C hits;
    0 nanoseconds spent performing 0 L2C misses;
    252900 nanoseconds spent executing 1 flushes (flushing a total of 2 entities and 1 collections);
    7200 nanoseconds spent executing 1 pre-partial-flushes;
    6900 nanoseconds spent executing 1 partial-flushes (flushing a total of 0 entities and 0 collections)
}
2026-04-29 13:50:52.777 INFO  [http-nio-8080-exec-3] o.h.e.i.StatisticalLoggingSessionEventListener - Session Metrics {
    27000 nanoseconds spent acquiring 1 JDBC connections;
    0 nanoseconds spent releasing 0 JDBC connections;
    247500 nanoseconds spent preparing 2 JDBC statements;
    1864500 nanoseconds spent executing 1 JDBC statements;
    0 nanoseconds spent executing 0 JDBC batches;
    0 nanoseconds spent performing 0 L2C puts;
    0 nanoseconds spent performing 0 L2C hits;
    0 nanoseconds spent performing 0 L2C misses;
    0 nanoseconds spent executing 0 flushes (flushing a total of 0 entities and 0 collections);
    0 nanoseconds spent executing 0 pre-partial-flushes;
    0 nanoseconds spent executing 0 partial-flushes (flushing a total of 0 entities and 0 collections)
}
2026-04-29 13:50:52.780 INFO  [http-nio-8080-exec-5] o.h.e.i.StatisticalLoggingSessionEventListener - Session Metrics {
    34700 nanoseconds spent acquiring 1 JDBC connections;
    0 nanoseconds spent releasing 0 JDBC connections;
    243600 nanoseconds spent preparing 2 JDBC statements;
    1757200 nanoseconds spent executing 1 JDBC statements;
    0 nanoseconds spent executing 0 JDBC batches;
    0 nanoseconds spent performing 0 L2C puts;
    0 nanoseconds spent performing 0 L2C hits;
    0 nanoseconds spent performing 0 L2C misses;
    0 nanoseconds spent executing 0 flushes (flushing a total of 0 entities and 0 collections);
    0 nanoseconds spent executing 0 pre-partial-flushes;
    0 nanoseconds spent executing 0 partial-flushes (flushing a total of 0 entities and 0 collections)
}
2026-04-29 13:51:01.438 INFO  [http-nio-8080-exec-7] o.h.e.i.StatisticalLoggingSessionEventListener - Session Metrics {
    1529900 nanoseconds spent acquiring 1 JDBC connections;
    0 nanoseconds spent releasing 0 JDBC connections;
    2275500 nanoseconds spent preparing 5 JDBC statements;
    39561400 nanoseconds spent executing 5 JDBC statements;
    0 nanoseconds spent executing 0 JDBC batches;
    0 nanoseconds spent performing 0 L2C puts;
    0 nanoseconds spent performing 0 L2C hits;
    0 nanoseconds spent performing 0 L2C misses;
    2483200 nanoseconds spent executing 1 flushes (flushing a total of 5 entities and 1 collections);
    0 nanoseconds spent executing 0 pre-partial-flushes;
    0 nanoseconds spent executing 0 partial-flushes (flushing a total of 0 entities and 0 collections)
}
2026-04-29 13:51:15.384 INFO  [http-nio-8080-exec-8] o.h.e.i.StatisticalLoggingSessionEventListener - Session Metrics {
    1329900 nanoseconds spent acquiring 1 JDBC connections;
    0 nanoseconds spent releasing 0 JDBC connections;
    244600 nanoseconds spent preparing 1 JDBC statements;
    2828900 nanoseconds spent executing 1 JDBC statements;
    0 nanoseconds spent executing 0 JDBC batches;
    0 nanoseconds spent performing 0 L2C puts;
    0 nanoseconds spent performing 0 L2C hits;
    0 nanoseconds spent performing 0 L2C misses;
    225400 nanoseconds spent executing 1 flushes (flushing a total of 2 entities and 1 collections);
    8200 nanoseconds spent executing 1 pre-partial-flushes;
    35600 nanoseconds spent executing 1 partial-flushes (flushing a total of 0 entities and 0 collections)
}
2026-04-29 13:51:15.529 INFO  [http-nio-8080-exec-2] o.h.e.i.StatisticalLoggingSessionEventListener - Session Metrics {
    31100 nanoseconds spent acquiring 1 JDBC connections;
    0 nanoseconds spent releasing 0 JDBC connections;
    324400 nanoseconds spent preparing 2 JDBC statements;
    7033500 nanoseconds spent executing 1 JDBC statements;
    0 nanoseconds spent executing 0 JDBC batches;
    0 nanoseconds spent performing 0 L2C puts;
    0 nanoseconds spent performing 0 L2C hits;
    0 nanoseconds spent performing 0 L2C misses;
    0 nanoseconds spent executing 0 flushes (flushing a total of 0 entities and 0 collections);
    0 nanoseconds spent executing 0 pre-partial-flushes;
    0 nanoseconds spent executing 0 partial-flushes (flushing a total of 0 entities and 0 collections)
}
2026-04-29 13:51:15.534 INFO  [http-nio-8080-exec-9] o.h.e.i.StatisticalLoggingSessionEventListener - Session Metrics {
    1693600 nanoseconds spent acquiring 1 JDBC connections;
    0 nanoseconds spent releasing 0 JDBC connections;
    1981200 nanoseconds spent preparing 2 JDBC statements;
    2328000 nanoseconds spent executing 1 JDBC statements;
    0 nanoseconds spent executing 0 JDBC batches;
    0 nanoseconds spent performing 0 L2C puts;
    0 nanoseconds spent performing 0 L2C hits;
    0 nanoseconds spent performing 0 L2C misses;
    0 nanoseconds spent executing 0 flushes (flushing a total of 0 entities and 0 collections);
    0 nanoseconds spent executing 0 pre-partial-flushes;
    0 nanoseconds spent executing 0 partial-flushes (flushing a total of 0 entities and 0 collections)
}
2026-04-29 13:51:31.777 INFO  [http-nio-8080-exec-1] o.h.e.i.StatisticalLoggingSessionEventListener - Session Metrics {
    1171900 nanoseconds spent acquiring 1 JDBC connections;
    0 nanoseconds spent releasing 0 JDBC connections;
    155400 nanoseconds spent preparing 1 JDBC statements;
    2517000 nanoseconds spent executing 1 JDBC statements;
    0 nanoseconds spent executing 0 JDBC batches;
    0 nanoseconds spent performing 0 L2C puts;
    0 nanoseconds spent performing 0 L2C hits;
    0 nanoseconds spent performing 0 L2C misses;
    225300 nanoseconds spent executing 1 flushes (flushing a total of 2 entities and 1 collections);
    6800 nanoseconds spent executing 1 pre-partial-flushes;
    3600 nanoseconds spent executing 1 partial-flushes (flushing a total of 0 entities and 0 collections)
}
2026-04-29 13:51:31.909 INFO  [http-nio-8080-exec-6] o.h.e.i.StatisticalLoggingSessionEventListener - Session Metrics {
    896300 nanoseconds spent acquiring 1 JDBC connections;
    0 nanoseconds spent releasing 0 JDBC connections;
    1150700 nanoseconds spent preparing 2 JDBC statements;
    1849900 nanoseconds spent executing 1 JDBC statements;
    0 nanoseconds spent executing 0 JDBC batches;
    0 nanoseconds spent performing 0 L2C puts;
    0 nanoseconds spent performing 0 L2C hits;
    0 nanoseconds spent performing 0 L2C misses;
    0 nanoseconds spent executing 0 flushes (flushing a total of 0 entities and 0 collections);
    0 nanoseconds spent executing 0 pre-partial-flushes;
    0 nanoseconds spent executing 0 partial-flushes (flushing a total of 0 entities and 0 collections)
}
2026-04-29 13:51:31.914 INFO  [http-nio-8080-exec-10] o.h.e.i.StatisticalLoggingSessionEventListener - Session Metrics {
    30000 nanoseconds spent acquiring 1 JDBC connections;
    0 nanoseconds spent releasing 0 JDBC connections;
    234400 nanoseconds spent preparing 2 JDBC statements;
    1838500 nanoseconds spent executing 1 JDBC statements;
    0 nanoseconds spent executing 0 JDBC batches;
    0 nanoseconds spent performing 0 L2C puts;
    0 nanoseconds spent performing 0 L2C hits;
    0 nanoseconds spent performing 0 L2C misses;
    0 nanoseconds spent executing 0 flushes (flushing a total of 0 entities and 0 collections);
    0 nanoseconds spent executing 0 pre-partial-flushes;
    0 nanoseconds spent executing 0 partial-flushes (flushing a total of 0 entities and 0 collections)
}
2026-04-29 13:51:37.485 INFO  [http-nio-8080-exec-4] o.h.e.i.StatisticalLoggingSessionEventListener - Session Metrics {
    0 nanoseconds spent acquiring 0 JDBC connections;
    0 nanoseconds spent releasing 0 JDBC connections;
    0 nanoseconds spent preparing 0 JDBC statements;
    0 nanoseconds spent executing 0 JDBC statements;
    0 nanoseconds spent executing 0 JDBC batches;
    0 nanoseconds spent performing 0 L2C puts;
    0 nanoseconds spent performing 0 L2C hits;
    0 nanoseconds spent performing 0 L2C misses;
    0 nanoseconds spent executing 0 flushes (flushing a total of 0 entities and 0 collections);
    0 nanoseconds spent executing 0 pre-partial-flushes;
    0 nanoseconds spent executing 0 partial-flushes (flushing a total of 0 entities and 0 collections)
}
2026-04-29 13:51:37.570 INFO  [http-nio-8080-exec-3] o.h.e.i.StatisticalLoggingSessionEventListener - Session Metrics {
    0 nanoseconds spent acquiring 0 JDBC connections;
    0 nanoseconds spent releasing 0 JDBC connections;
    0 nanoseconds spent preparing 0 JDBC statements;
    0 nanoseconds spent executing 0 JDBC statements;
    0 nanoseconds spent executing 0 JDBC batches;
    0 nanoseconds spent performing 0 L2C puts;
    0 nanoseconds spent performing 0 L2C hits;
    0 nanoseconds spent performing 0 L2C misses;
    0 nanoseconds spent executing 0 flushes (flushing a total of 0 entities and 0 collections);
    0 nanoseconds spent executing 0 pre-partial-flushes;
    0 nanoseconds spent executing 0 partial-flushes (flushing a total of 0 entities and 0 collections)
}
2026-04-29 13:51:42.434 INFO  [http-nio-8080-exec-5] o.h.e.i.StatisticalLoggingSessionEventListener - Session Metrics {
    683300 nanoseconds spent acquiring 1 JDBC connections;
    0 nanoseconds spent releasing 0 JDBC connections;
    173900 nanoseconds spent preparing 1 JDBC statements;
    1506100 nanoseconds spent executing 1 JDBC statements;
    0 nanoseconds spent executing 0 JDBC batches;
    0 nanoseconds spent performing 0 L2C puts;
    0 nanoseconds spent performing 0 L2C hits;
    0 nanoseconds spent performing 0 L2C misses;
    275500 nanoseconds spent executing 1 flushes (flushing a total of 2 entities and 1 collections);
    14000 nanoseconds spent executing 1 pre-partial-flushes;
    3600 nanoseconds spent executing 1 partial-flushes (flushing a total of 0 entities and 0 collections)
}
2026-04-29 13:51:42.435 INFO  [http-nio-8080-exec-7] o.h.e.i.StatisticalLoggingSessionEventListener - Session Metrics {
    816800 nanoseconds spent acquiring 1 JDBC connections;
    0 nanoseconds spent releasing 0 JDBC connections;
    166600 nanoseconds spent preparing 1 JDBC statements;
    2303100 nanoseconds spent executing 1 JDBC statements;
    0 nanoseconds spent executing 0 JDBC batches;
    0 nanoseconds spent performing 0 L2C puts;
    0 nanoseconds spent performing 0 L2C hits;
    0 nanoseconds spent performing 0 L2C misses;
    380500 nanoseconds spent executing 1 flushes (flushing a total of 2 entities and 1 collections);
    4500 nanoseconds spent executing 1 pre-partial-flushes;
    2900 nanoseconds spent executing 1 partial-flushes (flushing a total of 0 entities and 0 collections)
}
2026-04-29 13:51:42.731 INFO  [http-nio-8080-exec-8] o.h.e.i.StatisticalLoggingSessionEventListener - Session Metrics {
    30300 nanoseconds spent acquiring 1 JDBC connections;
    0 nanoseconds spent releasing 0 JDBC connections;
    294500 nanoseconds spent preparing 2 JDBC statements;
    2271100 nanoseconds spent executing 1 JDBC statements;
    0 nanoseconds spent executing 0 JDBC batches;
    0 nanoseconds spent performing 0 L2C puts;
    0 nanoseconds spent performing 0 L2C hits;
    0 nanoseconds spent performing 0 L2C misses;
    0 nanoseconds spent executing 0 flushes (flushing a total of 0 entities and 0 collections);
    0 nanoseconds spent executing 0 pre-partial-flushes;
    0 nanoseconds spent executing 0 partial-flushes (flushing a total of 0 entities and 0 collections)
}
2026-04-29 13:51:42.737 INFO  [http-nio-8080-exec-2] o.h.e.i.StatisticalLoggingSessionEventListener - Session Metrics {
    35900 nanoseconds spent acquiring 1 JDBC connections;
    0 nanoseconds spent releasing 0 JDBC connections;
    283100 nanoseconds spent preparing 2 JDBC statements;
    2143100 nanoseconds spent executing 1 JDBC statements;
    0 nanoseconds spent executing 0 JDBC batches;
    0 nanoseconds spent performing 0 L2C puts;
    0 nanoseconds spent performing 0 L2C hits;
    0 nanoseconds spent performing 0 L2C misses;
    0 nanoseconds spent executing 0 flushes (flushing a total of 0 entities and 0 collections);
    0 nanoseconds spent executing 0 pre-partial-flushes;
    0 nanoseconds spent executing 0 partial-flushes (flushing a total of 0 entities and 0 collections)
}
2026-04-29 13:51:51.515 INFO  [http-nio-8080-exec-9] o.h.e.i.StatisticalLoggingSessionEventListener - Session Metrics {
    0 nanoseconds spent acquiring 0 JDBC connections;
    0 nanoseconds spent releasing 0 JDBC connections;
    0 nanoseconds spent preparing 0 JDBC statements;
    0 nanoseconds spent executing 0 JDBC statements;
    0 nanoseconds spent executing 0 JDBC batches;
    0 nanoseconds spent performing 0 L2C puts;
    0 nanoseconds spent performing 0 L2C hits;
    0 nanoseconds spent performing 0 L2C misses;
    0 nanoseconds spent executing 0 flushes (flushing a total of 0 entities and 0 collections);
    0 nanoseconds spent executing 0 pre-partial-flushes;
    0 nanoseconds spent executing 0 partial-flushes (flushing a total of 0 entities and 0 collections)
}
2026-04-29 13:51:51.597 INFO  [http-nio-8080-exec-1] o.h.e.i.StatisticalLoggingSessionEventListener - Session Metrics {
    0 nanoseconds spent acquiring 0 JDBC connections;
    0 nanoseconds spent releasing 0 JDBC connections;
    0 nanoseconds spent preparing 0 JDBC statements;
    0 nanoseconds spent executing 0 JDBC statements;
    0 nanoseconds spent executing 0 JDBC batches;
    0 nanoseconds spent performing 0 L2C puts;
    0 nanoseconds spent performing 0 L2C hits;
    0 nanoseconds spent performing 0 L2C misses;
    0 nanoseconds spent executing 0 flushes (flushing a total of 0 entities and 0 collections);
    0 nanoseconds spent executing 0 pre-partial-flushes;
    0 nanoseconds spent executing 0 partial-flushes (flushing a total of 0 entities and 0 collections)
}
2026-04-29 13:51:58.152 INFO  [http-nio-8080-exec-6] o.h.e.i.StatisticalLoggingSessionEventListener - Session Metrics {
    2046300 nanoseconds spent acquiring 1 JDBC connections;
    0 nanoseconds spent releasing 0 JDBC connections;
    181800 nanoseconds spent preparing 1 JDBC statements;
    2510400 nanoseconds spent executing 1 JDBC statements;
    0 nanoseconds spent executing 0 JDBC batches;
    0 nanoseconds spent performing 0 L2C puts;
    0 nanoseconds spent performing 0 L2C hits;
    0 nanoseconds spent performing 0 L2C misses;
    168600 nanoseconds spent executing 1 flushes (flushing a total of 2 entities and 1 collections);
    5700 nanoseconds spent executing 1 pre-partial-flushes;
    2800 nanoseconds spent executing 1 partial-flushes (flushing a total of 0 entities and 0 collections)
}
2026-04-29 13:51:58.155 INFO  [http-nio-8080-exec-10] o.h.e.i.StatisticalLoggingSessionEventListener - Session Metrics {
    3306000 nanoseconds spent acquiring 1 JDBC connections;
    0 nanoseconds spent releasing 0 JDBC connections;
    133400 nanoseconds spent preparing 1 JDBC statements;
    1734600 nanoseconds spent executing 1 JDBC statements;
    0 nanoseconds spent executing 0 JDBC batches;
    0 nanoseconds spent performing 0 L2C puts;
    0 nanoseconds spent performing 0 L2C hits;
    0 nanoseconds spent performing 0 L2C misses;
    270400 nanoseconds spent executing 1 flushes (flushing a total of 2 entities and 1 collections);
    5200 nanoseconds spent executing 1 pre-partial-flushes;
    2100 nanoseconds spent executing 1 partial-flushes (flushing a total of 0 entities and 0 collections)
}
2026-04-29 13:51:58.422 INFO  [http-nio-8080-exec-4] o.h.e.i.StatisticalLoggingSessionEventListener - Session Metrics {
    26600 nanoseconds spent acquiring 1 JDBC connections;
    0 nanoseconds spent releasing 0 JDBC connections;
    239200 nanoseconds spent preparing 2 JDBC statements;
    1878900 nanoseconds spent executing 1 JDBC statements;
    0 nanoseconds spent executing 0 JDBC batches;
    0 nanoseconds spent performing 0 L2C puts;
    0 nanoseconds spent performing 0 L2C hits;
    0 nanoseconds spent performing 0 L2C misses;
    0 nanoseconds spent executing 0 flushes (flushing a total of 0 entities and 0 collections);
    0 nanoseconds spent executing 0 pre-partial-flushes;
    0 nanoseconds spent executing 0 partial-flushes (flushing a total of 0 entities and 0 collections)
}
2026-04-29 13:51:58.427 INFO  [http-nio-8080-exec-3] o.h.e.i.StatisticalLoggingSessionEventListener - Session Metrics {
    26100 nanoseconds spent acquiring 1 JDBC connections;
    0 nanoseconds spent releasing 0 JDBC connections;
    268300 nanoseconds spent preparing 2 JDBC statements;
    2363700 nanoseconds spent executing 1 JDBC statements;
    0 nanoseconds spent executing 0 JDBC batches;
    0 nanoseconds spent performing 0 L2C puts;
    0 nanoseconds spent performing 0 L2C hits;
    0 nanoseconds spent performing 0 L2C misses;
    0 nanoseconds spent executing 0 flushes (flushing a total of 0 entities and 0 collections);
    0 nanoseconds spent executing 0 pre-partial-flushes;
    0 nanoseconds spent executing 0 partial-flushes (flushing a total of 0 entities and 0 collections)
}
2026-04-29 13:53:57.678 INFO  [http-nio-8080-exec-8] o.h.e.i.StatisticalLoggingSessionEventListener - Session Metrics {
    766200 nanoseconds spent acquiring 1 JDBC connections;
    0 nanoseconds spent releasing 0 JDBC connections;
    236500 nanoseconds spent preparing 1 JDBC statements;
    3389600 nanoseconds spent executing 1 JDBC statements;
    0 nanoseconds spent executing 0 JDBC batches;
    0 nanoseconds spent performing 0 L2C puts;
    0 nanoseconds spent performing 0 L2C hits;
    0 nanoseconds spent performing 0 L2C misses;
    249300 nanoseconds spent executing 1 flushes (flushing a total of 2 entities and 1 collections);
    11200 nanoseconds spent executing 1 pre-partial-flushes;
    5700 nanoseconds spent executing 1 partial-flushes (flushing a total of 0 entities and 0 collections)
}
2026-04-29 13:53:57.831 INFO  [http-nio-8080-exec-9] o.h.e.i.StatisticalLoggingSessionEventListener - Session Metrics {
    36100 nanoseconds spent acquiring 1 JDBC connections;
    0 nanoseconds spent releasing 0 JDBC connections;
    323200 nanoseconds spent preparing 2 JDBC statements;
    6019000 nanoseconds spent executing 1 JDBC statements;
    0 nanoseconds spent executing 0 JDBC batches;
    0 nanoseconds spent performing 0 L2C puts;
    0 nanoseconds spent performing 0 L2C hits;
    0 nanoseconds spent performing 0 L2C misses;
    0 nanoseconds spent executing 0 flushes (flushing a total of 0 entities and 0 collections);
    0 nanoseconds spent executing 0 pre-partial-flushes;
    0 nanoseconds spent executing 0 partial-flushes (flushing a total of 0 entities and 0 collections)
}
2026-04-29 13:54:02.831 INFO  [http-nio-8080-exec-2] o.h.e.i.StatisticalLoggingSessionEventListener - Session Metrics {
    5011374000 nanoseconds spent acquiring 1 JDBC connections;
    0 nanoseconds spent releasing 0 JDBC connections;
    5011559500 nanoseconds spent preparing 2 JDBC statements;
    1373800 nanoseconds spent executing 1 JDBC statements;
    0 nanoseconds spent executing 0 JDBC batches;
    0 nanoseconds spent performing 0 L2C puts;
    0 nanoseconds spent performing 0 L2C hits;
    0 nanoseconds spent performing 0 L2C misses;
    0 nanoseconds spent executing 0 flushes (flushing a total of 0 entities and 0 collections);
    0 nanoseconds spent executing 0 pre-partial-flushes;
    0 nanoseconds spent executing 0 partial-flushes (flushing a total of 0 entities and 0 collections)
}
2026-04-29 13:54:06.265 INFO  [http-nio-8080-exec-1] o.h.e.i.StatisticalLoggingSessionEventListener - Session Metrics {
    903800 nanoseconds spent acquiring 1 JDBC connections;
    0 nanoseconds spent releasing 0 JDBC connections;
    1548400 nanoseconds spent preparing 5 JDBC statements;
    6885100 nanoseconds spent executing 5 JDBC statements;
    0 nanoseconds spent executing 0 JDBC batches;
    0 nanoseconds spent performing 0 L2C puts;
    0 nanoseconds spent performing 0 L2C hits;
    0 nanoseconds spent performing 0 L2C misses;
    2359800 nanoseconds spent executing 1 flushes (flushing a total of 5 entities and 1 collections);
    0 nanoseconds spent executing 0 pre-partial-flushes;
    0 nanoseconds spent executing 0 partial-flushes (flushing a total of 0 entities and 0 collections)
}
2026-04-29 13:54:10.883 INFO  [http-nio-8080-exec-6] o.h.e.i.StatisticalLoggingSessionEventListener - Session Metrics {
    944200 nanoseconds spent acquiring 1 JDBC connections;
    0 nanoseconds spent releasing 0 JDBC connections;
    186100 nanoseconds spent preparing 1 JDBC statements;
    2449000 nanoseconds spent executing 1 JDBC statements;
    0 nanoseconds spent executing 0 JDBC batches;
    0 nanoseconds spent performing 0 L2C puts;
    0 nanoseconds spent performing 0 L2C hits;
    0 nanoseconds spent performing 0 L2C misses;
    211000 nanoseconds spent executing 1 flushes (flushing a total of 2 entities and 1 collections);
    6700 nanoseconds spent executing 1 pre-partial-flushes;
    3100 nanoseconds spent executing 1 partial-flushes (flushing a total of 0 entities and 0 collections)
}
2026-04-29 13:54:11.020 INFO  [http-nio-8080-exec-10] o.h.e.i.StatisticalLoggingSessionEventListener - Session Metrics {
    49400 nanoseconds spent acquiring 1 JDBC connections;
    0 nanoseconds spent releasing 0 JDBC connections;
    369100 nanoseconds spent preparing 2 JDBC statements;
    1954900 nanoseconds spent executing 1 JDBC statements;
    0 nanoseconds spent executing 0 JDBC batches;
    0 nanoseconds spent performing 0 L2C puts;
    0 nanoseconds spent performing 0 L2C hits;
    0 nanoseconds spent performing 0 L2C misses;
    0 nanoseconds spent executing 0 flushes (flushing a total of 0 entities and 0 collections);
    0 nanoseconds spent executing 0 pre-partial-flushes;
    0 nanoseconds spent executing 0 partial-flushes (flushing a total of 0 entities and 0 collections)
}
2026-04-29 13:54:11.033 INFO  [http-nio-8080-exec-4] o.h.e.i.StatisticalLoggingSessionEventListener - Session Metrics {
    578400 nanoseconds spent acquiring 1 JDBC connections;
    0 nanoseconds spent releasing 0 JDBC connections;
    819800 nanoseconds spent preparing 2 JDBC statements;
    2754200 nanoseconds spent executing 1 JDBC statements;
    0 nanoseconds spent executing 0 JDBC batches;
    0 nanoseconds spent performing 0 L2C puts;
    0 nanoseconds spent performing 0 L2C hits;
    0 nanoseconds spent performing 0 L2C misses;
    0 nanoseconds spent executing 0 flushes (flushing a total of 0 entities and 0 collections);
    0 nanoseconds spent executing 0 pre-partial-flushes;
    0 nanoseconds spent executing 0 partial-flushes (flushing a total of 0 entities and 0 collections)
}
2026-04-29 13:54:48.222 INFO  [http-nio-8080-exec-3] o.h.e.i.StatisticalLoggingSessionEventListener - Session Metrics {
    1245700 nanoseconds spent acquiring 1 JDBC connections;
    0 nanoseconds spent releasing 0 JDBC connections;
    214700 nanoseconds spent preparing 1 JDBC statements;
    2659500 nanoseconds spent executing 1 JDBC statements;
    0 nanoseconds spent executing 0 JDBC batches;
    0 nanoseconds spent performing 0 L2C puts;
    0 nanoseconds spent performing 0 L2C hits;
    0 nanoseconds spent performing 0 L2C misses;
    232200 nanoseconds spent executing 1 flushes (flushing a total of 2 entities and 1 collections);
    8100 nanoseconds spent executing 1 pre-partial-flushes;
    3400 nanoseconds spent executing 1 partial-flushes (flushing a total of 0 entities and 0 collections)
}
2026-04-29 13:54:48.391 INFO  [http-nio-8080-exec-5] o.h.e.i.StatisticalLoggingSessionEventListener - Session Metrics {
    50500 nanoseconds spent acquiring 1 JDBC connections;
    0 nanoseconds spent releasing 0 JDBC connections;
    276700 nanoseconds spent preparing 2 JDBC statements;
    3019600 nanoseconds spent executing 1 JDBC statements;
    0 nanoseconds spent executing 0 JDBC batches;
    0 nanoseconds spent performing 0 L2C puts;
    0 nanoseconds spent performing 0 L2C hits;
    0 nanoseconds spent performing 0 L2C misses;
    0 nanoseconds spent executing 0 flushes (flushing a total of 0 entities and 0 collections);
    0 nanoseconds spent executing 0 pre-partial-flushes;
    0 nanoseconds spent executing 0 partial-flushes (flushing a total of 0 entities and 0 collections)
}
2026-04-29 13:54:48.401 INFO  [http-nio-8080-exec-7] o.h.e.i.StatisticalLoggingSessionEventListener - Session Metrics {
    1149400 nanoseconds spent acquiring 1 JDBC connections;
    0 nanoseconds spent releasing 0 JDBC connections;
    1393100 nanoseconds spent preparing 2 JDBC statements;
    2527200 nanoseconds spent executing 1 JDBC statements;
    0 nanoseconds spent executing 0 JDBC batches;
    0 nanoseconds spent performing 0 L2C puts;
    0 nanoseconds spent performing 0 L2C hits;
    0 nanoseconds spent performing 0 L2C misses;
    0 nanoseconds spent executing 0 flushes (flushing a total of 0 entities and 0 collections);
    0 nanoseconds spent executing 0 pre-partial-flushes;
    0 nanoseconds spent executing 0 partial-flushes (flushing a total of 0 entities and 0 collections)
}
2026-04-29 13:57:40.184 INFO  [http-nio-8080-exec-2] o.h.e.i.StatisticalLoggingSessionEventListener - Session Metrics {
    0 nanoseconds spent acquiring 0 JDBC connections;
    0 nanoseconds spent releasing 0 JDBC connections;
    0 nanoseconds spent preparing 0 JDBC statements;
    0 nanoseconds spent executing 0 JDBC statements;
    0 nanoseconds spent executing 0 JDBC batches;
    0 nanoseconds spent performing 0 L2C puts;
    0 nanoseconds spent performing 0 L2C hits;
    0 nanoseconds spent performing 0 L2C misses;
    0 nanoseconds spent executing 0 flushes (flushing a total of 0 entities and 0 collections);
    0 nanoseconds spent executing 0 pre-partial-flushes;
    0 nanoseconds spent executing 0 partial-flushes (flushing a total of 0 entities and 0 collections)
}
2026-04-29 13:57:40.837 INFO  [http-nio-8080-exec-1] o.h.e.i.StatisticalLoggingSessionEventListener - Session Metrics {
    0 nanoseconds spent acquiring 0 JDBC connections;
    0 nanoseconds spent releasing 0 JDBC connections;
    0 nanoseconds spent preparing 0 JDBC statements;
    0 nanoseconds spent executing 0 JDBC statements;
    0 nanoseconds spent executing 0 JDBC batches;
    0 nanoseconds spent performing 0 L2C puts;
    0 nanoseconds spent performing 0 L2C hits;
    0 nanoseconds spent performing 0 L2C misses;
    0 nanoseconds spent executing 0 flushes (flushing a total of 0 entities and 0 collections);
    0 nanoseconds spent executing 0 pre-partial-flushes;
    0 nanoseconds spent executing 0 partial-flushes (flushing a total of 0 entities and 0 collections)
}
2026-04-29 13:57:50.732 INFO  [http-nio-8080-exec-10] o.h.e.i.StatisticalLoggingSessionEventListener - Session Metrics {
    816900 nanoseconds spent acquiring 1 JDBC connections;
    0 nanoseconds spent releasing 0 JDBC connections;
    109500 nanoseconds spent preparing 1 JDBC statements;
    1818200 nanoseconds spent executing 1 JDBC statements;
    0 nanoseconds spent executing 0 JDBC batches;
    0 nanoseconds spent performing 0 L2C puts;
    0 nanoseconds spent performing 0 L2C hits;
    0 nanoseconds spent performing 0 L2C misses;
    177000 nanoseconds spent executing 1 flushes (flushing a total of 2 entities and 1 collections);
    6300 nanoseconds spent executing 1 pre-partial-flushes;
    3000 nanoseconds spent executing 1 partial-flushes (flushing a total of 0 entities and 0 collections)
}
2026-04-29 13:57:50.732 INFO  [http-nio-8080-exec-6] o.h.e.i.StatisticalLoggingSessionEventListener - Session Metrics {
    811000 nanoseconds spent acquiring 1 JDBC connections;
    0 nanoseconds spent releasing 0 JDBC connections;
    119700 nanoseconds spent preparing 1 JDBC statements;
    2366200 nanoseconds spent executing 1 JDBC statements;
    0 nanoseconds spent executing 0 JDBC batches;
    0 nanoseconds spent performing 0 L2C puts;
    0 nanoseconds spent performing 0 L2C hits;
    0 nanoseconds spent performing 0 L2C misses;
    106000 nanoseconds spent executing 1 flushes (flushing a total of 2 entities and 1 collections);
    10500 nanoseconds spent executing 1 pre-partial-flushes;
    2900 nanoseconds spent executing 1 partial-flushes (flushing a total of 0 entities and 0 collections)
}
2026-04-29 13:57:51.010 INFO  [http-nio-8080-exec-3] o.h.e.i.StatisticalLoggingSessionEventListener - Session Metrics {
    28200 nanoseconds spent acquiring 1 JDBC connections;
    0 nanoseconds spent releasing 0 JDBC connections;
    200700 nanoseconds spent preparing 2 JDBC statements;
    1545600 nanoseconds spent executing 1 JDBC statements;
    0 nanoseconds spent executing 0 JDBC batches;
    0 nanoseconds spent performing 0 L2C puts;
    0 nanoseconds spent performing 0 L2C hits;
    0 nanoseconds spent performing 0 L2C misses;
    0 nanoseconds spent executing 0 flushes (flushing a total of 0 entities and 0 collections);
    0 nanoseconds spent executing 0 pre-partial-flushes;
    0 nanoseconds spent executing 0 partial-flushes (flushing a total of 0 entities and 0 collections)
}
2026-04-29 13:57:51.010 INFO  [http-nio-8080-exec-4] o.h.e.i.StatisticalLoggingSessionEventListener - Session Metrics {
    33800 nanoseconds spent acquiring 1 JDBC connections;
    0 nanoseconds spent releasing 0 JDBC connections;
    306300 nanoseconds spent preparing 2 JDBC statements;
    2097900 nanoseconds spent executing 1 JDBC statements;
    0 nanoseconds spent executing 0 JDBC batches;
    0 nanoseconds spent performing 0 L2C puts;
    0 nanoseconds spent performing 0 L2C hits;
    0 nanoseconds spent performing 0 L2C misses;
    0 nanoseconds spent executing 0 flushes (flushing a total of 0 entities and 0 collections);
    0 nanoseconds spent executing 0 pre-partial-flushes;
    0 nanoseconds spent executing 0 partial-flushes (flushing a total of 0 entities and 0 collections)
}
2026-04-29 13:57:56.326 INFO  [http-nio-8080-exec-7] o.h.e.i.StatisticalLoggingSessionEventListener - Session Metrics {
    859000 nanoseconds spent acquiring 1 JDBC connections;
    0 nanoseconds spent releasing 0 JDBC connections;
    770100 nanoseconds spent preparing 6 JDBC statements;
    14303200 nanoseconds spent executing 6 JDBC statements;
    0 nanoseconds spent executing 0 JDBC batches;
    0 nanoseconds spent performing 0 L2C puts;
    0 nanoseconds spent performing 0 L2C hits;
    0 nanoseconds spent performing 0 L2C misses;
    4850600 nanoseconds spent executing 2 flushes (flushing a total of 8 entities and 2 collections);
    166600 nanoseconds spent executing 3 pre-partial-flushes;
    582500 nanoseconds spent executing 4 partial-flushes (flushing a total of 10 entities and 10 collections)
}
2026-04-29 13:58:04.166 INFO  [http-nio-8080-exec-8] o.h.e.i.StatisticalLoggingSessionEventListener - Session Metrics {
    2185900 nanoseconds spent acquiring 1 JDBC connections;
    0 nanoseconds spent releasing 0 JDBC connections;
    162900 nanoseconds spent preparing 1 JDBC statements;
    2831900 nanoseconds spent executing 1 JDBC statements;
    0 nanoseconds spent executing 0 JDBC batches;
    0 nanoseconds spent performing 0 L2C puts;
    0 nanoseconds spent performing 0 L2C hits;
    0 nanoseconds spent performing 0 L2C misses;
    256500 nanoseconds spent executing 1 flushes (flushing a total of 2 entities and 1 collections);
    7000 nanoseconds spent executing 1 pre-partial-flushes;
    3400 nanoseconds spent executing 1 partial-flushes (flushing a total of 0 entities and 0 collections)
}
2026-04-29 13:58:04.338 INFO  [http-nio-8080-exec-9] o.h.e.i.StatisticalLoggingSessionEventListener - Session Metrics {
    31300 nanoseconds spent acquiring 1 JDBC connections;
    0 nanoseconds spent releasing 0 JDBC connections;
    302300 nanoseconds spent preparing 2 JDBC statements;
    6455700 nanoseconds spent executing 1 JDBC statements;
    0 nanoseconds spent executing 0 JDBC batches;
    0 nanoseconds spent performing 0 L2C puts;
    0 nanoseconds spent performing 0 L2C hits;
    0 nanoseconds spent performing 0 L2C misses;
    0 nanoseconds spent executing 0 flushes (flushing a total of 0 entities and 0 collections);
    0 nanoseconds spent executing 0 pre-partial-flushes;
    0 nanoseconds spent executing 0 partial-flushes (flushing a total of 0 entities and 0 collections)
}
2026-04-29 13:58:04.339 INFO  [http-nio-8080-exec-2] o.h.e.i.StatisticalLoggingSessionEventListener - Session Metrics {
    1000900 nanoseconds spent acquiring 1 JDBC connections;
    0 nanoseconds spent releasing 0 JDBC connections;
    1196200 nanoseconds spent preparing 2 JDBC statements;
    4598400 nanoseconds spent executing 1 JDBC statements;
    0 nanoseconds spent executing 0 JDBC batches;
    0 nanoseconds spent performing 0 L2C puts;
    0 nanoseconds spent performing 0 L2C hits;
    0 nanoseconds spent performing 0 L2C misses;
    0 nanoseconds spent executing 0 flushes (flushing a total of 0 entities and 0 collections);
    0 nanoseconds spent executing 0 pre-partial-flushes;
    0 nanoseconds spent executing 0 partial-flushes (flushing a total of 0 entities and 0 collections)
}
2026-04-29 13:58:21.911 INFO  [http-nio-8080-exec-1] o.h.e.i.StatisticalLoggingSessionEventListener - Session Metrics {
    1733300 nanoseconds spent acquiring 1 JDBC connections;
    0 nanoseconds spent releasing 0 JDBC connections;
    838200 nanoseconds spent preparing 7 JDBC statements;
    17096800 nanoseconds spent executing 7 JDBC statements;
    0 nanoseconds spent executing 0 JDBC batches;
    0 nanoseconds spent performing 0 L2C puts;
    0 nanoseconds spent performing 0 L2C hits;
    0 nanoseconds spent performing 0 L2C misses;
    2385100 nanoseconds spent executing 2 flushes (flushing a total of 9 entities and 2 collections);
    366700 nanoseconds spent executing 4 pre-partial-flushes;
    742600 nanoseconds spent executing 5 partial-flushes (flushing a total of 14 entities and 14 collections)
}
2026-04-29 13:58:25.988 INFO  [http-nio-8080-exec-10] o.h.e.i.StatisticalLoggingSessionEventListener - Session Metrics {
    974300 nanoseconds spent acquiring 1 JDBC connections;
    0 nanoseconds spent releasing 0 JDBC connections;
    73700 nanoseconds spent preparing 1 JDBC statements;
    1656500 nanoseconds spent executing 1 JDBC statements;
    0 nanoseconds spent executing 0 JDBC batches;
    0 nanoseconds spent performing 0 L2C puts;
    0 nanoseconds spent performing 0 L2C hits;
    0 nanoseconds spent performing 0 L2C misses;
    234600 nanoseconds spent executing 1 flushes (flushing a total of 2 entities and 1 collections);
    6000 nanoseconds spent executing 1 pre-partial-flushes;
    2900 nanoseconds spent executing 1 partial-flushes (flushing a total of 0 entities and 0 collections)
}
2026-04-29 13:58:26.126 INFO  [http-nio-8080-exec-6] o.h.e.i.StatisticalLoggingSessionEventListener - Session Metrics {
    711000 nanoseconds spent acquiring 1 JDBC connections;
    0 nanoseconds spent releasing 0 JDBC connections;
    873000 nanoseconds spent preparing 2 JDBC statements;
    1717700 nanoseconds spent executing 1 JDBC statements;
    0 nanoseconds spent executing 0 JDBC batches;
    0 nanoseconds spent performing 0 L2C puts;
    0 nanoseconds spent performing 0 L2C hits;
    0 nanoseconds spent performing 0 L2C misses;
    0 nanoseconds spent executing 0 flushes (flushing a total of 0 entities and 0 collections);
    0 nanoseconds spent executing 0 pre-partial-flushes;
    0 nanoseconds spent executing 0 partial-flushes (flushing a total of 0 entities and 0 collections)
}
2026-04-29 13:58:26.133 INFO  [http-nio-8080-exec-4] o.h.e.i.StatisticalLoggingSessionEventListener - Session Metrics {
    28500 nanoseconds spent acquiring 1 JDBC connections;
    0 nanoseconds spent releasing 0 JDBC connections;
    273400 nanoseconds spent preparing 2 JDBC statements;
    2821400 nanoseconds spent executing 1 JDBC statements;
    0 nanoseconds spent executing 0 JDBC batches;
    0 nanoseconds spent performing 0 L2C puts;
    0 nanoseconds spent performing 0 L2C hits;
    0 nanoseconds spent performing 0 L2C misses;
    0 nanoseconds spent executing 0 flushes (flushing a total of 0 entities and 0 collections);
    0 nanoseconds spent executing 0 pre-partial-flushes;
    0 nanoseconds spent executing 0 partial-flushes (flushing a total of 0 entities and 0 collections)
}
2026-04-29 13:58:33.868 INFO  [http-nio-8080-exec-3] o.h.e.i.StatisticalLoggingSessionEventListener - Session Metrics {
    0 nanoseconds spent acquiring 0 JDBC connections;
    0 nanoseconds spent releasing 0 JDBC connections;
    0 nanoseconds spent preparing 0 JDBC statements;
    0 nanoseconds spent executing 0 JDBC statements;
    0 nanoseconds spent executing 0 JDBC batches;
    0 nanoseconds spent performing 0 L2C puts;
    0 nanoseconds spent performing 0 L2C hits;
    0 nanoseconds spent performing 0 L2C misses;
    0 nanoseconds spent executing 0 flushes (flushing a total of 0 entities and 0 collections);
    0 nanoseconds spent executing 0 pre-partial-flushes;
    0 nanoseconds spent executing 0 partial-flushes (flushing a total of 0 entities and 0 collections)
}
2026-04-29 13:58:33.955 INFO  [http-nio-8080-exec-5] o.h.e.i.StatisticalLoggingSessionEventListener - Session Metrics {
    0 nanoseconds spent acquiring 0 JDBC connections;
    0 nanoseconds spent releasing 0 JDBC connections;
    0 nanoseconds spent preparing 0 JDBC statements;
    0 nanoseconds spent executing 0 JDBC statements;
    0 nanoseconds spent executing 0 JDBC batches;
    0 nanoseconds spent performing 0 L2C puts;
    0 nanoseconds spent performing 0 L2C hits;
    0 nanoseconds spent performing 0 L2C misses;
    0 nanoseconds spent executing 0 flushes (flushing a total of 0 entities and 0 collections);
    0 nanoseconds spent executing 0 pre-partial-flushes;
    0 nanoseconds spent executing 0 partial-flushes (flushing a total of 0 entities and 0 collections)
}
2026-04-29 13:58:39.976 INFO  [http-nio-8080-exec-8] o.h.e.i.StatisticalLoggingSessionEventListener - Session Metrics {
    1287400 nanoseconds spent acquiring 1 JDBC connections;
    0 nanoseconds spent releasing 0 JDBC connections;
    94300 nanoseconds spent preparing 1 JDBC statements;
    1644100 nanoseconds spent executing 1 JDBC statements;
    0 nanoseconds spent executing 0 JDBC batches;
    0 nanoseconds spent performing 0 L2C puts;
    0 nanoseconds spent performing 0 L2C hits;
    0 nanoseconds spent performing 0 L2C misses;
    229900 nanoseconds spent executing 1 flushes (flushing a total of 2 entities and 1 collections);
    5800 nanoseconds spent executing 1 pre-partial-flushes;
    2400 nanoseconds spent executing 1 partial-flushes (flushing a total of 0 entities and 0 collections)
}
2026-04-29 13:58:39.978 INFO  [http-nio-8080-exec-7] o.h.e.i.StatisticalLoggingSessionEventListener - Session Metrics {
    3046700 nanoseconds spent acquiring 1 JDBC connections;
    0 nanoseconds spent releasing 0 JDBC connections;
    82800 nanoseconds spent preparing 1 JDBC statements;
    2249600 nanoseconds spent executing 1 JDBC statements;
    0 nanoseconds spent executing 0 JDBC batches;
    0 nanoseconds spent performing 0 L2C puts;
    0 nanoseconds spent performing 0 L2C hits;
    0 nanoseconds spent performing 0 L2C misses;
    283700 nanoseconds spent executing 1 flushes (flushing a total of 2 entities and 1 collections);
    5400 nanoseconds spent executing 1 pre-partial-flushes;
    2200 nanoseconds spent executing 1 partial-flushes (flushing a total of 0 entities and 0 collections)
}
2026-04-29 13:58:40.272 INFO  [http-nio-8080-exec-9] o.h.e.i.StatisticalLoggingSessionEventListener - Session Metrics {
    26500 nanoseconds spent acquiring 1 JDBC connections;
    0 nanoseconds spent releasing 0 JDBC connections;
    197100 nanoseconds spent preparing 2 JDBC statements;
    2021800 nanoseconds spent executing 1 JDBC statements;
    0 nanoseconds spent executing 0 JDBC batches;
    0 nanoseconds spent performing 0 L2C puts;
    0 nanoseconds spent performing 0 L2C hits;
    0 nanoseconds spent performing 0 L2C misses;
    0 nanoseconds spent executing 0 flushes (flushing a total of 0 entities and 0 collections);
    0 nanoseconds spent executing 0 pre-partial-flushes;
    0 nanoseconds spent executing 0 partial-flushes (flushing a total of 0 entities and 0 collections)
}
2026-04-29 13:58:40.278 INFO  [http-nio-8080-exec-2] o.h.e.i.StatisticalLoggingSessionEventListener - Session Metrics {
    25700 nanoseconds spent acquiring 1 JDBC connections;
    0 nanoseconds spent releasing 0 JDBC connections;
    176900 nanoseconds spent preparing 2 JDBC statements;
    2162300 nanoseconds spent executing 1 JDBC statements;
    0 nanoseconds spent executing 0 JDBC batches;
    0 nanoseconds spent performing 0 L2C puts;
    0 nanoseconds spent performing 0 L2C hits;
    0 nanoseconds spent performing 0 L2C misses;
    0 nanoseconds spent executing 0 flushes (flushing a total of 0 entities and 0 collections);
    0 nanoseconds spent executing 0 pre-partial-flushes;
    0 nanoseconds spent executing 0 partial-flushes (flushing a total of 0 entities and 0 collections)
}
2026-04-29 13:58:50.261 INFO  [http-nio-8080-exec-1] o.h.e.i.StatisticalLoggingSessionEventListener - Session Metrics {
    553000 nanoseconds spent acquiring 1 JDBC connections;
    0 nanoseconds spent releasing 0 JDBC connections;
    359500 nanoseconds spent preparing 6 JDBC statements;
    5634500 nanoseconds spent executing 6 JDBC statements;
    0 nanoseconds spent executing 0 JDBC batches;
    0 nanoseconds spent performing 0 L2C puts;
    0 nanoseconds spent performing 0 L2C hits;
    0 nanoseconds spent performing 0 L2C misses;
    2278500 nanoseconds spent executing 2 flushes (flushing a total of 8 entities and 2 collections);
    148400 nanoseconds spent executing 3 pre-partial-flushes;
    342100 nanoseconds spent executing 4 partial-flushes (flushing a total of 10 entities and 10 collections)
}
2026-04-29 13:58:55.658 INFO  [http-nio-8080-exec-10] o.h.e.i.StatisticalLoggingSessionEventListener - Session Metrics {
    2750400 nanoseconds spent acquiring 1 JDBC connections;
    0 nanoseconds spent releasing 0 JDBC connections;
    125500 nanoseconds spent preparing 1 JDBC statements;
    4061400 nanoseconds spent executing 1 JDBC statements;
    0 nanoseconds spent executing 0 JDBC batches;
    0 nanoseconds spent performing 0 L2C puts;
    0 nanoseconds spent performing 0 L2C hits;
    0 nanoseconds spent performing 0 L2C misses;
    223900 nanoseconds spent executing 1 flushes (flushing a total of 2 entities and 1 collections);
    6200 nanoseconds spent executing 1 pre-partial-flushes;
    3600 nanoseconds spent executing 1 partial-flushes (flushing a total of 0 entities and 0 collections)
}
2026-04-29 13:58:55.812 INFO  [http-nio-8080-exec-6] o.h.e.i.StatisticalLoggingSessionEventListener - Session Metrics {
    1719000 nanoseconds spent acquiring 1 JDBC connections;
    0 nanoseconds spent releasing 0 JDBC connections;
    1938600 nanoseconds spent preparing 2 JDBC statements;
    1834000 nanoseconds spent executing 1 JDBC statements;
    0 nanoseconds spent executing 0 JDBC batches;
    0 nanoseconds spent performing 0 L2C puts;
    0 nanoseconds spent performing 0 L2C hits;
    0 nanoseconds spent performing 0 L2C misses;
    0 nanoseconds spent executing 0 flushes (flushing a total of 0 entities and 0 collections);
    0 nanoseconds spent executing 0 pre-partial-flushes;
    0 nanoseconds spent executing 0 partial-flushes (flushing a total of 0 entities and 0 collections)
}
2026-04-29 13:58:55.818 INFO  [http-nio-8080-exec-4] o.h.e.i.StatisticalLoggingSessionEventListener - Session Metrics {
    26600 nanoseconds spent acquiring 1 JDBC connections;
    0 nanoseconds spent releasing 0 JDBC connections;
    245000 nanoseconds spent preparing 2 JDBC statements;
    1770700 nanoseconds spent executing 1 JDBC statements;
    0 nanoseconds spent executing 0 JDBC batches;
    0 nanoseconds spent performing 0 L2C puts;
    0 nanoseconds spent performing 0 L2C hits;
    0 nanoseconds spent performing 0 L2C misses;
    0 nanoseconds spent executing 0 flushes (flushing a total of 0 entities and 0 collections);
    0 nanoseconds spent executing 0 pre-partial-flushes;
    0 nanoseconds spent executing 0 partial-flushes (flushing a total of 0 entities and 0 collections)
}
2026-04-29 13:59:33.251 INFO  [http-nio-8080-exec-5] o.h.e.i.StatisticalLoggingSessionEventListener - Session Metrics {
    2007700 nanoseconds spent acquiring 1 JDBC connections;
    0 nanoseconds spent releasing 0 JDBC connections;
    132300 nanoseconds spent preparing 1 JDBC statements;
    1648500 nanoseconds spent executing 1 JDBC statements;
    0 nanoseconds spent executing 0 JDBC batches;
    0 nanoseconds spent performing 0 L2C puts;
    0 nanoseconds spent performing 0 L2C hits;
    0 nanoseconds spent performing 0 L2C misses;
    185600 nanoseconds spent executing 1 flushes (flushing a total of 2 entities and 1 collections);
    6500 nanoseconds spent executing 1 pre-partial-flushes;
    2600 nanoseconds spent executing 1 partial-flushes (flushing a total of 0 entities and 0 collections)
}
2026-04-29 13:59:33.251 INFO  [http-nio-8080-exec-3] o.h.e.i.StatisticalLoggingSessionEventListener - Session Metrics {
    2039500 nanoseconds spent acquiring 1 JDBC connections;
    0 nanoseconds spent releasing 0 JDBC connections;
    68900 nanoseconds spent preparing 1 JDBC statements;
    1785400 nanoseconds spent executing 1 JDBC statements;
    0 nanoseconds spent executing 0 JDBC batches;
    0 nanoseconds spent performing 0 L2C puts;
    0 nanoseconds spent performing 0 L2C hits;
    0 nanoseconds spent performing 0 L2C misses;
    185600 nanoseconds spent executing 1 flushes (flushing a total of 2 entities and 1 collections);
    7000 nanoseconds spent executing 1 pre-partial-flushes;
    3700 nanoseconds spent executing 1 partial-flushes (flushing a total of 0 entities and 0 collections)
}
2026-04-29 13:59:33.500 INFO  [http-nio-8080-exec-8] o.h.e.i.StatisticalLoggingSessionEventListener - Session Metrics {
    25400 nanoseconds spent acquiring 1 JDBC connections;
    0 nanoseconds spent releasing 0 JDBC connections;
    173900 nanoseconds spent preparing 2 JDBC statements;
    2418200 nanoseconds spent executing 1 JDBC statements;
    0 nanoseconds spent executing 0 JDBC batches;
    0 nanoseconds spent performing 0 L2C puts;
    0 nanoseconds spent performing 0 L2C hits;
    0 nanoseconds spent performing 0 L2C misses;
    0 nanoseconds spent executing 0 flushes (flushing a total of 0 entities and 0 collections);
    0 nanoseconds spent executing 0 pre-partial-flushes;
    0 nanoseconds spent executing 0 partial-flushes (flushing a total of 0 entities and 0 collections)
}
2026-04-29 13:59:33.505 INFO  [http-nio-8080-exec-7] o.h.e.i.StatisticalLoggingSessionEventListener - Session Metrics {
    30000 nanoseconds spent acquiring 1 JDBC connections;
    0 nanoseconds spent releasing 0 JDBC connections;
    218700 nanoseconds spent preparing 2 JDBC statements;
    2538900 nanoseconds spent executing 1 JDBC statements;
    0 nanoseconds spent executing 0 JDBC batches;
    0 nanoseconds spent performing 0 L2C puts;
    0 nanoseconds spent performing 0 L2C hits;
    0 nanoseconds spent performing 0 L2C misses;
    0 nanoseconds spent executing 0 flushes (flushing a total of 0 entities and 0 collections);
    0 nanoseconds spent executing 0 pre-partial-flushes;
    0 nanoseconds spent executing 0 partial-flushes (flushing a total of 0 entities and 0 collections)
}
2026-04-29 14:04:26.311 INFO  [http-nio-8080-exec-4] o.h.e.i.StatisticalLoggingSessionEventListener - Session Metrics {
    1091800 nanoseconds spent acquiring 1 JDBC connections;
    0 nanoseconds spent releasing 0 JDBC connections;
    1301100 nanoseconds spent preparing 3 JDBC statements;
    10482100 nanoseconds spent executing 3 JDBC statements;
    0 nanoseconds spent executing 0 JDBC batches;
    0 nanoseconds spent performing 0 L2C puts;
    0 nanoseconds spent performing 0 L2C hits;
    0 nanoseconds spent performing 0 L2C misses;
    0 nanoseconds spent executing 0 flushes (flushing a total of 0 entities and 0 collections);
    0 nanoseconds spent executing 0 pre-partial-flushes;
    0 nanoseconds spent executing 0 partial-flushes (flushing a total of 0 entities and 0 collections)
}
2026-04-29 14:04:26.311 INFO  [http-nio-8080-exec-10] o.h.e.i.StatisticalLoggingSessionEventListener - Session Metrics {
    995300 nanoseconds spent acquiring 1 JDBC connections;
    0 nanoseconds spent releasing 0 JDBC connections;
    1333600 nanoseconds spent preparing 3 JDBC statements;
    10820000 nanoseconds spent executing 3 JDBC statements;
    0 nanoseconds spent executing 0 JDBC batches;
    0 nanoseconds spent performing 0 L2C puts;
    0 nanoseconds spent performing 0 L2C hits;
    0 nanoseconds spent performing 0 L2C misses;
    0 nanoseconds spent executing 0 flushes (flushing a total of 0 entities and 0 collections);
    0 nanoseconds spent executing 0 pre-partial-flushes;
    0 nanoseconds spent executing 0 partial-flushes (flushing a total of 0 entities and 0 collections)
}
2026-04-29 14:04:26.311 INFO  [http-nio-8080-exec-3] o.h.e.i.StatisticalLoggingSessionEventListener - Session Metrics {
    826400 nanoseconds spent acquiring 1 JDBC connections;
    0 nanoseconds spent releasing 0 JDBC connections;
    1061800 nanoseconds spent preparing 3 JDBC statements;
    11180200 nanoseconds spent executing 3 JDBC statements;
    0 nanoseconds spent executing 0 JDBC batches;
    0 nanoseconds spent performing 0 L2C puts;
    0 nanoseconds spent performing 0 L2C hits;
    0 nanoseconds spent performing 0 L2C misses;
    0 nanoseconds spent executing 0 flushes (flushing a total of 0 entities and 0 collections);
    0 nanoseconds spent executing 0 pre-partial-flushes;
    0 nanoseconds spent executing 0 partial-flushes (flushing a total of 0 entities and 0 collections)
}
2026-04-29 14:04:26.322 INFO  [http-nio-8080-exec-8] o.h.e.i.StatisticalLoggingSessionEventListener - Session Metrics {
    20900 nanoseconds spent acquiring 1 JDBC connections;
    0 nanoseconds spent releasing 0 JDBC connections;
    229000 nanoseconds spent preparing 2 JDBC statements;
    2332400 nanoseconds spent executing 2 JDBC statements;
    0 nanoseconds spent executing 0 JDBC batches;
    0 nanoseconds spent performing 0 L2C puts;
    0 nanoseconds spent performing 0 L2C hits;
    0 nanoseconds spent performing 0 L2C misses;
    0 nanoseconds spent executing 0 flushes (flushing a total of 0 entities and 0 collections);
    0 nanoseconds spent executing 0 pre-partial-flushes;
    0 nanoseconds spent executing 0 partial-flushes (flushing a total of 0 entities and 0 collections)
}
2026-04-29 14:04:28.246 INFO  [http-nio-8080-exec-9] o.h.e.i.StatisticalLoggingSessionEventListener - Session Metrics {
    847900 nanoseconds spent acquiring 1 JDBC connections;
    0 nanoseconds spent releasing 0 JDBC connections;
    1022000 nanoseconds spent preparing 2 JDBC statements;
    1804800 nanoseconds spent executing 1 JDBC statements;
    0 nanoseconds spent executing 0 JDBC batches;
    0 nanoseconds spent performing 0 L2C puts;
    0 nanoseconds spent performing 0 L2C hits;
    0 nanoseconds spent performing 0 L2C misses;
    0 nanoseconds spent executing 0 flushes (flushing a total of 0 entities and 0 collections);
    0 nanoseconds spent executing 0 pre-partial-flushes;
    0 nanoseconds spent executing 0 partial-flushes (flushing a total of 0 entities and 0 collections)
}
2026-04-29 14:04:28.254 INFO  [http-nio-8080-exec-7] o.h.e.i.StatisticalLoggingSessionEventListener - Session Metrics {
    1139400 nanoseconds spent acquiring 1 JDBC connections;
    0 nanoseconds spent releasing 0 JDBC connections;
    1293500 nanoseconds spent preparing 2 JDBC statements;
    1625700 nanoseconds spent executing 1 JDBC statements;
    0 nanoseconds spent executing 0 JDBC batches;
    0 nanoseconds spent performing 0 L2C puts;
    0 nanoseconds spent performing 0 L2C hits;
    0 nanoseconds spent performing 0 L2C misses;
    0 nanoseconds spent executing 0 flushes (flushing a total of 0 entities and 0 collections);
    0 nanoseconds spent executing 0 pre-partial-flushes;
    0 nanoseconds spent executing 0 partial-flushes (flushing a total of 0 entities and 0 collections)
}
2026-04-29 14:04:32.689 INFO  [http-nio-8080-exec-1] o.h.e.i.StatisticalLoggingSessionEventListener - Session Metrics {
    895300 nanoseconds spent acquiring 1 JDBC connections;
    0 nanoseconds spent releasing 0 JDBC connections;
    1113500 nanoseconds spent preparing 2 JDBC statements;
    1656600 nanoseconds spent executing 1 JDBC statements;
    0 nanoseconds spent executing 0 JDBC batches;
    0 nanoseconds spent performing 0 L2C puts;
    0 nanoseconds spent performing 0 L2C hits;
    0 nanoseconds spent performing 0 L2C misses;
    0 nanoseconds spent executing 0 flushes (flushing a total of 0 entities and 0 collections);
    0 nanoseconds spent executing 0 pre-partial-flushes;
    0 nanoseconds spent executing 0 partial-flushes (flushing a total of 0 entities and 0 collections)
}
2026-04-29 14:04:32.693 INFO  [http-nio-8080-exec-2] o.h.e.i.StatisticalLoggingSessionEventListener - Session Metrics {
    1407800 nanoseconds spent acquiring 1 JDBC connections;
    0 nanoseconds spent releasing 0 JDBC connections;
    1596500 nanoseconds spent preparing 2 JDBC statements;
    1751000 nanoseconds spent executing 1 JDBC statements;
    0 nanoseconds spent executing 0 JDBC batches;
    0 nanoseconds spent performing 0 L2C puts;
    0 nanoseconds spent performing 0 L2C hits;
    0 nanoseconds spent performing 0 L2C misses;
    0 nanoseconds spent executing 0 flushes (flushing a total of 0 entities and 0 collections);
    0 nanoseconds spent executing 0 pre-partial-flushes;
    0 nanoseconds spent executing 0 partial-flushes (flushing a total of 0 entities and 0 collections)
}
2026-04-29 14:04:40.666 INFO  [http-nio-8080-exec-6] o.h.e.i.StatisticalLoggingSessionEventListener - Session Metrics {
    685800 nanoseconds spent acquiring 1 JDBC connections;
    0 nanoseconds spent releasing 0 JDBC connections;
    83800 nanoseconds spent preparing 1 JDBC statements;
    8284400 nanoseconds spent executing 1 JDBC statements;
    0 nanoseconds spent executing 0 JDBC batches;
    0 nanoseconds spent performing 0 L2C puts;
    0 nanoseconds spent performing 0 L2C hits;
    0 nanoseconds spent performing 0 L2C misses;
    326400 nanoseconds spent executing 1 flushes (flushing a total of 2 entities and 1 collections);
    6000 nanoseconds spent executing 1 pre-partial-flushes;
    2100 nanoseconds spent executing 1 partial-flushes (flushing a total of 0 entities and 0 collections)
}
2026-04-29 14:04:40.667 INFO  [http-nio-8080-exec-10] o.h.e.i.StatisticalLoggingSessionEventListener - Session Metrics {
    541700 nanoseconds spent acquiring 1 JDBC connections;
    0 nanoseconds spent releasing 0 JDBC connections;
    67300 nanoseconds spent preparing 1 JDBC statements;
    10027400 nanoseconds spent executing 1 JDBC statements;
    0 nanoseconds spent executing 0 JDBC batches;
    0 nanoseconds spent performing 0 L2C puts;
    0 nanoseconds spent performing 0 L2C hits;
    0 nanoseconds spent performing 0 L2C misses;
    230600 nanoseconds spent executing 1 flushes (flushing a total of 2 entities and 1 collections);
    3300 nanoseconds spent executing 1 pre-partial-flushes;
    1900 nanoseconds spent executing 1 partial-flushes (flushing a total of 0 entities and 0 collections)
}
2026-04-29 14:04:44.339 INFO  [http-nio-8080-exec-3] o.h.e.i.StatisticalLoggingSessionEventListener - Session Metrics {
    343100 nanoseconds spent acquiring 1 JDBC connections;
    0 nanoseconds spent releasing 0 JDBC connections;
    61200 nanoseconds spent preparing 1 JDBC statements;
    1600000 nanoseconds spent executing 1 JDBC statements;
    0 nanoseconds spent executing 0 JDBC batches;
    0 nanoseconds spent performing 0 L2C puts;
    0 nanoseconds spent performing 0 L2C hits;
    0 nanoseconds spent performing 0 L2C misses;
    149400 nanoseconds spent executing 1 flushes (flushing a total of 2 entities and 1 collections);
    3100 nanoseconds spent executing 1 pre-partial-flushes;
    2300 nanoseconds spent executing 1 partial-flushes (flushing a total of 0 entities and 0 collections)
}
2026-04-29 14:04:44.339 INFO  [http-nio-8080-exec-4] o.h.e.i.StatisticalLoggingSessionEventListener - Session Metrics {
    606600 nanoseconds spent acquiring 1 JDBC connections;
    0 nanoseconds spent releasing 0 JDBC connections;
    85400 nanoseconds spent preparing 1 JDBC statements;
    1744000 nanoseconds spent executing 1 JDBC statements;
    0 nanoseconds spent executing 0 JDBC batches;
    0 nanoseconds spent performing 0 L2C puts;
    0 nanoseconds spent performing 0 L2C hits;
    0 nanoseconds spent performing 0 L2C misses;
    146200 nanoseconds spent executing 1 flushes (flushing a total of 2 entities and 1 collections);
    3900 nanoseconds spent executing 1 pre-partial-flushes;
    2200 nanoseconds spent executing 1 partial-flushes (flushing a total of 0 entities and 0 collections)
}
2026-04-29 14:04:49.870 INFO  [http-nio-8080-exec-5] o.h.e.i.StatisticalLoggingSessionEventListener - Session Metrics {
    1230600 nanoseconds spent acquiring 1 JDBC connections;
    0 nanoseconds spent releasing 0 JDBC connections;
    117700 nanoseconds spent preparing 1 JDBC statements;
    2390600 nanoseconds spent executing 1 JDBC statements;
    0 nanoseconds spent executing 0 JDBC batches;
    0 nanoseconds spent performing 0 L2C puts;
    0 nanoseconds spent performing 0 L2C hits;
    0 nanoseconds spent performing 0 L2C misses;
    150900 nanoseconds spent executing 1 flushes (flushing a total of 2 entities and 1 collections);
    5800 nanoseconds spent executing 1 pre-partial-flushes;
    2100 nanoseconds spent executing 1 partial-flushes (flushing a total of 0 entities and 0 collections)
}
2026-04-29 14:04:49.870 INFO  [http-nio-8080-exec-8] o.h.e.i.StatisticalLoggingSessionEventListener - Session Metrics {
    1238500 nanoseconds spent acquiring 1 JDBC connections;
    0 nanoseconds spent releasing 0 JDBC connections;
    86200 nanoseconds spent preparing 1 JDBC statements;
    2389300 nanoseconds spent executing 1 JDBC statements;
    0 nanoseconds spent executing 0 JDBC batches;
    0 nanoseconds spent performing 0 L2C puts;
    0 nanoseconds spent performing 0 L2C hits;
    0 nanoseconds spent performing 0 L2C misses;
    150800 nanoseconds spent executing 1 flushes (flushing a total of 2 entities and 1 collections);
    5700 nanoseconds spent executing 1 pre-partial-flushes;
    2900 nanoseconds spent executing 1 partial-flushes (flushing a total of 0 entities and 0 collections)
}
2026-04-29 14:04:50.910 INFO  [http-nio-8080-exec-9] o.h.e.i.StatisticalLoggingSessionEventListener - Session Metrics {
    756400 nanoseconds spent acquiring 1 JDBC connections;
    0 nanoseconds spent releasing 0 JDBC connections;
    917700 nanoseconds spent preparing 2 JDBC statements;
    1575100 nanoseconds spent executing 1 JDBC statements;
    0 nanoseconds spent executing 0 JDBC batches;
    0 nanoseconds spent performing 0 L2C puts;
    0 nanoseconds spent performing 0 L2C hits;
    0 nanoseconds spent performing 0 L2C misses;
    0 nanoseconds spent executing 0 flushes (flushing a total of 0 entities and 0 collections);
    0 nanoseconds spent executing 0 pre-partial-flushes;
    0 nanoseconds spent executing 0 partial-flushes (flushing a total of 0 entities and 0 collections)
}
2026-04-29 14:04:50.913 INFO  [http-nio-8080-exec-7] o.h.e.i.StatisticalLoggingSessionEventListener - Session Metrics {
    1011200 nanoseconds spent acquiring 1 JDBC connections;
    0 nanoseconds spent releasing 0 JDBC connections;
    1129500 nanoseconds spent preparing 2 JDBC statements;
    1318500 nanoseconds spent executing 1 JDBC statements;
    0 nanoseconds spent executing 0 JDBC batches;
    0 nanoseconds spent performing 0 L2C puts;
    0 nanoseconds spent performing 0 L2C hits;
    0 nanoseconds spent performing 0 L2C misses;
    0 nanoseconds spent executing 0 flushes (flushing a total of 0 entities and 0 collections);
    0 nanoseconds spent executing 0 pre-partial-flushes;
    0 nanoseconds spent executing 0 partial-flushes (flushing a total of 0 entities and 0 collections)
}
2026-04-29 14:04:55.144 INFO  [http-nio-8080-exec-1] o.h.e.i.StatisticalLoggingSessionEventListener - Session Metrics {
    1730800 nanoseconds spent acquiring 1 JDBC connections;
    0 nanoseconds spent releasing 0 JDBC connections;
    87300 nanoseconds spent preparing 1 JDBC statements;
    3161900 nanoseconds spent executing 1 JDBC statements;
    0 nanoseconds spent executing 0 JDBC batches;
    0 nanoseconds spent performing 0 L2C puts;
    0 nanoseconds spent performing 0 L2C hits;
    0 nanoseconds spent performing 0 L2C misses;
    226400 nanoseconds spent executing 1 flushes (flushing a total of 2 entities and 1 collections);
    5400 nanoseconds spent executing 1 pre-partial-flushes;
    3100 nanoseconds spent executing 1 partial-flushes (flushing a total of 0 entities and 0 collections)
}
2026-04-29 14:04:55.333 INFO  [http-nio-8080-exec-6] o.h.e.i.StatisticalLoggingSessionEventListener - Session Metrics {
    31100 nanoseconds spent acquiring 1 JDBC connections;
    0 nanoseconds spent releasing 0 JDBC connections;
    239500 nanoseconds spent preparing 2 JDBC statements;
    6949900 nanoseconds spent executing 1 JDBC statements;
    0 nanoseconds spent executing 0 JDBC batches;
    0 nanoseconds spent performing 0 L2C puts;
    0 nanoseconds spent performing 0 L2C hits;
    0 nanoseconds spent performing 0 L2C misses;
    0 nanoseconds spent executing 0 flushes (flushing a total of 0 entities and 0 collections);
    0 nanoseconds spent executing 0 pre-partial-flushes;
    0 nanoseconds spent executing 0 partial-flushes (flushing a total of 0 entities and 0 collections)
}
2026-04-29 14:04:55.334 INFO  [http-nio-8080-exec-2] o.h.e.i.StatisticalLoggingSessionEventListener - Session Metrics {
    2985300 nanoseconds spent acquiring 1 JDBC connections;
    0 nanoseconds spent releasing 0 JDBC connections;
    3165000 nanoseconds spent preparing 2 JDBC statements;
    9601800 nanoseconds spent executing 1 JDBC statements;
    0 nanoseconds spent executing 0 JDBC batches;
    0 nanoseconds spent performing 0 L2C puts;
    0 nanoseconds spent performing 0 L2C hits;
    0 nanoseconds spent performing 0 L2C misses;
    0 nanoseconds spent executing 0 flushes (flushing a total of 0 entities and 0 collections);
    0 nanoseconds spent executing 0 pre-partial-flushes;
    0 nanoseconds spent executing 0 partial-flushes (flushing a total of 0 entities and 0 collections)
}
2026-04-29 14:32:21.473 INFO  [SpringApplicationShutdownHook] o.s.b.w.e.tomcat.GracefulShutdown - Commencing graceful shutdown. Waiting for active requests to complete
2026-04-29 14:32:21.732 INFO  [tomcat-shutdown] o.s.b.w.e.tomcat.GracefulShutdown - Graceful shutdown complete
2026-04-29 14:32:21.765 INFO  [SpringApplicationShutdownHook] o.s.o.j.LocalContainerEntityManagerFactoryBean - Closing JPA EntityManagerFactory for persistence unit 'default'
2026-04-29 14:32:21.770 INFO  [SpringApplicationShutdownHook] com.zaxxer.hikari.HikariDataSource - HikariPool-1 - Shutdown initiated...
2026-04-29 14:32:21.787 INFO  [SpringApplicationShutdownHook] com.zaxxer.hikari.HikariDataSource - HikariPool-1 - Shutdown completed.
2026-04-29 14:32:33.143 INFO  [main] t.report.mainapp.MainAppApplication - Starting MainAppApplication using Java 18.0.2 with PID 26496 (D:\06-05-2025\report\main-app\target\classes started by Precision 7540 in D:\06-05-2025\report)
2026-04-29 14:32:33.144 INFO  [main] t.report.mainapp.MainAppApplication - No active profile set, falling back to 1 default profile: "default"
2026-04-29 14:32:34.177 INFO  [main] o.s.d.r.c.RepositoryConfigurationDelegate - Multiple Spring Data modules found, entering strict repository configuration mode
2026-04-29 14:32:34.178 INFO  [main] o.s.d.r.c.RepositoryConfigurationDelegate - Bootstrapping Spring Data JPA repositories in DEFAULT mode.
2026-04-29 14:32:34.200 INFO  [main] o.s.d.r.c.RepositoryConfigurationDelegate - Finished Spring Data repository scanning in 14 ms. Found 0 JPA repository interfaces.
2026-04-29 14:32:34.212 INFO  [main] o.s.d.r.c.RepositoryConfigurationDelegate - Multiple Spring Data modules found, entering strict repository configuration mode
2026-04-29 14:32:34.213 INFO  [main] o.s.d.r.c.RepositoryConfigurationDelegate - Bootstrapping Spring Data Redis repositories in DEFAULT mode.
2026-04-29 14:32:34.225 INFO  [main] o.s.d.r.c.RepositoryConfigurationDelegate - Finished Spring Data repository scanning in 4 ms. Found 0 Redis repository interfaces.
2026-04-29 14:32:34.893 INFO  [main] o.s.b.w.e.tomcat.TomcatWebServer - Tomcat initialized with port 8080 (http)
2026-04-29 14:32:34.907 INFO  [main] o.a.coyote.http11.Http11NioProtocol - Initializing ProtocolHandler ["http-nio-8080"]
2026-04-29 14:32:34.908 INFO  [main] o.a.catalina.core.StandardService - Starting service [Tomcat]
2026-04-29 14:32:34.909 INFO  [main] o.a.catalina.core.StandardEngine - Starting Servlet engine: [Apache Tomcat/10.1.42]
2026-04-29 14:32:35.033 INFO  [main] o.a.c.c.C.[Tomcat].[localhost].[/] - Initializing Spring embedded WebApplicationContext
2026-04-29 14:32:35.034 INFO  [main] o.s.b.w.s.c.ServletWebServerApplicationContext - Root WebApplicationContext: initialization completed in 1841 ms
2026-04-29 14:32:35.608 INFO  [main] com.zaxxer.hikari.HikariDataSource - HikariPool-1 - Starting...
2026-04-29 14:32:36.140 INFO  [main] com.zaxxer.hikari.pool.HikariPool - HikariPool-1 - Added connection oracle.jdbc.driver.T4CConnection@696298ea
2026-04-29 14:32:36.141 INFO  [main] com.zaxxer.hikari.HikariDataSource - HikariPool-1 - Start completed.
2026-04-29 14:32:36.189 INFO  [main] o.h.jpa.internal.util.LogHelper - HHH000204: Processing PersistenceUnitInfo [name: default]
2026-04-29 14:32:36.284 INFO  [main] org.hibernate.Version - HHH000412: Hibernate ORM core version 6.6.18.Final
2026-04-29 14:32:36.329 INFO  [main] o.h.c.i.RegionFactoryInitiator - HHH000026: Second-level cache disabled
2026-04-29 14:32:36.705 INFO  [main] o.s.o.j.p.SpringPersistenceUnitInfo - No LoadTimeWeaver setup: ignoring JPA class transformer
2026-04-29 14:32:37.011 INFO  [main] o.hibernate.orm.connections.pooling - HHH10001005: Database info:
	Database JDBC URL [Connecting through datasource 'HikariDataSource (HikariPool-1)']
	Database driver: undefined/unknown
	Database version: 19.3
	Autocommit mode: undefined/unknown
	Isolation level: undefined/unknown
	Minimum pool size: undefined/unknown
	Maximum pool size: undefined/unknown
2026-04-29 14:32:38.190 INFO  [main] o.h.e.t.j.p.i.JtaPlatformInitiator - HHH000489: No JTA platform available (set 'hibernate.transaction.jta.platform' to enable JTA platform integration)
2026-04-29 14:32:38.198 INFO  [main] o.s.o.j.LocalContainerEntityManagerFactoryBean - Initialized JPA EntityManagerFactory for persistence unit 'default'
2026-04-29 14:32:40.196 INFO  [main] o.s.b.a.e.web.EndpointLinksResolver - Exposing 3 endpoints beneath base path '/actuator'
2026-04-29 14:32:40.285 INFO  [main] o.a.coyote.http11.Http11NioProtocol - Starting ProtocolHandler ["http-nio-8080"]
2026-04-29 14:32:40.302 INFO  [main] o.s.b.w.e.tomcat.TomcatWebServer - Tomcat started on port 8080 (http) with context path '/'
2026-04-29 14:32:40.513 INFO  [main] t.report.mainapp.MainAppApplication - Started MainAppApplication in 8.002 seconds (process running for 8.913)
2026-04-29 14:32:41.151 INFO  [RMI TCP Connection(1)-169.254.31.210] o.a.c.c.C.[Tomcat].[localhost].[/] - Initializing Spring DispatcherServlet 'dispatcherServlet'
2026-04-29 14:32:41.152 INFO  [RMI TCP Connection(1)-169.254.31.210] o.s.web.servlet.DispatcherServlet - Initializing Servlet 'dispatcherServlet'
2026-04-29 14:32:41.154 INFO  [RMI TCP Connection(1)-169.254.31.210] o.s.web.servlet.DispatcherServlet - Completed initialization in 2 ms
2026-04-29 14:42:18.431 INFO  [SpringApplicationShutdownHook] o.s.b.w.e.tomcat.GracefulShutdown - Commencing graceful shutdown. Waiting for active requests to complete
2026-04-29 14:42:18.704 INFO  [tomcat-shutdown] o.s.b.w.e.tomcat.GracefulShutdown - Graceful shutdown complete
2026-04-29 14:42:18.720 INFO  [SpringApplicationShutdownHook] o.s.o.j.LocalContainerEntityManagerFactoryBean - Closing JPA EntityManagerFactory for persistence unit 'default'
2026-04-29 14:42:18.722 INFO  [SpringApplicationShutdownHook] com.zaxxer.hikari.HikariDataSource - HikariPool-1 - Shutdown initiated...
2026-04-29 14:42:28.263 INFO  [SpringApplicationShutdownHook] com.zaxxer.hikari.HikariDataSource - HikariPool-1 - Shutdown completed.
2026-04-29 14:49:35.006 INFO  [main] t.report.mainapp.MainAppApplication - Starting MainAppApplication using Java 18.0.2 with PID 11536 (D:\06-05-2025\report\main-app\target\classes started by Precision 7540 in D:\06-05-2025\report)
2026-04-29 14:49:35.007 INFO  [main] t.report.mainapp.MainAppApplication - No active profile set, falling back to 1 default profile: "default"
2026-04-29 14:49:36.001 INFO  [main] o.s.d.r.c.RepositoryConfigurationDelegate - Multiple Spring Data modules found, entering strict repository configuration mode
2026-04-29 14:49:36.002 INFO  [main] o.s.d.r.c.RepositoryConfigurationDelegate - Bootstrapping Spring Data JPA repositories in DEFAULT mode.
2026-04-29 14:49:36.022 INFO  [main] o.s.d.r.c.RepositoryConfigurationDelegate - Finished Spring Data repository scanning in 13 ms. Found 0 JPA repository interfaces.
2026-04-29 14:49:36.032 INFO  [main] o.s.d.r.c.RepositoryConfigurationDelegate - Multiple Spring Data modules found, entering strict repository configuration mode
2026-04-29 14:49:36.033 INFO  [main] o.s.d.r.c.RepositoryConfigurationDelegate - Bootstrapping Spring Data Redis repositories in DEFAULT mode.
2026-04-29 14:49:36.044 INFO  [main] o.s.d.r.c.RepositoryConfigurationDelegate - Finished Spring Data repository scanning in 3 ms. Found 0 Redis repository interfaces.
2026-04-29 14:49:36.595 INFO  [main] o.s.b.w.e.tomcat.TomcatWebServer - Tomcat initialized with port 8080 (http)
2026-04-29 14:49:36.605 INFO  [main] o.a.coyote.http11.Http11NioProtocol - Initializing ProtocolHandler ["http-nio-8080"]
2026-04-29 14:49:36.606 INFO  [main] o.a.catalina.core.StandardService - Starting service [Tomcat]
2026-04-29 14:49:36.607 INFO  [main] o.a.catalina.core.StandardEngine - Starting Servlet engine: [Apache Tomcat/10.1.42]
2026-04-29 14:49:36.683 INFO  [main] o.a.c.c.C.[Tomcat].[localhost].[/] - Initializing Spring embedded WebApplicationContext
2026-04-29 14:49:36.683 INFO  [main] o.s.b.w.s.c.ServletWebServerApplicationContext - Root WebApplicationContext: initialization completed in 1631 ms
2026-04-29 14:49:37.134 INFO  [main] com.zaxxer.hikari.HikariDataSource - HikariPool-1 - Starting...
2026-04-29 14:50:07.714 INFO  [main] com.zaxxer.hikari.pool.HikariPool - HikariPool-1 - Added connection oracle.jdbc.driver.T4CConnection@696298ea
2026-04-29 14:50:07.715 INFO  [main] com.zaxxer.hikari.HikariDataSource - HikariPool-1 - Start completed.
2026-04-29 14:50:07.747 INFO  [main] o.h.jpa.internal.util.LogHelper - HHH000204: Processing PersistenceUnitInfo [name: default]
2026-04-29 14:50:07.785 INFO  [main] org.hibernate.Version - HHH000412: Hibernate ORM core version 6.6.18.Final
2026-04-29 14:50:07.811 INFO  [main] o.h.c.i.RegionFactoryInitiator - HHH000026: Second-level cache disabled
2026-04-29 14:50:08.091 INFO  [main] o.s.o.j.p.SpringPersistenceUnitInfo - No LoadTimeWeaver setup: ignoring JPA class transformer
2026-04-29 14:50:08.314 INFO  [main] o.hibernate.orm.connections.pooling - HHH10001005: Database info:
	Database JDBC URL [Connecting through datasource 'HikariDataSource (HikariPool-1)']
	Database driver: undefined/unknown
	Database version: 19.3
	Autocommit mode: undefined/unknown
	Isolation level: undefined/unknown
	Minimum pool size: undefined/unknown
	Maximum pool size: undefined/unknown
2026-04-29 14:50:09.120 INFO  [main] o.h.e.t.j.p.i.JtaPlatformInitiator - HHH000489: No JTA platform available (set 'hibernate.transaction.jta.platform' to enable JTA platform integration)
2026-04-29 14:50:09.126 INFO  [main] o.s.o.j.LocalContainerEntityManagerFactoryBean - Initialized JPA EntityManagerFactory for persistence unit 'default'
2026-04-29 14:50:10.617 INFO  [main] o.s.b.a.e.web.EndpointLinksResolver - Exposing 3 endpoints beneath base path '/actuator'
2026-04-29 14:50:10.699 INFO  [main] o.a.coyote.http11.Http11NioProtocol - Starting ProtocolHandler ["http-nio-8080"]
2026-04-29 14:50:10.717 INFO  [main] o.s.b.w.e.tomcat.TomcatWebServer - Tomcat started on port 8080 (http) with context path '/'
2026-04-29 14:50:25.942 INFO  [main] t.report.mainapp.MainAppApplication - Started MainAppApplication in 51.492 seconds (process running for 52.27)
2026-04-29 14:50:26.276 INFO  [RMI TCP Connection(3)-169.254.31.210] o.a.c.c.C.[Tomcat].[localhost].[/] - Initializing Spring DispatcherServlet 'dispatcherServlet'
2026-04-29 14:50:26.277 INFO  [RMI TCP Connection(3)-169.254.31.210] o.s.web.servlet.DispatcherServlet - Initializing Servlet 'dispatcherServlet'
2026-04-29 14:50:26.279 INFO  [RMI TCP Connection(3)-169.254.31.210] o.s.web.servlet.DispatcherServlet - Completed initialization in 2 ms
2026-04-29 14:50:34.548 INFO  [http-nio-8080-exec-3] o.h.e.i.StatisticalLoggingSessionEventListener - Session Metrics {
    1177700 nanoseconds spent acquiring 1 JDBC connections;
    0 nanoseconds spent releasing 0 JDBC connections;
    33566200 nanoseconds spent preparing 1 JDBC statements;
    13343200 nanoseconds spent executing 1 JDBC statements;
    0 nanoseconds spent executing 0 JDBC batches;
    0 nanoseconds spent performing 0 L2C puts;
    0 nanoseconds spent performing 0 L2C hits;
    0 nanoseconds spent performing 0 L2C misses;
    11528800 nanoseconds spent executing 1 flushes (flushing a total of 2 entities and 1 collections);
    32000 nanoseconds spent executing 1 pre-partial-flushes;
    4100 nanoseconds spent executing 1 partial-flushes (flushing a total of 0 entities and 0 collections)
}
2026-04-29 14:50:34.548 INFO  [http-nio-8080-exec-9] o.h.e.i.StatisticalLoggingSessionEventListener - Session Metrics {
    1584500 nanoseconds spent acquiring 1 JDBC connections;
    0 nanoseconds spent releasing 0 JDBC connections;
    33607800 nanoseconds spent preparing 1 JDBC statements;
    13662100 nanoseconds spent executing 1 JDBC statements;
    0 nanoseconds spent executing 0 JDBC batches;
    0 nanoseconds spent performing 0 L2C puts;
    0 nanoseconds spent performing 0 L2C hits;
    0 nanoseconds spent performing 0 L2C misses;
    11529100 nanoseconds spent executing 1 flushes (flushing a total of 2 entities and 1 collections);
    32000 nanoseconds spent executing 1 pre-partial-flushes;
    10600 nanoseconds spent executing 1 partial-flushes (flushing a total of 0 entities and 0 collections)
}
2026-04-29 14:50:35.746 INFO  [http-nio-8080-exec-6] o.h.e.i.StatisticalLoggingSessionEventListener - Session Metrics {
    907300 nanoseconds spent acquiring 1 JDBC connections;
    0 nanoseconds spent releasing 0 JDBC connections;
    22462300 nanoseconds spent preparing 2 JDBC statements;
    2867900 nanoseconds spent executing 1 JDBC statements;
    0 nanoseconds spent executing 0 JDBC batches;
    0 nanoseconds spent performing 0 L2C puts;
    0 nanoseconds spent performing 0 L2C hits;
    0 nanoseconds spent performing 0 L2C misses;
    0 nanoseconds spent executing 0 flushes (flushing a total of 0 entities and 0 collections);
    0 nanoseconds spent executing 0 pre-partial-flushes;
    0 nanoseconds spent executing 0 partial-flushes (flushing a total of 0 entities and 0 collections)
}
2026-04-29 14:50:35.770 INFO  [http-nio-8080-exec-7] o.h.e.i.StatisticalLoggingSessionEventListener - Session Metrics {
    912400 nanoseconds spent acquiring 1 JDBC connections;
    0 nanoseconds spent releasing 0 JDBC connections;
    22418300 nanoseconds spent preparing 2 JDBC statements;
    3018200 nanoseconds spent executing 1 JDBC statements;
    0 nanoseconds spent executing 0 JDBC batches;
    0 nanoseconds spent performing 0 L2C puts;
    0 nanoseconds spent performing 0 L2C hits;
    0 nanoseconds spent performing 0 L2C misses;
    0 nanoseconds spent executing 0 flushes (flushing a total of 0 entities and 0 collections);
    0 nanoseconds spent executing 0 pre-partial-flushes;
    0 nanoseconds spent executing 0 partial-flushes (flushing a total of 0 entities and 0 collections)
}
2026-04-29 15:16:56.703 INFO  [SpringApplicationShutdownHook] o.s.b.w.e.tomcat.GracefulShutdown - Commencing graceful shutdown. Waiting for active requests to complete
2026-04-29 15:16:56.958 INFO  [tomcat-shutdown] o.s.b.w.e.tomcat.GracefulShutdown - Graceful shutdown complete
2026-04-29 15:16:56.980 INFO  [SpringApplicationShutdownHook] o.s.o.j.LocalContainerEntityManagerFactoryBean - Closing JPA EntityManagerFactory for persistence unit 'default'
2026-04-29 15:16:56.983 INFO  [SpringApplicationShutdownHook] com.zaxxer.hikari.HikariDataSource - HikariPool-1 - Shutdown initiated...
2026-04-29 19:06:27.765 INFO  [main] t.report.mainapp.MainAppApplication - Starting MainAppApplication using Java 18.0.2 with PID 22976 (D:\06-05-2025\report\main-app\target\classes started by Precision 7540 in D:\06-05-2025\report)
2026-04-29 19:06:27.768 INFO  [main] t.report.mainapp.MainAppApplication - No active profile set, falling back to 1 default profile: "default"
2026-04-29 19:06:29.712 INFO  [main] o.s.d.r.c.RepositoryConfigurationDelegate - Multiple Spring Data modules found, entering strict repository configuration mode
2026-04-29 19:06:29.717 INFO  [main] o.s.d.r.c.RepositoryConfigurationDelegate - Bootstrapping Spring Data JPA repositories in DEFAULT mode.
2026-04-29 19:06:29.762 INFO  [main] o.s.d.r.c.RepositoryConfigurationDelegate - Finished Spring Data repository scanning in 28 ms. Found 0 JPA repository interfaces.
2026-04-29 19:06:29.787 INFO  [main] o.s.d.r.c.RepositoryConfigurationDelegate - Multiple Spring Data modules found, entering strict repository configuration mode
2026-04-29 19:06:29.788 INFO  [main] o.s.d.r.c.RepositoryConfigurationDelegate - Bootstrapping Spring Data Redis repositories in DEFAULT mode.
2026-04-29 19:06:29.815 INFO  [main] o.s.d.r.c.RepositoryConfigurationDelegate - Finished Spring Data repository scanning in 7 ms. Found 0 Redis repository interfaces.
2026-04-29 19:06:30.811 INFO  [main] o.s.b.w.e.tomcat.TomcatWebServer - Tomcat initialized with port 8080 (http)
2026-04-29 19:06:30.843 INFO  [main] o.a.coyote.http11.Http11NioProtocol - Initializing ProtocolHandler ["http-nio-8080"]
2026-04-29 19:06:30.845 INFO  [main] o.a.catalina.core.StandardService - Starting service [Tomcat]
2026-04-29 19:06:30.845 INFO  [main] o.a.catalina.core.StandardEngine - Starting Servlet engine: [Apache Tomcat/10.1.42]
2026-04-29 19:06:30.955 INFO  [main] o.a.c.c.C.[Tomcat].[localhost].[/] - Initializing Spring embedded WebApplicationContext
2026-04-29 19:06:30.955 INFO  [main] o.s.b.w.s.c.ServletWebServerApplicationContext - Root WebApplicationContext: initialization completed in 3109 ms
2026-04-29 19:06:31.682 INFO  [main] com.zaxxer.hikari.HikariDataSource - HikariPool-1 - Starting...
2026-04-29 19:06:32.392 INFO  [main] com.zaxxer.hikari.pool.HikariPool - HikariPool-1 - Added connection oracle.jdbc.driver.T4CConnection@7544260a
2026-04-29 19:06:32.394 INFO  [main] com.zaxxer.hikari.HikariDataSource - HikariPool-1 - Start completed.
2026-04-29 19:06:32.453 INFO  [main] o.h.jpa.internal.util.LogHelper - HHH000204: Processing PersistenceUnitInfo [name: default]
2026-04-29 19:06:32.543 INFO  [main] org.hibernate.Version - HHH000412: Hibernate ORM core version 6.6.18.Final
2026-04-29 19:06:32.594 INFO  [main] o.h.c.i.RegionFactoryInitiator - HHH000026: Second-level cache disabled
2026-04-29 19:06:32.969 INFO  [main] o.s.o.j.p.SpringPersistenceUnitInfo - No LoadTimeWeaver setup: ignoring JPA class transformer
2026-04-29 19:06:33.325 INFO  [main] o.hibernate.orm.connections.pooling - HHH10001005: Database info:
	Database JDBC URL [Connecting through datasource 'HikariDataSource (HikariPool-1)']
	Database driver: undefined/unknown
	Database version: 19.3
	Autocommit mode: undefined/unknown
	Isolation level: undefined/unknown
	Minimum pool size: undefined/unknown
	Maximum pool size: undefined/unknown
2026-04-29 19:06:34.870 INFO  [main] o.h.e.t.j.p.i.JtaPlatformInitiator - HHH000489: No JTA platform available (set 'hibernate.transaction.jta.platform' to enable JTA platform integration)
2026-04-29 19:06:34.879 INFO  [main] o.s.o.j.LocalContainerEntityManagerFactoryBean - Initialized JPA EntityManagerFactory for persistence unit 'default'
2026-04-29 19:06:37.801 INFO  [main] o.s.b.a.e.web.EndpointLinksResolver - Exposing 3 endpoints beneath base path '/actuator'
2026-04-29 19:06:37.942 INFO  [main] o.a.coyote.http11.Http11NioProtocol - Starting ProtocolHandler ["http-nio-8080"]
2026-04-29 19:06:37.983 INFO  [main] o.s.b.w.e.tomcat.TomcatWebServer - Tomcat started on port 8080 (http) with context path '/'
2026-04-29 19:06:38.220 INFO  [main] t.report.mainapp.MainAppApplication - Started MainAppApplication in 11.194 seconds (process running for 13.873)
2026-04-29 19:06:38.737 INFO  [RMI TCP Connection(1)-169.254.31.210] o.a.c.c.C.[Tomcat].[localhost].[/] - Initializing Spring DispatcherServlet 'dispatcherServlet'
2026-04-29 19:06:38.737 INFO  [RMI TCP Connection(1)-169.254.31.210] o.s.web.servlet.DispatcherServlet - Initializing Servlet 'dispatcherServlet'
2026-04-29 19:06:38.741 INFO  [RMI TCP Connection(1)-169.254.31.210] o.s.web.servlet.DispatcherServlet - Completed initialization in 3 ms
2026-04-29 19:08:36.990 INFO  [http-nio-8080-exec-3] o.h.e.i.StatisticalLoggingSessionEventListener - Session Metrics {
    803000 nanoseconds spent acquiring 1 JDBC connections;
    0 nanoseconds spent releasing 0 JDBC connections;
    30806300 nanoseconds spent preparing 1 JDBC statements;
    70102900 nanoseconds spent executing 1 JDBC statements;
    0 nanoseconds spent executing 0 JDBC batches;
    0 nanoseconds spent performing 0 L2C puts;
    0 nanoseconds spent performing 0 L2C hits;
    0 nanoseconds spent performing 0 L2C misses;
    12678300 nanoseconds spent executing 1 flushes (flushing a total of 2 entities and 1 collections);
    24300 nanoseconds spent executing 1 pre-partial-flushes;
    14800 nanoseconds spent executing 1 partial-flushes (flushing a total of 0 entities and 0 collections)
}
2026-04-29 19:08:36.990 INFO  [http-nio-8080-exec-4] o.h.e.i.StatisticalLoggingSessionEventListener - Session Metrics {
    826800 nanoseconds spent acquiring 1 JDBC connections;
    0 nanoseconds spent releasing 0 JDBC connections;
    30822800 nanoseconds spent preparing 1 JDBC statements;
    57209200 nanoseconds spent executing 1 JDBC statements;
    0 nanoseconds spent executing 0 JDBC batches;
    0 nanoseconds spent performing 0 L2C puts;
    0 nanoseconds spent performing 0 L2C hits;
    0 nanoseconds spent performing 0 L2C misses;
    12678100 nanoseconds spent executing 1 flushes (flushing a total of 2 entities and 1 collections);
    24500 nanoseconds spent executing 1 pre-partial-flushes;
    15100 nanoseconds spent executing 1 partial-flushes (flushing a total of 0 entities and 0 collections)
}
2026-04-29 19:08:37.452 INFO  [http-nio-8080-exec-6] o.h.e.i.StatisticalLoggingSessionEventListener - Session Metrics {
    198900 nanoseconds spent acquiring 1 JDBC connections;
    0 nanoseconds spent releasing 0 JDBC connections;
    25999800 nanoseconds spent preparing 2 JDBC statements;
    4162200 nanoseconds spent executing 1 JDBC statements;
    0 nanoseconds spent executing 0 JDBC batches;
    0 nanoseconds spent performing 0 L2C puts;
    0 nanoseconds spent performing 0 L2C hits;
    0 nanoseconds spent performing 0 L2C misses;
    0 nanoseconds spent executing 0 flushes (flushing a total of 0 entities and 0 collections);
    0 nanoseconds spent executing 0 pre-partial-flushes;
    0 nanoseconds spent executing 0 partial-flushes (flushing a total of 0 entities and 0 collections)
}
2026-04-29 19:08:37.464 INFO  [http-nio-8080-exec-7] o.h.e.i.StatisticalLoggingSessionEventListener - Session Metrics {
    42400 nanoseconds spent acquiring 1 JDBC connections;
    0 nanoseconds spent releasing 0 JDBC connections;
    24810400 nanoseconds spent preparing 2 JDBC statements;
    5620400 nanoseconds spent executing 1 JDBC statements;
    0 nanoseconds spent executing 0 JDBC batches;
    0 nanoseconds spent performing 0 L2C puts;
    0 nanoseconds spent performing 0 L2C hits;
    0 nanoseconds spent performing 0 L2C misses;
    0 nanoseconds spent executing 0 flushes (flushing a total of 0 entities and 0 collections);
    0 nanoseconds spent executing 0 pre-partial-flushes;
    0 nanoseconds spent executing 0 partial-flushes (flushing a total of 0 entities and 0 collections)
}
2026-04-29 19:10:05.504 INFO  [http-nio-8080-exec-10] o.h.e.i.StatisticalLoggingSessionEventListener - Session Metrics {
    1652300 nanoseconds spent acquiring 1 JDBC connections;
    0 nanoseconds spent releasing 0 JDBC connections;
    260200 nanoseconds spent preparing 1 JDBC statements;
    3608000 nanoseconds spent executing 1 JDBC statements;
    0 nanoseconds spent executing 0 JDBC batches;
    0 nanoseconds spent performing 0 L2C puts;
    0 nanoseconds spent performing 0 L2C hits;
    0 nanoseconds spent performing 0 L2C misses;
    298100 nanoseconds spent executing 1 flushes (flushing a total of 2 entities and 1 collections);
    9000 nanoseconds spent executing 1 pre-partial-flushes;
    4400 nanoseconds spent executing 1 partial-flushes (flushing a total of 0 entities and 0 collections)
}
2026-04-29 19:10:05.684 INFO  [http-nio-8080-exec-2] o.h.e.i.StatisticalLoggingSessionEventListener - Session Metrics {
    49400 nanoseconds spent acquiring 1 JDBC connections;
    0 nanoseconds spent releasing 0 JDBC connections;
    363000 nanoseconds spent preparing 2 JDBC statements;
    3621100 nanoseconds spent executing 1 JDBC statements;
    0 nanoseconds spent executing 0 JDBC batches;
    0 nanoseconds spent performing 0 L2C puts;
    0 nanoseconds spent performing 0 L2C hits;
    0 nanoseconds spent performing 0 L2C misses;
    0 nanoseconds spent executing 0 flushes (flushing a total of 0 entities and 0 collections);
    0 nanoseconds spent executing 0 pre-partial-flushes;
    0 nanoseconds spent executing 0 partial-flushes (flushing a total of 0 entities and 0 collections)
}
2026-04-29 19:10:05.702 INFO  [http-nio-8080-exec-1] o.h.e.i.StatisticalLoggingSessionEventListener - Session Metrics {
    6751900 nanoseconds spent acquiring 1 JDBC connections;
    0 nanoseconds spent releasing 0 JDBC connections;
    7309600 nanoseconds spent preparing 2 JDBC statements;
    7433800 nanoseconds spent executing 1 JDBC statements;
    0 nanoseconds spent executing 0 JDBC batches;
    0 nanoseconds spent performing 0 L2C puts;
    0 nanoseconds spent performing 0 L2C hits;
    0 nanoseconds spent performing 0 L2C misses;
    0 nanoseconds spent executing 0 flushes (flushing a total of 0 entities and 0 collections);
    0 nanoseconds spent executing 0 pre-partial-flushes;
    0 nanoseconds spent executing 0 partial-flushes (flushing a total of 0 entities and 0 collections)
}
2026-04-29 19:10:15.166 INFO  [http-nio-8080-exec-3] o.h.e.i.StatisticalLoggingSessionEventListener - Session Metrics {
    998900 nanoseconds spent acquiring 1 JDBC connections;
    0 nanoseconds spent releasing 0 JDBC connections;
    4665600 nanoseconds spent preparing 5 JDBC statements;
    105378600 nanoseconds spent executing 5 JDBC statements;
    0 nanoseconds spent executing 0 JDBC batches;
    0 nanoseconds spent performing 0 L2C puts;
    0 nanoseconds spent performing 0 L2C hits;
    0 nanoseconds spent performing 0 L2C misses;
    0 nanoseconds spent executing 0 flushes (flushing a total of 0 entities and 0 collections);
    0 nanoseconds spent executing 0 pre-partial-flushes;
    0 nanoseconds spent executing 0 partial-flushes (flushing a total of 0 entities and 0 collections)
}
2026-04-29 19:11:28.197 INFO  [SpringApplicationShutdownHook] o.s.b.w.e.tomcat.GracefulShutdown - Commencing graceful shutdown. Waiting for active requests to complete
2026-04-29 19:11:28.514 INFO  [tomcat-shutdown] o.s.b.w.e.tomcat.GracefulShutdown - Graceful shutdown complete
2026-04-29 19:11:28.530 INFO  [SpringApplicationShutdownHook] o.s.o.j.LocalContainerEntityManagerFactoryBean - Closing JPA EntityManagerFactory for persistence unit 'default'
2026-04-29 19:11:28.533 INFO  [SpringApplicationShutdownHook] com.zaxxer.hikari.HikariDataSource - HikariPool-1 - Shutdown initiated...
2026-04-29 19:11:28.541 INFO  [SpringApplicationShutdownHook] com.zaxxer.hikari.HikariDataSource - HikariPool-1 - Shutdown completed.
2026-04-29 19:11:34.407 INFO  [main] t.report.mainapp.MainAppApplication - Starting MainAppApplication using Java 18.0.2 with PID 18864 (D:\06-05-2025\report\main-app\target\classes started by Precision 7540 in D:\06-05-2025\report)
2026-04-29 19:11:34.409 INFO  [main] t.report.mainapp.MainAppApplication - No active profile set, falling back to 1 default profile: "default"
2026-04-29 19:11:35.412 INFO  [main] o.s.d.r.c.RepositoryConfigurationDelegate - Multiple Spring Data modules found, entering strict repository configuration mode
2026-04-29 19:11:35.413 INFO  [main] o.s.d.r.c.RepositoryConfigurationDelegate - Bootstrapping Spring Data JPA repositories in DEFAULT mode.
2026-04-29 19:11:35.435 INFO  [main] o.s.d.r.c.RepositoryConfigurationDelegate - Finished Spring Data repository scanning in 13 ms. Found 0 JPA repository interfaces.
2026-04-29 19:11:35.443 INFO  [main] o.s.d.r.c.RepositoryConfigurationDelegate - Multiple Spring Data modules found, entering strict repository configuration mode
2026-04-29 19:11:35.445 INFO  [main] o.s.d.r.c.RepositoryConfigurationDelegate - Bootstrapping Spring Data Redis repositories in DEFAULT mode.
2026-04-29 19:11:35.456 INFO  [main] o.s.d.r.c.RepositoryConfigurationDelegate - Finished Spring Data repository scanning in 4 ms. Found 0 Redis repository interfaces.
2026-04-29 19:11:36.049 INFO  [main] o.s.b.w.e.tomcat.TomcatWebServer - Tomcat initialized with port 8080 (http)
2026-04-29 19:11:36.063 INFO  [main] o.a.coyote.http11.Http11NioProtocol - Initializing ProtocolHandler ["http-nio-8080"]
2026-04-29 19:11:36.064 INFO  [main] o.a.catalina.core.StandardService - Starting service [Tomcat]
2026-04-29 19:11:36.064 INFO  [main] o.a.catalina.core.StandardEngine - Starting Servlet engine: [Apache Tomcat/10.1.42]
2026-04-29 19:11:36.151 INFO  [main] o.a.c.c.C.[Tomcat].[localhost].[/] - Initializing Spring embedded WebApplicationContext
2026-04-29 19:11:36.152 INFO  [main] o.s.b.w.s.c.ServletWebServerApplicationContext - Root WebApplicationContext: initialization completed in 1687 ms
2026-04-29 19:11:36.744 INFO  [main] com.zaxxer.hikari.HikariDataSource - HikariPool-1 - Starting...
2026-04-29 19:11:52.271 INFO  [main] com.zaxxer.hikari.pool.HikariPool - HikariPool-1 - Added connection oracle.jdbc.driver.T4CConnection@56f61d74
2026-04-29 19:11:52.273 INFO  [main] com.zaxxer.hikari.HikariDataSource - HikariPool-1 - Start completed.
2026-04-29 19:11:52.304 INFO  [main] o.h.jpa.internal.util.LogHelper - HHH000204: Processing PersistenceUnitInfo [name: default]
2026-04-29 19:11:52.343 INFO  [main] org.hibernate.Version - HHH000412: Hibernate ORM core version 6.6.18.Final
2026-04-29 19:11:52.369 INFO  [main] o.h.c.i.RegionFactoryInitiator - HHH000026: Second-level cache disabled
2026-04-29 19:11:52.605 INFO  [main] o.s.o.j.p.SpringPersistenceUnitInfo - No LoadTimeWeaver setup: ignoring JPA class transformer
2026-04-29 19:11:52.820 INFO  [main] o.hibernate.orm.connections.pooling - HHH10001005: Database info:
	Database JDBC URL [Connecting through datasource 'HikariDataSource (HikariPool-1)']
	Database driver: undefined/unknown
	Database version: 19.3
	Autocommit mode: undefined/unknown
	Isolation level: undefined/unknown
	Minimum pool size: undefined/unknown
	Maximum pool size: undefined/unknown
2026-04-29 19:11:53.639 INFO  [main] o.h.e.t.j.p.i.JtaPlatformInitiator - HHH000489: No JTA platform available (set 'hibernate.transaction.jta.platform' to enable JTA platform integration)
2026-04-29 19:11:53.644 INFO  [main] o.s.o.j.LocalContainerEntityManagerFactoryBean - Initialized JPA EntityManagerFactory for persistence unit 'default'
2026-04-29 19:11:55.115 INFO  [main] o.s.b.a.e.web.EndpointLinksResolver - Exposing 3 endpoints beneath base path '/actuator'
2026-04-29 19:11:55.191 INFO  [main] o.a.coyote.http11.Http11NioProtocol - Starting ProtocolHandler ["http-nio-8080"]
2026-04-29 19:11:55.206 INFO  [main] o.s.b.w.e.tomcat.TomcatWebServer - Tomcat started on port 8080 (http) with context path '/'
2026-04-29 19:11:55.430 INFO  [main] t.report.mainapp.MainAppApplication - Started MainAppApplication in 21.594 seconds (process running for 22.254)
2026-04-29 19:11:55.607 INFO  [RMI TCP Connection(4)-169.254.31.210] o.a.c.c.C.[Tomcat].[localhost].[/] - Initializing Spring DispatcherServlet 'dispatcherServlet'
2026-04-29 19:11:55.607 INFO  [RMI TCP Connection(4)-169.254.31.210] o.s.web.servlet.DispatcherServlet - Initializing Servlet 'dispatcherServlet'
2026-04-29 19:11:55.609 INFO  [RMI TCP Connection(4)-169.254.31.210] o.s.web.servlet.DispatcherServlet - Completed initialization in 2 ms
2026-04-29 19:12:00.808 INFO  [http-nio-8080-exec-1] o.h.e.i.StatisticalLoggingSessionEventListener - Session Metrics {
    741600 nanoseconds spent acquiring 1 JDBC connections;
    0 nanoseconds spent releasing 0 JDBC connections;
    32377500 nanoseconds spent preparing 6 JDBC statements;
    111317100 nanoseconds spent executing 6 JDBC statements;
    0 nanoseconds spent executing 0 JDBC batches;
    0 nanoseconds spent performing 0 L2C puts;
    0 nanoseconds spent performing 0 L2C hits;
    0 nanoseconds spent performing 0 L2C misses;
    8297200 nanoseconds spent executing 1 flushes (flushing a total of 5 entities and 1 collections);
    0 nanoseconds spent executing 0 pre-partial-flushes;
    0 nanoseconds spent executing 0 partial-flushes (flushing a total of 0 entities and 0 collections)
}
2026-04-29 19:12:50.503 INFO  [SpringApplicationShutdownHook] o.s.b.w.e.tomcat.GracefulShutdown - Commencing graceful shutdown. Waiting for active requests to complete
2026-04-29 19:12:50.809 INFO  [tomcat-shutdown] o.s.b.w.e.tomcat.GracefulShutdown - Graceful shutdown complete
2026-04-29 19:12:50.823 INFO  [SpringApplicationShutdownHook] o.s.o.j.LocalContainerEntityManagerFactoryBean - Closing JPA EntityManagerFactory for persistence unit 'default'
2026-04-29 19:12:50.825 INFO  [SpringApplicationShutdownHook] com.zaxxer.hikari.HikariDataSource - HikariPool-1 - Shutdown initiated...
2026-04-29 19:12:50.832 INFO  [SpringApplicationShutdownHook] com.zaxxer.hikari.HikariDataSource - HikariPool-1 - Shutdown completed.
2026-04-29 19:12:57.443 INFO  [main] t.report.mainapp.MainAppApplication - Starting MainAppApplication using Java 18.0.2 with PID 23172 (D:\06-05-2025\report\main-app\target\classes started by Precision 7540 in D:\06-05-2025\report)
2026-04-29 19:12:57.447 INFO  [main] t.report.mainapp.MainAppApplication - No active profile set, falling back to 1 default profile: "default"
2026-04-29 19:12:58.391 INFO  [main] o.s.d.r.c.RepositoryConfigurationDelegate - Multiple Spring Data modules found, entering strict repository configuration mode
2026-04-29 19:12:58.393 INFO  [main] o.s.d.r.c.RepositoryConfigurationDelegate - Bootstrapping Spring Data JPA repositories in DEFAULT mode.
2026-04-29 19:12:58.416 INFO  [main] o.s.d.r.c.RepositoryConfigurationDelegate - Finished Spring Data repository scanning in 14 ms. Found 0 JPA repository interfaces.
2026-04-29 19:12:58.428 INFO  [main] o.s.d.r.c.RepositoryConfigurationDelegate - Multiple Spring Data modules found, entering strict repository configuration mode
2026-04-29 19:12:58.429 INFO  [main] o.s.d.r.c.RepositoryConfigurationDelegate - Bootstrapping Spring Data Redis repositories in DEFAULT mode.
2026-04-29 19:12:58.440 INFO  [main] o.s.d.r.c.RepositoryConfigurationDelegate - Finished Spring Data repository scanning in 3 ms. Found 0 Redis repository interfaces.
2026-04-29 19:12:58.994 INFO  [main] o.s.b.w.e.tomcat.TomcatWebServer - Tomcat initialized with port 8080 (http)
2026-04-29 19:12:59.003 INFO  [main] o.a.coyote.http11.Http11NioProtocol - Initializing ProtocolHandler ["http-nio-8080"]
2026-04-29 19:12:59.005 INFO  [main] o.a.catalina.core.StandardService - Starting service [Tomcat]
2026-04-29 19:12:59.005 INFO  [main] o.a.catalina.core.StandardEngine - Starting Servlet engine: [Apache Tomcat/10.1.42]
2026-04-29 19:12:59.091 INFO  [main] o.a.c.c.C.[Tomcat].[localhost].[/] - Initializing Spring embedded WebApplicationContext
2026-04-29 19:12:59.091 INFO  [main] o.s.b.w.s.c.ServletWebServerApplicationContext - Root WebApplicationContext: initialization completed in 1594 ms
2026-04-29 19:12:59.627 INFO  [main] com.zaxxer.hikari.HikariDataSource - HikariPool-1 - Starting...
2026-04-29 19:13:15.152 INFO  [main] com.zaxxer.hikari.pool.HikariPool - HikariPool-1 - Added connection oracle.jdbc.driver.T4CConnection@751bb780
2026-04-29 19:13:15.153 INFO  [main] com.zaxxer.hikari.HikariDataSource - HikariPool-1 - Start completed.
2026-04-29 19:13:15.184 INFO  [main] o.h.jpa.internal.util.LogHelper - HHH000204: Processing PersistenceUnitInfo [name: default]
2026-04-29 19:13:15.221 INFO  [main] org.hibernate.Version - HHH000412: Hibernate ORM core version 6.6.18.Final
2026-04-29 19:13:15.247 INFO  [main] o.h.c.i.RegionFactoryInitiator - HHH000026: Second-level cache disabled
2026-04-29 19:13:15.465 INFO  [main] o.s.o.j.p.SpringPersistenceUnitInfo - No LoadTimeWeaver setup: ignoring JPA class transformer
2026-04-29 19:13:15.682 INFO  [main] o.hibernate.orm.connections.pooling - HHH10001005: Database info:
	Database JDBC URL [Connecting through datasource 'HikariDataSource (HikariPool-1)']
	Database driver: undefined/unknown
	Database version: 19.3
	Autocommit mode: undefined/unknown
	Isolation level: undefined/unknown
	Minimum pool size: undefined/unknown
	Maximum pool size: undefined/unknown
2026-04-29 19:13:16.480 INFO  [main] o.h.e.t.j.p.i.JtaPlatformInitiator - HHH000489: No JTA platform available (set 'hibernate.transaction.jta.platform' to enable JTA platform integration)
2026-04-29 19:13:16.485 INFO  [main] o.s.o.j.LocalContainerEntityManagerFactoryBean - Initialized JPA EntityManagerFactory for persistence unit 'default'
2026-04-29 19:13:18.000 INFO  [main] o.s.b.a.e.web.EndpointLinksResolver - Exposing 3 endpoints beneath base path '/actuator'
2026-04-29 19:13:18.081 INFO  [main] o.a.coyote.http11.Http11NioProtocol - Starting ProtocolHandler ["http-nio-8080"]
2026-04-29 19:13:18.099 INFO  [main] o.s.b.w.e.tomcat.TomcatWebServer - Tomcat started on port 8080 (http) with context path '/'
2026-04-29 19:13:18.288 INFO  [main] t.report.mainapp.MainAppApplication - Started MainAppApplication in 21.4 seconds (process running for 22.042)
2026-04-29 19:13:18.669 INFO  [RMI TCP Connection(1)-169.254.31.210] o.a.c.c.C.[Tomcat].[localhost].[/] - Initializing Spring DispatcherServlet 'dispatcherServlet'
2026-04-29 19:13:18.670 INFO  [RMI TCP Connection(1)-169.254.31.210] o.s.web.servlet.DispatcherServlet - Initializing Servlet 'dispatcherServlet'
2026-04-29 19:13:18.672 INFO  [RMI TCP Connection(1)-169.254.31.210] o.s.web.servlet.DispatcherServlet - Completed initialization in 2 ms
2026-04-29 19:13:23.235 INFO  [http-nio-8080-exec-1] o.h.e.i.StatisticalLoggingSessionEventListener - Session Metrics {
    864000 nanoseconds spent acquiring 1 JDBC connections;
    0 nanoseconds spent releasing 0 JDBC connections;
    27390400 nanoseconds spent preparing 6 JDBC statements;
    26661000 nanoseconds spent executing 6 JDBC statements;
    0 nanoseconds spent executing 0 JDBC batches;
    0 nanoseconds spent performing 0 L2C puts;
    0 nanoseconds spent performing 0 L2C hits;
    0 nanoseconds spent performing 0 L2C misses;
    11645900 nanoseconds spent executing 2 flushes (flushing a total of 8 entities and 2 collections);
    124800 nanoseconds spent executing 2 pre-partial-flushes;
    400300 nanoseconds spent executing 3 partial-flushes (flushing a total of 6 entities and 6 collections)
}
2026-04-29 19:14:20.441 INFO  [SpringApplicationShutdownHook] o.s.b.w.e.tomcat.GracefulShutdown - Commencing graceful shutdown. Waiting for active requests to complete
2026-04-29 19:14:20.900 INFO  [tomcat-shutdown] o.s.b.w.e.tomcat.GracefulShutdown - Graceful shutdown complete
2026-04-29 19:14:20.919 INFO  [SpringApplicationShutdownHook] o.s.o.j.LocalContainerEntityManagerFactoryBean - Closing JPA EntityManagerFactory for persistence unit 'default'
2026-04-29 19:14:20.921 INFO  [SpringApplicationShutdownHook] com.zaxxer.hikari.HikariDataSource - HikariPool-1 - Shutdown initiated...
2026-04-29 19:14:58.694 INFO  [main] t.report.mainapp.MainAppApplication - Starting MainAppApplication using Java 18.0.2 with PID 25616 (D:\06-05-2025\report\main-app\target\classes started by Precision 7540 in D:\06-05-2025\report)
2026-04-29 19:14:58.695 INFO  [main] t.report.mainapp.MainAppApplication - No active profile set, falling back to 1 default profile: "default"
2026-04-29 19:15:00.184 INFO  [main] o.s.d.r.c.RepositoryConfigurationDelegate - Multiple Spring Data modules found, entering strict repository configuration mode
2026-04-29 19:15:00.185 INFO  [main] o.s.d.r.c.RepositoryConfigurationDelegate - Bootstrapping Spring Data JPA repositories in DEFAULT mode.
2026-04-29 19:15:00.205 INFO  [main] o.s.d.r.c.RepositoryConfigurationDelegate - Finished Spring Data repository scanning in 12 ms. Found 0 JPA repository interfaces.
2026-04-29 19:15:00.214 INFO  [main] o.s.d.r.c.RepositoryConfigurationDelegate - Multiple Spring Data modules found, entering strict repository configuration mode
2026-04-29 19:15:00.215 INFO  [main] o.s.d.r.c.RepositoryConfigurationDelegate - Bootstrapping Spring Data Redis repositories in DEFAULT mode.
2026-04-29 19:15:00.226 INFO  [main] o.s.d.r.c.RepositoryConfigurationDelegate - Finished Spring Data repository scanning in 3 ms. Found 0 Redis repository interfaces.
2026-04-29 19:15:00.786 INFO  [main] o.s.b.w.e.tomcat.TomcatWebServer - Tomcat initialized with port 8080 (http)
2026-04-29 19:15:00.796 INFO  [main] o.a.coyote.http11.Http11NioProtocol - Initializing ProtocolHandler ["http-nio-8080"]
2026-04-29 19:15:00.798 INFO  [main] o.a.catalina.core.StandardService - Starting service [Tomcat]
2026-04-29 19:15:00.798 INFO  [main] o.a.catalina.core.StandardEngine - Starting Servlet engine: [Apache Tomcat/10.1.42]
2026-04-29 19:15:00.868 INFO  [main] o.a.c.c.C.[Tomcat].[localhost].[/] - Initializing Spring embedded WebApplicationContext
2026-04-29 19:15:00.869 INFO  [main] o.s.b.w.s.c.ServletWebServerApplicationContext - Root WebApplicationContext: initialization completed in 2132 ms
2026-04-29 19:15:01.320 INFO  [main] com.zaxxer.hikari.HikariDataSource - HikariPool-1 - Starting...
2026-04-29 19:15:11.415 INFO  [main] t.report.mainapp.MainAppApplication - Starting MainAppApplication using Java 18.0.2 with PID 7524 (D:\06-05-2025\report\main-app\target\classes started by Precision 7540 in D:\06-05-2025\report)
2026-04-29 19:15:11.416 INFO  [main] t.report.mainapp.MainAppApplication - No active profile set, falling back to 1 default profile: "default"
2026-04-29 19:15:12.418 INFO  [main] o.s.d.r.c.RepositoryConfigurationDelegate - Multiple Spring Data modules found, entering strict repository configuration mode
2026-04-29 19:15:12.420 INFO  [main] o.s.d.r.c.RepositoryConfigurationDelegate - Bootstrapping Spring Data JPA repositories in DEFAULT mode.
2026-04-29 19:15:12.440 INFO  [main] o.s.d.r.c.RepositoryConfigurationDelegate - Finished Spring Data repository scanning in 13 ms. Found 0 JPA repository interfaces.
2026-04-29 19:15:12.450 INFO  [main] o.s.d.r.c.RepositoryConfigurationDelegate - Multiple Spring Data modules found, entering strict repository configuration mode
2026-04-29 19:15:12.452 INFO  [main] o.s.d.r.c.RepositoryConfigurationDelegate - Bootstrapping Spring Data Redis repositories in DEFAULT mode.
2026-04-29 19:15:12.463 INFO  [main] o.s.d.r.c.RepositoryConfigurationDelegate - Finished Spring Data repository scanning in 3 ms. Found 0 Redis repository interfaces.
2026-04-29 19:15:13.086 INFO  [main] o.s.b.w.e.tomcat.TomcatWebServer - Tomcat initialized with port 8080 (http)
2026-04-29 19:15:13.100 INFO  [main] o.a.coyote.http11.Http11NioProtocol - Initializing ProtocolHandler ["http-nio-8080"]
2026-04-29 19:15:13.102 INFO  [main] o.a.catalina.core.StandardService - Starting service [Tomcat]
2026-04-29 19:15:13.103 INFO  [main] o.a.catalina.core.StandardEngine - Starting Servlet engine: [Apache Tomcat/10.1.42]
2026-04-29 19:15:13.190 INFO  [main] o.a.c.c.C.[Tomcat].[localhost].[/] - Initializing Spring embedded WebApplicationContext
2026-04-29 19:15:13.190 INFO  [main] o.s.b.w.s.c.ServletWebServerApplicationContext - Root WebApplicationContext: initialization completed in 1736 ms
2026-04-29 19:15:13.698 INFO  [main] com.zaxxer.hikari.HikariDataSource - HikariPool-1 - Starting...
2026-04-29 19:15:14.261 INFO  [main] com.zaxxer.hikari.pool.HikariPool - HikariPool-1 - Added connection oracle.jdbc.driver.T4CConnection@5ebf776c
2026-04-29 19:15:14.263 INFO  [main] com.zaxxer.hikari.HikariDataSource - HikariPool-1 - Start completed.
2026-04-29 19:15:14.300 INFO  [main] o.h.jpa.internal.util.LogHelper - HHH000204: Processing PersistenceUnitInfo [name: default]
2026-04-29 19:15:14.347 INFO  [main] org.hibernate.Version - HHH000412: Hibernate ORM core version 6.6.18.Final
2026-04-29 19:15:14.379 INFO  [main] o.h.c.i.RegionFactoryInitiator - HHH000026: Second-level cache disabled
2026-04-29 19:15:14.614 INFO  [main] o.s.o.j.p.SpringPersistenceUnitInfo - No LoadTimeWeaver setup: ignoring JPA class transformer
2026-04-29 19:15:14.891 INFO  [main] o.hibernate.orm.connections.pooling - HHH10001005: Database info:
	Database JDBC URL [Connecting through datasource 'HikariDataSource (HikariPool-1)']
	Database driver: undefined/unknown
	Database version: 19.3
	Autocommit mode: undefined/unknown
	Isolation level: undefined/unknown
	Minimum pool size: undefined/unknown
	Maximum pool size: undefined/unknown
2026-04-29 19:15:15.797 INFO  [main] o.h.e.t.j.p.i.JtaPlatformInitiator - HHH000489: No JTA platform available (set 'hibernate.transaction.jta.platform' to enable JTA platform integration)
2026-04-29 19:15:15.803 INFO  [main] o.s.o.j.LocalContainerEntityManagerFactoryBean - Initialized JPA EntityManagerFactory for persistence unit 'default'
2026-04-29 19:15:17.498 INFO  [main] o.s.b.a.e.web.EndpointLinksResolver - Exposing 3 endpoints beneath base path '/actuator'
2026-04-29 19:15:17.582 INFO  [main] o.a.coyote.http11.Http11NioProtocol - Starting ProtocolHandler ["http-nio-8080"]
2026-04-29 19:15:17.600 INFO  [main] o.s.b.w.e.tomcat.TomcatWebServer - Tomcat started on port 8080 (http) with context path '/'
2026-04-29 19:15:17.786 INFO  [main] t.report.mainapp.MainAppApplication - Started MainAppApplication in 7.038 seconds (process running for 8.18)
2026-04-29 19:15:18.071 INFO  [RMI TCP Connection(3)-169.254.31.210] o.a.c.c.C.[Tomcat].[localhost].[/] - Initializing Spring DispatcherServlet 'dispatcherServlet'
2026-04-29 19:15:18.072 INFO  [RMI TCP Connection(3)-169.254.31.210] o.s.web.servlet.DispatcherServlet - Initializing Servlet 'dispatcherServlet'
2026-04-29 19:15:18.075 INFO  [RMI TCP Connection(3)-169.254.31.210] o.s.web.servlet.DispatcherServlet - Completed initialization in 3 ms
2026-04-29 19:17:07.084 INFO  [http-nio-8080-exec-2] o.h.e.i.StatisticalLoggingSessionEventListener - Session Metrics {
    829900 nanoseconds spent acquiring 1 JDBC connections;
    0 nanoseconds spent releasing 0 JDBC connections;
    135232900 nanoseconds spent preparing 5 JDBC statements;
    56544500 nanoseconds spent executing 5 JDBC statements;
    0 nanoseconds spent executing 0 JDBC batches;
    0 nanoseconds spent performing 0 L2C puts;
    0 nanoseconds spent performing 0 L2C hits;
    0 nanoseconds spent performing 0 L2C misses;
    29751500 nanoseconds spent executing 2 flushes (flushing a total of 5 entities and 1 collections);
    114200 nanoseconds spent executing 1 pre-partial-flushes;
    589700 nanoseconds spent executing 2 partial-flushes (flushing a total of 2 entities and 2 collections)
}
2026-04-29 19:19:13.387 INFO  [SpringApplicationShutdownHook] o.s.b.w.e.tomcat.GracefulShutdown - Commencing graceful shutdown. Waiting for active requests to complete
2026-04-29 19:19:13.842 INFO  [tomcat-shutdown] o.s.b.w.e.tomcat.GracefulShutdown - Graceful shutdown complete
2026-04-29 19:19:13.863 INFO  [SpringApplicationShutdownHook] o.s.o.j.LocalContainerEntityManagerFactoryBean - Closing JPA EntityManagerFactory for persistence unit 'default'
2026-04-29 19:19:13.867 INFO  [SpringApplicationShutdownHook] com.zaxxer.hikari.HikariDataSource - HikariPool-1 - Shutdown initiated...
2026-04-29 19:19:13.879 INFO  [SpringApplicationShutdownHook] com.zaxxer.hikari.HikariDataSource - HikariPool-1 - Shutdown completed.
2026-04-29 19:19:17.820 INFO  [main] t.report.mainapp.MainAppApplication - Starting MainAppApplication using Java 18.0.2 with PID 23772 (D:\06-05-2025\report\main-app\target\classes started by Precision 7540 in D:\06-05-2025\report)
2026-04-29 19:19:17.822 INFO  [main] t.report.mainapp.MainAppApplication - No active profile set, falling back to 1 default profile: "default"
2026-04-29 19:19:18.977 INFO  [main] o.s.d.r.c.RepositoryConfigurationDelegate - Multiple Spring Data modules found, entering strict repository configuration mode
2026-04-29 19:19:18.979 INFO  [main] o.s.d.r.c.RepositoryConfigurationDelegate - Bootstrapping Spring Data JPA repositories in DEFAULT mode.
2026-04-29 19:19:19.007 INFO  [main] o.s.d.r.c.RepositoryConfigurationDelegate - Finished Spring Data repository scanning in 18 ms. Found 0 JPA repository interfaces.
2026-04-29 19:19:19.017 INFO  [main] o.s.d.r.c.RepositoryConfigurationDelegate - Multiple Spring Data modules found, entering strict repository configuration mode
2026-04-29 19:19:19.019 INFO  [main] o.s.d.r.c.RepositoryConfigurationDelegate - Bootstrapping Spring Data Redis repositories in DEFAULT mode.
2026-04-29 19:19:19.035 INFO  [main] o.s.d.r.c.RepositoryConfigurationDelegate - Finished Spring Data repository scanning in 5 ms. Found 0 Redis repository interfaces.
2026-04-29 19:19:19.698 INFO  [main] o.s.b.w.e.tomcat.TomcatWebServer - Tomcat initialized with port 8080 (http)
2026-04-29 19:19:19.709 INFO  [main] o.a.coyote.http11.Http11NioProtocol - Initializing ProtocolHandler ["http-nio-8080"]
2026-04-29 19:19:19.711 INFO  [main] o.a.catalina.core.StandardService - Starting service [Tomcat]
2026-04-29 19:19:19.711 INFO  [main] o.a.catalina.core.StandardEngine - Starting Servlet engine: [Apache Tomcat/10.1.42]
2026-04-29 19:19:19.799 INFO  [main] o.a.c.c.C.[Tomcat].[localhost].[/] - Initializing Spring embedded WebApplicationContext
2026-04-29 19:19:19.799 INFO  [main] o.s.b.w.s.c.ServletWebServerApplicationContext - Root WebApplicationContext: initialization completed in 1919 ms
2026-04-29 19:19:20.415 INFO  [main] com.zaxxer.hikari.HikariDataSource - HikariPool-1 - Starting...
2026-04-29 19:19:20.829 INFO  [main] com.zaxxer.hikari.pool.HikariPool - HikariPool-1 - Added connection oracle.jdbc.driver.T4CConnection@56f61d74
2026-04-29 19:19:20.831 INFO  [main] com.zaxxer.hikari.HikariDataSource - HikariPool-1 - Start completed.
2026-04-29 19:19:20.870 INFO  [main] o.h.jpa.internal.util.LogHelper - HHH000204: Processing PersistenceUnitInfo [name: default]
2026-04-29 19:19:20.919 INFO  [main] org.hibernate.Version - HHH000412: Hibernate ORM core version 6.6.18.Final
2026-04-29 19:19:20.955 INFO  [main] o.h.c.i.RegionFactoryInitiator - HHH000026: Second-level cache disabled
2026-04-29 19:19:21.195 INFO  [main] o.s.o.j.p.SpringPersistenceUnitInfo - No LoadTimeWeaver setup: ignoring JPA class transformer
2026-04-29 19:19:21.441 INFO  [main] o.hibernate.orm.connections.pooling - HHH10001005: Database info:
	Database JDBC URL [Connecting through datasource 'HikariDataSource (HikariPool-1)']
	Database driver: undefined/unknown
	Database version: 19.3
	Autocommit mode: undefined/unknown
	Isolation level: undefined/unknown
	Minimum pool size: undefined/unknown
	Maximum pool size: undefined/unknown
2026-04-29 19:19:22.337 INFO  [main] o.h.e.t.j.p.i.JtaPlatformInitiator - HHH000489: No JTA platform available (set 'hibernate.transaction.jta.platform' to enable JTA platform integration)
2026-04-29 19:19:22.342 INFO  [main] o.s.o.j.LocalContainerEntityManagerFactoryBean - Initialized JPA EntityManagerFactory for persistence unit 'default'
2026-04-29 19:19:23.918 INFO  [main] o.s.b.a.e.web.EndpointLinksResolver - Exposing 3 endpoints beneath base path '/actuator'
2026-04-29 19:19:23.997 INFO  [main] o.a.coyote.http11.Http11NioProtocol - Starting ProtocolHandler ["http-nio-8080"]
2026-04-29 19:19:24.014 INFO  [main] o.s.b.w.e.tomcat.TomcatWebServer - Tomcat started on port 8080 (http) with context path '/'
2026-04-29 19:19:24.198 INFO  [main] t.report.mainapp.MainAppApplication - Started MainAppApplication in 6.978 seconds (process running for 7.881)
2026-04-29 19:19:24.652 INFO  [RMI TCP Connection(2)-169.254.31.210] o.a.c.c.C.[Tomcat].[localhost].[/] - Initializing Spring DispatcherServlet 'dispatcherServlet'
2026-04-29 19:19:24.653 INFO  [RMI TCP Connection(2)-169.254.31.210] o.s.web.servlet.DispatcherServlet - Initializing Servlet 'dispatcherServlet'
2026-04-29 19:19:24.656 INFO  [RMI TCP Connection(2)-169.254.31.210] o.s.web.servlet.DispatcherServlet - Completed initialization in 3 ms
2026-04-29 19:19:49.664 INFO  [http-nio-8080-exec-1] o.h.e.i.StatisticalLoggingSessionEventListener - Session Metrics {
    1007500 nanoseconds spent acquiring 1 JDBC connections;
    0 nanoseconds spent releasing 0 JDBC connections;
    31473800 nanoseconds spent preparing 5 JDBC statements;
    40486500 nanoseconds spent executing 5 JDBC statements;
    0 nanoseconds spent executing 0 JDBC batches;
    0 nanoseconds spent performing 0 L2C puts;
    0 nanoseconds spent performing 0 L2C hits;
    0 nanoseconds spent performing 0 L2C misses;
    11016900 nanoseconds spent executing 2 flushes (flushing a total of 4 entities and 0 collections);
    58100 nanoseconds spent executing 1 pre-partial-flushes;
    438600 nanoseconds spent executing 2 partial-flushes (flushing a total of 2 entities and 2 collections)
}
2026-04-29 19:22:33.993 INFO  [http-nio-8080-exec-2] o.h.e.i.StatisticalLoggingSessionEventListener - Session Metrics {
    1634200 nanoseconds spent acquiring 1 JDBC connections;
    0 nanoseconds spent releasing 0 JDBC connections;
    195200 nanoseconds spent preparing 1 JDBC statements;
    2770900 nanoseconds spent executing 1 JDBC statements;
    0 nanoseconds spent executing 0 JDBC batches;
    0 nanoseconds spent performing 0 L2C puts;
    0 nanoseconds spent performing 0 L2C hits;
    0 nanoseconds spent performing 0 L2C misses;
    3080600 nanoseconds spent executing 1 flushes (flushing a total of 2 entities and 1 collections);
    14400 nanoseconds spent executing 1 pre-partial-flushes;
    3700 nanoseconds spent executing 1 partial-flushes (flushing a total of 0 entities and 0 collections)
}
2026-04-29 19:22:34.252 INFO  [http-nio-8080-exec-9] o.h.e.i.StatisticalLoggingSessionEventListener - Session Metrics {
    1232100 nanoseconds spent acquiring 1 JDBC connections;
    0 nanoseconds spent releasing 0 JDBC connections;
    25100600 nanoseconds spent preparing 2 JDBC statements;
    2921200 nanoseconds spent executing 1 JDBC statements;
    0 nanoseconds spent executing 0 JDBC batches;
    0 nanoseconds spent performing 0 L2C puts;
    0 nanoseconds spent performing 0 L2C hits;
    0 nanoseconds spent performing 0 L2C misses;
    0 nanoseconds spent executing 0 flushes (flushing a total of 0 entities and 0 collections);
    0 nanoseconds spent executing 0 pre-partial-flushes;
    0 nanoseconds spent executing 0 partial-flushes (flushing a total of 0 entities and 0 collections)
}
2026-04-29 19:22:34.252 INFO  [http-nio-8080-exec-6] o.h.e.i.StatisticalLoggingSessionEventListener - Session Metrics {
    44800 nanoseconds spent acquiring 1 JDBC connections;
    0 nanoseconds spent releasing 0 JDBC connections;
    23624300 nanoseconds spent preparing 2 JDBC statements;
    2570900 nanoseconds spent executing 1 JDBC statements;
    0 nanoseconds spent executing 0 JDBC batches;
    0 nanoseconds spent performing 0 L2C puts;
    0 nanoseconds spent performing 0 L2C hits;
    0 nanoseconds spent performing 0 L2C misses;
    0 nanoseconds spent executing 0 flushes (flushing a total of 0 entities and 0 collections);
    0 nanoseconds spent executing 0 pre-partial-flushes;
    0 nanoseconds spent executing 0 partial-flushes (flushing a total of 0 entities and 0 collections)
}
2026-04-29 19:24:19.209 INFO  [SpringApplicationShutdownHook] o.s.b.w.e.tomcat.GracefulShutdown - Commencing graceful shutdown. Waiting for active requests to complete
2026-04-29 19:24:19.499 INFO  [tomcat-shutdown] o.s.b.w.e.tomcat.GracefulShutdown - Graceful shutdown complete
2026-04-29 19:24:19.514 INFO  [SpringApplicationShutdownHook] o.s.o.j.LocalContainerEntityManagerFactoryBean - Closing JPA EntityManagerFactory for persistence unit 'default'
2026-04-29 19:24:19.516 INFO  [SpringApplicationShutdownHook] com.zaxxer.hikari.HikariDataSource - HikariPool-1 - Shutdown initiated...
2026-04-29 19:24:19.525 INFO  [SpringApplicationShutdownHook] com.zaxxer.hikari.HikariDataSource - HikariPool-1 - Shutdown completed.
2026-04-29 19:25:10.174 INFO  [main] t.report.mainapp.MainAppApplication - Starting MainAppApplication using Java 18.0.2 with PID 22304 (D:\06-05-2025\report\main-app\target\classes started by Precision 7540 in D:\06-05-2025\report)
2026-04-29 19:25:10.176 INFO  [main] t.report.mainapp.MainAppApplication - No active profile set, falling back to 1 default profile: "default"
2026-04-29 19:25:11.590 INFO  [main] o.s.d.r.c.RepositoryConfigurationDelegate - Multiple Spring Data modules found, entering strict repository configuration mode
2026-04-29 19:25:11.592 INFO  [main] o.s.d.r.c.RepositoryConfigurationDelegate - Bootstrapping Spring Data JPA repositories in DEFAULT mode.
2026-04-29 19:25:11.616 INFO  [main] o.s.d.r.c.RepositoryConfigurationDelegate - Finished Spring Data repository scanning in 14 ms. Found 0 JPA repository interfaces.
2026-04-29 19:25:11.630 INFO  [main] o.s.d.r.c.RepositoryConfigurationDelegate - Multiple Spring Data modules found, entering strict repository configuration mode
2026-04-29 19:25:11.631 INFO  [main] o.s.d.r.c.RepositoryConfigurationDelegate - Bootstrapping Spring Data Redis repositories in DEFAULT mode.
2026-04-29 19:25:11.644 INFO  [main] o.s.d.r.c.RepositoryConfigurationDelegate - Finished Spring Data repository scanning in 4 ms. Found 0 Redis repository interfaces.
2026-04-29 19:25:12.243 INFO  [main] o.s.b.w.e.tomcat.TomcatWebServer - Tomcat initialized with port 8080 (http)
2026-04-29 19:25:12.252 INFO  [main] o.a.coyote.http11.Http11NioProtocol - Initializing ProtocolHandler ["http-nio-8080"]
2026-04-29 19:25:12.253 INFO  [main] o.a.catalina.core.StandardService - Starting service [Tomcat]
2026-04-29 19:25:12.254 INFO  [main] o.a.catalina.core.StandardEngine - Starting Servlet engine: [Apache Tomcat/10.1.42]
2026-04-29 19:25:12.342 INFO  [main] o.a.c.c.C.[Tomcat].[localhost].[/] - Initializing Spring embedded WebApplicationContext
2026-04-29 19:25:12.343 INFO  [main] o.s.b.w.s.c.ServletWebServerApplicationContext - Root WebApplicationContext: initialization completed in 2120 ms
2026-04-29 19:25:12.864 INFO  [main] com.zaxxer.hikari.HikariDataSource - HikariPool-1 - Starting...
2026-04-29 19:25:14.642 INFO  [main] com.zaxxer.hikari.pool.HikariPool - HikariPool-1 - Added connection oracle.jdbc.driver.T4CConnection@19f1be04
2026-04-29 19:25:14.644 INFO  [main] com.zaxxer.hikari.HikariDataSource - HikariPool-1 - Start completed.
2026-04-29 19:25:14.701 INFO  [main] o.h.jpa.internal.util.LogHelper - HHH000204: Processing PersistenceUnitInfo [name: default]
2026-04-29 19:25:14.752 INFO  [main] org.hibernate.Version - HHH000412: Hibernate ORM core version 6.6.18.Final
2026-04-29 19:25:14.795 INFO  [main] o.h.c.i.RegionFactoryInitiator - HHH000026: Second-level cache disabled
2026-04-29 19:25:15.047 INFO  [main] o.s.o.j.p.SpringPersistenceUnitInfo - No LoadTimeWeaver setup: ignoring JPA class transformer
2026-04-29 19:25:15.344 INFO  [main] o.hibernate.orm.connections.pooling - HHH10001005: Database info:
	Database JDBC URL [Connecting through datasource 'HikariDataSource (HikariPool-1)']
	Database driver: undefined/unknown
	Database version: 19.3
	Autocommit mode: undefined/unknown
	Isolation level: undefined/unknown
	Minimum pool size: undefined/unknown
	Maximum pool size: undefined/unknown
2026-04-29 19:25:16.289 INFO  [main] o.h.e.t.j.p.i.JtaPlatformInitiator - HHH000489: No JTA platform available (set 'hibernate.transaction.jta.platform' to enable JTA platform integration)
2026-04-29 19:25:16.295 INFO  [main] o.s.o.j.LocalContainerEntityManagerFactoryBean - Initialized JPA EntityManagerFactory for persistence unit 'default'
2026-04-29 19:25:18.199 INFO  [main] o.s.b.a.e.web.EndpointLinksResolver - Exposing 3 endpoints beneath base path '/actuator'
2026-04-29 19:25:18.289 INFO  [main] o.a.coyote.http11.Http11NioProtocol - Starting ProtocolHandler ["http-nio-8080"]
2026-04-29 19:25:18.307 INFO  [main] o.s.b.w.e.tomcat.TomcatWebServer - Tomcat started on port 8080 (http) with context path '/'
2026-04-29 19:25:18.506 INFO  [main] t.report.mainapp.MainAppApplication - Started MainAppApplication in 8.896 seconds (process running for 10.006)
2026-04-29 19:25:18.926 INFO  [RMI TCP Connection(2)-192.168.1.245] o.a.c.c.C.[Tomcat].[localhost].[/] - Initializing Spring DispatcherServlet 'dispatcherServlet'
2026-04-29 19:25:18.926 INFO  [RMI TCP Connection(2)-192.168.1.245] o.s.web.servlet.DispatcherServlet - Initializing Servlet 'dispatcherServlet'
2026-04-29 19:25:18.928 INFO  [RMI TCP Connection(2)-192.168.1.245] o.s.web.servlet.DispatcherServlet - Completed initialization in 2 ms
2026-04-29 19:25:59.658 INFO  [http-nio-8080-exec-1] o.h.e.i.StatisticalLoggingSessionEventListener - Session Metrics {
    1663200 nanoseconds spent acquiring 1 JDBC connections;
    0 nanoseconds spent releasing 0 JDBC connections;
    29441000 nanoseconds spent preparing 1 JDBC statements;
    15920800 nanoseconds spent executing 1 JDBC statements;
    0 nanoseconds spent executing 0 JDBC batches;
    0 nanoseconds spent performing 0 L2C puts;
    0 nanoseconds spent performing 0 L2C hits;
    0 nanoseconds spent performing 0 L2C misses;
    9739100 nanoseconds spent executing 1 flushes (flushing a total of 2 entities and 1 collections);
    25100 nanoseconds spent executing 1 pre-partial-flushes;
    19800 nanoseconds spent executing 1 partial-flushes (flushing a total of 0 entities and 0 collections)
}
2026-04-29 19:25:59.865 INFO  [http-nio-8080-exec-3] o.h.e.i.StatisticalLoggingSessionEventListener - Session Metrics {
    1724400 nanoseconds spent acquiring 1 JDBC connections;
    0 nanoseconds spent releasing 0 JDBC connections;
    25595900 nanoseconds spent preparing 2 JDBC statements;
    2716500 nanoseconds spent executing 1 JDBC statements;
    0 nanoseconds spent executing 0 JDBC batches;
    0 nanoseconds spent performing 0 L2C puts;
    0 nanoseconds spent performing 0 L2C hits;
    0 nanoseconds spent performing 0 L2C misses;
    0 nanoseconds spent executing 0 flushes (flushing a total of 0 entities and 0 collections);
    0 nanoseconds spent executing 0 pre-partial-flushes;
    0 nanoseconds spent executing 0 partial-flushes (flushing a total of 0 entities and 0 collections)
}
2026-04-29 19:25:59.865 INFO  [http-nio-8080-exec-2] o.h.e.i.StatisticalLoggingSessionEventListener - Session Metrics {
    48000 nanoseconds spent acquiring 1 JDBC connections;
    0 nanoseconds spent releasing 0 JDBC connections;
    23595100 nanoseconds spent preparing 2 JDBC statements;
    3384600 nanoseconds spent executing 1 JDBC statements;
    0 nanoseconds spent executing 0 JDBC batches;
    0 nanoseconds spent performing 0 L2C puts;
    0 nanoseconds spent performing 0 L2C hits;
    0 nanoseconds spent performing 0 L2C misses;
    0 nanoseconds spent executing 0 flushes (flushing a total of 0 entities and 0 collections);
    0 nanoseconds spent executing 0 pre-partial-flushes;
    0 nanoseconds spent executing 0 partial-flushes (flushing a total of 0 entities and 0 collections)
}
2026-04-29 19:26:02.041 INFO  [http-nio-8080-exec-4] o.h.e.i.StatisticalLoggingSessionEventListener - Session Metrics {
    1158300 nanoseconds spent acquiring 1 JDBC connections;
    0 nanoseconds spent releasing 0 JDBC connections;
    3886400 nanoseconds spent preparing 6 JDBC statements;
    18234300 nanoseconds spent executing 6 JDBC statements;
    0 nanoseconds spent executing 0 JDBC batches;
    0 nanoseconds spent performing 0 L2C puts;
    0 nanoseconds spent performing 0 L2C hits;
    0 nanoseconds spent performing 0 L2C misses;
    663100 nanoseconds spent executing 2 flushes (flushing a total of 8 entities and 2 collections);
    99300 nanoseconds spent executing 2 pre-partial-flushes;
    672800 nanoseconds spent executing 3 partial-flushes (flushing a total of 6 entities and 6 collections)
}
2026-04-29 19:26:06.063 INFO  [http-nio-8080-exec-5] o.h.e.i.StatisticalLoggingSessionEventListener - Session Metrics {
    777200 nanoseconds spent acquiring 1 JDBC connections;
    0 nanoseconds spent releasing 0 JDBC connections;
    181400 nanoseconds spent preparing 1 JDBC statements;
    3328300 nanoseconds spent executing 1 JDBC statements;
    0 nanoseconds spent executing 0 JDBC batches;
    0 nanoseconds spent performing 0 L2C puts;
    0 nanoseconds spent performing 0 L2C hits;
    0 nanoseconds spent performing 0 L2C misses;
    299500 nanoseconds spent executing 1 flushes (flushing a total of 2 entities and 1 collections);
    21100 nanoseconds spent executing 1 pre-partial-flushes;
    3100 nanoseconds spent executing 1 partial-flushes (flushing a total of 0 entities and 0 collections)
}
2026-04-29 19:26:06.252 INFO  [http-nio-8080-exec-6] o.h.e.i.StatisticalLoggingSessionEventListener - Session Metrics {
    91600 nanoseconds spent acquiring 1 JDBC connections;
    0 nanoseconds spent releasing 0 JDBC connections;
    430800 nanoseconds spent preparing 2 JDBC statements;
    4496800 nanoseconds spent executing 1 JDBC statements;
    0 nanoseconds spent executing 0 JDBC batches;
    0 nanoseconds spent performing 0 L2C puts;
    0 nanoseconds spent performing 0 L2C hits;
    0 nanoseconds spent performing 0 L2C misses;
    0 nanoseconds spent executing 0 flushes (flushing a total of 0 entities and 0 collections);
    0 nanoseconds spent executing 0 pre-partial-flushes;
    0 nanoseconds spent executing 0 partial-flushes (flushing a total of 0 entities and 0 collections)
}
2026-04-29 19:26:06.259 INFO  [http-nio-8080-exec-7] o.h.e.i.StatisticalLoggingSessionEventListener - Session Metrics {
    1897700 nanoseconds spent acquiring 1 JDBC connections;
    0 nanoseconds spent releasing 0 JDBC connections;
    2415700 nanoseconds spent preparing 2 JDBC statements;
    3960700 nanoseconds spent executing 1 JDBC statements;
    0 nanoseconds spent executing 0 JDBC batches;
    0 nanoseconds spent performing 0 L2C puts;
    0 nanoseconds spent performing 0 L2C hits;
    0 nanoseconds spent performing 0 L2C misses;
    0 nanoseconds spent executing 0 flushes (flushing a total of 0 entities and 0 collections);
    0 nanoseconds spent executing 0 pre-partial-flushes;
    0 nanoseconds spent executing 0 partial-flushes (flushing a total of 0 entities and 0 collections)
}
2026-04-29 19:27:51.118 INFO  [http-nio-8080-exec-10] o.h.e.i.StatisticalLoggingSessionEventListener - Session Metrics {
    974000 nanoseconds spent acquiring 1 JDBC connections;
    0 nanoseconds spent releasing 0 JDBC connections;
    243300 nanoseconds spent preparing 1 JDBC statements;
    3952600 nanoseconds spent executing 1 JDBC statements;
    0 nanoseconds spent executing 0 JDBC batches;
    0 nanoseconds spent performing 0 L2C puts;
    0 nanoseconds spent performing 0 L2C hits;
    0 nanoseconds spent performing 0 L2C misses;
    335300 nanoseconds spent executing 1 flushes (flushing a total of 2 entities and 1 collections);
    8300 nanoseconds spent executing 1 pre-partial-flushes;
    2500 nanoseconds spent executing 1 partial-flushes (flushing a total of 0 entities and 0 collections)
}
2026-04-29 19:27:51.265 INFO  [http-nio-8080-exec-1] o.h.e.i.StatisticalLoggingSessionEventListener - Session Metrics {
    22400 nanoseconds spent acquiring 1 JDBC connections;
    0 nanoseconds spent releasing 0 JDBC connections;
    281000 nanoseconds spent preparing 2 JDBC statements;
    3915600 nanoseconds spent executing 1 JDBC statements;
    0 nanoseconds spent executing 0 JDBC batches;
    0 nanoseconds spent performing 0 L2C puts;
    0 nanoseconds spent performing 0 L2C hits;
    0 nanoseconds spent performing 0 L2C misses;
    0 nanoseconds spent executing 0 flushes (flushing a total of 0 entities and 0 collections);
    0 nanoseconds spent executing 0 pre-partial-flushes;
    0 nanoseconds spent executing 0 partial-flushes (flushing a total of 0 entities and 0 collections)
}
2026-04-29 19:27:51.271 INFO  [http-nio-8080-exec-3] o.h.e.i.StatisticalLoggingSessionEventListener - Session Metrics {
    777700 nanoseconds spent acquiring 1 JDBC connections;
    0 nanoseconds spent releasing 0 JDBC connections;
    1022200 nanoseconds spent preparing 2 JDBC statements;
    2569100 nanoseconds spent executing 1 JDBC statements;
    0 nanoseconds spent executing 0 JDBC batches;
    0 nanoseconds spent performing 0 L2C puts;
    0 nanoseconds spent performing 0 L2C hits;
    0 nanoseconds spent performing 0 L2C misses;
    0 nanoseconds spent executing 0 flushes (flushing a total of 0 entities and 0 collections);
    0 nanoseconds spent executing 0 pre-partial-flushes;
    0 nanoseconds spent executing 0 partial-flushes (flushing a total of 0 entities and 0 collections)
}
2026-04-29 19:28:23.230 INFO  [SpringApplicationShutdownHook] o.s.b.w.e.tomcat.GracefulShutdown - Commencing graceful shutdown. Waiting for active requests to complete
2026-04-29 19:28:23.492 INFO  [tomcat-shutdown] o.s.b.w.e.tomcat.GracefulShutdown - Graceful shutdown complete
2026-04-29 19:28:23.505 INFO  [SpringApplicationShutdownHook] o.s.o.j.LocalContainerEntityManagerFactoryBean - Closing JPA EntityManagerFactory for persistence unit 'default'
2026-04-29 19:28:23.508 INFO  [SpringApplicationShutdownHook] com.zaxxer.hikari.HikariDataSource - HikariPool-1 - Shutdown initiated...
2026-04-29 19:28:23.516 INFO  [SpringApplicationShutdownHook] com.zaxxer.hikari.HikariDataSource - HikariPool-1 - Shutdown completed.
2026-04-29 19:28:34.350 INFO  [main] t.report.mainapp.MainAppApplication - Starting MainAppApplication using Java 18.0.2 with PID 19108 (D:\06-05-2025\report\main-app\target\classes started by Precision 7540 in D:\06-05-2025\report)
2026-04-29 19:28:34.352 INFO  [main] t.report.mainapp.MainAppApplication - No active profile set, falling back to 1 default profile: "default"
2026-04-29 19:28:35.265 INFO  [main] o.s.d.r.c.RepositoryConfigurationDelegate - Multiple Spring Data modules found, entering strict repository configuration mode
2026-04-29 19:28:35.267 INFO  [main] o.s.d.r.c.RepositoryConfigurationDelegate - Bootstrapping Spring Data JPA repositories in DEFAULT mode.
2026-04-29 19:28:35.288 INFO  [main] o.s.d.r.c.RepositoryConfigurationDelegate - Finished Spring Data repository scanning in 13 ms. Found 0 JPA repository interfaces.
2026-04-29 19:28:35.299 INFO  [main] o.s.d.r.c.RepositoryConfigurationDelegate - Multiple Spring Data modules found, entering strict repository configuration mode
2026-04-29 19:28:35.300 INFO  [main] o.s.d.r.c.RepositoryConfigurationDelegate - Bootstrapping Spring Data Redis repositories in DEFAULT mode.
2026-04-29 19:28:35.312 INFO  [main] o.s.d.r.c.RepositoryConfigurationDelegate - Finished Spring Data repository scanning in 4 ms. Found 0 Redis repository interfaces.
2026-04-29 19:28:35.837 INFO  [main] o.s.b.w.e.tomcat.TomcatWebServer - Tomcat initialized with port 8080 (http)
2026-04-29 19:28:35.847 INFO  [main] o.a.coyote.http11.Http11NioProtocol - Initializing ProtocolHandler ["http-nio-8080"]
2026-04-29 19:28:35.848 INFO  [main] o.a.catalina.core.StandardService - Starting service [Tomcat]
2026-04-29 19:28:35.849 INFO  [main] o.a.catalina.core.StandardEngine - Starting Servlet engine: [Apache Tomcat/10.1.42]
2026-04-29 19:28:35.927 INFO  [main] o.a.c.c.C.[Tomcat].[localhost].[/] - Initializing Spring embedded WebApplicationContext
2026-04-29 19:28:35.927 INFO  [main] o.s.b.w.s.c.ServletWebServerApplicationContext - Root WebApplicationContext: initialization completed in 1527 ms
2026-04-29 19:28:36.388 INFO  [main] com.zaxxer.hikari.HikariDataSource - HikariPool-1 - Starting...
2026-04-29 19:28:36.779 INFO  [main] com.zaxxer.hikari.pool.HikariPool - HikariPool-1 - Added connection oracle.jdbc.driver.T4CConnection@3e839aa3
2026-04-29 19:28:36.780 INFO  [main] com.zaxxer.hikari.HikariDataSource - HikariPool-1 - Start completed.
2026-04-29 19:28:36.821 INFO  [main] o.h.jpa.internal.util.LogHelper - HHH000204: Processing PersistenceUnitInfo [name: default]
2026-04-29 19:28:36.877 INFO  [main] org.hibernate.Version - HHH000412: Hibernate ORM core version 6.6.18.Final
2026-04-29 19:28:36.908 INFO  [main] o.h.c.i.RegionFactoryInitiator - HHH000026: Second-level cache disabled
2026-04-29 19:28:37.145 INFO  [main] o.s.o.j.p.SpringPersistenceUnitInfo - No LoadTimeWeaver setup: ignoring JPA class transformer
2026-04-29 19:28:37.416 INFO  [main] o.hibernate.orm.connections.pooling - HHH10001005: Database info:
	Database JDBC URL [Connecting through datasource 'HikariDataSource (HikariPool-1)']
	Database driver: undefined/unknown
	Database version: 19.3
	Autocommit mode: undefined/unknown
	Isolation level: undefined/unknown
	Minimum pool size: undefined/unknown
	Maximum pool size: undefined/unknown
2026-04-29 19:28:38.337 INFO  [main] o.h.e.t.j.p.i.JtaPlatformInitiator - HHH000489: No JTA platform available (set 'hibernate.transaction.jta.platform' to enable JTA platform integration)
2026-04-29 19:28:38.342 INFO  [main] o.s.o.j.LocalContainerEntityManagerFactoryBean - Initialized JPA EntityManagerFactory for persistence unit 'default'
2026-04-29 19:28:40.201 INFO  [main] o.s.b.a.e.web.EndpointLinksResolver - Exposing 3 endpoints beneath base path '/actuator'
2026-04-29 19:28:40.316 INFO  [main] o.a.coyote.http11.Http11NioProtocol - Starting ProtocolHandler ["http-nio-8080"]
2026-04-29 19:28:40.332 INFO  [main] o.s.b.w.e.tomcat.TomcatWebServer - Tomcat started on port 8080 (http) with context path '/'
2026-04-29 19:28:40.537 INFO  [main] t.report.mainapp.MainAppApplication - Started MainAppApplication in 6.754 seconds (process running for 7.357)
2026-04-29 19:28:41.072 INFO  [RMI TCP Connection(3)-169.254.31.210] o.a.c.c.C.[Tomcat].[localhost].[/] - Initializing Spring DispatcherServlet 'dispatcherServlet'
2026-04-29 19:28:41.072 INFO  [RMI TCP Connection(3)-169.254.31.210] o.s.web.servlet.DispatcherServlet - Initializing Servlet 'dispatcherServlet'
2026-04-29 19:28:41.073 INFO  [RMI TCP Connection(3)-169.254.31.210] o.s.web.servlet.DispatcherServlet - Completed initialization in 1 ms
2026-04-29 19:29:11.961 INFO  [http-nio-8080-exec-1] o.h.e.i.StatisticalLoggingSessionEventListener - Session Metrics {
    892400 nanoseconds spent acquiring 1 JDBC connections;
    0 nanoseconds spent releasing 0 JDBC connections;
    29631200 nanoseconds spent preparing 1 JDBC statements;
    17818900 nanoseconds spent executing 1 JDBC statements;
    0 nanoseconds spent executing 0 JDBC batches;
    0 nanoseconds spent performing 0 L2C puts;
    0 nanoseconds spent performing 0 L2C hits;
    0 nanoseconds spent performing 0 L2C misses;
    11265800 nanoseconds spent executing 1 flushes (flushing a total of 2 entities and 1 collections);
    41100 nanoseconds spent executing 1 pre-partial-flushes;
    17700 nanoseconds spent executing 1 partial-flushes (flushing a total of 0 entities and 0 collections)
}
2026-04-29 19:29:12.201 INFO  [http-nio-8080-exec-2] o.h.e.i.StatisticalLoggingSessionEventListener - Session Metrics {
    52100 nanoseconds spent acquiring 1 JDBC connections;
    0 nanoseconds spent releasing 0 JDBC connections;
    31864100 nanoseconds spent preparing 2 JDBC statements;
    3564600 nanoseconds spent executing 1 JDBC statements;
    0 nanoseconds spent executing 0 JDBC batches;
    0 nanoseconds spent performing 0 L2C puts;
    0 nanoseconds spent performing 0 L2C hits;
    0 nanoseconds spent performing 0 L2C misses;
    0 nanoseconds spent executing 0 flushes (flushing a total of 0 entities and 0 collections);
    0 nanoseconds spent executing 0 pre-partial-flushes;
    0 nanoseconds spent executing 0 partial-flushes (flushing a total of 0 entities and 0 collections)
}
2026-04-29 19:29:12.201 INFO  [http-nio-8080-exec-3] o.h.e.i.StatisticalLoggingSessionEventListener - Session Metrics {
    1450000 nanoseconds spent acquiring 1 JDBC connections;
    0 nanoseconds spent releasing 0 JDBC connections;
    33655300 nanoseconds spent preparing 2 JDBC statements;
    3565600 nanoseconds spent executing 1 JDBC statements;
    0 nanoseconds spent executing 0 JDBC batches;
    0 nanoseconds spent performing 0 L2C puts;
    0 nanoseconds spent performing 0 L2C hits;
    0 nanoseconds spent performing 0 L2C misses;
    0 nanoseconds spent executing 0 flushes (flushing a total of 0 entities and 0 collections);
    0 nanoseconds spent executing 0 pre-partial-flushes;
    0 nanoseconds spent executing 0 partial-flushes (flushing a total of 0 entities and 0 collections)
}
2026-04-29 19:29:14.892 INFO  [http-nio-8080-exec-4] o.h.e.i.StatisticalLoggingSessionEventListener - Session Metrics {
    1074500 nanoseconds spent acquiring 1 JDBC connections;
    0 nanoseconds spent releasing 0 JDBC connections;
    2884900 nanoseconds spent preparing 5 JDBC statements;
    16048600 nanoseconds spent executing 5 JDBC statements;
    0 nanoseconds spent executing 0 JDBC batches;
    0 nanoseconds spent performing 0 L2C puts;
    0 nanoseconds spent performing 0 L2C hits;
    0 nanoseconds spent performing 0 L2C misses;
    748400 nanoseconds spent executing 2 flushes (flushing a total of 7 entities and 2 collections);
    108000 nanoseconds spent executing 2 pre-partial-flushes;
    440900 nanoseconds spent executing 3 partial-flushes (flushing a total of 6 entities and 6 collections)
}
2026-04-29 19:29:39.718 INFO  [SpringApplicationShutdownHook] o.s.b.w.e.tomcat.GracefulShutdown - Commencing graceful shutdown. Waiting for active requests to complete
2026-04-29 19:29:40.018 INFO  [tomcat-shutdown] o.s.b.w.e.tomcat.GracefulShutdown - Graceful shutdown complete
2026-04-29 19:29:40.035 INFO  [SpringApplicationShutdownHook] o.s.o.j.LocalContainerEntityManagerFactoryBean - Closing JPA EntityManagerFactory for persistence unit 'default'
2026-04-29 19:29:40.037 INFO  [SpringApplicationShutdownHook] com.zaxxer.hikari.HikariDataSource - HikariPool-1 - Shutdown initiated...
2026-04-29 19:29:40.047 INFO  [SpringApplicationShutdownHook] com.zaxxer.hikari.HikariDataSource - HikariPool-1 - Shutdown completed.
2026-04-29 19:30:01.134 INFO  [main] t.report.mainapp.MainAppApplication - Starting MainAppApplication using Java 18.0.2 with PID 19692 (D:\06-05-2025\report\main-app\target\classes started by Precision 7540 in D:\06-05-2025\report)
2026-04-29 19:30:01.136 INFO  [main] t.report.mainapp.MainAppApplication - No active profile set, falling back to 1 default profile: "default"
2026-04-29 19:30:02.047 INFO  [main] o.s.d.r.c.RepositoryConfigurationDelegate - Multiple Spring Data modules found, entering strict repository configuration mode
2026-04-29 19:30:02.048 INFO  [main] o.s.d.r.c.RepositoryConfigurationDelegate - Bootstrapping Spring Data JPA repositories in DEFAULT mode.
2026-04-29 19:30:02.070 INFO  [main] o.s.d.r.c.RepositoryConfigurationDelegate - Finished Spring Data repository scanning in 13 ms. Found 0 JPA repository interfaces.
2026-04-29 19:30:02.080 INFO  [main] o.s.d.r.c.RepositoryConfigurationDelegate - Multiple Spring Data modules found, entering strict repository configuration mode
2026-04-29 19:30:02.080 INFO  [main] o.s.d.r.c.RepositoryConfigurationDelegate - Bootstrapping Spring Data Redis repositories in DEFAULT mode.
2026-04-29 19:30:02.092 INFO  [main] o.s.d.r.c.RepositoryConfigurationDelegate - Finished Spring Data repository scanning in 3 ms. Found 0 Redis repository interfaces.
2026-04-29 19:30:02.642 INFO  [main] o.s.b.w.e.tomcat.TomcatWebServer - Tomcat initialized with port 8080 (http)
2026-04-29 19:30:02.651 INFO  [main] o.a.coyote.http11.Http11NioProtocol - Initializing ProtocolHandler ["http-nio-8080"]
2026-04-29 19:30:02.652 INFO  [main] o.a.catalina.core.StandardService - Starting service [Tomcat]
2026-04-29 19:30:02.652 INFO  [main] o.a.catalina.core.StandardEngine - Starting Servlet engine: [Apache Tomcat/10.1.42]
2026-04-29 19:30:02.722 INFO  [main] o.a.c.c.C.[Tomcat].[localhost].[/] - Initializing Spring embedded WebApplicationContext
2026-04-29 19:30:02.722 INFO  [main] o.s.b.w.s.c.ServletWebServerApplicationContext - Root WebApplicationContext: initialization completed in 1534 ms
2026-04-29 19:30:03.150 INFO  [main] com.zaxxer.hikari.HikariDataSource - HikariPool-1 - Starting...
2026-04-29 19:30:33.716 INFO  [main] com.zaxxer.hikari.pool.HikariPool - HikariPool-1 - Added connection oracle.jdbc.driver.T4CConnection@de0c402
2026-04-29 19:30:33.718 INFO  [main] com.zaxxer.hikari.HikariDataSource - HikariPool-1 - Start completed.
2026-04-29 19:30:33.755 INFO  [main] o.h.jpa.internal.util.LogHelper - HHH000204: Processing PersistenceUnitInfo [name: default]
2026-04-29 19:30:33.803 INFO  [main] org.hibernate.Version - HHH000412: Hibernate ORM core version 6.6.18.Final
2026-04-29 19:30:33.832 INFO  [main] o.h.c.i.RegionFactoryInitiator - HHH000026: Second-level cache disabled
2026-04-29 19:30:34.048 INFO  [main] o.s.o.j.p.SpringPersistenceUnitInfo - No LoadTimeWeaver setup: ignoring JPA class transformer
2026-04-29 19:30:34.274 INFO  [main] o.hibernate.orm.connections.pooling - HHH10001005: Database info:
	Database JDBC URL [Connecting through datasource 'HikariDataSource (HikariPool-1)']
	Database driver: undefined/unknown
	Database version: 19.3
	Autocommit mode: undefined/unknown
	Isolation level: undefined/unknown
	Minimum pool size: undefined/unknown
	Maximum pool size: undefined/unknown
2026-04-29 19:30:35.103 INFO  [main] o.h.e.t.j.p.i.JtaPlatformInitiator - HHH000489: No JTA platform available (set 'hibernate.transaction.jta.platform' to enable JTA platform integration)
2026-04-29 19:30:35.108 INFO  [main] o.s.o.j.LocalContainerEntityManagerFactoryBean - Initialized JPA EntityManagerFactory for persistence unit 'default'
2026-04-29 19:30:36.927 INFO  [main] o.s.b.a.e.web.EndpointLinksResolver - Exposing 3 endpoints beneath base path '/actuator'
2026-04-29 19:30:37.011 INFO  [main] o.a.coyote.http11.Http11NioProtocol - Starting ProtocolHandler ["http-nio-8080"]
2026-04-29 19:30:37.031 INFO  [main] o.s.b.w.e.tomcat.TomcatWebServer - Tomcat started on port 8080 (http) with context path '/'
2026-04-29 19:30:39.803 INFO  [http-nio-8080-exec-1] o.a.c.c.C.[Tomcat].[localhost].[/] - Initializing Spring DispatcherServlet 'dispatcherServlet'
2026-04-29 19:30:39.804 INFO  [http-nio-8080-exec-1] o.s.web.servlet.DispatcherServlet - Initializing Servlet 'dispatcherServlet'
2026-04-29 19:30:39.806 INFO  [http-nio-8080-exec-1] o.s.web.servlet.DispatcherServlet - Completed initialization in 2 ms
2026-04-29 19:30:40.452 INFO  [http-nio-8080-exec-1] o.h.e.i.StatisticalLoggingSessionEventListener - Session Metrics {
    2375900 nanoseconds spent acquiring 1 JDBC connections;
    0 nanoseconds spent releasing 0 JDBC connections;
    33309300 nanoseconds spent preparing 1 JDBC statements;
    14220200 nanoseconds spent executing 1 JDBC statements;
    0 nanoseconds spent executing 0 JDBC batches;
    0 nanoseconds spent performing 0 L2C puts;
    0 nanoseconds spent performing 0 L2C hits;
    0 nanoseconds spent performing 0 L2C misses;
    8913800 nanoseconds spent executing 1 flushes (flushing a total of 2 entities and 1 collections);
    26000 nanoseconds spent executing 1 pre-partial-flushes;
    13800 nanoseconds spent executing 1 partial-flushes (flushing a total of 0 entities and 0 collections)
}
2026-04-29 19:30:40.635 INFO  [http-nio-8080-exec-2] o.h.e.i.StatisticalLoggingSessionEventListener - Session Metrics {
    29000 nanoseconds spent acquiring 1 JDBC connections;
    0 nanoseconds spent releasing 0 JDBC connections;
    18578800 nanoseconds spent preparing 2 JDBC statements;
    3133300 nanoseconds spent executing 1 JDBC statements;
    0 nanoseconds spent executing 0 JDBC batches;
    0 nanoseconds spent performing 0 L2C puts;
    0 nanoseconds spent performing 0 L2C hits;
    0 nanoseconds spent performing 0 L2C misses;
    0 nanoseconds spent executing 0 flushes (flushing a total of 0 entities and 0 collections);
    0 nanoseconds spent executing 0 pre-partial-flushes;
    0 nanoseconds spent executing 0 partial-flushes (flushing a total of 0 entities and 0 collections)
}
2026-04-29 19:30:40.635 INFO  [http-nio-8080-exec-3] o.h.e.i.StatisticalLoggingSessionEventListener - Session Metrics {
    2408900 nanoseconds spent acquiring 1 JDBC connections;
    0 nanoseconds spent releasing 0 JDBC connections;
    21679700 nanoseconds spent preparing 2 JDBC statements;
    3429400 nanoseconds spent executing 1 JDBC statements;
    0 nanoseconds spent executing 0 JDBC batches;
    0 nanoseconds spent performing 0 L2C puts;
    0 nanoseconds spent performing 0 L2C hits;
    0 nanoseconds spent performing 0 L2C misses;
    0 nanoseconds spent executing 0 flushes (flushing a total of 0 entities and 0 collections);
    0 nanoseconds spent executing 0 pre-partial-flushes;
    0 nanoseconds spent executing 0 partial-flushes (flushing a total of 0 entities and 0 collections)
}
2026-04-29 19:30:52.283 INFO  [main] t.report.mainapp.MainAppApplication - Started MainAppApplication in 51.683 seconds (process running for 52.343)
2026-04-29 19:31:02.644 INFO  [http-nio-8080-exec-4] o.h.e.i.StatisticalLoggingSessionEventListener - Session Metrics {
    1996300 nanoseconds spent acquiring 1 JDBC connections;
    0 nanoseconds spent releasing 0 JDBC connections;
    2853900 nanoseconds spent preparing 5 JDBC statements;
    17663100 nanoseconds spent executing 5 JDBC statements;
    0 nanoseconds spent executing 0 JDBC batches;
    0 nanoseconds spent performing 0 L2C puts;
    0 nanoseconds spent performing 0 L2C hits;
    0 nanoseconds spent performing 0 L2C misses;
    624500 nanoseconds spent executing 2 flushes (flushing a total of 7 entities and 2 collections);
    96000 nanoseconds spent executing 2 pre-partial-flushes;
    395800 nanoseconds spent executing 3 partial-flushes (flushing a total of 6 entities and 6 collections)
}
2026-04-29 19:31:37.018 INFO  [http-nio-8080-exec-5] o.h.e.i.StatisticalLoggingSessionEventListener - Session Metrics {
    2508700 nanoseconds spent acquiring 1 JDBC connections;
    0 nanoseconds spent releasing 0 JDBC connections;
    254000 nanoseconds spent preparing 1 JDBC statements;
    7946100 nanoseconds spent executing 1 JDBC statements;
    0 nanoseconds spent executing 0 JDBC batches;
    0 nanoseconds spent performing 0 L2C puts;
    0 nanoseconds spent performing 0 L2C hits;
    0 nanoseconds spent performing 0 L2C misses;
    322100 nanoseconds spent executing 1 flushes (flushing a total of 2 entities and 1 collections);
    7600 nanoseconds spent executing 1 pre-partial-flushes;
    6000 nanoseconds spent executing 1 partial-flushes (flushing a total of 0 entities and 0 collections)
}
2026-04-29 19:31:37.155 INFO  [http-nio-8080-exec-8] o.h.e.i.StatisticalLoggingSessionEventListener - Session Metrics {
    38100 nanoseconds spent acquiring 1 JDBC connections;
    0 nanoseconds spent releasing 0 JDBC connections;
    319000 nanoseconds spent preparing 2 JDBC statements;
    2050000 nanoseconds spent executing 1 JDBC statements;
    0 nanoseconds spent executing 0 JDBC batches;
    0 nanoseconds spent performing 0 L2C puts;
    0 nanoseconds spent performing 0 L2C hits;
    0 nanoseconds spent performing 0 L2C misses;
    0 nanoseconds spent executing 0 flushes (flushing a total of 0 entities and 0 collections);
    0 nanoseconds spent executing 0 pre-partial-flushes;
    0 nanoseconds spent executing 0 partial-flushes (flushing a total of 0 entities and 0 collections)
}
2026-04-29 19:31:37.161 INFO  [http-nio-8080-exec-7] o.h.e.i.StatisticalLoggingSessionEventListener - Session Metrics {
    826000 nanoseconds spent acquiring 1 JDBC connections;
    0 nanoseconds spent releasing 0 JDBC connections;
    1033900 nanoseconds spent preparing 2 JDBC statements;
    2115600 nanoseconds spent executing 1 JDBC statements;
    0 nanoseconds spent executing 0 JDBC batches;
    0 nanoseconds spent performing 0 L2C puts;
    0 nanoseconds spent performing 0 L2C hits;
    0 nanoseconds spent performing 0 L2C misses;
    0 nanoseconds spent executing 0 flushes (flushing a total of 0 entities and 0 collections);
    0 nanoseconds spent executing 0 pre-partial-flushes;
    0 nanoseconds spent executing 0 partial-flushes (flushing a total of 0 entities and 0 collections)
}
2026-04-29 19:32:01.178 INFO  [http-nio-8080-exec-9] o.h.e.i.StatisticalLoggingSessionEventListener - Session Metrics {
    1307500 nanoseconds spent acquiring 1 JDBC connections;
    0 nanoseconds spent releasing 0 JDBC connections;
    2053400 nanoseconds spent preparing 5 JDBC statements;
    43272900 nanoseconds spent executing 5 JDBC statements;
    0 nanoseconds spent executing 0 JDBC batches;
    0 nanoseconds spent performing 0 L2C puts;
    0 nanoseconds spent performing 0 L2C hits;
    0 nanoseconds spent performing 0 L2C misses;
    11887600 nanoseconds spent executing 1 flushes (flushing a total of 5 entities and 1 collections);
    0 nanoseconds spent executing 0 pre-partial-flushes;
    0 nanoseconds spent executing 0 partial-flushes (flushing a total of 0 entities and 0 collections)
}
2026-04-29 19:32:05.619 INFO  [http-nio-8080-exec-10] o.h.e.i.StatisticalLoggingSessionEventListener - Session Metrics {
    1011000 nanoseconds spent acquiring 1 JDBC connections;
    0 nanoseconds spent releasing 0 JDBC connections;
    147000 nanoseconds spent preparing 1 JDBC statements;
    3470500 nanoseconds spent executing 1 JDBC statements;
    0 nanoseconds spent executing 0 JDBC batches;
    0 nanoseconds spent performing 0 L2C puts;
    0 nanoseconds spent performing 0 L2C hits;
    0 nanoseconds spent performing 0 L2C misses;
    327000 nanoseconds spent executing 1 flushes (flushing a total of 2 entities and 1 collections);
    7100 nanoseconds spent executing 1 pre-partial-flushes;
    3800 nanoseconds spent executing 1 partial-flushes (flushing a total of 0 entities and 0 collections)
}
2026-04-29 19:32:05.725 INFO  [http-nio-8080-exec-1] o.h.e.i.StatisticalLoggingSessionEventListener - Session Metrics {
    31900 nanoseconds spent acquiring 1 JDBC connections;
    0 nanoseconds spent releasing 0 JDBC connections;
    315800 nanoseconds spent preparing 2 JDBC statements;
    3502800 nanoseconds spent executing 1 JDBC statements;
    0 nanoseconds spent executing 0 JDBC batches;
    0 nanoseconds spent performing 0 L2C puts;
    0 nanoseconds spent performing 0 L2C hits;
    0 nanoseconds spent performing 0 L2C misses;
    0 nanoseconds spent executing 0 flushes (flushing a total of 0 entities and 0 collections);
    0 nanoseconds spent executing 0 pre-partial-flushes;
    0 nanoseconds spent executing 0 partial-flushes (flushing a total of 0 entities and 0 collections)
}
2026-04-29 19:32:05.728 INFO  [http-nio-8080-exec-2] o.h.e.i.StatisticalLoggingSessionEventListener - Session Metrics {
    1359700 nanoseconds spent acquiring 1 JDBC connections;
    0 nanoseconds spent releasing 0 JDBC connections;
    1669100 nanoseconds spent preparing 2 JDBC statements;
    2396700 nanoseconds spent executing 1 JDBC statements;
    0 nanoseconds spent executing 0 JDBC batches;
    0 nanoseconds spent performing 0 L2C puts;
    0 nanoseconds spent performing 0 L2C hits;
    0 nanoseconds spent performing 0 L2C misses;
    0 nanoseconds spent executing 0 flushes (flushing a total of 0 entities and 0 collections);
    0 nanoseconds spent executing 0 pre-partial-flushes;
    0 nanoseconds spent executing 0 partial-flushes (flushing a total of 0 entities and 0 collections)
}
2026-04-29 19:32:16.097 INFO  [http-nio-8080-exec-3] o.h.e.i.StatisticalLoggingSessionEventListener - Session Metrics {
    0 nanoseconds spent acquiring 0 JDBC connections;
    0 nanoseconds spent releasing 0 JDBC connections;
    0 nanoseconds spent preparing 0 JDBC statements;
    0 nanoseconds spent executing 0 JDBC statements;
    0 nanoseconds spent executing 0 JDBC batches;
    0 nanoseconds spent performing 0 L2C puts;
    0 nanoseconds spent performing 0 L2C hits;
    0 nanoseconds spent performing 0 L2C misses;
    0 nanoseconds spent executing 0 flushes (flushing a total of 0 entities and 0 collections);
    0 nanoseconds spent executing 0 pre-partial-flushes;
    0 nanoseconds spent executing 0 partial-flushes (flushing a total of 0 entities and 0 collections)
}
2026-04-29 19:32:18.063 INFO  [http-nio-8080-exec-4] o.h.e.i.StatisticalLoggingSessionEventListener - Session Metrics {
    0 nanoseconds spent acquiring 0 JDBC connections;
    0 nanoseconds spent releasing 0 JDBC connections;
    0 nanoseconds spent preparing 0 JDBC statements;
    0 nanoseconds spent executing 0 JDBC statements;
    0 nanoseconds spent executing 0 JDBC batches;
    0 nanoseconds spent performing 0 L2C puts;
    0 nanoseconds spent performing 0 L2C hits;
    0 nanoseconds spent performing 0 L2C misses;
    0 nanoseconds spent executing 0 flushes (flushing a total of 0 entities and 0 collections);
    0 nanoseconds spent executing 0 pre-partial-flushes;
    0 nanoseconds spent executing 0 partial-flushes (flushing a total of 0 entities and 0 collections)
}
2026-04-29 19:32:23.603 INFO  [http-nio-8080-exec-8] o.h.e.i.StatisticalLoggingSessionEventListener - Session Metrics {
    1041600 nanoseconds spent acquiring 1 JDBC connections;
    0 nanoseconds spent releasing 0 JDBC connections;
    200500 nanoseconds spent preparing 1 JDBC statements;
    5095500 nanoseconds spent executing 1 JDBC statements;
    0 nanoseconds spent executing 0 JDBC batches;
    0 nanoseconds spent performing 0 L2C puts;
    0 nanoseconds spent performing 0 L2C hits;
    0 nanoseconds spent performing 0 L2C misses;
    229500 nanoseconds spent executing 1 flushes (flushing a total of 2 entities and 1 collections);
    8800 nanoseconds spent executing 1 pre-partial-flushes;
    3100 nanoseconds spent executing 1 partial-flushes (flushing a total of 0 entities and 0 collections)
}
2026-04-29 19:32:23.603 INFO  [http-nio-8080-exec-5] o.h.e.i.StatisticalLoggingSessionEventListener - Session Metrics {
    1222900 nanoseconds spent acquiring 1 JDBC connections;
    0 nanoseconds spent releasing 0 JDBC connections;
    153100 nanoseconds spent preparing 1 JDBC statements;
    4624200 nanoseconds spent executing 1 JDBC statements;
    0 nanoseconds spent executing 0 JDBC batches;
    0 nanoseconds spent performing 0 L2C puts;
    0 nanoseconds spent performing 0 L2C hits;
    0 nanoseconds spent performing 0 L2C misses;
    255700 nanoseconds spent executing 1 flushes (flushing a total of 2 entities and 1 collections);
    1900 nanoseconds spent executing 1 pre-partial-flushes;
    3100 nanoseconds spent executing 1 partial-flushes (flushing a total of 0 entities and 0 collections)
}
2026-04-29 19:32:23.935 INFO  [http-nio-8080-exec-7] o.h.e.i.StatisticalLoggingSessionEventListener - Session Metrics {
    31700 nanoseconds spent acquiring 1 JDBC connections;
    0 nanoseconds spent releasing 0 JDBC connections;
    286900 nanoseconds spent preparing 2 JDBC statements;
    2281600 nanoseconds spent executing 1 JDBC statements;
    0 nanoseconds spent executing 0 JDBC batches;
    0 nanoseconds spent performing 0 L2C puts;
    0 nanoseconds spent performing 0 L2C hits;
    0 nanoseconds spent performing 0 L2C misses;
    0 nanoseconds spent executing 0 flushes (flushing a total of 0 entities and 0 collections);
    0 nanoseconds spent executing 0 pre-partial-flushes;
    0 nanoseconds spent executing 0 partial-flushes (flushing a total of 0 entities and 0 collections)
}
2026-04-29 19:32:23.941 INFO  [http-nio-8080-exec-6] o.h.e.i.StatisticalLoggingSessionEventListener - Session Metrics {
    41300 nanoseconds spent acquiring 1 JDBC connections;
    0 nanoseconds spent releasing 0 JDBC connections;
    277400 nanoseconds spent preparing 2 JDBC statements;
    2056800 nanoseconds spent executing 1 JDBC statements;
    0 nanoseconds spent executing 0 JDBC batches;
    0 nanoseconds spent performing 0 L2C puts;
    0 nanoseconds spent performing 0 L2C hits;
    0 nanoseconds spent performing 0 L2C misses;
    0 nanoseconds spent executing 0 flushes (flushing a total of 0 entities and 0 collections);
    0 nanoseconds spent executing 0 pre-partial-flushes;
    0 nanoseconds spent executing 0 partial-flushes (flushing a total of 0 entities and 0 collections)
}
2026-04-29 19:32:34.741 INFO  [http-nio-8080-exec-10] o.h.e.i.StatisticalLoggingSessionEventListener - Session Metrics {
    787000 nanoseconds spent acquiring 1 JDBC connections;
    0 nanoseconds spent releasing 0 JDBC connections;
    882600 nanoseconds spent preparing 7 JDBC statements;
    30611800 nanoseconds spent executing 7 JDBC statements;
    0 nanoseconds spent executing 0 JDBC batches;
    0 nanoseconds spent performing 0 L2C puts;
    0 nanoseconds spent performing 0 L2C hits;
    0 nanoseconds spent performing 0 L2C misses;
    2753900 nanoseconds spent executing 2 flushes (flushing a total of 10 entities and 2 collections);
    211700 nanoseconds spent executing 3 pre-partial-flushes;
    575900 nanoseconds spent executing 4 partial-flushes (flushing a total of 12 entities and 12 collections)
}
2026-04-29 19:32:39.260 INFO  [http-nio-8080-exec-1] o.h.e.i.StatisticalLoggingSessionEventListener - Session Metrics {
    1771300 nanoseconds spent acquiring 1 JDBC connections;
    0 nanoseconds spent releasing 0 JDBC connections;
    172000 nanoseconds spent preparing 1 JDBC statements;
    1943300 nanoseconds spent executing 1 JDBC statements;
    0 nanoseconds spent executing 0 JDBC batches;
    0 nanoseconds spent performing 0 L2C puts;
    0 nanoseconds spent performing 0 L2C hits;
    0 nanoseconds spent performing 0 L2C misses;
    301800 nanoseconds spent executing 1 flushes (flushing a total of 2 entities and 1 collections);
    6500 nanoseconds spent executing 1 pre-partial-flushes;
    2900 nanoseconds spent executing 1 partial-flushes (flushing a total of 0 entities and 0 collections)
}
2026-04-29 19:32:39.371 INFO  [http-nio-8080-exec-2] o.h.e.i.StatisticalLoggingSessionEventListener - Session Metrics {
    2097900 nanoseconds spent acquiring 1 JDBC connections;
    0 nanoseconds spent releasing 0 JDBC connections;
    2403000 nanoseconds spent preparing 2 JDBC statements;
    2998600 nanoseconds spent executing 1 JDBC statements;
    0 nanoseconds spent executing 0 JDBC batches;
    0 nanoseconds spent performing 0 L2C puts;
    0 nanoseconds spent performing 0 L2C hits;
    0 nanoseconds spent performing 0 L2C misses;
    0 nanoseconds spent executing 0 flushes (flushing a total of 0 entities and 0 collections);
    0 nanoseconds spent executing 0 pre-partial-flushes;
    0 nanoseconds spent executing 0 partial-flushes (flushing a total of 0 entities and 0 collections)
}
2026-04-29 19:32:39.372 INFO  [http-nio-8080-exec-3] o.h.e.i.StatisticalLoggingSessionEventListener - Session Metrics {
    37800 nanoseconds spent acquiring 1 JDBC connections;
    0 nanoseconds spent releasing 0 JDBC connections;
    301800 nanoseconds spent preparing 2 JDBC statements;
    3363700 nanoseconds spent executing 1 JDBC statements;
    0 nanoseconds spent executing 0 JDBC batches;
    0 nanoseconds spent performing 0 L2C puts;
    0 nanoseconds spent performing 0 L2C hits;
    0 nanoseconds spent performing 0 L2C misses;
    0 nanoseconds spent executing 0 flushes (flushing a total of 0 entities and 0 collections);
    0 nanoseconds spent executing 0 pre-partial-flushes;
    0 nanoseconds spent executing 0 partial-flushes (flushing a total of 0 entities and 0 collections)
}
2026-04-29 19:44:32.768 INFO  [http-nio-8080-exec-5] o.h.e.i.StatisticalLoggingSessionEventListener - Session Metrics {
    903200 nanoseconds spent acquiring 1 JDBC connections;
    0 nanoseconds spent releasing 0 JDBC connections;
    206700 nanoseconds spent preparing 1 JDBC statements;
    3410600 nanoseconds spent executing 1 JDBC statements;
    0 nanoseconds spent executing 0 JDBC batches;
    0 nanoseconds spent performing 0 L2C puts;
    0 nanoseconds spent performing 0 L2C hits;
    0 nanoseconds spent performing 0 L2C misses;
    302600 nanoseconds spent executing 1 flushes (flushing a total of 2 entities and 1 collections);
    7000 nanoseconds spent executing 1 pre-partial-flushes;
    2200 nanoseconds spent executing 1 partial-flushes (flushing a total of 0 entities and 0 collections)
}
2026-04-29 19:44:32.942 INFO  [http-nio-8080-exec-6] o.h.e.i.StatisticalLoggingSessionEventListener - Session Metrics {
    25400 nanoseconds spent acquiring 1 JDBC connections;
    0 nanoseconds spent releasing 0 JDBC connections;
    340000 nanoseconds spent preparing 2 JDBC statements;
    1908900 nanoseconds spent executing 1 JDBC statements;
    0 nanoseconds spent executing 0 JDBC batches;
    0 nanoseconds spent performing 0 L2C puts;
    0 nanoseconds spent performing 0 L2C hits;
    0 nanoseconds spent performing 0 L2C misses;
    0 nanoseconds spent executing 0 flushes (flushing a total of 0 entities and 0 collections);
    0 nanoseconds spent executing 0 pre-partial-flushes;
    0 nanoseconds spent executing 0 partial-flushes (flushing a total of 0 entities and 0 collections)
}
2026-04-29 19:44:32.942 INFO  [http-nio-8080-exec-7] o.h.e.i.StatisticalLoggingSessionEventListener - Session Metrics {
    1084500 nanoseconds spent acquiring 1 JDBC connections;
    0 nanoseconds spent releasing 0 JDBC connections;
    1329700 nanoseconds spent preparing 2 JDBC statements;
    2727400 nanoseconds spent executing 1 JDBC statements;
    0 nanoseconds spent executing 0 JDBC batches;
    0 nanoseconds spent performing 0 L2C puts;
    0 nanoseconds spent performing 0 L2C hits;
    0 nanoseconds spent performing 0 L2C misses;
    0 nanoseconds spent executing 0 flushes (flushing a total of 0 entities and 0 collections);
    0 nanoseconds spent executing 0 pre-partial-flushes;
    0 nanoseconds spent executing 0 partial-flushes (flushing a total of 0 entities and 0 collections)
}
2026-04-29 19:44:34.387 INFO  [http-nio-8080-exec-9] o.h.e.i.StatisticalLoggingSessionEventListener - Session Metrics {
    1360800 nanoseconds spent acquiring 1 JDBC connections;
    0 nanoseconds spent releasing 0 JDBC connections;
    857700 nanoseconds spent preparing 6 JDBC statements;
    14563100 nanoseconds spent executing 6 JDBC statements;
    0 nanoseconds spent executing 0 JDBC batches;
    0 nanoseconds spent performing 0 L2C puts;
    0 nanoseconds spent performing 0 L2C hits;
    0 nanoseconds spent performing 0 L2C misses;
    469300 nanoseconds spent executing 2 flushes (flushing a total of 8 entities and 2 collections);
    83100 nanoseconds spent executing 2 pre-partial-flushes;
    274800 nanoseconds spent executing 3 partial-flushes (flushing a total of 6 entities and 6 collections)
}
2026-04-29 19:44:42.190 INFO  [http-nio-8080-exec-10] o.h.e.i.StatisticalLoggingSessionEventListener - Session Metrics {
    2901800 nanoseconds spent acquiring 1 JDBC connections;
    0 nanoseconds spent releasing 0 JDBC connections;
    189100 nanoseconds spent preparing 1 JDBC statements;
    3583400 nanoseconds spent executing 1 JDBC statements;
    0 nanoseconds spent executing 0 JDBC batches;
    0 nanoseconds spent performing 0 L2C puts;
    0 nanoseconds spent performing 0 L2C hits;
    0 nanoseconds spent performing 0 L2C misses;
    302400 nanoseconds spent executing 1 flushes (flushing a total of 2 entities and 1 collections);
    7700 nanoseconds spent executing 1 pre-partial-flushes;
    3200 nanoseconds spent executing 1 partial-flushes (flushing a total of 0 entities and 0 collections)
}
2026-04-29 19:44:42.299 INFO  [http-nio-8080-exec-1] o.h.e.i.StatisticalLoggingSessionEventListener - Session Metrics {
    25200 nanoseconds spent acquiring 1 JDBC connections;
    0 nanoseconds spent releasing 0 JDBC connections;
    266200 nanoseconds spent preparing 2 JDBC statements;
    2106500 nanoseconds spent executing 1 JDBC statements;
    0 nanoseconds spent executing 0 JDBC batches;
    0 nanoseconds spent performing 0 L2C puts;
    0 nanoseconds spent performing 0 L2C hits;
    0 nanoseconds spent performing 0 L2C misses;
    0 nanoseconds spent executing 0 flushes (flushing a total of 0 entities and 0 collections);
    0 nanoseconds spent executing 0 pre-partial-flushes;
    0 nanoseconds spent executing 0 partial-flushes (flushing a total of 0 entities and 0 collections)
}
2026-04-29 19:44:42.305 INFO  [http-nio-8080-exec-2] o.h.e.i.StatisticalLoggingSessionEventListener - Session Metrics {
    595200 nanoseconds spent acquiring 1 JDBC connections;
    0 nanoseconds spent releasing 0 JDBC connections;
    802300 nanoseconds spent preparing 2 JDBC statements;
    1368600 nanoseconds spent executing 1 JDBC statements;
    0 nanoseconds spent executing 0 JDBC batches;
    0 nanoseconds spent performing 0 L2C puts;
    0 nanoseconds spent performing 0 L2C hits;
    0 nanoseconds spent performing 0 L2C misses;
    0 nanoseconds spent executing 0 flushes (flushing a total of 0 entities and 0 collections);
    0 nanoseconds spent executing 0 pre-partial-flushes;
    0 nanoseconds spent executing 0 partial-flushes (flushing a total of 0 entities and 0 collections)
}
2026-04-29 19:51:53.707 INFO  [http-nio-8080-exec-8] o.h.e.i.StatisticalLoggingSessionEventListener - Session Metrics {
    1895900 nanoseconds spent acquiring 1 JDBC connections;
    0 nanoseconds spent releasing 0 JDBC connections;
    356400 nanoseconds spent preparing 1 JDBC statements;
    6159200 nanoseconds spent executing 1 JDBC statements;
    0 nanoseconds spent executing 0 JDBC batches;
    0 nanoseconds spent performing 0 L2C puts;
    0 nanoseconds spent performing 0 L2C hits;
    0 nanoseconds spent performing 0 L2C misses;
    551400 nanoseconds spent executing 1 flushes (flushing a total of 2 entities and 1 collections);
    36500 nanoseconds spent executing 1 pre-partial-flushes;
    5400 nanoseconds spent executing 1 partial-flushes (flushing a total of 0 entities and 0 collections)
}
2026-04-29 19:51:53.917 INFO  [http-nio-8080-exec-5] o.h.e.i.StatisticalLoggingSessionEventListener - Session Metrics {
    896400 nanoseconds spent acquiring 1 JDBC connections;
    0 nanoseconds spent releasing 0 JDBC connections;
    1326600 nanoseconds spent preparing 2 JDBC statements;
    2435200 nanoseconds spent executing 1 JDBC statements;
    0 nanoseconds spent executing 0 JDBC batches;
    0 nanoseconds spent performing 0 L2C puts;
    0 nanoseconds spent performing 0 L2C hits;
    0 nanoseconds spent performing 0 L2C misses;
    0 nanoseconds spent executing 0 flushes (flushing a total of 0 entities and 0 collections);
    0 nanoseconds spent executing 0 pre-partial-flushes;
    0 nanoseconds spent executing 0 partial-flushes (flushing a total of 0 entities and 0 collections)
}
2026-04-29 19:51:53.926 INFO  [http-nio-8080-exec-7] o.h.e.i.StatisticalLoggingSessionEventListener - Session Metrics {
    36200 nanoseconds spent acquiring 1 JDBC connections;
    0 nanoseconds spent releasing 0 JDBC connections;
    391200 nanoseconds spent preparing 2 JDBC statements;
    3036100 nanoseconds spent executing 1 JDBC statements;
    0 nanoseconds spent executing 0 JDBC batches;
    0 nanoseconds spent performing 0 L2C puts;
    0 nanoseconds spent performing 0 L2C hits;
    0 nanoseconds spent performing 0 L2C misses;
    0 nanoseconds spent executing 0 flushes (flushing a total of 0 entities and 0 collections);
    0 nanoseconds spent executing 0 pre-partial-flushes;
    0 nanoseconds spent executing 0 partial-flushes (flushing a total of 0 entities and 0 collections)
}
2026-04-29 19:51:58.580 INFO  [http-nio-8080-exec-6] o.h.e.i.StatisticalLoggingSessionEventListener - Session Metrics {
    928000 nanoseconds spent acquiring 1 JDBC connections;
    0 nanoseconds spent releasing 0 JDBC connections;
    850600 nanoseconds spent preparing 6 JDBC statements;
    9596300 nanoseconds spent executing 6 JDBC statements;
    0 nanoseconds spent executing 0 JDBC batches;
    0 nanoseconds spent performing 0 L2C puts;
    0 nanoseconds spent performing 0 L2C hits;
    0 nanoseconds spent performing 0 L2C misses;
    518600 nanoseconds spent executing 2 flushes (flushing a total of 8 entities and 2 collections);
    70800 nanoseconds spent executing 2 pre-partial-flushes;
    260900 nanoseconds spent executing 3 partial-flushes (flushing a total of 6 entities and 6 collections)
}
2026-04-29 19:52:22.489 INFO  [http-nio-8080-exec-9] o.h.e.i.StatisticalLoggingSessionEventListener - Session Metrics {
    5179400 nanoseconds spent acquiring 1 JDBC connections;
    0 nanoseconds spent releasing 0 JDBC connections;
    210900 nanoseconds spent preparing 1 JDBC statements;
    3182700 nanoseconds spent executing 1 JDBC statements;
    0 nanoseconds spent executing 0 JDBC batches;
    0 nanoseconds spent performing 0 L2C puts;
    0 nanoseconds spent performing 0 L2C hits;
    0 nanoseconds spent performing 0 L2C misses;
    265800 nanoseconds spent executing 1 flushes (flushing a total of 2 entities and 1 collections);
    5900 nanoseconds spent executing 1 pre-partial-flushes;
    2700 nanoseconds spent executing 1 partial-flushes (flushing a total of 0 entities and 0 collections)
}
2026-04-29 19:52:22.644 INFO  [http-nio-8080-exec-10] o.h.e.i.StatisticalLoggingSessionEventListener - Session Metrics {
    27900 nanoseconds spent acquiring 1 JDBC connections;
    0 nanoseconds spent releasing 0 JDBC connections;
    287100 nanoseconds spent preparing 2 JDBC statements;
    6494200 nanoseconds spent executing 1 JDBC statements;
    0 nanoseconds spent executing 0 JDBC batches;
    0 nanoseconds spent performing 0 L2C puts;
    0 nanoseconds spent performing 0 L2C hits;
    0 nanoseconds spent performing 0 L2C misses;
    0 nanoseconds spent executing 0 flushes (flushing a total of 0 entities and 0 collections);
    0 nanoseconds spent executing 0 pre-partial-flushes;
    0 nanoseconds spent executing 0 partial-flushes (flushing a total of 0 entities and 0 collections)
}
2026-04-29 19:52:22.648 INFO  [http-nio-8080-exec-1] o.h.e.i.StatisticalLoggingSessionEventListener - Session Metrics {
    966700 nanoseconds spent acquiring 1 JDBC connections;
    0 nanoseconds spent releasing 0 JDBC connections;
    1259900 nanoseconds spent preparing 2 JDBC statements;
    2326100 nanoseconds spent executing 1 JDBC statements;
    0 nanoseconds spent executing 0 JDBC batches;
    0 nanoseconds spent performing 0 L2C puts;
    0 nanoseconds spent performing 0 L2C hits;
    0 nanoseconds spent performing 0 L2C misses;
    0 nanoseconds spent executing 0 flushes (flushing a total of 0 entities and 0 collections);
    0 nanoseconds spent executing 0 pre-partial-flushes;
    0 nanoseconds spent executing 0 partial-flushes (flushing a total of 0 entities and 0 collections)
}
2026-04-29 19:52:26.262 INFO  [http-nio-8080-exec-2] o.h.e.i.StatisticalLoggingSessionEventListener - Session Metrics {
    763600 nanoseconds spent acquiring 1 JDBC connections;
    0 nanoseconds spent releasing 0 JDBC connections;
    712300 nanoseconds spent preparing 6 JDBC statements;
    13830200 nanoseconds spent executing 6 JDBC statements;
    0 nanoseconds spent executing 0 JDBC batches;
    0 nanoseconds spent performing 0 L2C puts;
    0 nanoseconds spent performing 0 L2C hits;
    0 nanoseconds spent performing 0 L2C misses;
    422000 nanoseconds spent executing 2 flushes (flushing a total of 8 entities and 2 collections);
    57700 nanoseconds spent executing 2 pre-partial-flushes;
    233000 nanoseconds spent executing 3 partial-flushes (flushing a total of 6 entities and 6 collections)
}
2026-04-29 19:55:00.698 INFO  [http-nio-8080-exec-4] o.h.e.i.StatisticalLoggingSessionEventListener - Session Metrics {
    1816500 nanoseconds spent acquiring 1 JDBC connections;
    0 nanoseconds spent releasing 0 JDBC connections;
    269200 nanoseconds spent preparing 1 JDBC statements;
    3285200 nanoseconds spent executing 1 JDBC statements;
    0 nanoseconds spent executing 0 JDBC batches;
    0 nanoseconds spent performing 0 L2C puts;
    0 nanoseconds spent performing 0 L2C hits;
    0 nanoseconds spent performing 0 L2C misses;
    432000 nanoseconds spent executing 1 flushes (flushing a total of 2 entities and 1 collections);
    9300 nanoseconds spent executing 1 pre-partial-flushes;
    3200 nanoseconds spent executing 1 partial-flushes (flushing a total of 0 entities and 0 collections)
}
2026-04-29 19:55:00.919 INFO  [http-nio-8080-exec-8] o.h.e.i.StatisticalLoggingSessionEventListener - Session Metrics {
    1275900 nanoseconds spent acquiring 1 JDBC connections;
    0 nanoseconds spent releasing 0 JDBC connections;
    1707000 nanoseconds spent preparing 2 JDBC statements;
    3079100 nanoseconds spent executing 1 JDBC statements;
    0 nanoseconds spent executing 0 JDBC batches;
    0 nanoseconds spent performing 0 L2C puts;
    0 nanoseconds spent performing 0 L2C hits;
    0 nanoseconds spent performing 0 L2C misses;
    0 nanoseconds spent executing 0 flushes (flushing a total of 0 entities and 0 collections);
    0 nanoseconds spent executing 0 pre-partial-flushes;
    0 nanoseconds spent executing 0 partial-flushes (flushing a total of 0 entities and 0 collections)
}
2026-04-29 19:55:00.920 INFO  [http-nio-8080-exec-5] o.h.e.i.StatisticalLoggingSessionEventListener - Session Metrics {
    30200 nanoseconds spent acquiring 1 JDBC connections;
    0 nanoseconds spent releasing 0 JDBC connections;
    485100 nanoseconds spent preparing 2 JDBC statements;
    2825600 nanoseconds spent executing 1 JDBC statements;
    0 nanoseconds spent executing 0 JDBC batches;
    0 nanoseconds spent performing 0 L2C puts;
    0 nanoseconds spent performing 0 L2C hits;
    0 nanoseconds spent performing 0 L2C misses;
    0 nanoseconds spent executing 0 flushes (flushing a total of 0 entities and 0 collections);
    0 nanoseconds spent executing 0 pre-partial-flushes;
    0 nanoseconds spent executing 0 partial-flushes (flushing a total of 0 entities and 0 collections)
}
2026-04-29 19:55:22.616 INFO  [http-nio-8080-exec-7] o.h.e.i.StatisticalLoggingSessionEventListener - Session Metrics {
    1070900 nanoseconds spent acquiring 1 JDBC connections;
    0 nanoseconds spent releasing 0 JDBC connections;
    212700 nanoseconds spent preparing 1 JDBC statements;
    3243000 nanoseconds spent executing 1 JDBC statements;
    0 nanoseconds spent executing 0 JDBC batches;
    0 nanoseconds spent performing 0 L2C puts;
    0 nanoseconds spent performing 0 L2C hits;
    0 nanoseconds spent performing 0 L2C misses;
    288200 nanoseconds spent executing 1 flushes (flushing a total of 2 entities and 1 collections);
    6300 nanoseconds spent executing 1 pre-partial-flushes;
    3000 nanoseconds spent executing 1 partial-flushes (flushing a total of 0 entities and 0 collections)
}
2026-04-29 19:55:22.722 INFO  [http-nio-8080-exec-6] o.h.e.i.StatisticalLoggingSessionEventListener - Session Metrics {
    654900 nanoseconds spent acquiring 1 JDBC connections;
    0 nanoseconds spent releasing 0 JDBC connections;
    879100 nanoseconds spent preparing 2 JDBC statements;
    1828600 nanoseconds spent executing 1 JDBC statements;
    0 nanoseconds spent executing 0 JDBC batches;
    0 nanoseconds spent performing 0 L2C puts;
    0 nanoseconds spent performing 0 L2C hits;
    0 nanoseconds spent performing 0 L2C misses;
    0 nanoseconds spent executing 0 flushes (flushing a total of 0 entities and 0 collections);
    0 nanoseconds spent executing 0 pre-partial-flushes;
    0 nanoseconds spent executing 0 partial-flushes (flushing a total of 0 entities and 0 collections)
}
2026-04-29 19:55:22.724 INFO  [http-nio-8080-exec-9] o.h.e.i.StatisticalLoggingSessionEventListener - Session Metrics {
    24300 nanoseconds spent acquiring 1 JDBC connections;
    0 nanoseconds spent releasing 0 JDBC connections;
    297000 nanoseconds spent preparing 2 JDBC statements;
    1757200 nanoseconds spent executing 1 JDBC statements;
    0 nanoseconds spent executing 0 JDBC batches;
    0 nanoseconds spent performing 0 L2C puts;
    0 nanoseconds spent performing 0 L2C hits;
    0 nanoseconds spent performing 0 L2C misses;
    0 nanoseconds spent executing 0 flushes (flushing a total of 0 entities and 0 collections);
    0 nanoseconds spent executing 0 pre-partial-flushes;
    0 nanoseconds spent executing 0 partial-flushes (flushing a total of 0 entities and 0 collections)
}
2026-04-29 19:57:01.431 INFO  [http-nio-8080-exec-2] o.h.e.i.StatisticalLoggingSessionEventListener - Session Metrics {
    1187400 nanoseconds spent acquiring 1 JDBC connections;
    0 nanoseconds spent releasing 0 JDBC connections;
    176400 nanoseconds spent preparing 1 JDBC statements;
    1712000 nanoseconds spent executing 1 JDBC statements;
    0 nanoseconds spent executing 0 JDBC batches;
    0 nanoseconds spent performing 0 L2C puts;
    0 nanoseconds spent performing 0 L2C hits;
    0 nanoseconds spent performing 0 L2C misses;
    267300 nanoseconds spent executing 1 flushes (flushing a total of 2 entities and 1 collections);
    5500 nanoseconds spent executing 1 pre-partial-flushes;
    2700 nanoseconds spent executing 1 partial-flushes (flushing a total of 0 entities and 0 collections)
}
2026-04-29 19:57:01.553 INFO  [http-nio-8080-exec-3] o.h.e.i.StatisticalLoggingSessionEventListener - Session Metrics {
    25900 nanoseconds spent acquiring 1 JDBC connections;
    0 nanoseconds spent releasing 0 JDBC connections;
    278900 nanoseconds spent preparing 2 JDBC statements;
    1681000 nanoseconds spent executing 1 JDBC statements;
    0 nanoseconds spent executing 0 JDBC batches;
    0 nanoseconds spent performing 0 L2C puts;
    0 nanoseconds spent performing 0 L2C hits;
    0 nanoseconds spent performing 0 L2C misses;
    0 nanoseconds spent executing 0 flushes (flushing a total of 0 entities and 0 collections);
    0 nanoseconds spent executing 0 pre-partial-flushes;
    0 nanoseconds spent executing 0 partial-flushes (flushing a total of 0 entities and 0 collections)
}
2026-04-29 19:57:01.560 INFO  [http-nio-8080-exec-4] o.h.e.i.StatisticalLoggingSessionEventListener - Session Metrics {
    888400 nanoseconds spent acquiring 1 JDBC connections;
    0 nanoseconds spent releasing 0 JDBC connections;
    1138700 nanoseconds spent preparing 2 JDBC statements;
    2558800 nanoseconds spent executing 1 JDBC statements;
    0 nanoseconds spent executing 0 JDBC batches;
    0 nanoseconds spent performing 0 L2C puts;
    0 nanoseconds spent performing 0 L2C hits;
    0 nanoseconds spent performing 0 L2C misses;
    0 nanoseconds spent executing 0 flushes (flushing a total of 0 entities and 0 collections);
    0 nanoseconds spent executing 0 pre-partial-flushes;
    0 nanoseconds spent executing 0 partial-flushes (flushing a total of 0 entities and 0 collections)
}
2026-04-29 19:57:06.134 INFO  [http-nio-8080-exec-8] o.h.e.i.StatisticalLoggingSessionEventListener - Session Metrics {
    2278100 nanoseconds spent acquiring 1 JDBC connections;
    0 nanoseconds spent releasing 0 JDBC connections;
    218400 nanoseconds spent preparing 1 JDBC statements;
    2065500 nanoseconds spent executing 1 JDBC statements;
    0 nanoseconds spent executing 0 JDBC batches;
    0 nanoseconds spent performing 0 L2C puts;
    0 nanoseconds spent performing 0 L2C hits;
    0 nanoseconds spent performing 0 L2C misses;
    239400 nanoseconds spent executing 1 flushes (flushing a total of 2 entities and 1 collections);
    5600 nanoseconds spent executing 1 pre-partial-flushes;
    2800 nanoseconds spent executing 1 partial-flushes (flushing a total of 0 entities and 0 collections)
}
2026-04-29 19:57:06.247 INFO  [http-nio-8080-exec-5] o.h.e.i.StatisticalLoggingSessionEventListener - Session Metrics {
    27800 nanoseconds spent acquiring 1 JDBC connections;
    0 nanoseconds spent releasing 0 JDBC connections;
    317700 nanoseconds spent preparing 2 JDBC statements;
    2240300 nanoseconds spent executing 1 JDBC statements;
    0 nanoseconds spent executing 0 JDBC batches;
    0 nanoseconds spent performing 0 L2C puts;
    0 nanoseconds spent performing 0 L2C hits;
    0 nanoseconds spent performing 0 L2C misses;
    0 nanoseconds spent executing 0 flushes (flushing a total of 0 entities and 0 collections);
    0 nanoseconds spent executing 0 pre-partial-flushes;
    0 nanoseconds spent executing 0 partial-flushes (flushing a total of 0 entities and 0 collections)
}
2026-04-29 19:57:06.250 INFO  [http-nio-8080-exec-7] o.h.e.i.StatisticalLoggingSessionEventListener - Session Metrics {
    1218700 nanoseconds spent acquiring 1 JDBC connections;
    0 nanoseconds spent releasing 0 JDBC connections;
    1921700 nanoseconds spent preparing 2 JDBC statements;
    2382600 nanoseconds spent executing 1 JDBC statements;
    0 nanoseconds spent executing 0 JDBC batches;
    0 nanoseconds spent performing 0 L2C puts;
    0 nanoseconds spent performing 0 L2C hits;
    0 nanoseconds spent performing 0 L2C misses;
    0 nanoseconds spent executing 0 flushes (flushing a total of 0 entities and 0 collections);
    0 nanoseconds spent executing 0 pre-partial-flushes;
    0 nanoseconds spent executing 0 partial-flushes (flushing a total of 0 entities and 0 collections)
}
2026-04-29 19:57:09.785 INFO  [http-nio-8080-exec-6] o.h.e.i.StatisticalLoggingSessionEventListener - Session Metrics {
    950800 nanoseconds spent acquiring 1 JDBC connections;
    0 nanoseconds spent releasing 0 JDBC connections;
    678000 nanoseconds spent preparing 6 JDBC statements;
    12305900 nanoseconds spent executing 6 JDBC statements;
    0 nanoseconds spent executing 0 JDBC batches;
    0 nanoseconds spent performing 0 L2C puts;
    0 nanoseconds spent performing 0 L2C hits;
    0 nanoseconds spent performing 0 L2C misses;
    541800 nanoseconds spent executing 2 flushes (flushing a total of 8 entities and 2 collections);
    70100 nanoseconds spent executing 2 pre-partial-flushes;
    254400 nanoseconds spent executing 3 partial-flushes (flushing a total of 6 entities and 6 collections)
}
2026-04-29 19:57:14.560 INFO  [http-nio-8080-exec-9] o.h.e.i.StatisticalLoggingSessionEventListener - Session Metrics {
    1381600 nanoseconds spent acquiring 1 JDBC connections;
    0 nanoseconds spent releasing 0 JDBC connections;
    103000 nanoseconds spent preparing 1 JDBC statements;
    1800100 nanoseconds spent executing 1 JDBC statements;
    0 nanoseconds spent executing 0 JDBC batches;
    0 nanoseconds spent performing 0 L2C puts;
    0 nanoseconds spent performing 0 L2C hits;
    0 nanoseconds spent performing 0 L2C misses;
    398500 nanoseconds spent executing 1 flushes (flushing a total of 2 entities and 1 collections);
    4400 nanoseconds spent executing 1 pre-partial-flushes;
    1900 nanoseconds spent executing 1 partial-flushes (flushing a total of 0 entities and 0 collections)
}
2026-04-29 19:57:14.671 INFO  [http-nio-8080-exec-1] o.h.e.i.StatisticalLoggingSessionEventListener - Session Metrics {
    29400 nanoseconds spent acquiring 1 JDBC connections;
    0 nanoseconds spent releasing 0 JDBC connections;
    186700 nanoseconds spent preparing 2 JDBC statements;
    2703800 nanoseconds spent executing 1 JDBC statements;
    0 nanoseconds spent executing 0 JDBC batches;
    0 nanoseconds spent performing 0 L2C puts;
    0 nanoseconds spent performing 0 L2C hits;
    0 nanoseconds spent performing 0 L2C misses;
    0 nanoseconds spent executing 0 flushes (flushing a total of 0 entities and 0 collections);
    0 nanoseconds spent executing 0 pre-partial-flushes;
    0 nanoseconds spent executing 0 partial-flushes (flushing a total of 0 entities and 0 collections)
}
2026-04-29 19:57:14.683 INFO  [http-nio-8080-exec-10] o.h.e.i.StatisticalLoggingSessionEventListener - Session Metrics {
    1546800 nanoseconds spent acquiring 1 JDBC connections;
    0 nanoseconds spent releasing 0 JDBC connections;
    1750800 nanoseconds spent preparing 2 JDBC statements;
    1979700 nanoseconds spent executing 1 JDBC statements;
    0 nanoseconds spent executing 0 JDBC batches;
    0 nanoseconds spent performing 0 L2C puts;
    0 nanoseconds spent performing 0 L2C hits;
    0 nanoseconds spent performing 0 L2C misses;
    0 nanoseconds spent executing 0 flushes (flushing a total of 0 entities and 0 collections);
    0 nanoseconds spent executing 0 pre-partial-flushes;
    0 nanoseconds spent executing 0 partial-flushes (flushing a total of 0 entities and 0 collections)
}
2026-04-29 19:58:22.184 INFO  [SpringApplicationShutdownHook] o.s.b.w.e.tomcat.GracefulShutdown - Commencing graceful shutdown. Waiting for active requests to complete
2026-04-29 19:58:22.436 INFO  [tomcat-shutdown] o.s.b.w.e.tomcat.GracefulShutdown - Graceful shutdown complete
2026-04-29 19:58:22.455 INFO  [SpringApplicationShutdownHook] o.s.o.j.LocalContainerEntityManagerFactoryBean - Closing JPA EntityManagerFactory for persistence unit 'default'
2026-04-29 19:58:22.457 INFO  [SpringApplicationShutdownHook] com.zaxxer.hikari.HikariDataSource - HikariPool-1 - Shutdown initiated...
2026-04-29 19:58:31.659 INFO  [main] t.report.mainapp.MainAppApplication - Starting MainAppApplication using Java 18.0.2 with PID 22892 (D:\06-05-2025\report\main-app\target\classes started by Precision 7540 in D:\06-05-2025\report)
2026-04-29 19:58:31.661 INFO  [main] t.report.mainapp.MainAppApplication - No active profile set, falling back to 1 default profile: "default"
2026-04-29 19:58:32.608 INFO  [main] o.s.d.r.c.RepositoryConfigurationDelegate - Multiple Spring Data modules found, entering strict repository configuration mode
2026-04-29 19:58:32.610 INFO  [main] o.s.d.r.c.RepositoryConfigurationDelegate - Bootstrapping Spring Data JPA repositories in DEFAULT mode.
2026-04-29 19:58:32.633 INFO  [main] o.s.d.r.c.RepositoryConfigurationDelegate - Finished Spring Data repository scanning in 14 ms. Found 0 JPA repository interfaces.
2026-04-29 19:58:32.643 INFO  [main] o.s.d.r.c.RepositoryConfigurationDelegate - Multiple Spring Data modules found, entering strict repository configuration mode
2026-04-29 19:58:32.644 INFO  [main] o.s.d.r.c.RepositoryConfigurationDelegate - Bootstrapping Spring Data Redis repositories in DEFAULT mode.
2026-04-29 19:58:32.655 INFO  [main] o.s.d.r.c.RepositoryConfigurationDelegate - Finished Spring Data repository scanning in 3 ms. Found 0 Redis repository interfaces.
2026-04-29 19:58:33.223 INFO  [main] o.s.b.w.e.tomcat.TomcatWebServer - Tomcat initialized with port 8080 (http)
2026-04-29 19:58:33.232 INFO  [main] o.a.coyote.http11.Http11NioProtocol - Initializing ProtocolHandler ["http-nio-8080"]
2026-04-29 19:58:33.233 INFO  [main] o.a.catalina.core.StandardService - Starting service [Tomcat]
2026-04-29 19:58:33.233 INFO  [main] o.a.catalina.core.StandardEngine - Starting Servlet engine: [Apache Tomcat/10.1.42]
2026-04-29 19:58:33.309 INFO  [main] o.a.c.c.C.[Tomcat].[localhost].[/] - Initializing Spring embedded WebApplicationContext
2026-04-29 19:58:33.310 INFO  [main] o.s.b.w.s.c.ServletWebServerApplicationContext - Root WebApplicationContext: initialization completed in 1597 ms
2026-04-29 19:58:33.741 INFO  [main] com.zaxxer.hikari.HikariDataSource - HikariPool-1 - Starting...
2026-04-29 19:58:34.248 INFO  [main] com.zaxxer.hikari.pool.HikariPool - HikariPool-1 - Added connection oracle.jdbc.driver.T4CConnection@5d6b5d3d
2026-04-29 19:58:34.251 INFO  [main] com.zaxxer.hikari.HikariDataSource - HikariPool-1 - Start completed.
2026-04-29 19:58:34.290 INFO  [main] o.h.jpa.internal.util.LogHelper - HHH000204: Processing PersistenceUnitInfo [name: default]
2026-04-29 19:58:34.335 INFO  [main] org.hibernate.Version - HHH000412: Hibernate ORM core version 6.6.18.Final
2026-04-29 19:58:34.375 INFO  [main] o.h.c.i.RegionFactoryInitiator - HHH000026: Second-level cache disabled
2026-04-29 19:58:34.615 INFO  [main] o.s.o.j.p.SpringPersistenceUnitInfo - No LoadTimeWeaver setup: ignoring JPA class transformer
2026-04-29 19:58:34.875 INFO  [main] o.hibernate.orm.connections.pooling - HHH10001005: Database info:
	Database JDBC URL [Connecting through datasource 'HikariDataSource (HikariPool-1)']
	Database driver: undefined/unknown
	Database version: 19.3
	Autocommit mode: undefined/unknown
	Isolation level: undefined/unknown
	Minimum pool size: undefined/unknown
	Maximum pool size: undefined/unknown
2026-04-29 19:58:35.885 INFO  [main] o.h.e.t.j.p.i.JtaPlatformInitiator - HHH000489: No JTA platform available (set 'hibernate.transaction.jta.platform' to enable JTA platform integration)
2026-04-29 19:58:35.891 INFO  [main] o.s.o.j.LocalContainerEntityManagerFactoryBean - Initialized JPA EntityManagerFactory for persistence unit 'default'
2026-04-29 19:58:37.688 INFO  [main] o.s.b.a.e.web.EndpointLinksResolver - Exposing 3 endpoints beneath base path '/actuator'
2026-04-29 19:58:37.780 INFO  [main] o.a.coyote.http11.Http11NioProtocol - Starting ProtocolHandler ["http-nio-8080"]
2026-04-29 19:58:37.799 INFO  [main] o.s.b.w.e.tomcat.TomcatWebServer - Tomcat started on port 8080 (http) with context path '/'
2026-04-29 19:58:38.018 INFO  [main] t.report.mainapp.MainAppApplication - Started MainAppApplication in 6.877 seconds (process running for 7.513)
2026-04-29 19:58:38.362 INFO  [RMI TCP Connection(3)-169.254.31.210] o.a.c.c.C.[Tomcat].[localhost].[/] - Initializing Spring DispatcherServlet 'dispatcherServlet'
2026-04-29 19:58:38.362 INFO  [RMI TCP Connection(3)-169.254.31.210] o.s.web.servlet.DispatcherServlet - Initializing Servlet 'dispatcherServlet'
2026-04-29 19:58:38.363 INFO  [RMI TCP Connection(3)-169.254.31.210] o.s.web.servlet.DispatcherServlet - Completed initialization in 1 ms
2026-04-29 19:58:55.678 INFO  [http-nio-8080-exec-1] o.h.e.i.StatisticalLoggingSessionEventListener - Session Metrics {
    1048900 nanoseconds spent acquiring 1 JDBC connections;
    0 nanoseconds spent releasing 0 JDBC connections;
    29682600 nanoseconds spent preparing 1 JDBC statements;
    18582300 nanoseconds spent executing 1 JDBC statements;
    0 nanoseconds spent executing 0 JDBC batches;
    0 nanoseconds spent performing 0 L2C puts;
    0 nanoseconds spent performing 0 L2C hits;
    0 nanoseconds spent performing 0 L2C misses;
    11243800 nanoseconds spent executing 1 flushes (flushing a total of 2 entities and 1 collections);
    25000 nanoseconds spent executing 1 pre-partial-flushes;
    12700 nanoseconds spent executing 1 partial-flushes (flushing a total of 0 entities and 0 collections)
}
2026-04-29 19:58:55.910 INFO  [http-nio-8080-exec-2] o.h.e.i.StatisticalLoggingSessionEventListener - Session Metrics {
    46100 nanoseconds spent acquiring 1 JDBC connections;
    0 nanoseconds spent releasing 0 JDBC connections;
    27437700 nanoseconds spent preparing 2 JDBC statements;
    2730900 nanoseconds spent executing 1 JDBC statements;
    0 nanoseconds spent executing 0 JDBC batches;
    0 nanoseconds spent performing 0 L2C puts;
    0 nanoseconds spent performing 0 L2C hits;
    0 nanoseconds spent performing 0 L2C misses;
    0 nanoseconds spent executing 0 flushes (flushing a total of 0 entities and 0 collections);
    0 nanoseconds spent executing 0 pre-partial-flushes;
    0 nanoseconds spent executing 0 partial-flushes (flushing a total of 0 entities and 0 collections)
}
2026-04-29 19:58:55.912 INFO  [http-nio-8080-exec-3] o.h.e.i.StatisticalLoggingSessionEventListener - Session Metrics {
    964500 nanoseconds spent acquiring 1 JDBC connections;
    0 nanoseconds spent releasing 0 JDBC connections;
    28121300 nanoseconds spent preparing 2 JDBC statements;
    3125600 nanoseconds spent executing 1 JDBC statements;
    0 nanoseconds spent executing 0 JDBC batches;
    0 nanoseconds spent performing 0 L2C puts;
    0 nanoseconds spent performing 0 L2C hits;
    0 nanoseconds spent performing 0 L2C misses;
    0 nanoseconds spent executing 0 flushes (flushing a total of 0 entities and 0 collections);
    0 nanoseconds spent executing 0 pre-partial-flushes;
    0 nanoseconds spent executing 0 partial-flushes (flushing a total of 0 entities and 0 collections)
}
2026-04-29 19:58:57.798 INFO  [http-nio-8080-exec-4] o.h.e.i.StatisticalLoggingSessionEventListener - Session Metrics {
    923600 nanoseconds spent acquiring 1 JDBC connections;
    0 nanoseconds spent releasing 0 JDBC connections;
    3996500 nanoseconds spent preparing 5 JDBC statements;
    16170700 nanoseconds spent executing 5 JDBC statements;
    0 nanoseconds spent executing 0 JDBC batches;
    0 nanoseconds spent performing 0 L2C puts;
    0 nanoseconds spent performing 0 L2C hits;
    0 nanoseconds spent performing 0 L2C misses;
    795800 nanoseconds spent executing 2 flushes (flushing a total of 8 entities and 2 collections);
    112000 nanoseconds spent executing 2 pre-partial-flushes;
    573000 nanoseconds spent executing 3 partial-flushes (flushing a total of 6 entities and 6 collections)
}
2026-04-29 19:59:03.765 INFO  [http-nio-8080-exec-6] o.h.e.i.StatisticalLoggingSessionEventListener - Session Metrics {
    1124200 nanoseconds spent acquiring 1 JDBC connections;
    0 nanoseconds spent releasing 0 JDBC connections;
    196100 nanoseconds spent preparing 1 JDBC statements;
    4449200 nanoseconds spent executing 1 JDBC statements;
    0 nanoseconds spent executing 0 JDBC batches;
    0 nanoseconds spent performing 0 L2C puts;
    0 nanoseconds spent performing 0 L2C hits;
    0 nanoseconds spent performing 0 L2C misses;
    484100 nanoseconds spent executing 1 flushes (flushing a total of 2 entities and 1 collections);
    6700 nanoseconds spent executing 1 pre-partial-flushes;
    3500 nanoseconds spent executing 1 partial-flushes (flushing a total of 0 entities and 0 collections)
}
2026-04-29 19:59:03.874 INFO  [http-nio-8080-exec-5] o.h.e.i.StatisticalLoggingSessionEventListener - Session Metrics {
    36700 nanoseconds spent acquiring 1 JDBC connections;
    0 nanoseconds spent releasing 0 JDBC connections;
    295500 nanoseconds spent preparing 2 JDBC statements;
    1911200 nanoseconds spent executing 1 JDBC statements;
    0 nanoseconds spent executing 0 JDBC batches;
    0 nanoseconds spent performing 0 L2C puts;
    0 nanoseconds spent performing 0 L2C hits;
    0 nanoseconds spent performing 0 L2C misses;
    0 nanoseconds spent executing 0 flushes (flushing a total of 0 entities and 0 collections);
    0 nanoseconds spent executing 0 pre-partial-flushes;
    0 nanoseconds spent executing 0 partial-flushes (flushing a total of 0 entities and 0 collections)
}
2026-04-29 19:59:03.879 INFO  [http-nio-8080-exec-7] o.h.e.i.StatisticalLoggingSessionEventListener - Session Metrics {
    2135500 nanoseconds spent acquiring 1 JDBC connections;
    0 nanoseconds spent releasing 0 JDBC connections;
    2431900 nanoseconds spent preparing 2 JDBC statements;
    1848200 nanoseconds spent executing 1 JDBC statements;
    0 nanoseconds spent executing 0 JDBC batches;
    0 nanoseconds spent performing 0 L2C puts;
    0 nanoseconds spent performing 0 L2C hits;
    0 nanoseconds spent performing 0 L2C misses;
    0 nanoseconds spent executing 0 flushes (flushing a total of 0 entities and 0 collections);
    0 nanoseconds spent executing 0 pre-partial-flushes;
    0 nanoseconds spent executing 0 partial-flushes (flushing a total of 0 entities and 0 collections)
}
2026-04-29 20:17:34.287 INFO  [http-nio-8080-exec-1] o.h.e.i.StatisticalLoggingSessionEventListener - Session Metrics {
    1588100 nanoseconds spent acquiring 1 JDBC connections;
    0 nanoseconds spent releasing 0 JDBC connections;
    871500 nanoseconds spent preparing 5 JDBC statements;
    9934800 nanoseconds spent executing 5 JDBC statements;
    0 nanoseconds spent executing 0 JDBC batches;
    0 nanoseconds spent performing 0 L2C puts;
    0 nanoseconds spent performing 0 L2C hits;
    0 nanoseconds spent performing 0 L2C misses;
    502700 nanoseconds spent executing 2 flushes (flushing a total of 8 entities and 2 collections);
    113500 nanoseconds spent executing 2 pre-partial-flushes;
    307800 nanoseconds spent executing 3 partial-flushes (flushing a total of 6 entities and 6 collections)
}
2026-04-29 20:17:37.548 INFO  [http-nio-8080-exec-2] o.h.e.i.StatisticalLoggingSessionEventListener - Session Metrics {
    751000 nanoseconds spent acquiring 1 JDBC connections;
    0 nanoseconds spent releasing 0 JDBC connections;
    635200 nanoseconds spent preparing 5 JDBC statements;
    8129100 nanoseconds spent executing 5 JDBC statements;
    0 nanoseconds spent executing 0 JDBC batches;
    0 nanoseconds spent performing 0 L2C puts;
    0 nanoseconds spent performing 0 L2C hits;
    0 nanoseconds spent performing 0 L2C misses;
    516300 nanoseconds spent executing 2 flushes (flushing a total of 8 entities and 2 collections);
    76100 nanoseconds spent executing 2 pre-partial-flushes;
    262200 nanoseconds spent executing 3 partial-flushes (flushing a total of 6 entities and 6 collections)
}
2026-04-29 20:17:44.160 INFO  [http-nio-8080-exec-4] o.h.e.i.StatisticalLoggingSessionEventListener - Session Metrics {
    1454800 nanoseconds spent acquiring 1 JDBC connections;
    0 nanoseconds spent releasing 0 JDBC connections;
    199700 nanoseconds spent preparing 1 JDBC statements;
    5820500 nanoseconds spent executing 1 JDBC statements;
    0 nanoseconds spent executing 0 JDBC batches;
    0 nanoseconds spent performing 0 L2C puts;
    0 nanoseconds spent performing 0 L2C hits;
    0 nanoseconds spent performing 0 L2C misses;
    405300 nanoseconds spent executing 1 flushes (flushing a total of 2 entities and 1 collections);
    7700 nanoseconds spent executing 1 pre-partial-flushes;
    2900 nanoseconds spent executing 1 partial-flushes (flushing a total of 0 entities and 0 collections)
}
2026-04-29 20:17:44.399 INFO  [http-nio-8080-exec-5] o.h.e.i.StatisticalLoggingSessionEventListener - Session Metrics {
    27100 nanoseconds spent acquiring 1 JDBC connections;
    0 nanoseconds spent releasing 0 JDBC connections;
    300500 nanoseconds spent preparing 2 JDBC statements;
    2614400 nanoseconds spent executing 1 JDBC statements;
    0 nanoseconds spent executing 0 JDBC batches;
    0 nanoseconds spent performing 0 L2C puts;
    0 nanoseconds spent performing 0 L2C hits;
    0 nanoseconds spent performing 0 L2C misses;
    0 nanoseconds spent executing 0 flushes (flushing a total of 0 entities and 0 collections);
    0 nanoseconds spent executing 0 pre-partial-flushes;
    0 nanoseconds spent executing 0 partial-flushes (flushing a total of 0 entities and 0 collections)
}
2026-04-29 20:17:44.403 INFO  [http-nio-8080-exec-7] o.h.e.i.StatisticalLoggingSessionEventListener - Session Metrics {
    731600 nanoseconds spent acquiring 1 JDBC connections;
    0 nanoseconds spent releasing 0 JDBC connections;
    981100 nanoseconds spent preparing 2 JDBC statements;
    2979700 nanoseconds spent executing 1 JDBC statements;
    0 nanoseconds spent executing 0 JDBC batches;
    0 nanoseconds spent performing 0 L2C puts;
    0 nanoseconds spent performing 0 L2C hits;
    0 nanoseconds spent performing 0 L2C misses;
    0 nanoseconds spent executing 0 flushes (flushing a total of 0 entities and 0 collections);
    0 nanoseconds spent executing 0 pre-partial-flushes;
    0 nanoseconds spent executing 0 partial-flushes (flushing a total of 0 entities and 0 collections)
}
2026-04-29 21:24:41.372 INFO  [http-nio-8080-exec-1] o.h.e.i.StatisticalLoggingSessionEventListener - Session Metrics {
    1253400 nanoseconds spent acquiring 1 JDBC connections;
    0 nanoseconds spent releasing 0 JDBC connections;
    217700 nanoseconds spent preparing 1 JDBC statements;
    8064600 nanoseconds spent executing 1 JDBC statements;
    0 nanoseconds spent executing 0 JDBC batches;
    0 nanoseconds spent performing 0 L2C puts;
    0 nanoseconds spent performing 0 L2C hits;
    0 nanoseconds spent performing 0 L2C misses;
    353100 nanoseconds spent executing 1 flushes (flushing a total of 2 entities and 1 collections);
    8200 nanoseconds spent executing 1 pre-partial-flushes;
    4300 nanoseconds spent executing 1 partial-flushes (flushing a total of 0 entities and 0 collections)
}
2026-04-29 21:24:41.636 INFO  [http-nio-8080-exec-3] o.h.e.i.StatisticalLoggingSessionEventListener - Session Metrics {
    28800 nanoseconds spent acquiring 1 JDBC connections;
    0 nanoseconds spent releasing 0 JDBC connections;
    365100 nanoseconds spent preparing 2 JDBC statements;
    3126900 nanoseconds spent executing 1 JDBC statements;
    0 nanoseconds spent executing 0 JDBC batches;
    0 nanoseconds spent performing 0 L2C puts;
    0 nanoseconds spent performing 0 L2C hits;
    0 nanoseconds spent performing 0 L2C misses;
    0 nanoseconds spent executing 0 flushes (flushing a total of 0 entities and 0 collections);
    0 nanoseconds spent executing 0 pre-partial-flushes;
    0 nanoseconds spent executing 0 partial-flushes (flushing a total of 0 entities and 0 collections)
}
2026-04-29 21:24:41.641 INFO  [http-nio-8080-exec-4] o.h.e.i.StatisticalLoggingSessionEventListener - Session Metrics {
    660900 nanoseconds spent acquiring 1 JDBC connections;
    0 nanoseconds spent releasing 0 JDBC connections;
    974000 nanoseconds spent preparing 2 JDBC statements;
    2890700 nanoseconds spent executing 1 JDBC statements;
    0 nanoseconds spent executing 0 JDBC batches;
    0 nanoseconds spent performing 0 L2C puts;
    0 nanoseconds spent performing 0 L2C hits;
    0 nanoseconds spent performing 0 L2C misses;
    0 nanoseconds spent executing 0 flushes (flushing a total of 0 entities and 0 collections);
    0 nanoseconds spent executing 0 pre-partial-flushes;
    0 nanoseconds spent executing 0 partial-flushes (flushing a total of 0 entities and 0 collections)
}
2026-04-29 21:27:04.406 INFO  [http-nio-8080-exec-7] o.h.e.i.StatisticalLoggingSessionEventListener - Session Metrics {
    1177100 nanoseconds spent acquiring 1 JDBC connections;
    0 nanoseconds spent releasing 0 JDBC connections;
    614800 nanoseconds spent preparing 1 JDBC statements;
    6584900 nanoseconds spent executing 1 JDBC statements;
    0 nanoseconds spent executing 0 JDBC batches;
    0 nanoseconds spent performing 0 L2C puts;
    0 nanoseconds spent performing 0 L2C hits;
    0 nanoseconds spent performing 0 L2C misses;
    271200 nanoseconds spent executing 1 flushes (flushing a total of 2 entities and 1 collections);
    46100 nanoseconds spent executing 1 pre-partial-flushes;
    4600 nanoseconds spent executing 1 partial-flushes (flushing a total of 0 entities and 0 collections)
}
2026-04-29 21:27:04.553 INFO  [http-nio-8080-exec-9] o.h.e.i.StatisticalLoggingSessionEventListener - Session Metrics {
    1469100 nanoseconds spent acquiring 1 JDBC connections;
    0 nanoseconds spent releasing 0 JDBC connections;
    1766900 nanoseconds spent preparing 2 JDBC statements;
    3488900 nanoseconds spent executing 1 JDBC statements;
    0 nanoseconds spent executing 0 JDBC batches;
    0 nanoseconds spent performing 0 L2C puts;
    0 nanoseconds spent performing 0 L2C hits;
    0 nanoseconds spent performing 0 L2C misses;
    0 nanoseconds spent executing 0 flushes (flushing a total of 0 entities and 0 collections);
    0 nanoseconds spent executing 0 pre-partial-flushes;
    0 nanoseconds spent executing 0 partial-flushes (flushing a total of 0 entities and 0 collections)
}
2026-04-29 21:27:04.553 INFO  [http-nio-8080-exec-10] o.h.e.i.StatisticalLoggingSessionEventListener - Session Metrics {
    24800 nanoseconds spent acquiring 1 JDBC connections;
    0 nanoseconds spent releasing 0 JDBC connections;
    260600 nanoseconds spent preparing 2 JDBC statements;
    1784500 nanoseconds spent executing 1 JDBC statements;
    0 nanoseconds spent executing 0 JDBC batches;
    0 nanoseconds spent performing 0 L2C puts;
    0 nanoseconds spent performing 0 L2C hits;
    0 nanoseconds spent performing 0 L2C misses;
    0 nanoseconds spent executing 0 flushes (flushing a total of 0 entities and 0 collections);
    0 nanoseconds spent executing 0 pre-partial-flushes;
    0 nanoseconds spent executing 0 partial-flushes (flushing a total of 0 entities and 0 collections)
}
2026-04-29 21:27:08.753 INFO  [http-nio-8080-exec-1] o.h.e.i.StatisticalLoggingSessionEventListener - Session Metrics {
    2443800 nanoseconds spent acquiring 1 JDBC connections;
    0 nanoseconds spent releasing 0 JDBC connections;
    729400 nanoseconds spent preparing 5 JDBC statements;
    16578000 nanoseconds spent executing 5 JDBC statements;
    0 nanoseconds spent executing 0 JDBC batches;
    0 nanoseconds spent performing 0 L2C puts;
    0 nanoseconds spent performing 0 L2C hits;
    0 nanoseconds spent performing 0 L2C misses;
    557000 nanoseconds spent executing 2 flushes (flushing a total of 8 entities and 2 collections);
    102300 nanoseconds spent executing 2 pre-partial-flushes;
    343200 nanoseconds spent executing 3 partial-flushes (flushing a total of 6 entities and 6 collections)
}
2026-04-29 21:27:13.101 INFO  [http-nio-8080-exec-2] o.h.e.i.StatisticalLoggingSessionEventListener - Session Metrics {
    1268400 nanoseconds spent acquiring 1 JDBC connections;
    0 nanoseconds spent releasing 0 JDBC connections;
    582700 nanoseconds spent preparing 5 JDBC statements;
    6415200 nanoseconds spent executing 5 JDBC statements;
    0 nanoseconds spent executing 0 JDBC batches;
    0 nanoseconds spent performing 0 L2C puts;
    0 nanoseconds spent performing 0 L2C hits;
    0 nanoseconds spent performing 0 L2C misses;
    392400 nanoseconds spent executing 2 flushes (flushing a total of 8 entities and 2 collections);
    59700 nanoseconds spent executing 2 pre-partial-flushes;
    229000 nanoseconds spent executing 3 partial-flushes (flushing a total of 6 entities and 6 collections)
}
2026-04-29 21:27:16.591 INFO  [http-nio-8080-exec-3] o.h.e.i.StatisticalLoggingSessionEventListener - Session Metrics {
    1574500 nanoseconds spent acquiring 1 JDBC connections;
    0 nanoseconds spent releasing 0 JDBC connections;
    219800 nanoseconds spent preparing 1 JDBC statements;
    2429100 nanoseconds spent executing 1 JDBC statements;
    0 nanoseconds spent executing 0 JDBC batches;
    0 nanoseconds spent performing 0 L2C puts;
    0 nanoseconds spent performing 0 L2C hits;
    0 nanoseconds spent performing 0 L2C misses;
    239000 nanoseconds spent executing 1 flushes (flushing a total of 2 entities and 1 collections);
    8300 nanoseconds spent executing 1 pre-partial-flushes;
    4800 nanoseconds spent executing 1 partial-flushes (flushing a total of 0 entities and 0 collections)
}
2026-04-29 21:27:16.759 INFO  [http-nio-8080-exec-6] o.h.e.i.StatisticalLoggingSessionEventListener - Session Metrics {
    25800 nanoseconds spent acquiring 1 JDBC connections;
    0 nanoseconds spent releasing 0 JDBC connections;
    295400 nanoseconds spent preparing 2 JDBC statements;
    1354700 nanoseconds spent executing 1 JDBC statements;
    0 nanoseconds spent executing 0 JDBC batches;
    0 nanoseconds spent performing 0 L2C puts;
    0 nanoseconds spent performing 0 L2C hits;
    0 nanoseconds spent performing 0 L2C misses;
    0 nanoseconds spent executing 0 flushes (flushing a total of 0 entities and 0 collections);
    0 nanoseconds spent executing 0 pre-partial-flushes;
    0 nanoseconds spent executing 0 partial-flushes (flushing a total of 0 entities and 0 collections)
}
2026-04-29 21:27:16.759 INFO  [http-nio-8080-exec-4] o.h.e.i.StatisticalLoggingSessionEventListener - Session Metrics {
    693700 nanoseconds spent acquiring 1 JDBC connections;
    0 nanoseconds spent releasing 0 JDBC connections;
    952800 nanoseconds spent preparing 2 JDBC statements;
    1560600 nanoseconds spent executing 1 JDBC statements;
    0 nanoseconds spent executing 0 JDBC batches;
    0 nanoseconds spent performing 0 L2C puts;
    0 nanoseconds spent performing 0 L2C hits;
    0 nanoseconds spent performing 0 L2C misses;
    0 nanoseconds spent executing 0 flushes (flushing a total of 0 entities and 0 collections);
    0 nanoseconds spent executing 0 pre-partial-flushes;
    0 nanoseconds spent executing 0 partial-flushes (flushing a total of 0 entities and 0 collections)
}
2026-04-29 21:27:38.233 INFO  [http-nio-8080-exec-5] o.h.e.i.StatisticalLoggingSessionEventListener - Session Metrics {
    2644200 nanoseconds spent acquiring 1 JDBC connections;
    0 nanoseconds spent releasing 0 JDBC connections;
    225500 nanoseconds spent preparing 1 JDBC statements;
    2651200 nanoseconds spent executing 1 JDBC statements;
    0 nanoseconds spent executing 0 JDBC batches;
    0 nanoseconds spent performing 0 L2C puts;
    0 nanoseconds spent performing 0 L2C hits;
    0 nanoseconds spent performing 0 L2C misses;
    280500 nanoseconds spent executing 1 flushes (flushing a total of 2 entities and 1 collections);
    6000 nanoseconds spent executing 1 pre-partial-flushes;
    3000 nanoseconds spent executing 1 partial-flushes (flushing a total of 0 entities and 0 collections)
}
2026-04-29 21:27:38.362 INFO  [http-nio-8080-exec-7] o.h.e.i.StatisticalLoggingSessionEventListener - Session Metrics {
    28400 nanoseconds spent acquiring 1 JDBC connections;
    0 nanoseconds spent releasing 0 JDBC connections;
    314600 nanoseconds spent preparing 2 JDBC statements;
    2343400 nanoseconds spent executing 1 JDBC statements;
    0 nanoseconds spent executing 0 JDBC batches;
    0 nanoseconds spent performing 0 L2C puts;
    0 nanoseconds spent performing 0 L2C hits;
    0 nanoseconds spent performing 0 L2C misses;
    0 nanoseconds spent executing 0 flushes (flushing a total of 0 entities and 0 collections);
    0 nanoseconds spent executing 0 pre-partial-flushes;
    0 nanoseconds spent executing 0 partial-flushes (flushing a total of 0 entities and 0 collections)
}
2026-04-29 21:27:38.363 INFO  [http-nio-8080-exec-9] o.h.e.i.StatisticalLoggingSessionEventListener - Session Metrics {
    2152200 nanoseconds spent acquiring 1 JDBC connections;
    0 nanoseconds spent releasing 0 JDBC connections;
    2436300 nanoseconds spent preparing 2 JDBC statements;
    1543100 nanoseconds spent executing 1 JDBC statements;
    0 nanoseconds spent executing 0 JDBC batches;
    0 nanoseconds spent performing 0 L2C puts;
    0 nanoseconds spent performing 0 L2C hits;
    0 nanoseconds spent performing 0 L2C misses;
    0 nanoseconds spent executing 0 flushes (flushing a total of 0 entities and 0 collections);
    0 nanoseconds spent executing 0 pre-partial-flushes;
    0 nanoseconds spent executing 0 partial-flushes (flushing a total of 0 entities and 0 collections)
}
2026-04-29 21:33:00.973 INFO  [http-nio-8080-exec-1] o.h.e.i.StatisticalLoggingSessionEventListener - Session Metrics {
    1208500 nanoseconds spent acquiring 1 JDBC connections;
    0 nanoseconds spent releasing 0 JDBC connections;
    685900 nanoseconds spent preparing 5 JDBC statements;
    17700900 nanoseconds spent executing 5 JDBC statements;
    0 nanoseconds spent executing 0 JDBC batches;
    0 nanoseconds spent performing 0 L2C puts;
    0 nanoseconds spent performing 0 L2C hits;
    0 nanoseconds spent performing 0 L2C misses;
    730600 nanoseconds spent executing 2 flushes (flushing a total of 8 entities and 2 collections);
    62500 nanoseconds spent executing 2 pre-partial-flushes;
    252000 nanoseconds spent executing 3 partial-flushes (flushing a total of 6 entities and 6 collections)
}
2026-04-29 21:33:12.183 INFO  [http-nio-8080-exec-2] o.h.e.i.StatisticalLoggingSessionEventListener - Session Metrics {
    3725800 nanoseconds spent acquiring 1 JDBC connections;
    0 nanoseconds spent releasing 0 JDBC connections;
    213700 nanoseconds spent preparing 1 JDBC statements;
    13463400 nanoseconds spent executing 1 JDBC statements;
    0 nanoseconds spent executing 0 JDBC batches;
    0 nanoseconds spent performing 0 L2C puts;
    0 nanoseconds spent performing 0 L2C hits;
    0 nanoseconds spent performing 0 L2C misses;
    227000 nanoseconds spent executing 1 flushes (flushing a total of 2 entities and 1 collections);
    7600 nanoseconds spent executing 1 pre-partial-flushes;
    3900 nanoseconds spent executing 1 partial-flushes (flushing a total of 0 entities and 0 collections)
}
2026-04-29 21:33:12.356 INFO  [http-nio-8080-exec-3] o.h.e.i.StatisticalLoggingSessionEventListener - Session Metrics {
    30100 nanoseconds spent acquiring 1 JDBC connections;
    0 nanoseconds spent releasing 0 JDBC connections;
    315200 nanoseconds spent preparing 2 JDBC statements;
    5140200 nanoseconds spent executing 1 JDBC statements;
    0 nanoseconds spent executing 0 JDBC batches;
    0 nanoseconds spent performing 0 L2C puts;
    0 nanoseconds spent performing 0 L2C hits;
    0 nanoseconds spent performing 0 L2C misses;
    0 nanoseconds spent executing 0 flushes (flushing a total of 0 entities and 0 collections);
    0 nanoseconds spent executing 0 pre-partial-flushes;
    0 nanoseconds spent executing 0 partial-flushes (flushing a total of 0 entities and 0 collections)
}
2026-04-29 21:33:12.366 INFO  [http-nio-8080-exec-4] o.h.e.i.StatisticalLoggingSessionEventListener - Session Metrics {
    4118200 nanoseconds spent acquiring 1 JDBC connections;
    0 nanoseconds spent releasing 0 JDBC connections;
    4660100 nanoseconds spent preparing 2 JDBC statements;
    3760000 nanoseconds spent executing 1 JDBC statements;
    0 nanoseconds spent executing 0 JDBC batches;
    0 nanoseconds spent performing 0 L2C puts;
    0 nanoseconds spent performing 0 L2C hits;
    0 nanoseconds spent performing 0 L2C misses;
    0 nanoseconds spent executing 0 flushes (flushing a total of 0 entities and 0 collections);
    0 nanoseconds spent executing 0 pre-partial-flushes;
    0 nanoseconds spent executing 0 partial-flushes (flushing a total of 0 entities and 0 collections)
}
2026-04-29 22:05:35.102 INFO  [http-nio-8080-exec-8] o.h.e.i.StatisticalLoggingSessionEventListener - Session Metrics {
    2590100 nanoseconds spent acquiring 1 JDBC connections;
    0 nanoseconds spent releasing 0 JDBC connections;
    2734600 nanoseconds spent preparing 1 JDBC statements;
    5724600 nanoseconds spent executing 1 JDBC statements;
    0 nanoseconds spent executing 0 JDBC batches;
    0 nanoseconds spent performing 0 L2C puts;
    0 nanoseconds spent performing 0 L2C hits;
    0 nanoseconds spent performing 0 L2C misses;
    0 nanoseconds spent executing 0 flushes (flushing a total of 0 entities and 0 collections);
    0 nanoseconds spent executing 0 pre-partial-flushes;
    0 nanoseconds spent executing 0 partial-flushes (flushing a total of 0 entities and 0 collections)
}
2026-04-29 22:05:35.103 INFO  [http-nio-8080-exec-9] o.h.e.i.StatisticalLoggingSessionEventListener - Session Metrics {
    2260900 nanoseconds spent acquiring 1 JDBC connections;
    0 nanoseconds spent releasing 0 JDBC connections;
    2518500 nanoseconds spent preparing 1 JDBC statements;
    10239200 nanoseconds spent executing 1 JDBC statements;
    0 nanoseconds spent executing 0 JDBC batches;
    0 nanoseconds spent performing 0 L2C puts;
    0 nanoseconds spent performing 0 L2C hits;
    0 nanoseconds spent performing 0 L2C misses;
    0 nanoseconds spent executing 0 flushes (flushing a total of 0 entities and 0 collections);
    0 nanoseconds spent executing 0 pre-partial-flushes;
    0 nanoseconds spent executing 0 partial-flushes (flushing a total of 0 entities and 0 collections)
}
2026-04-29 22:05:35.254 INFO  [http-nio-8080-exec-1] o.h.e.i.StatisticalLoggingSessionEventListener - Session Metrics {
    28500 nanoseconds spent acquiring 1 JDBC connections;
    0 nanoseconds spent releasing 0 JDBC connections;
    162400 nanoseconds spent preparing 1 JDBC statements;
    2257500 nanoseconds spent executing 1 JDBC statements;
    0 nanoseconds spent executing 0 JDBC batches;
    0 nanoseconds spent performing 0 L2C puts;
    0 nanoseconds spent performing 0 L2C hits;
    0 nanoseconds spent performing 0 L2C misses;
    0 nanoseconds spent executing 0 flushes (flushing a total of 0 entities and 0 collections);
    0 nanoseconds spent executing 0 pre-partial-flushes;
    0 nanoseconds spent executing 0 partial-flushes (flushing a total of 0 entities and 0 collections)
}
2026-04-29 22:05:35.254 INFO  [http-nio-8080-exec-2] o.h.e.i.StatisticalLoggingSessionEventListener - Session Metrics {
    9400 nanoseconds spent acquiring 1 JDBC connections;
    0 nanoseconds spent releasing 0 JDBC connections;
    361200 nanoseconds spent preparing 1 JDBC statements;
    2549300 nanoseconds spent executing 1 JDBC statements;
    0 nanoseconds spent executing 0 JDBC batches;
    0 nanoseconds spent performing 0 L2C puts;
    0 nanoseconds spent performing 0 L2C hits;
    0 nanoseconds spent performing 0 L2C misses;
    0 nanoseconds spent executing 0 flushes (flushing a total of 0 entities and 0 collections);
    0 nanoseconds spent executing 0 pre-partial-flushes;
    0 nanoseconds spent executing 0 partial-flushes (flushing a total of 0 entities and 0 collections)
}
2026-04-29 22:05:35.263 INFO  [http-nio-8080-exec-3] o.h.e.i.StatisticalLoggingSessionEventListener - Session Metrics {
    29200 nanoseconds spent acquiring 1 JDBC connections;
    0 nanoseconds spent releasing 0 JDBC connections;
    179800 nanoseconds spent preparing 1 JDBC statements;
    1213000 nanoseconds spent executing 1 JDBC statements;
    0 nanoseconds spent executing 0 JDBC batches;
    0 nanoseconds spent performing 0 L2C puts;
    0 nanoseconds spent performing 0 L2C hits;
    0 nanoseconds spent performing 0 L2C misses;
    0 nanoseconds spent executing 0 flushes (flushing a total of 0 entities and 0 collections);
    0 nanoseconds spent executing 0 pre-partial-flushes;
    0 nanoseconds spent executing 0 partial-flushes (flushing a total of 0 entities and 0 collections)
}
2026-04-29 22:05:35.263 INFO  [http-nio-8080-exec-4] o.h.e.i.StatisticalLoggingSessionEventListener - Session Metrics {
    29000 nanoseconds spent acquiring 1 JDBC connections;
    0 nanoseconds spent releasing 0 JDBC connections;
    166600 nanoseconds spent preparing 1 JDBC statements;
    1127100 nanoseconds spent executing 1 JDBC statements;
    0 nanoseconds spent executing 0 JDBC batches;
    0 nanoseconds spent performing 0 L2C puts;
    0 nanoseconds spent performing 0 L2C hits;
    0 nanoseconds spent performing 0 L2C misses;
    0 nanoseconds spent executing 0 flushes (flushing a total of 0 entities and 0 collections);
    0 nanoseconds spent executing 0 pre-partial-flushes;
    0 nanoseconds spent executing 0 partial-flushes (flushing a total of 0 entities and 0 collections)
}
2026-04-29 22:05:35.269 INFO  [http-nio-8080-exec-6] o.h.e.i.StatisticalLoggingSessionEventListener - Session Metrics {
    25300 nanoseconds spent acquiring 1 JDBC connections;
    0 nanoseconds spent releasing 0 JDBC connections;
    144100 nanoseconds spent preparing 1 JDBC statements;
    1258300 nanoseconds spent executing 1 JDBC statements;
    0 nanoseconds spent executing 0 JDBC batches;
    0 nanoseconds spent performing 0 L2C puts;
    0 nanoseconds spent performing 0 L2C hits;
    0 nanoseconds spent performing 0 L2C misses;
    0 nanoseconds spent executing 0 flushes (flushing a total of 0 entities and 0 collections);
    0 nanoseconds spent executing 0 pre-partial-flushes;
    0 nanoseconds spent executing 0 partial-flushes (flushing a total of 0 entities and 0 collections)
}
2026-04-29 22:05:35.269 INFO  [http-nio-8080-exec-5] o.h.e.i.StatisticalLoggingSessionEventListener - Session Metrics {
    14200 nanoseconds spent acquiring 1 JDBC connections;
    0 nanoseconds spent releasing 0 JDBC connections;
    116400 nanoseconds spent preparing 1 JDBC statements;
    1335900 nanoseconds spent executing 1 JDBC statements;
    0 nanoseconds spent executing 0 JDBC batches;
    0 nanoseconds spent performing 0 L2C puts;
    0 nanoseconds spent performing 0 L2C hits;
    0 nanoseconds spent performing 0 L2C misses;
    0 nanoseconds spent executing 0 flushes (flushing a total of 0 entities and 0 collections);
    0 nanoseconds spent executing 0 pre-partial-flushes;
    0 nanoseconds spent executing 0 partial-flushes (flushing a total of 0 entities and 0 collections)
}
2026-04-29 22:05:35.277 INFO  [http-nio-8080-exec-7] o.h.e.i.StatisticalLoggingSessionEventListener - Session Metrics {
    31400 nanoseconds spent acquiring 1 JDBC connections;
    0 nanoseconds spent releasing 0 JDBC connections;
    148500 nanoseconds spent preparing 1 JDBC statements;
    2564900 nanoseconds spent executing 1 JDBC statements;
    0 nanoseconds spent executing 0 JDBC batches;
    0 nanoseconds spent performing 0 L2C puts;
    0 nanoseconds spent performing 0 L2C hits;
    0 nanoseconds spent performing 0 L2C misses;
    0 nanoseconds spent executing 0 flushes (flushing a total of 0 entities and 0 collections);
    0 nanoseconds spent executing 0 pre-partial-flushes;
    0 nanoseconds spent executing 0 partial-flushes (flushing a total of 0 entities and 0 collections)
}
2026-04-29 22:05:35.277 INFO  [http-nio-8080-exec-10] o.h.e.i.StatisticalLoggingSessionEventListener - Session Metrics {
    35700 nanoseconds spent acquiring 1 JDBC connections;
    0 nanoseconds spent releasing 0 JDBC connections;
    212700 nanoseconds spent preparing 1 JDBC statements;
    2727500 nanoseconds spent executing 1 JDBC statements;
    0 nanoseconds spent executing 0 JDBC batches;
    0 nanoseconds spent performing 0 L2C puts;
    0 nanoseconds spent performing 0 L2C hits;
    0 nanoseconds spent performing 0 L2C misses;
    0 nanoseconds spent executing 0 flushes (flushing a total of 0 entities and 0 collections);
    0 nanoseconds spent executing 0 pre-partial-flushes;
    0 nanoseconds spent executing 0 partial-flushes (flushing a total of 0 entities and 0 collections)
}
2026-04-29 22:05:35.283 INFO  [http-nio-8080-exec-8] o.h.e.i.StatisticalLoggingSessionEventListener - Session Metrics {
    15900 nanoseconds spent acquiring 1 JDBC connections;
    0 nanoseconds spent releasing 0 JDBC connections;
    128400 nanoseconds spent preparing 1 JDBC statements;
    1107800 nanoseconds spent executing 1 JDBC statements;
    0 nanoseconds spent executing 0 JDBC batches;
    0 nanoseconds spent performing 0 L2C puts;
    0 nanoseconds spent performing 0 L2C hits;
    0 nanoseconds spent performing 0 L2C misses;
    0 nanoseconds spent executing 0 flushes (flushing a total of 0 entities and 0 collections);
    0 nanoseconds spent executing 0 pre-partial-flushes;
    0 nanoseconds spent executing 0 partial-flushes (flushing a total of 0 entities and 0 collections)
}
2026-04-29 22:05:35.283 INFO  [http-nio-8080-exec-9] o.h.e.i.StatisticalLoggingSessionEventListener - Session Metrics {
    25000 nanoseconds spent acquiring 1 JDBC connections;
    0 nanoseconds spent releasing 0 JDBC connections;
    163700 nanoseconds spent preparing 1 JDBC statements;
    1248500 nanoseconds spent executing 1 JDBC statements;
    0 nanoseconds spent executing 0 JDBC batches;
    0 nanoseconds spent performing 0 L2C puts;
    0 nanoseconds spent performing 0 L2C hits;
    0 nanoseconds spent performing 0 L2C misses;
    0 nanoseconds spent executing 0 flushes (flushing a total of 0 entities and 0 collections);
    0 nanoseconds spent executing 0 pre-partial-flushes;
    0 nanoseconds spent executing 0 partial-flushes (flushing a total of 0 entities and 0 collections)
}
2026-04-29 22:05:42.823 INFO  [http-nio-8080-exec-1] o.h.e.i.StatisticalLoggingSessionEventListener - Session Metrics {
    1750100 nanoseconds spent acquiring 1 JDBC connections;
    0 nanoseconds spent releasing 0 JDBC connections;
    2022000 nanoseconds spent preparing 2 JDBC statements;
    2326700 nanoseconds spent executing 1 JDBC statements;
    0 nanoseconds spent executing 0 JDBC batches;
    0 nanoseconds spent performing 0 L2C puts;
    0 nanoseconds spent performing 0 L2C hits;
    0 nanoseconds spent performing 0 L2C misses;
    0 nanoseconds spent executing 0 flushes (flushing a total of 0 entities and 0 collections);
    0 nanoseconds spent executing 0 pre-partial-flushes;
    0 nanoseconds spent executing 0 partial-flushes (flushing a total of 0 entities and 0 collections)
}
2026-04-29 22:05:42.826 INFO  [http-nio-8080-exec-2] o.h.e.i.StatisticalLoggingSessionEventListener - Session Metrics {
    971600 nanoseconds spent acquiring 1 JDBC connections;
    0 nanoseconds spent releasing 0 JDBC connections;
    1159600 nanoseconds spent preparing 2 JDBC statements;
    2323500 nanoseconds spent executing 1 JDBC statements;
    0 nanoseconds spent executing 0 JDBC batches;
    0 nanoseconds spent performing 0 L2C puts;
    0 nanoseconds spent performing 0 L2C hits;
    0 nanoseconds spent performing 0 L2C misses;
    0 nanoseconds spent executing 0 flushes (flushing a total of 0 entities and 0 collections);
    0 nanoseconds spent executing 0 pre-partial-flushes;
    0 nanoseconds spent executing 0 partial-flushes (flushing a total of 0 entities and 0 collections)
}
2026-04-29 22:05:53.154 INFO  [http-nio-8080-exec-3] o.h.e.i.StatisticalLoggingSessionEventListener - Session Metrics {
    1970400 nanoseconds spent acquiring 1 JDBC connections;
    0 nanoseconds spent releasing 0 JDBC connections;
    2335500 nanoseconds spent preparing 2 JDBC statements;
    5137100 nanoseconds spent executing 1 JDBC statements;
    0 nanoseconds spent executing 0 JDBC batches;
    0 nanoseconds spent performing 0 L2C puts;
    0 nanoseconds spent performing 0 L2C hits;
    0 nanoseconds spent performing 0 L2C misses;
    0 nanoseconds spent executing 0 flushes (flushing a total of 0 entities and 0 collections);
    0 nanoseconds spent executing 0 pre-partial-flushes;
    0 nanoseconds spent executing 0 partial-flushes (flushing a total of 0 entities and 0 collections)
}
2026-04-29 22:05:53.170 INFO  [http-nio-8080-exec-4] o.h.e.i.StatisticalLoggingSessionEventListener - Session Metrics {
    2084200 nanoseconds spent acquiring 1 JDBC connections;
    0 nanoseconds spent releasing 0 JDBC connections;
    2473800 nanoseconds spent preparing 2 JDBC statements;
    5270500 nanoseconds spent executing 1 JDBC statements;
    0 nanoseconds spent executing 0 JDBC batches;
    0 nanoseconds spent performing 0 L2C puts;
    0 nanoseconds spent performing 0 L2C hits;
    0 nanoseconds spent performing 0 L2C misses;
    0 nanoseconds spent executing 0 flushes (flushing a total of 0 entities and 0 collections);
    0 nanoseconds spent executing 0 pre-partial-flushes;
    0 nanoseconds spent executing 0 partial-flushes (flushing a total of 0 entities and 0 collections)
}
2026-04-29 22:05:58.732 INFO  [http-nio-8080-exec-6] o.h.e.i.StatisticalLoggingSessionEventListener - Session Metrics {
    1133600 nanoseconds spent acquiring 1 JDBC connections;
    0 nanoseconds spent releasing 0 JDBC connections;
    1366700 nanoseconds spent preparing 2 JDBC statements;
    2371600 nanoseconds spent executing 1 JDBC statements;
    0 nanoseconds spent executing 0 JDBC batches;
    0 nanoseconds spent performing 0 L2C puts;
    0 nanoseconds spent performing 0 L2C hits;
    0 nanoseconds spent performing 0 L2C misses;
    0 nanoseconds spent executing 0 flushes (flushing a total of 0 entities and 0 collections);
    0 nanoseconds spent executing 0 pre-partial-flushes;
    0 nanoseconds spent executing 0 partial-flushes (flushing a total of 0 entities and 0 collections)
}
2026-04-29 22:05:58.734 INFO  [http-nio-8080-exec-5] o.h.e.i.StatisticalLoggingSessionEventListener - Session Metrics {
    674900 nanoseconds spent acquiring 1 JDBC connections;
    0 nanoseconds spent releasing 0 JDBC connections;
    926000 nanoseconds spent preparing 2 JDBC statements;
    1654100 nanoseconds spent executing 1 JDBC statements;
    0 nanoseconds spent executing 0 JDBC batches;
    0 nanoseconds spent performing 0 L2C puts;
    0 nanoseconds spent performing 0 L2C hits;
    0 nanoseconds spent performing 0 L2C misses;
    0 nanoseconds spent executing 0 flushes (flushing a total of 0 entities and 0 collections);
    0 nanoseconds spent executing 0 pre-partial-flushes;
    0 nanoseconds spent executing 0 partial-flushes (flushing a total of 0 entities and 0 collections)
}
2026-04-29 22:05:59.774 INFO  [http-nio-8080-exec-10] o.h.e.i.StatisticalLoggingSessionEventListener - Session Metrics {
    700000 nanoseconds spent acquiring 1 JDBC connections;
    0 nanoseconds spent releasing 0 JDBC connections;
    1063600 nanoseconds spent preparing 2 JDBC statements;
    4352300 nanoseconds spent executing 1 JDBC statements;
    0 nanoseconds spent executing 0 JDBC batches;
    0 nanoseconds spent performing 0 L2C puts;
    0 nanoseconds spent performing 0 L2C hits;
    0 nanoseconds spent performing 0 L2C misses;
    0 nanoseconds spent executing 0 flushes (flushing a total of 0 entities and 0 collections);
    0 nanoseconds spent executing 0 pre-partial-flushes;
    0 nanoseconds spent executing 0 partial-flushes (flushing a total of 0 entities and 0 collections)
}
2026-04-29 22:05:59.777 INFO  [http-nio-8080-exec-7] o.h.e.i.StatisticalLoggingSessionEventListener - Session Metrics {
    1727900 nanoseconds spent acquiring 1 JDBC connections;
    0 nanoseconds spent releasing 0 JDBC connections;
    2031300 nanoseconds spent preparing 2 JDBC statements;
    3682600 nanoseconds spent executing 1 JDBC statements;
    0 nanoseconds spent executing 0 JDBC batches;
    0 nanoseconds spent performing 0 L2C puts;
    0 nanoseconds spent performing 0 L2C hits;
    0 nanoseconds spent performing 0 L2C misses;
    0 nanoseconds spent executing 0 flushes (flushing a total of 0 entities and 0 collections);
    0 nanoseconds spent executing 0 pre-partial-flushes;
    0 nanoseconds spent executing 0 partial-flushes (flushing a total of 0 entities and 0 collections)
}
2026-04-29 22:06:04.163 INFO  [http-nio-8080-exec-9] o.h.e.i.StatisticalLoggingSessionEventListener - Session Metrics {
    1449300 nanoseconds spent acquiring 1 JDBC connections;
    0 nanoseconds spent releasing 0 JDBC connections;
    1809200 nanoseconds spent preparing 2 JDBC statements;
    6468500 nanoseconds spent executing 1 JDBC statements;
    0 nanoseconds spent executing 0 JDBC batches;
    0 nanoseconds spent performing 0 L2C puts;
    0 nanoseconds spent performing 0 L2C hits;
    0 nanoseconds spent performing 0 L2C misses;
    0 nanoseconds spent executing 0 flushes (flushing a total of 0 entities and 0 collections);
    0 nanoseconds spent executing 0 pre-partial-flushes;
    0 nanoseconds spent executing 0 partial-flushes (flushing a total of 0 entities and 0 collections)
}
2026-04-29 22:06:04.170 INFO  [http-nio-8080-exec-8] o.h.e.i.StatisticalLoggingSessionEventListener - Session Metrics {
    3720600 nanoseconds spent acquiring 1 JDBC connections;
    0 nanoseconds spent releasing 0 JDBC connections;
    4083200 nanoseconds spent preparing 2 JDBC statements;
    5771000 nanoseconds spent executing 1 JDBC statements;
    0 nanoseconds spent executing 0 JDBC batches;
    0 nanoseconds spent performing 0 L2C puts;
    0 nanoseconds spent performing 0 L2C hits;
    0 nanoseconds spent performing 0 L2C misses;
    0 nanoseconds spent executing 0 flushes (flushing a total of 0 entities and 0 collections);
    0 nanoseconds spent executing 0 pre-partial-flushes;
    0 nanoseconds spent executing 0 partial-flushes (flushing a total of 0 entities and 0 collections)
}
2026-04-29 22:28:53.614 INFO  [http-nio-8080-exec-5] o.h.e.i.StatisticalLoggingSessionEventListener - Session Metrics {
    4465600 nanoseconds spent acquiring 1 JDBC connections;
    0 nanoseconds spent releasing 0 JDBC connections;
    176500 nanoseconds spent preparing 1 JDBC statements;
    11894700 nanoseconds spent executing 1 JDBC statements;
    0 nanoseconds spent executing 0 JDBC batches;
    0 nanoseconds spent performing 0 L2C puts;
    0 nanoseconds spent performing 0 L2C hits;
    0 nanoseconds spent performing 0 L2C misses;
    1209700 nanoseconds spent executing 1 flushes (flushing a total of 2 entities and 1 collections);
    9200 nanoseconds spent executing 1 pre-partial-flushes;
    3300 nanoseconds spent executing 1 partial-flushes (flushing a total of 0 entities and 0 collections)
}
2026-04-29 22:28:54.506 INFO  [http-nio-8080-exec-4] o.h.e.i.StatisticalLoggingSessionEventListener - Session Metrics {
    6936700 nanoseconds spent acquiring 1 JDBC connections;
    0 nanoseconds spent releasing 0 JDBC connections;
    7185700 nanoseconds spent preparing 2 JDBC statements;
    5378100 nanoseconds spent executing 1 JDBC statements;
    0 nanoseconds spent executing 0 JDBC batches;
    0 nanoseconds spent performing 0 L2C puts;
    0 nanoseconds spent performing 0 L2C hits;
    0 nanoseconds spent performing 0 L2C misses;
    0 nanoseconds spent executing 0 flushes (flushing a total of 0 entities and 0 collections);
    0 nanoseconds spent executing 0 pre-partial-flushes;
    0 nanoseconds spent executing 0 partial-flushes (flushing a total of 0 entities and 0 collections)
}
2026-04-29 22:28:54.537 INFO  [http-nio-8080-exec-3] o.h.e.i.StatisticalLoggingSessionEventListener - Session Metrics {
    7314400 nanoseconds spent acquiring 1 JDBC connections;
    0 nanoseconds spent releasing 0 JDBC connections;
    7548700 nanoseconds spent preparing 2 JDBC statements;
    4197100 nanoseconds spent executing 1 JDBC statements;
    0 nanoseconds spent executing 0 JDBC batches;
    0 nanoseconds spent performing 0 L2C puts;
    0 nanoseconds spent performing 0 L2C hits;
    0 nanoseconds spent performing 0 L2C misses;
    0 nanoseconds spent executing 0 flushes (flushing a total of 0 entities and 0 collections);
    0 nanoseconds spent executing 0 pre-partial-flushes;
    0 nanoseconds spent executing 0 partial-flushes (flushing a total of 0 entities and 0 collections)
}
2026-04-29 22:28:54.555 INFO  [http-nio-8080-exec-2] o.h.e.i.StatisticalLoggingSessionEventListener - Session Metrics {
    7574500 nanoseconds spent acquiring 1 JDBC connections;
    0 nanoseconds spent releasing 0 JDBC connections;
    7807500 nanoseconds spent preparing 2 JDBC statements;
    4636800 nanoseconds spent executing 1 JDBC statements;
    0 nanoseconds spent executing 0 JDBC batches;
    0 nanoseconds spent performing 0 L2C puts;
    0 nanoseconds spent performing 0 L2C hits;
    0 nanoseconds spent performing 0 L2C misses;
    0 nanoseconds spent executing 0 flushes (flushing a total of 0 entities and 0 collections);
    0 nanoseconds spent executing 0 pre-partial-flushes;
    0 nanoseconds spent executing 0 partial-flushes (flushing a total of 0 entities and 0 collections)
}
2026-04-29 22:28:54.576 INFO  [http-nio-8080-exec-1] o.h.e.i.StatisticalLoggingSessionEventListener - Session Metrics {
    51085600 nanoseconds spent acquiring 1 JDBC connections;
    0 nanoseconds spent releasing 0 JDBC connections;
    51288000 nanoseconds spent preparing 2 JDBC statements;
    34687100 nanoseconds spent executing 1 JDBC statements;
    0 nanoseconds spent executing 0 JDBC batches;
    0 nanoseconds spent performing 0 L2C puts;
    0 nanoseconds spent performing 0 L2C hits;
    0 nanoseconds spent performing 0 L2C misses;
    0 nanoseconds spent executing 0 flushes (flushing a total of 0 entities and 0 collections);
    0 nanoseconds spent executing 0 pre-partial-flushes;
    0 nanoseconds spent executing 0 partial-flushes (flushing a total of 0 entities and 0 collections)
}
2026-04-29 22:28:56.361 INFO  [http-nio-8080-exec-6] o.h.e.i.StatisticalLoggingSessionEventListener - Session Metrics {
    982600 nanoseconds spent acquiring 1 JDBC connections;
    0 nanoseconds spent releasing 0 JDBC connections;
    124800 nanoseconds spent preparing 1 JDBC statements;
    2140400 nanoseconds spent executing 1 JDBC statements;
    0 nanoseconds spent executing 0 JDBC batches;
    0 nanoseconds spent performing 0 L2C puts;
    0 nanoseconds spent performing 0 L2C hits;
    0 nanoseconds spent performing 0 L2C misses;
    472900 nanoseconds spent executing 1 flushes (flushing a total of 2 entities and 1 collections);
    5500 nanoseconds spent executing 1 pre-partial-flushes;
    4000 nanoseconds spent executing 1 partial-flushes (flushing a total of 0 entities and 0 collections)
}
2026-04-29 22:28:56.654 INFO  [http-nio-8080-exec-5] o.h.e.i.StatisticalLoggingSessionEventListener - Session Metrics {
    743100 nanoseconds spent acquiring 1 JDBC connections;
    0 nanoseconds spent releasing 0 JDBC connections;
    972900 nanoseconds spent preparing 2 JDBC statements;
    2090700 nanoseconds spent executing 1 JDBC statements;
    0 nanoseconds spent executing 0 JDBC batches;
    0 nanoseconds spent performing 0 L2C puts;
    0 nanoseconds spent performing 0 L2C hits;
    0 nanoseconds spent performing 0 L2C misses;
    0 nanoseconds spent executing 0 flushes (flushing a total of 0 entities and 0 collections);
    0 nanoseconds spent executing 0 pre-partial-flushes;
    0 nanoseconds spent executing 0 partial-flushes (flushing a total of 0 entities and 0 collections)
}
2026-04-29 22:28:56.658 INFO  [http-nio-8080-exec-10] o.h.e.i.StatisticalLoggingSessionEventListener - Session Metrics {
    30400 nanoseconds spent acquiring 1 JDBC connections;
    0 nanoseconds spent releasing 0 JDBC connections;
    254800 nanoseconds spent preparing 2 JDBC statements;
    3011400 nanoseconds spent executing 1 JDBC statements;
    0 nanoseconds spent executing 0 JDBC batches;
    0 nanoseconds spent performing 0 L2C puts;
    0 nanoseconds spent performing 0 L2C hits;
    0 nanoseconds spent performing 0 L2C misses;
    0 nanoseconds spent executing 0 flushes (flushing a total of 0 entities and 0 collections);
    0 nanoseconds spent executing 0 pre-partial-flushes;
    0 nanoseconds spent executing 0 partial-flushes (flushing a total of 0 entities and 0 collections)
}
2026-04-29 22:28:56.661 INFO  [http-nio-8080-exec-9] o.h.e.i.StatisticalLoggingSessionEventListener - Session Metrics {
    733600 nanoseconds spent acquiring 1 JDBC connections;
    0 nanoseconds spent releasing 0 JDBC connections;
    936800 nanoseconds spent preparing 2 JDBC statements;
    2559600 nanoseconds spent executing 1 JDBC statements;
    0 nanoseconds spent executing 0 JDBC batches;
    0 nanoseconds spent performing 0 L2C puts;
    0 nanoseconds spent performing 0 L2C hits;
    0 nanoseconds spent performing 0 L2C misses;
    0 nanoseconds spent executing 0 flushes (flushing a total of 0 entities and 0 collections);
    0 nanoseconds spent executing 0 pre-partial-flushes;
    0 nanoseconds spent executing 0 partial-flushes (flushing a total of 0 entities and 0 collections)
}
2026-04-29 22:28:56.667 INFO  [http-nio-8080-exec-8] o.h.e.i.StatisticalLoggingSessionEventListener - Session Metrics {
    5082700 nanoseconds spent acquiring 1 JDBC connections;
    0 nanoseconds spent releasing 0 JDBC connections;
    5282100 nanoseconds spent preparing 2 JDBC statements;
    2264700 nanoseconds spent executing 1 JDBC statements;
    0 nanoseconds spent executing 0 JDBC batches;
    0 nanoseconds spent performing 0 L2C puts;
    0 nanoseconds spent performing 0 L2C hits;
    0 nanoseconds spent performing 0 L2C misses;
    0 nanoseconds spent executing 0 flushes (flushing a total of 0 entities and 0 collections);
    0 nanoseconds spent executing 0 pre-partial-flushes;
    0 nanoseconds spent executing 0 partial-flushes (flushing a total of 0 entities and 0 collections)
}
2026-04-29 22:28:58.345 INFO  [http-nio-8080-exec-7] o.h.e.i.StatisticalLoggingSessionEventListener - Session Metrics {
    4746562800 nanoseconds spent acquiring 1 JDBC connections;
    0 nanoseconds spent releasing 0 JDBC connections;
    217800 nanoseconds spent preparing 1 JDBC statements;
    3027800 nanoseconds spent executing 1 JDBC statements;
    0 nanoseconds spent executing 0 JDBC batches;
    0 nanoseconds spent performing 0 L2C puts;
    0 nanoseconds spent performing 0 L2C hits;
    0 nanoseconds spent performing 0 L2C misses;
    247200 nanoseconds spent executing 1 flushes (flushing a total of 2 entities and 1 collections);
    6800 nanoseconds spent executing 1 pre-partial-flushes;
    3100 nanoseconds spent executing 1 partial-flushes (flushing a total of 0 entities and 0 collections)
}
2026-04-29 22:30:41.020 INFO  [http-nio-8080-exec-6] o.h.e.i.StatisticalLoggingSessionEventListener - Session Metrics {
    1895100 nanoseconds spent acquiring 1 JDBC connections;
    0 nanoseconds spent releasing 0 JDBC connections;
    121800 nanoseconds spent preparing 1 JDBC statements;
    2969700 nanoseconds spent executing 1 JDBC statements;
    0 nanoseconds spent executing 0 JDBC batches;
    0 nanoseconds spent performing 0 L2C puts;
    0 nanoseconds spent performing 0 L2C hits;
    0 nanoseconds spent performing 0 L2C misses;
    551200 nanoseconds spent executing 1 flushes (flushing a total of 2 entities and 1 collections);
    7100 nanoseconds spent executing 1 pre-partial-flushes;
    5100 nanoseconds spent executing 1 partial-flushes (flushing a total of 0 entities and 0 collections)
}
2026-04-29 22:30:41.433 INFO  [http-nio-8080-exec-5] o.h.e.i.StatisticalLoggingSessionEventListener - Session Metrics {
    29200 nanoseconds spent acquiring 1 JDBC connections;
    0 nanoseconds spent releasing 0 JDBC connections;
    234800 nanoseconds spent preparing 2 JDBC statements;
    1974600 nanoseconds spent executing 1 JDBC statements;
    0 nanoseconds spent executing 0 JDBC batches;
    0 nanoseconds spent performing 0 L2C puts;
    0 nanoseconds spent performing 0 L2C hits;
    0 nanoseconds spent performing 0 L2C misses;
    0 nanoseconds spent executing 0 flushes (flushing a total of 0 entities and 0 collections);
    0 nanoseconds spent executing 0 pre-partial-flushes;
    0 nanoseconds spent executing 0 partial-flushes (flushing a total of 0 entities and 0 collections)
}
2026-04-29 22:30:41.440 INFO  [http-nio-8080-exec-10] o.h.e.i.StatisticalLoggingSessionEventListener - Session Metrics {
    877300 nanoseconds spent acquiring 1 JDBC connections;
    0 nanoseconds spent releasing 0 JDBC connections;
    1097200 nanoseconds spent preparing 2 JDBC statements;
    1898600 nanoseconds spent executing 1 JDBC statements;
    0 nanoseconds spent executing 0 JDBC batches;
    0 nanoseconds spent performing 0 L2C puts;
    0 nanoseconds spent performing 0 L2C hits;
    0 nanoseconds spent performing 0 L2C misses;
    0 nanoseconds spent executing 0 flushes (flushing a total of 0 entities and 0 collections);
    0 nanoseconds spent executing 0 pre-partial-flushes;
    0 nanoseconds spent executing 0 partial-flushes (flushing a total of 0 entities and 0 collections)
}
2026-04-29 22:30:41.443 INFO  [http-nio-8080-exec-9] o.h.e.i.StatisticalLoggingSessionEventListener - Session Metrics {
    2575300 nanoseconds spent acquiring 1 JDBC connections;
    0 nanoseconds spent releasing 0 JDBC connections;
    2754800 nanoseconds spent preparing 2 JDBC statements;
    1890300 nanoseconds spent executing 1 JDBC statements;
    0 nanoseconds spent executing 0 JDBC batches;
    0 nanoseconds spent performing 0 L2C puts;
    0 nanoseconds spent performing 0 L2C hits;
    0 nanoseconds spent performing 0 L2C misses;
    0 nanoseconds spent executing 0 flushes (flushing a total of 0 entities and 0 collections);
    0 nanoseconds spent executing 0 pre-partial-flushes;
    0 nanoseconds spent executing 0 partial-flushes (flushing a total of 0 entities and 0 collections)
}
2026-04-29 22:30:41.443 INFO  [http-nio-8080-exec-8] o.h.e.i.StatisticalLoggingSessionEventListener - Session Metrics {
    881700 nanoseconds spent acquiring 1 JDBC connections;
    0 nanoseconds spent releasing 0 JDBC connections;
    1129500 nanoseconds spent preparing 2 JDBC statements;
    2986300 nanoseconds spent executing 1 JDBC statements;
    0 nanoseconds spent executing 0 JDBC batches;
    0 nanoseconds spent performing 0 L2C puts;
    0 nanoseconds spent performing 0 L2C hits;
    0 nanoseconds spent performing 0 L2C misses;
    0 nanoseconds spent executing 0 flushes (flushing a total of 0 entities and 0 collections);
    0 nanoseconds spent executing 0 pre-partial-flushes;
    0 nanoseconds spent executing 0 partial-flushes (flushing a total of 0 entities and 0 collections)
}
2026-04-29 22:32:33.951 INFO  [http-nio-8080-exec-1] o.h.e.i.StatisticalLoggingSessionEventListener - Session Metrics {
    590300 nanoseconds spent acquiring 1 JDBC connections;
    0 nanoseconds spent releasing 0 JDBC connections;
    119100 nanoseconds spent preparing 1 JDBC statements;
    1887300 nanoseconds spent executing 1 JDBC statements;
    0 nanoseconds spent executing 0 JDBC batches;
    0 nanoseconds spent performing 0 L2C puts;
    0 nanoseconds spent performing 0 L2C hits;
    0 nanoseconds spent performing 0 L2C misses;
    203400 nanoseconds spent executing 1 flushes (flushing a total of 2 entities and 1 collections);
    7100 nanoseconds spent executing 1 pre-partial-flushes;
    9300 nanoseconds spent executing 1 partial-flushes (flushing a total of 0 entities and 0 collections)
}
2026-04-29 22:32:34.272 INFO  [http-nio-8080-exec-6] o.h.e.i.StatisticalLoggingSessionEventListener - Session Metrics {
    902300 nanoseconds spent acquiring 1 JDBC connections;
    0 nanoseconds spent releasing 0 JDBC connections;
    1104500 nanoseconds spent preparing 2 JDBC statements;
    1644700 nanoseconds spent executing 1 JDBC statements;
    0 nanoseconds spent executing 0 JDBC batches;
    0 nanoseconds spent performing 0 L2C puts;
    0 nanoseconds spent performing 0 L2C hits;
    0 nanoseconds spent performing 0 L2C misses;
    0 nanoseconds spent executing 0 flushes (flushing a total of 0 entities and 0 collections);
    0 nanoseconds spent executing 0 pre-partial-flushes;
    0 nanoseconds spent executing 0 partial-flushes (flushing a total of 0 entities and 0 collections)
}
2026-04-29 22:32:34.272 INFO  [http-nio-8080-exec-5] o.h.e.i.StatisticalLoggingSessionEventListener - Session Metrics {
    18800 nanoseconds spent acquiring 1 JDBC connections;
    0 nanoseconds spent releasing 0 JDBC connections;
    170400 nanoseconds spent preparing 2 JDBC statements;
    2003600 nanoseconds spent executing 1 JDBC statements;
    0 nanoseconds spent executing 0 JDBC batches;
    0 nanoseconds spent performing 0 L2C puts;
    0 nanoseconds spent performing 0 L2C hits;
    0 nanoseconds spent performing 0 L2C misses;
    0 nanoseconds spent executing 0 flushes (flushing a total of 0 entities and 0 collections);
    0 nanoseconds spent executing 0 pre-partial-flushes;
    0 nanoseconds spent executing 0 partial-flushes (flushing a total of 0 entities and 0 collections)
}
2026-04-29 22:32:34.282 INFO  [http-nio-8080-exec-8] o.h.e.i.StatisticalLoggingSessionEventListener - Session Metrics {
    16300 nanoseconds spent acquiring 1 JDBC connections;
    0 nanoseconds spent releasing 0 JDBC connections;
    169300 nanoseconds spent preparing 2 JDBC statements;
    2114900 nanoseconds spent executing 1 JDBC statements;
    0 nanoseconds spent executing 0 JDBC batches;
    0 nanoseconds spent performing 0 L2C puts;
    0 nanoseconds spent performing 0 L2C hits;
    0 nanoseconds spent performing 0 L2C misses;
    0 nanoseconds spent executing 0 flushes (flushing a total of 0 entities and 0 collections);
    0 nanoseconds spent executing 0 pre-partial-flushes;
    0 nanoseconds spent executing 0 partial-flushes (flushing a total of 0 entities and 0 collections)
}
2026-04-29 22:32:34.282 INFO  [http-nio-8080-exec-10] o.h.e.i.StatisticalLoggingSessionEventListener - Session Metrics {
    44500 nanoseconds spent acquiring 1 JDBC connections;
    0 nanoseconds spent releasing 0 JDBC connections;
    216100 nanoseconds spent preparing 2 JDBC statements;
    2039400 nanoseconds spent executing 1 JDBC statements;
    0 nanoseconds spent executing 0 JDBC batches;
    0 nanoseconds spent performing 0 L2C puts;
    0 nanoseconds spent performing 0 L2C hits;
    0 nanoseconds spent performing 0 L2C misses;
    0 nanoseconds spent executing 0 flushes (flushing a total of 0 entities and 0 collections);
    0 nanoseconds spent executing 0 pre-partial-flushes;
    0 nanoseconds spent executing 0 partial-flushes (flushing a total of 0 entities and 0 collections)
}
2026-04-29 22:33:37.276 INFO  [http-nio-8080-exec-3] o.h.e.i.StatisticalLoggingSessionEventListener - Session Metrics {
    644000 nanoseconds spent acquiring 1 JDBC connections;
    0 nanoseconds spent releasing 0 JDBC connections;
    101400 nanoseconds spent preparing 1 JDBC statements;
    1721400 nanoseconds spent executing 1 JDBC statements;
    0 nanoseconds spent executing 0 JDBC batches;
    0 nanoseconds spent performing 0 L2C puts;
    0 nanoseconds spent performing 0 L2C hits;
    0 nanoseconds spent performing 0 L2C misses;
    228800 nanoseconds spent executing 1 flushes (flushing a total of 2 entities and 1 collections);
    5000 nanoseconds spent executing 1 pre-partial-flushes;
    2300 nanoseconds spent executing 1 partial-flushes (flushing a total of 0 entities and 0 collections)
}
2026-04-29 22:33:51.331 INFO  [http-nio-8080-exec-2] o.h.e.i.StatisticalLoggingSessionEventListener - Session Metrics {
    952100 nanoseconds spent acquiring 1 JDBC connections;
    0 nanoseconds spent releasing 0 JDBC connections;
    116400 nanoseconds spent preparing 1 JDBC statements;
    2640900 nanoseconds spent executing 1 JDBC statements;
    0 nanoseconds spent executing 0 JDBC batches;
    0 nanoseconds spent performing 0 L2C puts;
    0 nanoseconds spent performing 0 L2C hits;
    0 nanoseconds spent performing 0 L2C misses;
    192300 nanoseconds spent executing 1 flushes (flushing a total of 2 entities and 1 collections);
    8100 nanoseconds spent executing 1 pre-partial-flushes;
    5100 nanoseconds spent executing 1 partial-flushes (flushing a total of 0 entities and 0 collections)
}
2026-04-29 22:33:51.619 INFO  [http-nio-8080-exec-1] o.h.e.i.StatisticalLoggingSessionEventListener - Session Metrics {
    682300 nanoseconds spent acquiring 1 JDBC connections;
    0 nanoseconds spent releasing 0 JDBC connections;
    855000 nanoseconds spent preparing 2 JDBC statements;
    2003300 nanoseconds spent executing 1 JDBC statements;
    0 nanoseconds spent executing 0 JDBC batches;
    0 nanoseconds spent performing 0 L2C puts;
    0 nanoseconds spent performing 0 L2C hits;
    0 nanoseconds spent performing 0 L2C misses;
    0 nanoseconds spent executing 0 flushes (flushing a total of 0 entities and 0 collections);
    0 nanoseconds spent executing 0 pre-partial-flushes;
    0 nanoseconds spent executing 0 partial-flushes (flushing a total of 0 entities and 0 collections)
}
2026-04-29 22:33:51.622 INFO  [http-nio-8080-exec-5] o.h.e.i.StatisticalLoggingSessionEventListener - Session Metrics {
    30600 nanoseconds spent acquiring 1 JDBC connections;
    0 nanoseconds spent releasing 0 JDBC connections;
    191100 nanoseconds spent preparing 2 JDBC statements;
    1808400 nanoseconds spent executing 1 JDBC statements;
    0 nanoseconds spent executing 0 JDBC batches;
    0 nanoseconds spent performing 0 L2C puts;
    0 nanoseconds spent performing 0 L2C hits;
    0 nanoseconds spent performing 0 L2C misses;
    0 nanoseconds spent executing 0 flushes (flushing a total of 0 entities and 0 collections);
    0 nanoseconds spent executing 0 pre-partial-flushes;
    0 nanoseconds spent executing 0 partial-flushes (flushing a total of 0 entities and 0 collections)
}
2026-04-29 22:33:51.631 INFO  [http-nio-8080-exec-6] o.h.e.i.StatisticalLoggingSessionEventListener - Session Metrics {
    22000 nanoseconds spent acquiring 1 JDBC connections;
    0 nanoseconds spent releasing 0 JDBC connections;
    614200 nanoseconds spent preparing 2 JDBC statements;
    5001700 nanoseconds spent executing 1 JDBC statements;
    0 nanoseconds spent executing 0 JDBC batches;
    0 nanoseconds spent performing 0 L2C puts;
    0 nanoseconds spent performing 0 L2C hits;
    0 nanoseconds spent performing 0 L2C misses;
    0 nanoseconds spent executing 0 flushes (flushing a total of 0 entities and 0 collections);
    0 nanoseconds spent executing 0 pre-partial-flushes;
    0 nanoseconds spent executing 0 partial-flushes (flushing a total of 0 entities and 0 collections)
}
2026-04-29 22:33:51.632 INFO  [http-nio-8080-exec-8] o.h.e.i.StatisticalLoggingSessionEventListener - Session Metrics {
    2051200 nanoseconds spent acquiring 1 JDBC connections;
    0 nanoseconds spent releasing 0 JDBC connections;
    2315500 nanoseconds spent preparing 2 JDBC statements;
    3891300 nanoseconds spent executing 1 JDBC statements;
    0 nanoseconds spent executing 0 JDBC batches;
    0 nanoseconds spent performing 0 L2C puts;
    0 nanoseconds spent performing 0 L2C hits;
    0 nanoseconds spent performing 0 L2C misses;
    0 nanoseconds spent executing 0 flushes (flushing a total of 0 entities and 0 collections);
    0 nanoseconds spent executing 0 pre-partial-flushes;
    0 nanoseconds spent executing 0 partial-flushes (flushing a total of 0 entities and 0 collections)
}
2026-04-29 22:34:54.224 INFO  [http-nio-8080-exec-3] o.h.e.i.StatisticalLoggingSessionEventListener - Session Metrics {
    4081600 nanoseconds spent acquiring 1 JDBC connections;
    0 nanoseconds spent releasing 0 JDBC connections;
    110800 nanoseconds spent preparing 1 JDBC statements;
    3035900 nanoseconds spent executing 1 JDBC statements;
    0 nanoseconds spent executing 0 JDBC batches;
    0 nanoseconds spent performing 0 L2C puts;
    0 nanoseconds spent performing 0 L2C hits;
    0 nanoseconds spent performing 0 L2C misses;
    252100 nanoseconds spent executing 1 flushes (flushing a total of 2 entities and 1 collections);
    9200 nanoseconds spent executing 1 pre-partial-flushes;
    4000 nanoseconds spent executing 1 partial-flushes (flushing a total of 0 entities and 0 collections)
}
2026-04-29 22:34:54.766 INFO  [http-nio-8080-exec-2] o.h.e.i.StatisticalLoggingSessionEventListener - Session Metrics {
    1101000 nanoseconds spent acquiring 1 JDBC connections;
    0 nanoseconds spent releasing 0 JDBC connections;
    1292800 nanoseconds spent preparing 2 JDBC statements;
    2022800 nanoseconds spent executing 1 JDBC statements;
    0 nanoseconds spent executing 0 JDBC batches;
    0 nanoseconds spent performing 0 L2C puts;
    0 nanoseconds spent performing 0 L2C hits;
    0 nanoseconds spent performing 0 L2C misses;
    0 nanoseconds spent executing 0 flushes (flushing a total of 0 entities and 0 collections);
    0 nanoseconds spent executing 0 pre-partial-flushes;
    0 nanoseconds spent executing 0 partial-flushes (flushing a total of 0 entities and 0 collections)
}
2026-04-29 22:34:54.767 INFO  [http-nio-8080-exec-1] o.h.e.i.StatisticalLoggingSessionEventListener - Session Metrics {
    1003800 nanoseconds spent acquiring 1 JDBC connections;
    0 nanoseconds spent releasing 0 JDBC connections;
    1202400 nanoseconds spent preparing 2 JDBC statements;
    2036400 nanoseconds spent executing 1 JDBC statements;
    0 nanoseconds spent executing 0 JDBC batches;
    0 nanoseconds spent performing 0 L2C puts;
    0 nanoseconds spent performing 0 L2C hits;
    0 nanoseconds spent performing 0 L2C misses;
    0 nanoseconds spent executing 0 flushes (flushing a total of 0 entities and 0 collections);
    0 nanoseconds spent executing 0 pre-partial-flushes;
    0 nanoseconds spent executing 0 partial-flushes (flushing a total of 0 entities and 0 collections)
}
2026-04-29 22:34:54.778 INFO  [http-nio-8080-exec-6] o.h.e.i.StatisticalLoggingSessionEventListener - Session Metrics {
    24700 nanoseconds spent acquiring 1 JDBC connections;
    0 nanoseconds spent releasing 0 JDBC connections;
    179500 nanoseconds spent preparing 2 JDBC statements;
    1822800 nanoseconds spent executing 1 JDBC statements;
    0 nanoseconds spent executing 0 JDBC batches;
    0 nanoseconds spent performing 0 L2C puts;
    0 nanoseconds spent performing 0 L2C hits;
    0 nanoseconds spent performing 0 L2C misses;
    0 nanoseconds spent executing 0 flushes (flushing a total of 0 entities and 0 collections);
    0 nanoseconds spent executing 0 pre-partial-flushes;
    0 nanoseconds spent executing 0 partial-flushes (flushing a total of 0 entities and 0 collections)
}
2026-04-29 22:34:54.778 INFO  [http-nio-8080-exec-5] o.h.e.i.StatisticalLoggingSessionEventListener - Session Metrics {
    24800 nanoseconds spent acquiring 1 JDBC connections;
    0 nanoseconds spent releasing 0 JDBC connections;
    207800 nanoseconds spent preparing 2 JDBC statements;
    2873300 nanoseconds spent executing 1 JDBC statements;
    0 nanoseconds spent executing 0 JDBC batches;
    0 nanoseconds spent performing 0 L2C puts;
    0 nanoseconds spent performing 0 L2C hits;
    0 nanoseconds spent performing 0 L2C misses;
    0 nanoseconds spent executing 0 flushes (flushing a total of 0 entities and 0 collections);
    0 nanoseconds spent executing 0 pre-partial-flushes;
    0 nanoseconds spent executing 0 partial-flushes (flushing a total of 0 entities and 0 collections)
}
2026-04-29 22:35:01.674 INFO  [http-nio-8080-exec-8] o.h.e.i.StatisticalLoggingSessionEventListener - Session Metrics {
    1696400 nanoseconds spent acquiring 1 JDBC connections;
    0 nanoseconds spent releasing 0 JDBC connections;
    95500 nanoseconds spent preparing 1 JDBC statements;
    1857200 nanoseconds spent executing 1 JDBC statements;
    0 nanoseconds spent executing 0 JDBC batches;
    0 nanoseconds spent performing 0 L2C puts;
    0 nanoseconds spent performing 0 L2C hits;
    0 nanoseconds spent performing 0 L2C misses;
    192800 nanoseconds spent executing 1 flushes (flushing a total of 2 entities and 1 collections);
    7500 nanoseconds spent executing 1 pre-partial-flushes;
    2900 nanoseconds spent executing 1 partial-flushes (flushing a total of 0 entities and 0 collections)
}
2026-04-29 22:35:02.092 INFO  [http-nio-8080-exec-9] o.h.e.i.StatisticalLoggingSessionEventListener - Session Metrics {
    20400 nanoseconds spent acquiring 1 JDBC connections;
    0 nanoseconds spent releasing 0 JDBC connections;
    194100 nanoseconds spent preparing 2 JDBC statements;
    2953800 nanoseconds spent executing 1 JDBC statements;
    0 nanoseconds spent executing 0 JDBC batches;
    0 nanoseconds spent performing 0 L2C puts;
    0 nanoseconds spent performing 0 L2C hits;
    0 nanoseconds spent performing 0 L2C misses;
    0 nanoseconds spent executing 0 flushes (flushing a total of 0 entities and 0 collections);
    0 nanoseconds spent executing 0 pre-partial-flushes;
    0 nanoseconds spent executing 0 partial-flushes (flushing a total of 0 entities and 0 collections)
}
2026-04-29 22:35:02.092 INFO  [http-nio-8080-exec-7] o.h.e.i.StatisticalLoggingSessionEventListener - Session Metrics {
    1452200 nanoseconds spent acquiring 1 JDBC connections;
    0 nanoseconds spent releasing 0 JDBC connections;
    1640600 nanoseconds spent preparing 2 JDBC statements;
    1385700 nanoseconds spent executing 1 JDBC statements;
    0 nanoseconds spent executing 0 JDBC batches;
    0 nanoseconds spent performing 0 L2C puts;
    0 nanoseconds spent performing 0 L2C hits;
    0 nanoseconds spent performing 0 L2C misses;
    0 nanoseconds spent executing 0 flushes (flushing a total of 0 entities and 0 collections);
    0 nanoseconds spent executing 0 pre-partial-flushes;
    0 nanoseconds spent executing 0 partial-flushes (flushing a total of 0 entities and 0 collections)
}
2026-04-29 22:35:02.093 INFO  [http-nio-8080-exec-10] o.h.e.i.StatisticalLoggingSessionEventListener - Session Metrics {
    533900 nanoseconds spent acquiring 1 JDBC connections;
    0 nanoseconds spent releasing 0 JDBC connections;
    699300 nanoseconds spent preparing 2 JDBC statements;
    1604400 nanoseconds spent executing 1 JDBC statements;
    0 nanoseconds spent executing 0 JDBC batches;
    0 nanoseconds spent performing 0 L2C puts;
    0 nanoseconds spent performing 0 L2C hits;
    0 nanoseconds spent performing 0 L2C misses;
    0 nanoseconds spent executing 0 flushes (flushing a total of 0 entities and 0 collections);
    0 nanoseconds spent executing 0 pre-partial-flushes;
    0 nanoseconds spent executing 0 partial-flushes (flushing a total of 0 entities and 0 collections)
}
2026-04-29 22:35:02.096 INFO  [http-nio-8080-exec-4] o.h.e.i.StatisticalLoggingSessionEventListener - Session Metrics {
    489100 nanoseconds spent acquiring 1 JDBC connections;
    0 nanoseconds spent releasing 0 JDBC connections;
    684200 nanoseconds spent preparing 2 JDBC statements;
    2068400 nanoseconds spent executing 1 JDBC statements;
    0 nanoseconds spent executing 0 JDBC batches;
    0 nanoseconds spent performing 0 L2C puts;
    0 nanoseconds spent performing 0 L2C hits;
    0 nanoseconds spent performing 0 L2C misses;
    0 nanoseconds spent executing 0 flushes (flushing a total of 0 entities and 0 collections);
    0 nanoseconds spent executing 0 pre-partial-flushes;
    0 nanoseconds spent executing 0 partial-flushes (flushing a total of 0 entities and 0 collections)
}
2026-04-29 22:35:36.496 INFO  [http-nio-8080-exec-3] o.h.e.i.StatisticalLoggingSessionEventListener - Session Metrics {
    704500 nanoseconds spent acquiring 1 JDBC connections;
    0 nanoseconds spent releasing 0 JDBC connections;
    84700 nanoseconds spent preparing 1 JDBC statements;
    1654900 nanoseconds spent executing 1 JDBC statements;
    0 nanoseconds spent executing 0 JDBC batches;
    0 nanoseconds spent performing 0 L2C puts;
    0 nanoseconds spent performing 0 L2C hits;
    0 nanoseconds spent performing 0 L2C misses;
    250800 nanoseconds spent executing 1 flushes (flushing a total of 2 entities and 1 collections);
    5400 nanoseconds spent executing 1 pre-partial-flushes;
    2400 nanoseconds spent executing 1 partial-flushes (flushing a total of 0 entities and 0 collections)
}
2026-04-29 22:35:36.790 INFO  [http-nio-8080-exec-1] o.h.e.i.StatisticalLoggingSessionEventListener - Session Metrics {
    1908800 nanoseconds spent acquiring 1 JDBC connections;
    0 nanoseconds spent releasing 0 JDBC connections;
    2159100 nanoseconds spent preparing 2 JDBC statements;
    2807300 nanoseconds spent executing 1 JDBC statements;
    0 nanoseconds spent executing 0 JDBC batches;
    0 nanoseconds spent performing 0 L2C puts;
    0 nanoseconds spent performing 0 L2C hits;
    0 nanoseconds spent performing 0 L2C misses;
    0 nanoseconds spent executing 0 flushes (flushing a total of 0 entities and 0 collections);
    0 nanoseconds spent executing 0 pre-partial-flushes;
    0 nanoseconds spent executing 0 partial-flushes (flushing a total of 0 entities and 0 collections)
}
2026-04-29 22:35:36.790 INFO  [http-nio-8080-exec-2] o.h.e.i.StatisticalLoggingSessionEventListener - Session Metrics {
    2199400 nanoseconds spent acquiring 1 JDBC connections;
    0 nanoseconds spent releasing 0 JDBC connections;
    2369700 nanoseconds spent preparing 2 JDBC statements;
    3495800 nanoseconds spent executing 1 JDBC statements;
    0 nanoseconds spent executing 0 JDBC batches;
    0 nanoseconds spent performing 0 L2C puts;
    0 nanoseconds spent performing 0 L2C hits;
    0 nanoseconds spent performing 0 L2C misses;
    0 nanoseconds spent executing 0 flushes (flushing a total of 0 entities and 0 collections);
    0 nanoseconds spent executing 0 pre-partial-flushes;
    0 nanoseconds spent executing 0 partial-flushes (flushing a total of 0 entities and 0 collections)
}
2026-04-29 22:35:36.803 INFO  [http-nio-8080-exec-6] o.h.e.i.StatisticalLoggingSessionEventListener - Session Metrics {
    28600 nanoseconds spent acquiring 1 JDBC connections;
    0 nanoseconds spent releasing 0 JDBC connections;
    477800 nanoseconds spent preparing 2 JDBC statements;
    2171100 nanoseconds spent executing 1 JDBC statements;
    0 nanoseconds spent executing 0 JDBC batches;
    0 nanoseconds spent performing 0 L2C puts;
    0 nanoseconds spent performing 0 L2C hits;
    0 nanoseconds spent performing 0 L2C misses;
    0 nanoseconds spent executing 0 flushes (flushing a total of 0 entities and 0 collections);
    0 nanoseconds spent executing 0 pre-partial-flushes;
    0 nanoseconds spent executing 0 partial-flushes (flushing a total of 0 entities and 0 collections)
}
2026-04-29 22:35:36.803 INFO  [http-nio-8080-exec-5] o.h.e.i.StatisticalLoggingSessionEventListener - Session Metrics {
    12300 nanoseconds spent acquiring 1 JDBC connections;
    0 nanoseconds spent releasing 0 JDBC connections;
    250800 nanoseconds spent preparing 2 JDBC statements;
    2401500 nanoseconds spent executing 1 JDBC statements;
    0 nanoseconds spent executing 0 JDBC batches;
    0 nanoseconds spent performing 0 L2C puts;
    0 nanoseconds spent performing 0 L2C hits;
    0 nanoseconds spent performing 0 L2C misses;
    0 nanoseconds spent executing 0 flushes (flushing a total of 0 entities and 0 collections);
    0 nanoseconds spent executing 0 pre-partial-flushes;
    0 nanoseconds spent executing 0 partial-flushes (flushing a total of 0 entities and 0 collections)
}
2026-04-29 22:40:38.999 INFO  [http-nio-8080-exec-4] o.h.e.i.StatisticalLoggingSessionEventListener - Session Metrics {
    1027700 nanoseconds spent acquiring 1 JDBC connections;
    0 nanoseconds spent releasing 0 JDBC connections;
    133800 nanoseconds spent preparing 1 JDBC statements;
    1694100 nanoseconds spent executing 1 JDBC statements;
    0 nanoseconds spent executing 0 JDBC batches;
    0 nanoseconds spent performing 0 L2C puts;
    0 nanoseconds spent performing 0 L2C hits;
    0 nanoseconds spent performing 0 L2C misses;
    248300 nanoseconds spent executing 1 flushes (flushing a total of 2 entities and 1 collections);
    8800 nanoseconds spent executing 1 pre-partial-flushes;
    3400 nanoseconds spent executing 1 partial-flushes (flushing a total of 0 entities and 0 collections)
}
2026-04-29 22:40:39.391 INFO  [http-nio-8080-exec-3] o.h.e.i.StatisticalLoggingSessionEventListener - Session Metrics {
    1092700 nanoseconds spent acquiring 1 JDBC connections;
    0 nanoseconds spent releasing 0 JDBC connections;
    1266300 nanoseconds spent preparing 2 JDBC statements;
    1063600 nanoseconds spent executing 1 JDBC statements;
    0 nanoseconds spent executing 0 JDBC batches;
    0 nanoseconds spent performing 0 L2C puts;
    0 nanoseconds spent performing 0 L2C hits;
    0 nanoseconds spent performing 0 L2C misses;
    0 nanoseconds spent executing 0 flushes (flushing a total of 0 entities and 0 collections);
    0 nanoseconds spent executing 0 pre-partial-flushes;
    0 nanoseconds spent executing 0 partial-flushes (flushing a total of 0 entities and 0 collections)
}
2026-04-29 22:40:39.393 INFO  [http-nio-8080-exec-2] o.h.e.i.StatisticalLoggingSessionEventListener - Session Metrics {
    381300 nanoseconds spent acquiring 1 JDBC connections;
    0 nanoseconds spent releasing 0 JDBC connections;
    486900 nanoseconds spent preparing 2 JDBC statements;
    1060600 nanoseconds spent executing 1 JDBC statements;
    0 nanoseconds spent executing 0 JDBC batches;
    0 nanoseconds spent performing 0 L2C puts;
    0 nanoseconds spent performing 0 L2C hits;
    0 nanoseconds spent performing 0 L2C misses;
    0 nanoseconds spent executing 0 flushes (flushing a total of 0 entities and 0 collections);
    0 nanoseconds spent executing 0 pre-partial-flushes;
    0 nanoseconds spent executing 0 partial-flushes (flushing a total of 0 entities and 0 collections)
}
2026-04-29 22:40:39.401 INFO  [http-nio-8080-exec-1] o.h.e.i.StatisticalLoggingSessionEventListener - Session Metrics {
    19800 nanoseconds spent acquiring 1 JDBC connections;
    0 nanoseconds spent releasing 0 JDBC connections;
    155600 nanoseconds spent preparing 2 JDBC statements;
    1662400 nanoseconds spent executing 1 JDBC statements;
    0 nanoseconds spent executing 0 JDBC batches;
    0 nanoseconds spent performing 0 L2C puts;
    0 nanoseconds spent performing 0 L2C hits;
    0 nanoseconds spent performing 0 L2C misses;
    0 nanoseconds spent executing 0 flushes (flushing a total of 0 entities and 0 collections);
    0 nanoseconds spent executing 0 pre-partial-flushes;
    0 nanoseconds spent executing 0 partial-flushes (flushing a total of 0 entities and 0 collections)
}
2026-04-29 22:40:39.402 INFO  [http-nio-8080-exec-6] o.h.e.i.StatisticalLoggingSessionEventListener - Session Metrics {
    16000 nanoseconds spent acquiring 1 JDBC connections;
    0 nanoseconds spent releasing 0 JDBC connections;
    116400 nanoseconds spent preparing 2 JDBC statements;
    1578400 nanoseconds spent executing 1 JDBC statements;
    0 nanoseconds spent executing 0 JDBC batches;
    0 nanoseconds spent performing 0 L2C puts;
    0 nanoseconds spent performing 0 L2C hits;
    0 nanoseconds spent performing 0 L2C misses;
    0 nanoseconds spent executing 0 flushes (flushing a total of 0 entities and 0 collections);
    0 nanoseconds spent executing 0 pre-partial-flushes;
    0 nanoseconds spent executing 0 partial-flushes (flushing a total of 0 entities and 0 collections)
}
2026-04-29 22:47:12.395 INFO  [http-nio-8080-exec-10] o.h.e.i.StatisticalLoggingSessionEventListener - Session Metrics {
    1088400 nanoseconds spent acquiring 1 JDBC connections;
    0 nanoseconds spent releasing 0 JDBC connections;
    153100 nanoseconds spent preparing 1 JDBC statements;
    2481000 nanoseconds spent executing 1 JDBC statements;
    0 nanoseconds spent executing 0 JDBC batches;
    0 nanoseconds spent performing 0 L2C puts;
    0 nanoseconds spent performing 0 L2C hits;
    0 nanoseconds spent performing 0 L2C misses;
    474800 nanoseconds spent executing 1 flushes (flushing a total of 2 entities and 1 collections);
    11300 nanoseconds spent executing 1 pre-partial-flushes;
    3200 nanoseconds spent executing 1 partial-flushes (flushing a total of 0 entities and 0 collections)
}
2026-04-29 22:47:12.698 INFO  [http-nio-8080-exec-7] o.h.e.i.StatisticalLoggingSessionEventListener - Session Metrics {
    23500 nanoseconds spent acquiring 1 JDBC connections;
    0 nanoseconds spent releasing 0 JDBC connections;
    262300 nanoseconds spent preparing 2 JDBC statements;
    2815900 nanoseconds spent executing 1 JDBC statements;
    0 nanoseconds spent executing 0 JDBC batches;
    0 nanoseconds spent performing 0 L2C puts;
    0 nanoseconds spent performing 0 L2C hits;
    0 nanoseconds spent performing 0 L2C misses;
    0 nanoseconds spent executing 0 flushes (flushing a total of 0 entities and 0 collections);
    0 nanoseconds spent executing 0 pre-partial-flushes;
    0 nanoseconds spent executing 0 partial-flushes (flushing a total of 0 entities and 0 collections)
}
2026-04-29 22:47:12.700 INFO  [http-nio-8080-exec-4] o.h.e.i.StatisticalLoggingSessionEventListener - Session Metrics {
    1087100 nanoseconds spent acquiring 1 JDBC connections;
    0 nanoseconds spent releasing 0 JDBC connections;
    1336300 nanoseconds spent preparing 2 JDBC statements;
    2835900 nanoseconds spent executing 1 JDBC statements;
    0 nanoseconds spent executing 0 JDBC batches;
    0 nanoseconds spent performing 0 L2C puts;
    0 nanoseconds spent performing 0 L2C hits;
    0 nanoseconds spent performing 0 L2C misses;
    0 nanoseconds spent executing 0 flushes (flushing a total of 0 entities and 0 collections);
    0 nanoseconds spent executing 0 pre-partial-flushes;
    0 nanoseconds spent executing 0 partial-flushes (flushing a total of 0 entities and 0 collections)
}
2026-04-29 22:47:12.709 INFO  [http-nio-8080-exec-3] o.h.e.i.StatisticalLoggingSessionEventListener - Session Metrics {
    1009800 nanoseconds spent acquiring 1 JDBC connections;
    0 nanoseconds spent releasing 0 JDBC connections;
    1171600 nanoseconds spent preparing 2 JDBC statements;
    3198800 nanoseconds spent executing 1 JDBC statements;
    0 nanoseconds spent executing 0 JDBC batches;
    0 nanoseconds spent performing 0 L2C puts;
    0 nanoseconds spent performing 0 L2C hits;
    0 nanoseconds spent performing 0 L2C misses;
    0 nanoseconds spent executing 0 flushes (flushing a total of 0 entities and 0 collections);
    0 nanoseconds spent executing 0 pre-partial-flushes;
    0 nanoseconds spent executing 0 partial-flushes (flushing a total of 0 entities and 0 collections)
}
2026-04-29 22:47:12.711 INFO  [http-nio-8080-exec-2] o.h.e.i.StatisticalLoggingSessionEventListener - Session Metrics {
    3287500 nanoseconds spent acquiring 1 JDBC connections;
    0 nanoseconds spent releasing 0 JDBC connections;
    3512100 nanoseconds spent preparing 2 JDBC statements;
    3264700 nanoseconds spent executing 1 JDBC statements;
    0 nanoseconds spent executing 0 JDBC batches;
    0 nanoseconds spent performing 0 L2C puts;
    0 nanoseconds spent performing 0 L2C hits;
    0 nanoseconds spent performing 0 L2C misses;
    0 nanoseconds spent executing 0 flushes (flushing a total of 0 entities and 0 collections);
    0 nanoseconds spent executing 0 pre-partial-flushes;
    0 nanoseconds spent executing 0 partial-flushes (flushing a total of 0 entities and 0 collections)
}
2026-04-29 22:49:30.415 INFO  [http-nio-8080-exec-9] o.h.e.i.StatisticalLoggingSessionEventListener - Session Metrics {
    791000 nanoseconds spent acquiring 1 JDBC connections;
    0 nanoseconds spent releasing 0 JDBC connections;
    108200 nanoseconds spent preparing 1 JDBC statements;
    3782300 nanoseconds spent executing 1 JDBC statements;
    0 nanoseconds spent executing 0 JDBC batches;
    0 nanoseconds spent performing 0 L2C puts;
    0 nanoseconds spent performing 0 L2C hits;
    0 nanoseconds spent performing 0 L2C misses;
    213000 nanoseconds spent executing 1 flushes (flushing a total of 2 entities and 1 collections);
    5300 nanoseconds spent executing 1 pre-partial-flushes;
    2800 nanoseconds spent executing 1 partial-flushes (flushing a total of 0 entities and 0 collections)
}
2026-04-29 22:49:30.634 INFO  [http-nio-8080-exec-10] o.h.e.i.StatisticalLoggingSessionEventListener - Session Metrics {
    28400 nanoseconds spent acquiring 1 JDBC connections;
    0 nanoseconds spent releasing 0 JDBC connections;
    199800 nanoseconds spent preparing 2 JDBC statements;
    3079800 nanoseconds spent executing 1 JDBC statements;
    0 nanoseconds spent executing 0 JDBC batches;
    0 nanoseconds spent performing 0 L2C puts;
    0 nanoseconds spent performing 0 L2C hits;
    0 nanoseconds spent performing 0 L2C misses;
    0 nanoseconds spent executing 0 flushes (flushing a total of 0 entities and 0 collections);
    0 nanoseconds spent executing 0 pre-partial-flushes;
    0 nanoseconds spent executing 0 partial-flushes (flushing a total of 0 entities and 0 collections)
}
2026-04-29 22:49:30.634 INFO  [http-nio-8080-exec-7] o.h.e.i.StatisticalLoggingSessionEventListener - Session Metrics {
    1145700 nanoseconds spent acquiring 1 JDBC connections;
    0 nanoseconds spent releasing 0 JDBC connections;
    1310500 nanoseconds spent preparing 2 JDBC statements;
    1731300 nanoseconds spent executing 1 JDBC statements;
    0 nanoseconds spent executing 0 JDBC batches;
    0 nanoseconds spent performing 0 L2C puts;
    0 nanoseconds spent performing 0 L2C hits;
    0 nanoseconds spent performing 0 L2C misses;
    0 nanoseconds spent executing 0 flushes (flushing a total of 0 entities and 0 collections);
    0 nanoseconds spent executing 0 pre-partial-flushes;
    0 nanoseconds spent executing 0 partial-flushes (flushing a total of 0 entities and 0 collections)
}
2026-04-29 22:49:30.645 INFO  [http-nio-8080-exec-4] o.h.e.i.StatisticalLoggingSessionEventListener - Session Metrics {
    22900 nanoseconds spent acquiring 1 JDBC connections;
    0 nanoseconds spent releasing 0 JDBC connections;
    162800 nanoseconds spent preparing 2 JDBC statements;
    1667900 nanoseconds spent executing 1 JDBC statements;
    0 nanoseconds spent executing 0 JDBC batches;
    0 nanoseconds spent performing 0 L2C puts;
    0 nanoseconds spent performing 0 L2C hits;
    0 nanoseconds spent performing 0 L2C misses;
    0 nanoseconds spent executing 0 flushes (flushing a total of 0 entities and 0 collections);
    0 nanoseconds spent executing 0 pre-partial-flushes;
    0 nanoseconds spent executing 0 partial-flushes (flushing a total of 0 entities and 0 collections)
}
2026-04-29 22:49:30.645 INFO  [http-nio-8080-exec-3] o.h.e.i.StatisticalLoggingSessionEventListener - Session Metrics {
    18300 nanoseconds spent acquiring 1 JDBC connections;
    0 nanoseconds spent releasing 0 JDBC connections;
    157600 nanoseconds spent preparing 2 JDBC statements;
    1319700 nanoseconds spent executing 1 JDBC statements;
    0 nanoseconds spent executing 0 JDBC batches;
    0 nanoseconds spent performing 0 L2C puts;
    0 nanoseconds spent performing 0 L2C hits;
    0 nanoseconds spent performing 0 L2C misses;
    0 nanoseconds spent executing 0 flushes (flushing a total of 0 entities and 0 collections);
    0 nanoseconds spent executing 0 pre-partial-flushes;
    0 nanoseconds spent executing 0 partial-flushes (flushing a total of 0 entities and 0 collections)
}
2026-04-29 22:49:36.553 INFO  [http-nio-8080-exec-1] o.h.e.i.StatisticalLoggingSessionEventListener - Session Metrics {
    1469500 nanoseconds spent acquiring 1 JDBC connections;
    0 nanoseconds spent releasing 0 JDBC connections;
    608200 nanoseconds spent preparing 5 JDBC statements;
    10937500 nanoseconds spent executing 5 JDBC statements;
    0 nanoseconds spent executing 0 JDBC batches;
    0 nanoseconds spent performing 0 L2C puts;
    0 nanoseconds spent performing 0 L2C hits;
    0 nanoseconds spent performing 0 L2C misses;
    609300 nanoseconds spent executing 2 flushes (flushing a total of 8 entities and 2 collections);
    101100 nanoseconds spent executing 2 pre-partial-flushes;
    423300 nanoseconds spent executing 3 partial-flushes (flushing a total of 6 entities and 6 collections)
}
2026-04-29 22:49:43.700 INFO  [http-nio-8080-exec-6] o.h.e.i.StatisticalLoggingSessionEventListener - Session Metrics {
    590600 nanoseconds spent acquiring 1 JDBC connections;
    0 nanoseconds spent releasing 0 JDBC connections;
    98700 nanoseconds spent preparing 1 JDBC statements;
    1634000 nanoseconds spent executing 1 JDBC statements;
    0 nanoseconds spent executing 0 JDBC batches;
    0 nanoseconds spent performing 0 L2C puts;
    0 nanoseconds spent performing 0 L2C hits;
    0 nanoseconds spent performing 0 L2C misses;
    209000 nanoseconds spent executing 1 flushes (flushing a total of 2 entities and 1 collections);
    5000 nanoseconds spent executing 1 pre-partial-flushes;
    2800 nanoseconds spent executing 1 partial-flushes (flushing a total of 0 entities and 0 collections)
}
2026-04-29 22:49:43.809 INFO  [http-nio-8080-exec-8] o.h.e.i.StatisticalLoggingSessionEventListener - Session Metrics {
    596900 nanoseconds spent acquiring 1 JDBC connections;
    0 nanoseconds spent releasing 0 JDBC connections;
    729900 nanoseconds spent preparing 2 JDBC statements;
    1213000 nanoseconds spent executing 1 JDBC statements;
    0 nanoseconds spent executing 0 JDBC batches;
    0 nanoseconds spent performing 0 L2C puts;
    0 nanoseconds spent performing 0 L2C hits;
    0 nanoseconds spent performing 0 L2C misses;
    0 nanoseconds spent executing 0 flushes (flushing a total of 0 entities and 0 collections);
    0 nanoseconds spent executing 0 pre-partial-flushes;
    0 nanoseconds spent executing 0 partial-flushes (flushing a total of 0 entities and 0 collections)
}
2026-04-29 22:49:43.809 INFO  [http-nio-8080-exec-5] o.h.e.i.StatisticalLoggingSessionEventListener - Session Metrics {
    27600 nanoseconds spent acquiring 1 JDBC connections;
    0 nanoseconds spent releasing 0 JDBC connections;
    185300 nanoseconds spent preparing 2 JDBC statements;
    1749700 nanoseconds spent executing 1 JDBC statements;
    0 nanoseconds spent executing 0 JDBC batches;
    0 nanoseconds spent performing 0 L2C puts;
    0 nanoseconds spent performing 0 L2C hits;
    0 nanoseconds spent performing 0 L2C misses;
    0 nanoseconds spent executing 0 flushes (flushing a total of 0 entities and 0 collections);
    0 nanoseconds spent executing 0 pre-partial-flushes;
    0 nanoseconds spent executing 0 partial-flushes (flushing a total of 0 entities and 0 collections)
}
2026-04-29 22:49:43.818 INFO  [http-nio-8080-exec-9] o.h.e.i.StatisticalLoggingSessionEventListener - Session Metrics {
    1799900 nanoseconds spent acquiring 1 JDBC connections;
    0 nanoseconds spent releasing 0 JDBC connections;
    2279000 nanoseconds spent preparing 2 JDBC statements;
    3538600 nanoseconds spent executing 1 JDBC statements;
    0 nanoseconds spent executing 0 JDBC batches;
    0 nanoseconds spent performing 0 L2C puts;
    0 nanoseconds spent performing 0 L2C hits;
    0 nanoseconds spent performing 0 L2C misses;
    0 nanoseconds spent executing 0 flushes (flushing a total of 0 entities and 0 collections);
    0 nanoseconds spent executing 0 pre-partial-flushes;
    0 nanoseconds spent executing 0 partial-flushes (flushing a total of 0 entities and 0 collections)
}
2026-04-29 22:49:43.818 INFO  [http-nio-8080-exec-7] o.h.e.i.StatisticalLoggingSessionEventListener - Session Metrics {
    1371700 nanoseconds spent acquiring 1 JDBC connections;
    0 nanoseconds spent releasing 0 JDBC connections;
    1542500 nanoseconds spent preparing 2 JDBC statements;
    2831100 nanoseconds spent executing 1 JDBC statements;
    0 nanoseconds spent executing 0 JDBC batches;
    0 nanoseconds spent performing 0 L2C puts;
    0 nanoseconds spent performing 0 L2C hits;
    0 nanoseconds spent performing 0 L2C misses;
    0 nanoseconds spent executing 0 flushes (flushing a total of 0 entities and 0 collections);
    0 nanoseconds spent executing 0 pre-partial-flushes;
    0 nanoseconds spent executing 0 partial-flushes (flushing a total of 0 entities and 0 collections)
}
2026-04-29 22:54:38.048 INFO  [http-nio-8080-exec-6] o.h.e.i.StatisticalLoggingSessionEventListener - Session Metrics {
    4038700 nanoseconds spent acquiring 1 JDBC connections;
    0 nanoseconds spent releasing 0 JDBC connections;
    122600 nanoseconds spent preparing 1 JDBC statements;
    5096900 nanoseconds spent executing 1 JDBC statements;
    0 nanoseconds spent executing 0 JDBC batches;
    0 nanoseconds spent performing 0 L2C puts;
    0 nanoseconds spent performing 0 L2C hits;
    0 nanoseconds spent performing 0 L2C misses;
    229500 nanoseconds spent executing 1 flushes (flushing a total of 2 entities and 1 collections);
    8800 nanoseconds spent executing 1 pre-partial-flushes;
    2600 nanoseconds spent executing 1 partial-flushes (flushing a total of 0 entities and 0 collections)
}
2026-04-29 22:54:38.080 INFO  [http-nio-8080-exec-1] o.h.e.i.StatisticalLoggingSessionEventListener - Session Metrics {
    21000 nanoseconds spent acquiring 1 JDBC connections;
    0 nanoseconds spent releasing 0 JDBC connections;
    98800 nanoseconds spent preparing 1 JDBC statements;
    4538600 nanoseconds spent executing 1 JDBC statements;
    0 nanoseconds spent executing 0 JDBC batches;
    0 nanoseconds spent performing 0 L2C puts;
    0 nanoseconds spent performing 0 L2C hits;
    0 nanoseconds spent performing 0 L2C misses;
    206600 nanoseconds spent executing 1 flushes (flushing a total of 2 entities and 1 collections);
    4900 nanoseconds spent executing 1 pre-partial-flushes;
    4400 nanoseconds spent executing 1 partial-flushes (flushing a total of 0 entities and 0 collections)
}
2026-04-29 22:54:38.510 INFO  [http-nio-8080-exec-8] o.h.e.i.StatisticalLoggingSessionEventListener - Session Metrics {
    1286000 nanoseconds spent acquiring 1 JDBC connections;
    0 nanoseconds spent releasing 0 JDBC connections;
    1475800 nanoseconds spent preparing 2 JDBC statements;
    1644800 nanoseconds spent executing 1 JDBC statements;
    0 nanoseconds spent executing 0 JDBC batches;
    0 nanoseconds spent performing 0 L2C puts;
    0 nanoseconds spent performing 0 L2C hits;
    0 nanoseconds spent performing 0 L2C misses;
    0 nanoseconds spent executing 0 flushes (flushing a total of 0 entities and 0 collections);
    0 nanoseconds spent executing 0 pre-partial-flushes;
    0 nanoseconds spent executing 0 partial-flushes (flushing a total of 0 entities and 0 collections)
}
2026-04-29 22:54:38.511 INFO  [http-nio-8080-exec-5] o.h.e.i.StatisticalLoggingSessionEventListener - Session Metrics {
    20100 nanoseconds spent acquiring 1 JDBC connections;
    0 nanoseconds spent releasing 0 JDBC connections;
    188900 nanoseconds spent preparing 2 JDBC statements;
    2071900 nanoseconds spent executing 1 JDBC statements;
    0 nanoseconds spent executing 0 JDBC batches;
    0 nanoseconds spent performing 0 L2C puts;
    0 nanoseconds spent performing 0 L2C hits;
    0 nanoseconds spent performing 0 L2C misses;
    0 nanoseconds spent executing 0 flushes (flushing a total of 0 entities and 0 collections);
    0 nanoseconds spent executing 0 pre-partial-flushes;
    0 nanoseconds spent executing 0 partial-flushes (flushing a total of 0 entities and 0 collections)
}
2026-04-29 22:54:38.527 INFO  [http-nio-8080-exec-7] o.h.e.i.StatisticalLoggingSessionEventListener - Session Metrics {
    3645600 nanoseconds spent acquiring 1 JDBC connections;
    0 nanoseconds spent releasing 0 JDBC connections;
    3818000 nanoseconds spent preparing 2 JDBC statements;
    3605200 nanoseconds spent executing 1 JDBC statements;
    0 nanoseconds spent executing 0 JDBC batches;
    0 nanoseconds spent performing 0 L2C puts;
    0 nanoseconds spent performing 0 L2C hits;
    0 nanoseconds spent performing 0 L2C misses;
    0 nanoseconds spent executing 0 flushes (flushing a total of 0 entities and 0 collections);
    0 nanoseconds spent executing 0 pre-partial-flushes;
    0 nanoseconds spent executing 0 partial-flushes (flushing a total of 0 entities and 0 collections)
}
2026-04-29 22:54:38.533 INFO  [http-nio-8080-exec-9] o.h.e.i.StatisticalLoggingSessionEventListener - Session Metrics {
    5090600 nanoseconds spent acquiring 1 JDBC connections;
    0 nanoseconds spent releasing 0 JDBC connections;
    5298200 nanoseconds spent preparing 2 JDBC statements;
    4572300 nanoseconds spent executing 1 JDBC statements;
    0 nanoseconds spent executing 0 JDBC batches;
    0 nanoseconds spent performing 0 L2C puts;
    0 nanoseconds spent performing 0 L2C hits;
    0 nanoseconds spent performing 0 L2C misses;
    0 nanoseconds spent executing 0 flushes (flushing a total of 0 entities and 0 collections);
    0 nanoseconds spent executing 0 pre-partial-flushes;
    0 nanoseconds spent executing 0 partial-flushes (flushing a total of 0 entities and 0 collections)
}
2026-04-29 22:54:40.300 INFO  [http-nio-8080-exec-4] o.h.e.i.StatisticalLoggingSessionEventListener - Session Metrics {
    20518700 nanoseconds spent acquiring 1 JDBC connections;
    0 nanoseconds spent releasing 0 JDBC connections;
    109200 nanoseconds spent preparing 1 JDBC statements;
    8376800 nanoseconds spent executing 1 JDBC statements;
    0 nanoseconds spent executing 0 JDBC batches;
    0 nanoseconds spent performing 0 L2C puts;
    0 nanoseconds spent performing 0 L2C hits;
    0 nanoseconds spent performing 0 L2C misses;
    259900 nanoseconds spent executing 1 flushes (flushing a total of 2 entities and 1 collections);
    8600 nanoseconds spent executing 1 pre-partial-flushes;
    3300 nanoseconds spent executing 1 partial-flushes (flushing a total of 0 entities and 0 collections)
}
2026-04-29 22:54:40.767 INFO  [http-nio-8080-exec-2] o.h.e.i.StatisticalLoggingSessionEventListener - Session Metrics {
    23200 nanoseconds spent acquiring 1 JDBC connections;
    0 nanoseconds spent releasing 0 JDBC connections;
    176800 nanoseconds spent preparing 2 JDBC statements;
    1442000 nanoseconds spent executing 1 JDBC statements;
    0 nanoseconds spent executing 0 JDBC batches;
    0 nanoseconds spent performing 0 L2C puts;
    0 nanoseconds spent performing 0 L2C hits;
    0 nanoseconds spent performing 0 L2C misses;
    0 nanoseconds spent executing 0 flushes (flushing a total of 0 entities and 0 collections);
    0 nanoseconds spent executing 0 pre-partial-flushes;
    0 nanoseconds spent executing 0 partial-flushes (flushing a total of 0 entities and 0 collections)
}
2026-04-29 22:54:40.773 INFO  [http-nio-8080-exec-10] o.h.e.i.StatisticalLoggingSessionEventListener - Session Metrics {
    584100 nanoseconds spent acquiring 1 JDBC connections;
    0 nanoseconds spent releasing 0 JDBC connections;
    820900 nanoseconds spent preparing 2 JDBC statements;
    1800200 nanoseconds spent executing 1 JDBC statements;
    0 nanoseconds spent executing 0 JDBC batches;
    0 nanoseconds spent performing 0 L2C puts;
    0 nanoseconds spent performing 0 L2C hits;
    0 nanoseconds spent performing 0 L2C misses;
    0 nanoseconds spent executing 0 flushes (flushing a total of 0 entities and 0 collections);
    0 nanoseconds spent executing 0 pre-partial-flushes;
    0 nanoseconds spent executing 0 partial-flushes (flushing a total of 0 entities and 0 collections)
}
2026-04-29 22:54:40.775 INFO  [http-nio-8080-exec-3] o.h.e.i.StatisticalLoggingSessionEventListener - Session Metrics {
    16200 nanoseconds spent acquiring 1 JDBC connections;
    0 nanoseconds spent releasing 0 JDBC connections;
    169500 nanoseconds spent preparing 2 JDBC statements;
    1609500 nanoseconds spent executing 1 JDBC statements;
    0 nanoseconds spent executing 0 JDBC batches;
    0 nanoseconds spent performing 0 L2C puts;
    0 nanoseconds spent performing 0 L2C hits;
    0 nanoseconds spent performing 0 L2C misses;
    0 nanoseconds spent executing 0 flushes (flushing a total of 0 entities and 0 collections);
    0 nanoseconds spent executing 0 pre-partial-flushes;
    0 nanoseconds spent executing 0 partial-flushes (flushing a total of 0 entities and 0 collections)
}
2026-04-29 22:54:40.777 INFO  [http-nio-8080-exec-6] o.h.e.i.StatisticalLoggingSessionEventListener - Session Metrics {
    972900 nanoseconds spent acquiring 1 JDBC connections;
    0 nanoseconds spent releasing 0 JDBC connections;
    1118700 nanoseconds spent preparing 2 JDBC statements;
    2075200 nanoseconds spent executing 1 JDBC statements;
    0 nanoseconds spent executing 0 JDBC batches;
    0 nanoseconds spent performing 0 L2C puts;
    0 nanoseconds spent performing 0 L2C hits;
    0 nanoseconds spent performing 0 L2C misses;
    0 nanoseconds spent executing 0 flushes (flushing a total of 0 entities and 0 collections);
    0 nanoseconds spent executing 0 pre-partial-flushes;
    0 nanoseconds spent executing 0 partial-flushes (flushing a total of 0 entities and 0 collections)
}
2026-04-29 23:00:02.830 INFO  [http-nio-8080-exec-4] o.h.e.i.StatisticalLoggingSessionEventListener - Session Metrics {
    2747100 nanoseconds spent acquiring 1 JDBC connections;
    0 nanoseconds spent releasing 0 JDBC connections;
    91100 nanoseconds spent preparing 1 JDBC statements;
    3113500 nanoseconds spent executing 1 JDBC statements;
    0 nanoseconds spent executing 0 JDBC batches;
    0 nanoseconds spent performing 0 L2C puts;
    0 nanoseconds spent performing 0 L2C hits;
    0 nanoseconds spent performing 0 L2C misses;
    190300 nanoseconds spent executing 1 flushes (flushing a total of 2 entities and 1 collections);
    7700 nanoseconds spent executing 1 pre-partial-flushes;
    19000 nanoseconds spent executing 1 partial-flushes (flushing a total of 0 entities and 0 collections)
}
2026-04-29 23:00:02.832 INFO  [http-nio-8080-exec-9] o.h.e.i.StatisticalLoggingSessionEventListener - Session Metrics {
    658100 nanoseconds spent acquiring 1 JDBC connections;
    0 nanoseconds spent releasing 0 JDBC connections;
    198300 nanoseconds spent preparing 1 JDBC statements;
    3049500 nanoseconds spent executing 1 JDBC statements;
    0 nanoseconds spent executing 0 JDBC batches;
    0 nanoseconds spent performing 0 L2C puts;
    0 nanoseconds spent performing 0 L2C hits;
    0 nanoseconds spent performing 0 L2C misses;
    441700 nanoseconds spent executing 1 flushes (flushing a total of 2 entities and 1 collections);
    9700 nanoseconds spent executing 1 pre-partial-flushes;
    7100 nanoseconds spent executing 1 partial-flushes (flushing a total of 0 entities and 0 collections)
}
2026-04-29 23:00:03.366 INFO  [http-nio-8080-exec-10] o.h.e.i.StatisticalLoggingSessionEventListener - Session Metrics {
    1192300 nanoseconds spent acquiring 1 JDBC connections;
    0 nanoseconds spent releasing 0 JDBC connections;
    1467500 nanoseconds spent preparing 2 JDBC statements;
    2143800 nanoseconds spent executing 1 JDBC statements;
    0 nanoseconds spent executing 0 JDBC batches;
    0 nanoseconds spent performing 0 L2C puts;
    0 nanoseconds spent performing 0 L2C hits;
    0 nanoseconds spent performing 0 L2C misses;
    0 nanoseconds spent executing 0 flushes (flushing a total of 0 entities and 0 collections);
    0 nanoseconds spent executing 0 pre-partial-flushes;
    0 nanoseconds spent executing 0 partial-flushes (flushing a total of 0 entities and 0 collections)
}
2026-04-29 23:00:03.370 INFO  [http-nio-8080-exec-2] o.h.e.i.StatisticalLoggingSessionEventListener - Session Metrics {
    734200 nanoseconds spent acquiring 1 JDBC connections;
    0 nanoseconds spent releasing 0 JDBC connections;
    942100 nanoseconds spent preparing 2 JDBC statements;
    1790700 nanoseconds spent executing 1 JDBC statements;
    0 nanoseconds spent executing 0 JDBC batches;
    0 nanoseconds spent performing 0 L2C puts;
    0 nanoseconds spent performing 0 L2C hits;
    0 nanoseconds spent performing 0 L2C misses;
    0 nanoseconds spent executing 0 flushes (flushing a total of 0 entities and 0 collections);
    0 nanoseconds spent executing 0 pre-partial-flushes;
    0 nanoseconds spent executing 0 partial-flushes (flushing a total of 0 entities and 0 collections)
}
2026-04-29 23:00:03.378 INFO  [http-nio-8080-exec-6] o.h.e.i.StatisticalLoggingSessionEventListener - Session Metrics {
    1430400 nanoseconds spent acquiring 1 JDBC connections;
    0 nanoseconds spent releasing 0 JDBC connections;
    1647200 nanoseconds spent preparing 2 JDBC statements;
    4784400 nanoseconds spent executing 1 JDBC statements;
    0 nanoseconds spent executing 0 JDBC batches;
    0 nanoseconds spent performing 0 L2C puts;
    0 nanoseconds spent performing 0 L2C hits;
    0 nanoseconds spent performing 0 L2C misses;
    0 nanoseconds spent executing 0 flushes (flushing a total of 0 entities and 0 collections);
    0 nanoseconds spent executing 0 pre-partial-flushes;
    0 nanoseconds spent executing 0 partial-flushes (flushing a total of 0 entities and 0 collections)
}
2026-04-29 23:00:03.378 INFO  [http-nio-8080-exec-3] o.h.e.i.StatisticalLoggingSessionEventListener - Session Metrics {
    1128300 nanoseconds spent acquiring 1 JDBC connections;
    0 nanoseconds spent releasing 0 JDBC connections;
    1326600 nanoseconds spent preparing 2 JDBC statements;
    2758100 nanoseconds spent executing 1 JDBC statements;
    0 nanoseconds spent executing 0 JDBC batches;
    0 nanoseconds spent performing 0 L2C puts;
    0 nanoseconds spent performing 0 L2C hits;
    0 nanoseconds spent performing 0 L2C misses;
    0 nanoseconds spent executing 0 flushes (flushing a total of 0 entities and 0 collections);
    0 nanoseconds spent executing 0 pre-partial-flushes;
    0 nanoseconds spent executing 0 partial-flushes (flushing a total of 0 entities and 0 collections)
}
2026-04-29 23:00:05.518 INFO  [http-nio-8080-exec-1] o.h.e.i.StatisticalLoggingSessionEventListener - Session Metrics {
    694800 nanoseconds spent acquiring 1 JDBC connections;
    0 nanoseconds spent releasing 0 JDBC connections;
    149000 nanoseconds spent preparing 1 JDBC statements;
    2840300 nanoseconds spent executing 1 JDBC statements;
    0 nanoseconds spent executing 0 JDBC batches;
    0 nanoseconds spent performing 0 L2C puts;
    0 nanoseconds spent performing 0 L2C hits;
    0 nanoseconds spent performing 0 L2C misses;
    385800 nanoseconds spent executing 1 flushes (flushing a total of 2 entities and 1 collections);
    6100 nanoseconds spent executing 1 pre-partial-flushes;
    2900 nanoseconds spent executing 1 partial-flushes (flushing a total of 0 entities and 0 collections)
}
2026-04-29 23:00:05.782 INFO  [http-nio-8080-exec-7] o.h.e.i.StatisticalLoggingSessionEventListener - Session Metrics {
    20200 nanoseconds spent acquiring 1 JDBC connections;
    0 nanoseconds spent releasing 0 JDBC connections;
    214800 nanoseconds spent preparing 2 JDBC statements;
    2654100 nanoseconds spent executing 1 JDBC statements;
    0 nanoseconds spent executing 0 JDBC batches;
    0 nanoseconds spent performing 0 L2C puts;
    0 nanoseconds spent performing 0 L2C hits;
    0 nanoseconds spent performing 0 L2C misses;
    0 nanoseconds spent executing 0 flushes (flushing a total of 0 entities and 0 collections);
    0 nanoseconds spent executing 0 pre-partial-flushes;
    0 nanoseconds spent executing 0 partial-flushes (flushing a total of 0 entities and 0 collections)
}
2026-04-29 23:00:05.788 INFO  [http-nio-8080-exec-5] o.h.e.i.StatisticalLoggingSessionEventListener - Session Metrics {
    977900 nanoseconds spent acquiring 1 JDBC connections;
    0 nanoseconds spent releasing 0 JDBC connections;
    1221500 nanoseconds spent preparing 2 JDBC statements;
    4155000 nanoseconds spent executing 1 JDBC statements;
    0 nanoseconds spent executing 0 JDBC batches;
    0 nanoseconds spent performing 0 L2C puts;
    0 nanoseconds spent performing 0 L2C hits;
    0 nanoseconds spent performing 0 L2C misses;
    0 nanoseconds spent executing 0 flushes (flushing a total of 0 entities and 0 collections);
    0 nanoseconds spent executing 0 pre-partial-flushes;
    0 nanoseconds spent executing 0 partial-flushes (flushing a total of 0 entities and 0 collections)
}
2026-04-29 23:00:05.791 INFO  [http-nio-8080-exec-4] o.h.e.i.StatisticalLoggingSessionEventListener - Session Metrics {
    3063800 nanoseconds spent acquiring 1 JDBC connections;
    0 nanoseconds spent releasing 0 JDBC connections;
    3235400 nanoseconds spent preparing 2 JDBC statements;
    1846600 nanoseconds spent executing 1 JDBC statements;
    0 nanoseconds spent executing 0 JDBC batches;
    0 nanoseconds spent performing 0 L2C puts;
    0 nanoseconds spent performing 0 L2C hits;
    0 nanoseconds spent performing 0 L2C misses;
    0 nanoseconds spent executing 0 flushes (flushing a total of 0 entities and 0 collections);
    0 nanoseconds spent executing 0 pre-partial-flushes;
    0 nanoseconds spent executing 0 partial-flushes (flushing a total of 0 entities and 0 collections)
}
2026-04-29 23:00:05.801 INFO  [http-nio-8080-exec-8] o.h.e.i.StatisticalLoggingSessionEventListener - Session Metrics {
    3026100 nanoseconds spent acquiring 1 JDBC connections;
    0 nanoseconds spent releasing 0 JDBC connections;
    3892900 nanoseconds spent preparing 2 JDBC statements;
    4268900 nanoseconds spent executing 1 JDBC statements;
    0 nanoseconds spent executing 0 JDBC batches;
    0 nanoseconds spent performing 0 L2C puts;
    0 nanoseconds spent performing 0 L2C hits;
    0 nanoseconds spent performing 0 L2C misses;
    0 nanoseconds spent executing 0 flushes (flushing a total of 0 entities and 0 collections);
    0 nanoseconds spent executing 0 pre-partial-flushes;
    0 nanoseconds spent executing 0 partial-flushes (flushing a total of 0 entities and 0 collections)
}
2026-04-29 23:00:52.012 INFO  [http-nio-8080-exec-9] o.h.e.i.StatisticalLoggingSessionEventListener - Session Metrics {
    3958300 nanoseconds spent acquiring 1 JDBC connections;
    0 nanoseconds spent releasing 0 JDBC connections;
    147500 nanoseconds spent preparing 1 JDBC statements;
    1778000 nanoseconds spent executing 1 JDBC statements;
    0 nanoseconds spent executing 0 JDBC batches;
    0 nanoseconds spent performing 0 L2C puts;
    0 nanoseconds spent performing 0 L2C hits;
    0 nanoseconds spent performing 0 L2C misses;
    5654700 nanoseconds spent executing 1 flushes (flushing a total of 2 entities and 1 collections);
    11800 nanoseconds spent executing 1 pre-partial-flushes;
    4500 nanoseconds spent executing 1 partial-flushes (flushing a total of 0 entities and 0 collections)
}
2026-04-29 23:00:52.221 INFO  [http-nio-8080-exec-10] o.h.e.i.StatisticalLoggingSessionEventListener - Session Metrics {
    62200 nanoseconds spent acquiring 1 JDBC connections;
    0 nanoseconds spent releasing 0 JDBC connections;
    1046400 nanoseconds spent preparing 2 JDBC statements;
    2795000 nanoseconds spent executing 1 JDBC statements;
    0 nanoseconds spent executing 0 JDBC batches;
    0 nanoseconds spent performing 0 L2C puts;
    0 nanoseconds spent performing 0 L2C hits;
    0 nanoseconds spent performing 0 L2C misses;
    0 nanoseconds spent executing 0 flushes (flushing a total of 0 entities and 0 collections);
    0 nanoseconds spent executing 0 pre-partial-flushes;
    0 nanoseconds spent executing 0 partial-flushes (flushing a total of 0 entities and 0 collections)
}
2026-04-29 23:00:52.221 INFO  [http-nio-8080-exec-2] o.h.e.i.StatisticalLoggingSessionEventListener - Session Metrics {
    2051600 nanoseconds spent acquiring 1 JDBC connections;
    0 nanoseconds spent releasing 0 JDBC connections;
    2485800 nanoseconds spent preparing 2 JDBC statements;
    1925200 nanoseconds spent executing 1 JDBC statements;
    0 nanoseconds spent executing 0 JDBC batches;
    0 nanoseconds spent performing 0 L2C puts;
    0 nanoseconds spent performing 0 L2C hits;
    0 nanoseconds spent performing 0 L2C misses;
    0 nanoseconds spent executing 0 flushes (flushing a total of 0 entities and 0 collections);
    0 nanoseconds spent executing 0 pre-partial-flushes;
    0 nanoseconds spent executing 0 partial-flushes (flushing a total of 0 entities and 0 collections)
}
2026-04-29 23:00:52.232 INFO  [http-nio-8080-exec-3] o.h.e.i.StatisticalLoggingSessionEventListener - Session Metrics {
    1441000 nanoseconds spent acquiring 1 JDBC connections;
    0 nanoseconds spent releasing 0 JDBC connections;
    1600100 nanoseconds spent preparing 2 JDBC statements;
    2215700 nanoseconds spent executing 1 JDBC statements;
    0 nanoseconds spent executing 0 JDBC batches;
    0 nanoseconds spent performing 0 L2C puts;
    0 nanoseconds spent performing 0 L2C hits;
    0 nanoseconds spent performing 0 L2C misses;
    0 nanoseconds spent executing 0 flushes (flushing a total of 0 entities and 0 collections);
    0 nanoseconds spent executing 0 pre-partial-flushes;
    0 nanoseconds spent executing 0 partial-flushes (flushing a total of 0 entities and 0 collections)
}
2026-04-29 23:00:52.232 INFO  [http-nio-8080-exec-6] o.h.e.i.StatisticalLoggingSessionEventListener - Session Metrics {
    731500 nanoseconds spent acquiring 1 JDBC connections;
    0 nanoseconds spent releasing 0 JDBC connections;
    876900 nanoseconds spent preparing 2 JDBC statements;
    2473500 nanoseconds spent executing 1 JDBC statements;
    0 nanoseconds spent executing 0 JDBC batches;
    0 nanoseconds spent performing 0 L2C puts;
    0 nanoseconds spent performing 0 L2C hits;
    0 nanoseconds spent performing 0 L2C misses;
    0 nanoseconds spent executing 0 flushes (flushing a total of 0 entities and 0 collections);
    0 nanoseconds spent executing 0 pre-partial-flushes;
    0 nanoseconds spent executing 0 partial-flushes (flushing a total of 0 entities and 0 collections)
}
2026-04-29 23:01:13.195 INFO  [http-nio-8080-exec-1] o.h.e.i.StatisticalLoggingSessionEventListener - Session Metrics {
    1729200 nanoseconds spent acquiring 1 JDBC connections;
    0 nanoseconds spent releasing 0 JDBC connections;
    108000 nanoseconds spent preparing 1 JDBC statements;
    1651600 nanoseconds spent executing 1 JDBC statements;
    0 nanoseconds spent executing 0 JDBC batches;
    0 nanoseconds spent performing 0 L2C puts;
    0 nanoseconds spent performing 0 L2C hits;
    0 nanoseconds spent performing 0 L2C misses;
    210400 nanoseconds spent executing 1 flushes (flushing a total of 2 entities and 1 collections);
    6200 nanoseconds spent executing 1 pre-partial-flushes;
    3000 nanoseconds spent executing 1 partial-flushes (flushing a total of 0 entities and 0 collections)
}
2026-04-29 23:01:13.415 INFO  [http-nio-8080-exec-7] o.h.e.i.StatisticalLoggingSessionEventListener - Session Metrics {
    21700 nanoseconds spent acquiring 1 JDBC connections;
    0 nanoseconds spent releasing 0 JDBC connections;
    219100 nanoseconds spent preparing 2 JDBC statements;
    1817000 nanoseconds spent executing 1 JDBC statements;
    0 nanoseconds spent executing 0 JDBC batches;
    0 nanoseconds spent performing 0 L2C puts;
    0 nanoseconds spent performing 0 L2C hits;
    0 nanoseconds spent performing 0 L2C misses;
    0 nanoseconds spent executing 0 flushes (flushing a total of 0 entities and 0 collections);
    0 nanoseconds spent executing 0 pre-partial-flushes;
    0 nanoseconds spent executing 0 partial-flushes (flushing a total of 0 entities and 0 collections)
}
2026-04-29 23:01:13.415 INFO  [http-nio-8080-exec-5] o.h.e.i.StatisticalLoggingSessionEventListener - Session Metrics {
    690800 nanoseconds spent acquiring 1 JDBC connections;
    0 nanoseconds spent releasing 0 JDBC connections;
    875400 nanoseconds spent preparing 2 JDBC statements;
    1796600 nanoseconds spent executing 1 JDBC statements;
    0 nanoseconds spent executing 0 JDBC batches;
    0 nanoseconds spent performing 0 L2C puts;
    0 nanoseconds spent performing 0 L2C hits;
    0 nanoseconds spent performing 0 L2C misses;
    0 nanoseconds spent executing 0 flushes (flushing a total of 0 entities and 0 collections);
    0 nanoseconds spent executing 0 pre-partial-flushes;
    0 nanoseconds spent executing 0 partial-flushes (flushing a total of 0 entities and 0 collections)
}
2026-04-29 23:01:13.422 INFO  [http-nio-8080-exec-8] o.h.e.i.StatisticalLoggingSessionEventListener - Session Metrics {
    2270200 nanoseconds spent acquiring 1 JDBC connections;
    0 nanoseconds spent releasing 0 JDBC connections;
    2420200 nanoseconds spent preparing 2 JDBC statements;
    2113900 nanoseconds spent executing 1 JDBC statements;
    0 nanoseconds spent executing 0 JDBC batches;
    0 nanoseconds spent performing 0 L2C puts;
    0 nanoseconds spent performing 0 L2C hits;
    0 nanoseconds spent performing 0 L2C misses;
    0 nanoseconds spent executing 0 flushes (flushing a total of 0 entities and 0 collections);
    0 nanoseconds spent executing 0 pre-partial-flushes;
    0 nanoseconds spent executing 0 partial-flushes (flushing a total of 0 entities and 0 collections)
}
2026-04-29 23:01:13.422 INFO  [http-nio-8080-exec-4] o.h.e.i.StatisticalLoggingSessionEventListener - Session Metrics {
    2125800 nanoseconds spent acquiring 1 JDBC connections;
    0 nanoseconds spent releasing 0 JDBC connections;
    2350500 nanoseconds spent preparing 2 JDBC statements;
    2324700 nanoseconds spent executing 1 JDBC statements;
    0 nanoseconds spent executing 0 JDBC batches;
    0 nanoseconds spent performing 0 L2C puts;
    0 nanoseconds spent performing 0 L2C hits;
    0 nanoseconds spent performing 0 L2C misses;
    0 nanoseconds spent executing 0 flushes (flushing a total of 0 entities and 0 collections);
    0 nanoseconds spent executing 0 pre-partial-flushes;
    0 nanoseconds spent executing 0 partial-flushes (flushing a total of 0 entities and 0 collections)
}
2026-04-29 23:02:51.533 INFO  [http-nio-8080-exec-1] o.h.e.i.StatisticalLoggingSessionEventListener - Session Metrics {
    503300 nanoseconds spent acquiring 1 JDBC connections;
    0 nanoseconds spent releasing 0 JDBC connections;
    638600 nanoseconds spent preparing 2 JDBC statements;
    1161000 nanoseconds spent executing 1 JDBC statements;
    0 nanoseconds spent executing 0 JDBC batches;
    0 nanoseconds spent performing 0 L2C puts;
    0 nanoseconds spent performing 0 L2C hits;
    0 nanoseconds spent performing 0 L2C misses;
    0 nanoseconds spent executing 0 flushes (flushing a total of 0 entities and 0 collections);
    0 nanoseconds spent executing 0 pre-partial-flushes;
    0 nanoseconds spent executing 0 partial-flushes (flushing a total of 0 entities and 0 collections)
}
2026-04-29 23:02:51.533 INFO  [http-nio-8080-exec-6] o.h.e.i.StatisticalLoggingSessionEventListener - Session Metrics {
    539800 nanoseconds spent acquiring 1 JDBC connections;
    0 nanoseconds spent releasing 0 JDBC connections;
    674500 nanoseconds spent preparing 2 JDBC statements;
    1106000 nanoseconds spent executing 1 JDBC statements;
    0 nanoseconds spent executing 0 JDBC batches;
    0 nanoseconds spent performing 0 L2C puts;
    0 nanoseconds spent performing 0 L2C hits;
    0 nanoseconds spent performing 0 L2C misses;
    0 nanoseconds spent executing 0 flushes (flushing a total of 0 entities and 0 collections);
    0 nanoseconds spent executing 0 pre-partial-flushes;
    0 nanoseconds spent executing 0 partial-flushes (flushing a total of 0 entities and 0 collections)
}
2026-04-29 23:21:01.852 INFO  [http-nio-8080-exec-4] o.h.e.i.StatisticalLoggingSessionEventListener - Session Metrics {
    696300 nanoseconds spent acquiring 1 JDBC connections;
    0 nanoseconds spent releasing 0 JDBC connections;
    141500 nanoseconds spent preparing 1 JDBC statements;
    1989700 nanoseconds spent executing 1 JDBC statements;
    0 nanoseconds spent executing 0 JDBC batches;
    0 nanoseconds spent performing 0 L2C puts;
    0 nanoseconds spent performing 0 L2C hits;
    0 nanoseconds spent performing 0 L2C misses;
    367900 nanoseconds spent executing 1 flushes (flushing a total of 2 entities and 1 collections);
    6400 nanoseconds spent executing 1 pre-partial-flushes;
    2600 nanoseconds spent executing 1 partial-flushes (flushing a total of 0 entities and 0 collections)
}
2026-04-29 23:21:02.078 INFO  [http-nio-8080-exec-2] o.h.e.i.StatisticalLoggingSessionEventListener - Session Metrics {
    854800 nanoseconds spent acquiring 1 JDBC connections;
    0 nanoseconds spent releasing 0 JDBC connections;
    1060300 nanoseconds spent preparing 2 JDBC statements;
    1786500 nanoseconds spent executing 1 JDBC statements;
    0 nanoseconds spent executing 0 JDBC batches;
    0 nanoseconds spent performing 0 L2C puts;
    0 nanoseconds spent performing 0 L2C hits;
    0 nanoseconds spent performing 0 L2C misses;
    0 nanoseconds spent executing 0 flushes (flushing a total of 0 entities and 0 collections);
    0 nanoseconds spent executing 0 pre-partial-flushes;
    0 nanoseconds spent executing 0 partial-flushes (flushing a total of 0 entities and 0 collections)
}
2026-04-29 23:21:02.078 INFO  [http-nio-8080-exec-8] o.h.e.i.StatisticalLoggingSessionEventListener - Session Metrics {
    20700 nanoseconds spent acquiring 1 JDBC connections;
    0 nanoseconds spent releasing 0 JDBC connections;
    135600 nanoseconds spent preparing 2 JDBC statements;
    2814400 nanoseconds spent executing 1 JDBC statements;
    0 nanoseconds spent executing 0 JDBC batches;
    0 nanoseconds spent performing 0 L2C puts;
    0 nanoseconds spent performing 0 L2C hits;
    0 nanoseconds spent performing 0 L2C misses;
    0 nanoseconds spent executing 0 flushes (flushing a total of 0 entities and 0 collections);
    0 nanoseconds spent executing 0 pre-partial-flushes;
    0 nanoseconds spent executing 0 partial-flushes (flushing a total of 0 entities and 0 collections)
}
2026-04-29 23:21:02.084 INFO  [http-nio-8080-exec-9] o.h.e.i.StatisticalLoggingSessionEventListener - Session Metrics {
    669400 nanoseconds spent acquiring 1 JDBC connections;
    0 nanoseconds spent releasing 0 JDBC connections;
    912600 nanoseconds spent preparing 2 JDBC statements;
    1995000 nanoseconds spent executing 1 JDBC statements;
    0 nanoseconds spent executing 0 JDBC batches;
    0 nanoseconds spent performing 0 L2C puts;
    0 nanoseconds spent performing 0 L2C hits;
    0 nanoseconds spent performing 0 L2C misses;
    0 nanoseconds spent executing 0 flushes (flushing a total of 0 entities and 0 collections);
    0 nanoseconds spent executing 0 pre-partial-flushes;
    0 nanoseconds spent executing 0 partial-flushes (flushing a total of 0 entities and 0 collections)
}
2026-04-29 23:21:02.084 INFO  [http-nio-8080-exec-10] o.h.e.i.StatisticalLoggingSessionEventListener - Session Metrics {
    445400 nanoseconds spent acquiring 1 JDBC connections;
    0 nanoseconds spent releasing 0 JDBC connections;
    611500 nanoseconds spent preparing 2 JDBC statements;
    1816700 nanoseconds spent executing 1 JDBC statements;
    0 nanoseconds spent executing 0 JDBC batches;
    0 nanoseconds spent performing 0 L2C puts;
    0 nanoseconds spent performing 0 L2C hits;
    0 nanoseconds spent performing 0 L2C misses;
    0 nanoseconds spent executing 0 flushes (flushing a total of 0 entities and 0 collections);
    0 nanoseconds spent executing 0 pre-partial-flushes;
    0 nanoseconds spent executing 0 partial-flushes (flushing a total of 0 entities and 0 collections)
}
2026-04-29 23:21:19.451 INFO  [http-nio-8080-exec-3] o.h.e.i.StatisticalLoggingSessionEventListener - Session Metrics {
    6582500 nanoseconds spent acquiring 1 JDBC connections;
    0 nanoseconds spent releasing 0 JDBC connections;
    750200 nanoseconds spent preparing 1 JDBC statements;
    3576300 nanoseconds spent executing 1 JDBC statements;
    0 nanoseconds spent executing 0 JDBC batches;
    0 nanoseconds spent performing 0 L2C puts;
    0 nanoseconds spent performing 0 L2C hits;
    0 nanoseconds spent performing 0 L2C misses;
    198900 nanoseconds spent executing 1 flushes (flushing a total of 2 entities and 1 collections);
    6600 nanoseconds spent executing 1 pre-partial-flushes;
    3400 nanoseconds spent executing 1 partial-flushes (flushing a total of 0 entities and 0 collections)
}
2026-04-29 23:21:19.564 INFO  [http-nio-8080-exec-5] o.h.e.i.StatisticalLoggingSessionEventListener - Session Metrics {
    987000 nanoseconds spent acquiring 1 JDBC connections;
    0 nanoseconds spent releasing 0 JDBC connections;
    1140700 nanoseconds spent preparing 2 JDBC statements;
    1318300 nanoseconds spent executing 1 JDBC statements;
    0 nanoseconds spent executing 0 JDBC batches;
    0 nanoseconds spent performing 0 L2C puts;
    0 nanoseconds spent performing 0 L2C hits;
    0 nanoseconds spent performing 0 L2C misses;
    0 nanoseconds spent executing 0 flushes (flushing a total of 0 entities and 0 collections);
    0 nanoseconds spent executing 0 pre-partial-flushes;
    0 nanoseconds spent executing 0 partial-flushes (flushing a total of 0 entities and 0 collections)
}
2026-04-29 23:21:19.564 INFO  [http-nio-8080-exec-7] o.h.e.i.StatisticalLoggingSessionEventListener - Session Metrics {
    793800 nanoseconds spent acquiring 1 JDBC connections;
    0 nanoseconds spent releasing 0 JDBC connections;
    907500 nanoseconds spent preparing 2 JDBC statements;
    2224900 nanoseconds spent executing 1 JDBC statements;
    0 nanoseconds spent executing 0 JDBC batches;
    0 nanoseconds spent performing 0 L2C puts;
    0 nanoseconds spent performing 0 L2C hits;
    0 nanoseconds spent performing 0 L2C misses;
    0 nanoseconds spent executing 0 flushes (flushing a total of 0 entities and 0 collections);
    0 nanoseconds spent executing 0 pre-partial-flushes;
    0 nanoseconds spent executing 0 partial-flushes (flushing a total of 0 entities and 0 collections)
}
2026-04-29 23:21:19.564 INFO  [http-nio-8080-exec-6] o.h.e.i.StatisticalLoggingSessionEventListener - Session Metrics {
    17700 nanoseconds spent acquiring 1 JDBC connections;
    0 nanoseconds spent releasing 0 JDBC connections;
    158500 nanoseconds spent preparing 2 JDBC statements;
    1391100 nanoseconds spent executing 1 JDBC statements;
    0 nanoseconds spent executing 0 JDBC batches;
    0 nanoseconds spent performing 0 L2C puts;
    0 nanoseconds spent performing 0 L2C hits;
    0 nanoseconds spent performing 0 L2C misses;
    0 nanoseconds spent executing 0 flushes (flushing a total of 0 entities and 0 collections);
    0 nanoseconds spent executing 0 pre-partial-flushes;
    0 nanoseconds spent executing 0 partial-flushes (flushing a total of 0 entities and 0 collections)
}
2026-04-29 23:21:19.566 INFO  [http-nio-8080-exec-1] o.h.e.i.StatisticalLoggingSessionEventListener - Session Metrics {
    669500 nanoseconds spent acquiring 1 JDBC connections;
    0 nanoseconds spent releasing 0 JDBC connections;
    791400 nanoseconds spent preparing 2 JDBC statements;
    1505200 nanoseconds spent executing 1 JDBC statements;
    0 nanoseconds spent executing 0 JDBC batches;
    0 nanoseconds spent performing 0 L2C puts;
    0 nanoseconds spent performing 0 L2C hits;
    0 nanoseconds spent performing 0 L2C misses;
    0 nanoseconds spent executing 0 flushes (flushing a total of 0 entities and 0 collections);
    0 nanoseconds spent executing 0 pre-partial-flushes;
    0 nanoseconds spent executing 0 partial-flushes (flushing a total of 0 entities and 0 collections)
}
2026-04-29 23:22:52.674 INFO  [http-nio-8080-exec-10] o.h.e.i.StatisticalLoggingSessionEventListener - Session Metrics {
    613600 nanoseconds spent acquiring 1 JDBC connections;
    0 nanoseconds spent releasing 0 JDBC connections;
    87500 nanoseconds spent preparing 1 JDBC statements;
    1436300 nanoseconds spent executing 1 JDBC statements;
    0 nanoseconds spent executing 0 JDBC batches;
    0 nanoseconds spent performing 0 L2C puts;
    0 nanoseconds spent performing 0 L2C hits;
    0 nanoseconds spent performing 0 L2C misses;
    222900 nanoseconds spent executing 1 flushes (flushing a total of 2 entities and 1 collections);
    5500 nanoseconds spent executing 1 pre-partial-flushes;
    3300 nanoseconds spent executing 1 partial-flushes (flushing a total of 0 entities and 0 collections)
}
2026-04-29 23:25:00.775 INFO  [http-nio-8080-exec-5] o.h.e.i.StatisticalLoggingSessionEventListener - Session Metrics {
    1071900 nanoseconds spent acquiring 1 JDBC connections;
    0 nanoseconds spent releasing 0 JDBC connections;
    91000 nanoseconds spent preparing 1 JDBC statements;
    1343500 nanoseconds spent executing 1 JDBC statements;
    0 nanoseconds spent executing 0 JDBC batches;
    0 nanoseconds spent performing 0 L2C puts;
    0 nanoseconds spent performing 0 L2C hits;
    0 nanoseconds spent performing 0 L2C misses;
    213600 nanoseconds spent executing 1 flushes (flushing a total of 2 entities and 1 collections);
    7700 nanoseconds spent executing 1 pre-partial-flushes;
    2300 nanoseconds spent executing 1 partial-flushes (flushing a total of 0 entities and 0 collections)
}
2026-04-29 23:27:03.489 INFO  [http-nio-8080-exec-7] o.h.e.i.StatisticalLoggingSessionEventListener - Session Metrics {
    1669900 nanoseconds spent acquiring 1 JDBC connections;
    0 nanoseconds spent releasing 0 JDBC connections;
    105200 nanoseconds spent preparing 1 JDBC statements;
    3185800 nanoseconds spent executing 1 JDBC statements;
    0 nanoseconds spent executing 0 JDBC batches;
    0 nanoseconds spent performing 0 L2C puts;
    0 nanoseconds spent performing 0 L2C hits;
    0 nanoseconds spent performing 0 L2C misses;
    256000 nanoseconds spent executing 1 flushes (flushing a total of 2 entities and 1 collections);
    8800 nanoseconds spent executing 1 pre-partial-flushes;
    4000 nanoseconds spent executing 1 partial-flushes (flushing a total of 0 entities and 0 collections)
}
2026-04-29 23:29:11.161 INFO  [http-nio-8080-exec-8] o.h.e.i.StatisticalLoggingSessionEventListener - Session Metrics {
    734700 nanoseconds spent acquiring 1 JDBC connections;
    0 nanoseconds spent releasing 0 JDBC connections;
    100200 nanoseconds spent preparing 1 JDBC statements;
    1454100 nanoseconds spent executing 1 JDBC statements;
    0 nanoseconds spent executing 0 JDBC batches;
    0 nanoseconds spent performing 0 L2C puts;
    0 nanoseconds spent performing 0 L2C hits;
    0 nanoseconds spent performing 0 L2C misses;
    3280800 nanoseconds spent executing 1 flushes (flushing a total of 2 entities and 1 collections);
    7800 nanoseconds spent executing 1 pre-partial-flushes;
    2900 nanoseconds spent executing 1 partial-flushes (flushing a total of 0 entities and 0 collections)
}
2026-04-29 23:29:11.577 INFO  [http-nio-8080-exec-10] o.h.e.i.StatisticalLoggingSessionEventListener - Session Metrics {
    844500 nanoseconds spent acquiring 1 JDBC connections;
    0 nanoseconds spent releasing 0 JDBC connections;
    973500 nanoseconds spent preparing 2 JDBC statements;
    1202500 nanoseconds spent executing 1 JDBC statements;
    0 nanoseconds spent executing 0 JDBC batches;
    0 nanoseconds spent performing 0 L2C puts;
    0 nanoseconds spent performing 0 L2C hits;
    0 nanoseconds spent performing 0 L2C misses;
    0 nanoseconds spent executing 0 flushes (flushing a total of 0 entities and 0 collections);
    0 nanoseconds spent executing 0 pre-partial-flushes;
    0 nanoseconds spent executing 0 partial-flushes (flushing a total of 0 entities and 0 collections)
}
2026-04-29 23:29:11.577 INFO  [http-nio-8080-exec-3] o.h.e.i.StatisticalLoggingSessionEventListener - Session Metrics {
    32600 nanoseconds spent acquiring 1 JDBC connections;
    0 nanoseconds spent releasing 0 JDBC connections;
    174500 nanoseconds spent preparing 2 JDBC statements;
    1433000 nanoseconds spent executing 1 JDBC statements;
    0 nanoseconds spent executing 0 JDBC batches;
    0 nanoseconds spent performing 0 L2C puts;
    0 nanoseconds spent performing 0 L2C hits;
    0 nanoseconds spent performing 0 L2C misses;
    0 nanoseconds spent executing 0 flushes (flushing a total of 0 entities and 0 collections);
    0 nanoseconds spent executing 0 pre-partial-flushes;
    0 nanoseconds spent executing 0 partial-flushes (flushing a total of 0 entities and 0 collections)
}
2026-04-29 23:29:11.583 INFO  [http-nio-8080-exec-5] o.h.e.i.StatisticalLoggingSessionEventListener - Session Metrics {
    16600 nanoseconds spent acquiring 1 JDBC connections;
    0 nanoseconds spent releasing 0 JDBC connections;
    176800 nanoseconds spent preparing 2 JDBC statements;
    1625200 nanoseconds spent executing 1 JDBC statements;
    0 nanoseconds spent executing 0 JDBC batches;
    0 nanoseconds spent performing 0 L2C puts;
    0 nanoseconds spent performing 0 L2C hits;
    0 nanoseconds spent performing 0 L2C misses;
    0 nanoseconds spent executing 0 flushes (flushing a total of 0 entities and 0 collections);
    0 nanoseconds spent executing 0 pre-partial-flushes;
    0 nanoseconds spent executing 0 partial-flushes (flushing a total of 0 entities and 0 collections)
}
2026-04-29 23:29:11.585 INFO  [http-nio-8080-exec-6] o.h.e.i.StatisticalLoggingSessionEventListener - Session Metrics {
    20300 nanoseconds spent acquiring 1 JDBC connections;
    0 nanoseconds spent releasing 0 JDBC connections;
    127400 nanoseconds spent preparing 2 JDBC statements;
    1568400 nanoseconds spent executing 1 JDBC statements;
    0 nanoseconds spent executing 0 JDBC batches;
    0 nanoseconds spent performing 0 L2C puts;
    0 nanoseconds spent performing 0 L2C hits;
    0 nanoseconds spent performing 0 L2C misses;
    0 nanoseconds spent executing 0 flushes (flushing a total of 0 entities and 0 collections);
    0 nanoseconds spent executing 0 pre-partial-flushes;
    0 nanoseconds spent executing 0 partial-flushes (flushing a total of 0 entities and 0 collections)
}
2026-04-29 23:55:51.864 INFO  [http-nio-8080-exec-4] o.h.e.i.StatisticalLoggingSessionEventListener - Session Metrics {
    719000 nanoseconds spent acquiring 1 JDBC connections;
    0 nanoseconds spent releasing 0 JDBC connections;
    112400 nanoseconds spent preparing 1 JDBC statements;
    2684400 nanoseconds spent executing 1 JDBC statements;
    0 nanoseconds spent executing 0 JDBC batches;
    0 nanoseconds spent performing 0 L2C puts;
    0 nanoseconds spent performing 0 L2C hits;
    0 nanoseconds spent performing 0 L2C misses;
    316200 nanoseconds spent executing 1 flushes (flushing a total of 2 entities and 1 collections);
    8700 nanoseconds spent executing 1 pre-partial-flushes;
    2600 nanoseconds spent executing 1 partial-flushes (flushing a total of 0 entities and 0 collections)
}
2026-04-29 23:55:52.296 INFO  [http-nio-8080-exec-2] o.h.e.i.StatisticalLoggingSessionEventListener - Session Metrics {
    26500 nanoseconds spent acquiring 1 JDBC connections;
    0 nanoseconds spent releasing 0 JDBC connections;
    186400 nanoseconds spent preparing 2 JDBC statements;
    2543200 nanoseconds spent executing 1 JDBC statements;
    0 nanoseconds spent executing 0 JDBC batches;
    0 nanoseconds spent performing 0 L2C puts;
    0 nanoseconds spent performing 0 L2C hits;
    0 nanoseconds spent performing 0 L2C misses;
    0 nanoseconds spent executing 0 flushes (flushing a total of 0 entities and 0 collections);
    0 nanoseconds spent executing 0 pre-partial-flushes;
    0 nanoseconds spent executing 0 partial-flushes (flushing a total of 0 entities and 0 collections)
}
2026-04-29 23:55:52.303 INFO  [http-nio-8080-exec-5] o.h.e.i.StatisticalLoggingSessionEventListener - Session Metrics {
    1806800 nanoseconds spent acquiring 1 JDBC connections;
    0 nanoseconds spent releasing 0 JDBC connections;
    2020600 nanoseconds spent preparing 2 JDBC statements;
    2790600 nanoseconds spent executing 1 JDBC statements;
    0 nanoseconds spent executing 0 JDBC batches;
    0 nanoseconds spent performing 0 L2C puts;
    0 nanoseconds spent performing 0 L2C hits;
    0 nanoseconds spent performing 0 L2C misses;
    0 nanoseconds spent executing 0 flushes (flushing a total of 0 entities and 0 collections);
    0 nanoseconds spent executing 0 pre-partial-flushes;
    0 nanoseconds spent executing 0 partial-flushes (flushing a total of 0 entities and 0 collections)
}
2026-04-29 23:55:52.311 INFO  [http-nio-8080-exec-8] o.h.e.i.StatisticalLoggingSessionEventListener - Session Metrics {
    1793800 nanoseconds spent acquiring 1 JDBC connections;
    0 nanoseconds spent releasing 0 JDBC connections;
    1995800 nanoseconds spent preparing 2 JDBC statements;
    2641600 nanoseconds spent executing 1 JDBC statements;
    0 nanoseconds spent executing 0 JDBC batches;
    0 nanoseconds spent performing 0 L2C puts;
    0 nanoseconds spent performing 0 L2C hits;
    0 nanoseconds spent performing 0 L2C misses;
    0 nanoseconds spent executing 0 flushes (flushing a total of 0 entities and 0 collections);
    0 nanoseconds spent executing 0 pre-partial-flushes;
    0 nanoseconds spent executing 0 partial-flushes (flushing a total of 0 entities and 0 collections)
}
2026-04-29 23:55:52.311 INFO  [http-nio-8080-exec-6] o.h.e.i.StatisticalLoggingSessionEventListener - Session Metrics {
    24000 nanoseconds spent acquiring 1 JDBC connections;
    0 nanoseconds spent releasing 0 JDBC connections;
    201800 nanoseconds spent preparing 2 JDBC statements;
    4072500 nanoseconds spent executing 1 JDBC statements;
    0 nanoseconds spent executing 0 JDBC batches;
    0 nanoseconds spent performing 0 L2C puts;
    0 nanoseconds spent performing 0 L2C hits;
    0 nanoseconds spent performing 0 L2C misses;
    0 nanoseconds spent executing 0 flushes (flushing a total of 0 entities and 0 collections);
    0 nanoseconds spent executing 0 pre-partial-flushes;
    0 nanoseconds spent executing 0 partial-flushes (flushing a total of 0 entities and 0 collections)
}
2026-04-29 23:55:52.415 INFO  [http-nio-8080-exec-1] o.h.e.i.StatisticalLoggingSessionEventListener - Session Metrics {
    0 nanoseconds spent acquiring 0 JDBC connections;
    0 nanoseconds spent releasing 0 JDBC connections;
    0 nanoseconds spent preparing 0 JDBC statements;
    0 nanoseconds spent executing 0 JDBC statements;
    0 nanoseconds spent executing 0 JDBC batches;
    0 nanoseconds spent performing 0 L2C puts;
    0 nanoseconds spent performing 0 L2C hits;
    0 nanoseconds spent performing 0 L2C misses;
    0 nanoseconds spent executing 0 flushes (flushing a total of 0 entities and 0 collections);
    0 nanoseconds spent executing 0 pre-partial-flushes;
    0 nanoseconds spent executing 0 partial-flushes (flushing a total of 0 entities and 0 collections)
}
2026-04-29 23:55:52.415 INFO  [http-nio-8080-exec-10] o.h.e.i.StatisticalLoggingSessionEventListener - Session Metrics {
    0 nanoseconds spent acquiring 0 JDBC connections;
    0 nanoseconds spent releasing 0 JDBC connections;
    0 nanoseconds spent preparing 0 JDBC statements;
    0 nanoseconds spent executing 0 JDBC statements;
    0 nanoseconds spent executing 0 JDBC batches;
    0 nanoseconds spent performing 0 L2C puts;
    0 nanoseconds spent performing 0 L2C hits;
    0 nanoseconds spent performing 0 L2C misses;
    0 nanoseconds spent executing 0 flushes (flushing a total of 0 entities and 0 collections);
    0 nanoseconds spent executing 0 pre-partial-flushes;
    0 nanoseconds spent executing 0 partial-flushes (flushing a total of 0 entities and 0 collections)
}
2026-04-29 23:55:52.480 INFO  [http-nio-8080-exec-10] o.h.e.i.StatisticalLoggingSessionEventListener - Session Metrics {
    0 nanoseconds spent acquiring 0 JDBC connections;
    0 nanoseconds spent releasing 0 JDBC connections;
    0 nanoseconds spent preparing 0 JDBC statements;
    0 nanoseconds spent executing 0 JDBC statements;
    0 nanoseconds spent executing 0 JDBC batches;
    0 nanoseconds spent performing 0 L2C puts;
    0 nanoseconds spent performing 0 L2C hits;
    0 nanoseconds spent performing 0 L2C misses;
    0 nanoseconds spent executing 0 flushes (flushing a total of 0 entities and 0 collections);
    0 nanoseconds spent executing 0 pre-partial-flushes;
    0 nanoseconds spent executing 0 partial-flushes (flushing a total of 0 entities and 0 collections)
}
2026-04-29 23:55:52.480 INFO  [http-nio-8080-exec-1] o.h.e.i.StatisticalLoggingSessionEventListener - Session Metrics {
    0 nanoseconds spent acquiring 0 JDBC connections;
    0 nanoseconds spent releasing 0 JDBC connections;
    0 nanoseconds spent preparing 0 JDBC statements;
    0 nanoseconds spent executing 0 JDBC statements;
    0 nanoseconds spent executing 0 JDBC batches;
    0 nanoseconds spent performing 0 L2C puts;
    0 nanoseconds spent performing 0 L2C hits;
    0 nanoseconds spent performing 0 L2C misses;
    0 nanoseconds spent executing 0 flushes (flushing a total of 0 entities and 0 collections);
    0 nanoseconds spent executing 0 pre-partial-flushes;
    0 nanoseconds spent executing 0 partial-flushes (flushing a total of 0 entities and 0 collections)
}
