2026-04-29 00:21:34.340 WARN  [main] org.hibernate.orm.deprecation - HHH90000025: OracleDialect does not need to be specified explicitly using 'hibernate.dialect' (remove the property setting and it will be selected by default)
2026-04-29 00:21:36.817 WARN  [main] o.s.b.a.o.j.JpaBaseConfiguration$JpaWebConfiguration - spring.jpa.open-in-view is enabled by default. Therefore, database queries may be performed during view rendering. Explicitly configure spring.jpa.open-in-view to disable this warning
2026-04-29 00:21:54.263 WARN  [lettuce-nioEventLoop-6-1] io.lettuce.core.RedisClient - Cannot connect Redis Sentinel at redis://redis-sentinel.redis.svc.cluster.local:26379?timeout=500000000ns: java.util.concurrent.CompletionException: java.net.UnknownHostException: No such host is known (redis-sentinel.redis.svc.cluster.local)
2026-04-29 00:21:54.269 WARN  [boundedElastic-1] o.s.b.a.d.r.RedisReactiveHealthIndicator - Redis health check failed
org.springframework.data.redis.RedisConnectionFailureException: Unable to connect to Redis
	at org.springframework.data.redis.connection.lettuce.LettuceConnectionFactory$ExceptionTranslatingConnectionProvider.translateException(LettuceConnectionFactory.java:1858)
	at org.springframework.data.redis.connection.lettuce.LettuceConnectionFactory$ExceptionTranslatingConnectionProvider.getConnection(LettuceConnectionFactory.java:1789)
	at org.springframework.data.redis.connection.lettuce.LettuceConnectionFactory$SharedConnection.getNativeConnection(LettuceConnectionFactory.java:1586)
	at org.springframework.data.redis.connection.lettuce.LettuceConnectionFactory$SharedConnection.lambda$getConnection$0(LettuceConnectionFactory.java:1566)
	at org.springframework.data.redis.connection.lettuce.LettuceConnectionFactory.doInLock(LettuceConnectionFactory.java:1527)
	at org.springframework.data.redis.connection.lettuce.LettuceConnectionFactory$SharedConnection.getConnection(LettuceConnectionFactory.java:1563)
	at org.springframework.data.redis.connection.lettuce.LettuceConnectionFactory.getSharedReactiveConnection(LettuceConnectionFactory.java:1274)
	at org.springframework.data.redis.connection.lettuce.LettuceConnectionFactory.getReactiveConnection(LettuceConnectionFactory.java:1149)
	at org.springframework.data.redis.connection.lettuce.LettuceConnectionFactory.getReactiveConnection(LettuceConnectionFactory.java:120)
	at reactor.core.publisher.MonoSupplier.call(MonoSupplier.java:67)
	at reactor.core.publisher.FluxSubscribeOnCallable$CallableSubscribeOnSubscription.run(FluxSubscribeOnCallable.java:228)
	at reactor.core.scheduler.SchedulerTask.call(SchedulerTask.java:68)
	at reactor.core.scheduler.SchedulerTask.call(SchedulerTask.java:28)
	at java.base/java.util.concurrent.FutureTask.run(FutureTask.java:264)
	at java.base/java.util.concurrent.ScheduledThreadPoolExecutor$ScheduledFutureTask.run(ScheduledThreadPoolExecutor.java:304)
	at java.base/java.util.concurrent.ThreadPoolExecutor.runWorker(ThreadPoolExecutor.java:1136)
	at java.base/java.util.concurrent.ThreadPoolExecutor$Worker.run(ThreadPoolExecutor.java:635)
	at java.base/java.lang.Thread.run(Thread.java:833)
Caused by: org.springframework.data.redis.connection.PoolException: Could not prepare the pool
	at org.springframework.data.redis.connection.lettuce.LettucePoolingConnectionProvider.lambda$getConnection$1(LettucePoolingConnectionProvider.java:101)
	at java.base/java.util.concurrent.ConcurrentHashMap.computeIfAbsent(ConcurrentHashMap.java:1708)
	at org.springframework.data.redis.connection.lettuce.LettucePoolingConnectionProvider.getConnection(LettucePoolingConnectionProvider.java:93)
	at org.springframework.data.redis.connection.lettuce.LettuceConnectionFactory$ExceptionTranslatingConnectionProvider.getConnection(LettuceConnectionFactory.java:1787)
	... 16 common frames omitted
Caused by: io.lettuce.core.RedisConnectionException: Cannot connect to a Redis Sentinel: [redis://redis-sentinel.redis.svc.cluster.local:26379?timeout=500000000ns]
	at io.lettuce.core.RedisConnectionException.create(RedisConnectionException.java:57)
	at io.lettuce.core.RedisConnectionException.create(RedisConnectionException.java:41)
	at io.lettuce.core.AbstractRedisClient.getConnection(AbstractRedisClient.java:354)
	at io.lettuce.core.RedisClient.connect(RedisClient.java:220)
	at org.springframework.data.redis.connection.lettuce.StandaloneConnectionProvider.lambda$getConnection$1(StandaloneConnectionProvider.java:112)
	at java.base/java.util.Optional.orElseGet(Optional.java:364)
	at org.springframework.data.redis.connection.lettuce.StandaloneConnectionProvider.getConnection(StandaloneConnectionProvider.java:112)
	at org.springframework.data.redis.connection.lettuce.LettucePoolingConnectionProvider.lambda$getConnection$0(LettucePoolingConnectionProvider.java:96)
	at io.lettuce.core.support.ConnectionPoolSupport$RedisPooledObjectFactory.create(ConnectionPoolSupport.java:270)
	at io.lettuce.core.support.ConnectionPoolSupport$RedisPooledObjectFactory.create(ConnectionPoolSupport.java:257)
	at org.apache.commons.pool2.BasePooledObjectFactory.makeObject(BasePooledObjectFactory.java:68)
	at org.apache.commons.pool2.impl.GenericObjectPool.create(GenericObjectPool.java:557)
	at org.apache.commons.pool2.impl.GenericObjectPool.ensureIdle(GenericObjectPool.java:630)
	at org.apache.commons.pool2.impl.GenericObjectPool.ensureMinIdle(GenericObjectPool.java:652)
	at org.apache.commons.pool2.impl.GenericObjectPool.preparePool(GenericObjectPool.java:970)
	at org.springframework.data.redis.connection.lettuce.LettucePoolingConnectionProvider.lambda$getConnection$1(LettucePoolingConnectionProvider.java:99)
	... 19 common frames omitted
Caused by: io.lettuce.core.RedisConnectionException: Cannot connect Redis Sentinel at redis://redis-sentinel.redis.svc.cluster.local:26379?timeout=500000000ns
	at io.lettuce.core.RedisClient.lambda$connectSentinelAsync$6(RedisClient.java:533)
	at reactor.core.publisher.Mono.lambda$onErrorMap$29(Mono.java:3862)
	at reactor.core.publisher.FluxOnErrorResume$ResumeSubscriber.onError(FluxOnErrorResume.java:94)
	at reactor.core.publisher.FluxOnErrorResume$ResumeSubscriber.onError(FluxOnErrorResume.java:106)
	at reactor.core.publisher.Operators.error(Operators.java:198)
	at reactor.core.publisher.MonoError.subscribe(MonoError.java:53)
	at reactor.core.publisher.Mono.subscribe(Mono.java:4576)
	at reactor.core.publisher.FluxOnErrorResume$ResumeSubscriber.onError(FluxOnErrorResume.java:103)
	at reactor.core.publisher.MonoCompletionStage$MonoCompletionStageSubscription.apply(MonoCompletionStage.java:115)
	at reactor.core.publisher.MonoCompletionStage$MonoCompletionStageSubscription.apply(MonoCompletionStage.java:67)
	at java.base/java.util.concurrent.CompletableFuture.uniHandle(CompletableFuture.java:934)
	at java.base/java.util.concurrent.CompletableFuture$UniHandle.tryFire(CompletableFuture.java:911)
	at java.base/java.util.concurrent.CompletableFuture.postComplete(CompletableFuture.java:510)
	at java.base/java.util.concurrent.CompletableFuture.completeExceptionally(CompletableFuture.java:2162)
	at io.lettuce.core.AbstractRedisClient.lambda$initializeChannelAsync0$6(AbstractRedisClient.java:458)
	at io.netty.util.concurrent.DefaultPromise.notifyListener0(DefaultPromise.java:603)
	at io.netty.util.concurrent.DefaultPromise.notifyListenersNow(DefaultPromise.java:570)
	at io.netty.util.concurrent.DefaultPromise.notifyListeners(DefaultPromise.java:505)
	at io.netty.util.concurrent.DefaultPromise.setValue0(DefaultPromise.java:649)
	at io.netty.util.concurrent.DefaultPromise.setFailure0(DefaultPromise.java:642)
	at io.netty.util.concurrent.DefaultPromise.setFailure(DefaultPromise.java:123)
	at io.netty.channel.DefaultChannelPromise.setFailure(DefaultChannelPromise.java:89)
	at io.netty.bootstrap.Bootstrap.doResolveAndConnect0(Bootstrap.java:228)
	at io.netty.bootstrap.Bootstrap.access$000(Bootstrap.java:47)
	at io.netty.bootstrap.Bootstrap$1.operationComplete(Bootstrap.java:189)
	at io.netty.bootstrap.Bootstrap$1.operationComplete(Bootstrap.java:175)
	at io.netty.util.concurrent.DefaultPromise.notifyListener0(DefaultPromise.java:603)
	at io.netty.util.concurrent.DefaultPromise.notifyListenersNow(DefaultPromise.java:570)
	at io.netty.util.concurrent.DefaultPromise.notifyListeners(DefaultPromise.java:505)
	at io.netty.util.concurrent.DefaultPromise.setValue0(DefaultPromise.java:649)
	at io.netty.util.concurrent.DefaultPromise.setSuccess0(DefaultPromise.java:638)
	at io.netty.util.concurrent.DefaultPromise.trySuccess(DefaultPromise.java:118)
	at io.netty.channel.DefaultChannelPromise.trySuccess(DefaultChannelPromise.java:84)
	at io.netty.channel.AbstractChannel$AbstractUnsafe.safeSetSuccess(AbstractChannel.java:988)
	at io.netty.channel.AbstractChannel$AbstractUnsafe.register0(AbstractChannel.java:515)
	at io.netty.channel.AbstractChannel$AbstractUnsafe.access$200(AbstractChannel.java:428)
	at io.netty.channel.AbstractChannel$AbstractUnsafe$1.run(AbstractChannel.java:485)
	at io.netty.util.concurrent.AbstractEventExecutor.runTask(AbstractEventExecutor.java:173)
	at io.netty.util.concurrent.AbstractEventExecutor.safeExecute(AbstractEventExecutor.java:166)
	at io.netty.util.concurrent.SingleThreadEventExecutor.runAllTasks(SingleThreadEventExecutor.java:472)
	at io.netty.channel.nio.NioEventLoop.run(NioEventLoop.java:569)
	at io.netty.util.concurrent.SingleThreadEventExecutor$4.run(SingleThreadEventExecutor.java:998)
	at io.netty.util.internal.ThreadExecutorMap$2.run(ThreadExecutorMap.java:74)
	at io.netty.util.concurrent.FastThreadLocalRunnable.run(FastThreadLocalRunnable.java:30)
	... 1 common frames omitted
Caused by: java.net.UnknownHostException: No such host is known (redis-sentinel.redis.svc.cluster.local)
	at java.base/java.net.Inet6AddressImpl.lookupAllHostAddr(Native Method)
	at java.base/java.net.Inet6AddressImpl.lookupAllHostAddr(Inet6AddressImpl.java:52)
	at java.base/java.net.InetAddress$PlatformResolver.lookupByName(InetAddress.java:1048)
	at java.base/java.net.InetAddress.getAddressesFromNameService(InetAddress.java:1648)
	at java.base/java.net.InetAddress$NameServiceAddresses.get(InetAddress.java:997)
	at java.base/java.net.InetAddress.getAllByName0(InetAddress.java:1638)
	at java.base/java.net.InetAddress.getAllByName(InetAddress.java:1504)
	at java.base/java.net.InetAddress.getByName(InetAddress.java:1393)
	at io.netty.util.internal.SocketUtils$8.run(SocketUtils.java:156)
	at io.netty.util.internal.SocketUtils$8.run(SocketUtils.java:153)
	at java.base/java.security.AccessController.doPrivileged(AccessController.java:569)
	at io.netty.util.internal.SocketUtils.addressByName(SocketUtils.java:153)
	at io.netty.resolver.DefaultNameResolver.doResolve(DefaultNameResolver.java:41)
	at io.netty.resolver.SimpleNameResolver.resolve(SimpleNameResolver.java:61)
	at io.netty.resolver.SimpleNameResolver.resolve(SimpleNameResolver.java:53)
	at io.netty.resolver.InetSocketAddressResolver.doResolve(InetSocketAddressResolver.java:55)
	at io.netty.resolver.InetSocketAddressResolver.doResolve(InetSocketAddressResolver.java:31)
	at io.netty.resolver.AbstractAddressResolver.resolve(AbstractAddressResolver.java:106)
	at io.netty.bootstrap.Bootstrap.doResolveAndConnect0(Bootstrap.java:220)
	... 22 common frames omitted
2026-04-29 06:26:06.891 WARN  [main] org.hibernate.orm.deprecation - HHH90000025: OracleDialect does not need to be specified explicitly using 'hibernate.dialect' (remove the property setting and it will be selected by default)
2026-04-29 06:26:08.921 WARN  [main] o.s.b.a.o.j.JpaBaseConfiguration$JpaWebConfiguration - spring.jpa.open-in-view is enabled by default. Therefore, database queries may be performed during view rendering. Explicitly configure spring.jpa.open-in-view to disable this warning
2026-04-29 06:26:52.696 WARN  [RMI TCP Connection(5)-192.168.1.245] o.s.b.actuate.jms.JmsHealthIndicator - JMS health check failed
jakarta.jms.JMSException: Could not connect to broker URL: tcp://192.168.1.99:61616. Reason: java.net.ConnectException: Connection timed out: no further information
	at org.apache.activemq.util.JMSExceptionSupport.create(JMSExceptionSupport.java:49)
	at org.apache.activemq.ActiveMQConnectionFactory.createActiveMQConnection(ActiveMQConnectionFactory.java:423)
	at org.apache.activemq.ActiveMQConnectionFactory.createActiveMQConnection(ActiveMQConnectionFactory.java:353)
	at org.apache.activemq.ActiveMQConnectionFactory.createConnection(ActiveMQConnectionFactory.java:245)
	at org.springframework.boot.actuate.jms.JmsHealthIndicator.doHealthCheck(JmsHealthIndicator.java:51)
	at org.springframework.boot.actuate.health.AbstractHealthIndicator.health(AbstractHealthIndicator.java:82)
	at org.springframework.boot.actuate.health.HealthIndicator.getHealth(HealthIndicator.java:37)
	at org.springframework.boot.actuate.health.HealthEndpoint.getHealth(HealthEndpoint.java:82)
	at org.springframework.boot.actuate.health.HealthEndpoint.getHealth(HealthEndpoint.java:41)
	at org.springframework.boot.actuate.health.HealthEndpointSupport.getLoggedHealth(HealthEndpointSupport.java:172)
	at org.springframework.boot.actuate.health.HealthEndpointSupport.getContribution(HealthEndpointSupport.java:145)
	at org.springframework.boot.actuate.health.HealthEndpointSupport.getAggregateContribution(HealthEndpointSupport.java:156)
	at org.springframework.boot.actuate.health.HealthEndpointSupport.getContribution(HealthEndpointSupport.java:141)
	at org.springframework.boot.actuate.health.HealthEndpointSupport.getHealth(HealthEndpointSupport.java:110)
	at org.springframework.boot.actuate.health.HealthEndpointSupport.getHealth(HealthEndpointSupport.java:81)
	at org.springframework.boot.actuate.health.HealthEndpoint.health(HealthEndpoint.java:76)
	at org.springframework.boot.actuate.health.HealthEndpoint.health(HealthEndpoint.java:66)
	at java.base/jdk.internal.reflect.DirectMethodHandleAccessor.invoke(DirectMethodHandleAccessor.java:104)
	at java.base/java.lang.reflect.Method.invoke(Method.java:577)
	at org.springframework.util.ReflectionUtils.invokeMethod(ReflectionUtils.java:281)
	at org.springframework.boot.actuate.endpoint.invoke.reflect.ReflectiveOperationInvoker.invoke(ReflectiveOperationInvoker.java:74)
	at org.springframework.boot.actuate.endpoint.annotation.AbstractDiscoveredOperation.invoke(AbstractDiscoveredOperation.java:60)
	at org.springframework.boot.actuate.endpoint.jmx.EndpointMBean.invoke(EndpointMBean.java:124)
	at org.springframework.boot.actuate.endpoint.jmx.EndpointMBean.invoke(EndpointMBean.java:97)
	at java.management/com.sun.jmx.interceptor.DefaultMBeanServerInterceptor.invoke(DefaultMBeanServerInterceptor.java:811)
	at java.management/com.sun.jmx.mbeanserver.JmxMBeanServer.invoke(JmxMBeanServer.java:802)
	at java.management.rmi/javax.management.remote.rmi.RMIConnectionImpl.doOperation(RMIConnectionImpl.java:1472)
	at java.management.rmi/javax.management.remote.rmi.RMIConnectionImpl$PrivilegedOperation.run(RMIConnectionImpl.java:1310)
	at java.management.rmi/javax.management.remote.rmi.RMIConnectionImpl.doPrivilegedOperation(RMIConnectionImpl.java:1405)
	at java.management.rmi/javax.management.remote.rmi.RMIConnectionImpl.invoke(RMIConnectionImpl.java:829)
	at java.base/jdk.internal.reflect.DirectMethodHandleAccessor.invoke(DirectMethodHandleAccessor.java:104)
	at java.base/java.lang.reflect.Method.invoke(Method.java:577)
	at java.rmi/sun.rmi.server.UnicastServerRef.dispatch(UnicastServerRef.java:360)
	at java.rmi/sun.rmi.transport.Transport$1.run(Transport.java:200)
	at java.rmi/sun.rmi.transport.Transport$1.run(Transport.java:197)
	at java.base/java.security.AccessController.doPrivileged(AccessController.java:712)
	at java.rmi/sun.rmi.transport.Transport.serviceCall(Transport.java:196)
	at java.rmi/sun.rmi.transport.tcp.TCPTransport.handleMessages(TCPTransport.java:598)
	at java.rmi/sun.rmi.transport.tcp.TCPTransport$ConnectionHandler.run0(TCPTransport.java:844)
	at java.rmi/sun.rmi.transport.tcp.TCPTransport$ConnectionHandler.lambda$run$0(TCPTransport.java:721)
	at java.base/java.security.AccessController.doPrivileged(AccessController.java:399)
	at java.rmi/sun.rmi.transport.tcp.TCPTransport$ConnectionHandler.run(TCPTransport.java:720)
	at java.base/java.util.concurrent.ThreadPoolExecutor.runWorker(ThreadPoolExecutor.java:1136)
	at java.base/java.util.concurrent.ThreadPoolExecutor$Worker.run(ThreadPoolExecutor.java:635)
	at java.base/java.lang.Thread.run(Thread.java:833)
Caused by: java.net.ConnectException: Connection timed out: no further information
	at java.base/sun.nio.ch.Net.pollConnect(Native Method)
	at java.base/sun.nio.ch.Net.pollConnectNow(Net.java:672)
	at java.base/sun.nio.ch.NioSocketImpl.timedFinishConnect(NioSocketImpl.java:546)
	at java.base/sun.nio.ch.NioSocketImpl.connect(NioSocketImpl.java:594)
	at java.base/java.net.SocksSocketImpl.connect(SocksSocketImpl.java:327)
	at java.base/java.net.Socket.connect(Socket.java:633)
	at org.apache.activemq.transport.tcp.TcpTransport.connect(TcpTransport.java:526)
	at org.apache.activemq.transport.tcp.TcpTransport.doStart(TcpTransport.java:489)
	at org.apache.activemq.util.ServiceSupport.start(ServiceSupport.java:55)
	at org.apache.activemq.transport.AbstractInactivityMonitor.start(AbstractInactivityMonitor.java:172)
	at org.apache.activemq.transport.InactivityMonitor.start(InactivityMonitor.java:52)
	at org.apache.activemq.transport.TransportFilter.start(TransportFilter.java:64)
	at org.apache.activemq.transport.WireFormatNegotiator.start(WireFormatNegotiator.java:72)
	at org.apache.activemq.transport.TransportFilter.start(TransportFilter.java:64)
	at org.apache.activemq.transport.TransportFilter.start(TransportFilter.java:64)
	at org.apache.activemq.ActiveMQConnectionFactory.createActiveMQConnection(ActiveMQConnectionFactory.java:403)
	... 43 common frames omitted
2026-04-29 06:26:52.704 WARN  [RMI TCP Connection(5)-192.168.1.245] o.s.b.a.health.HealthEndpointSupport - Health contributor org.springframework.boot.actuate.jms.JmsHealthIndicator (jms) took 21045ms to respond
2026-04-29 06:26:53.511 WARN  [lettuce-nioEventLoop-6-1] io.lettuce.core.RedisClient - Cannot connect Redis Sentinel at redis://redis-sentinel.redis.svc.cluster.local:26379?timeout=500000000ns: java.util.concurrent.CompletionException: java.net.UnknownHostException: No such host is known (redis-sentinel.redis.svc.cluster.local)
2026-04-29 06:26:53.517 WARN  [boundedElastic-1] o.s.b.a.d.r.RedisReactiveHealthIndicator - Redis health check failed
org.springframework.data.redis.RedisConnectionFailureException: Unable to connect to Redis
	at org.springframework.data.redis.connection.lettuce.LettuceConnectionFactory$ExceptionTranslatingConnectionProvider.translateException(LettuceConnectionFactory.java:1858)
	at org.springframework.data.redis.connection.lettuce.LettuceConnectionFactory$ExceptionTranslatingConnectionProvider.getConnection(LettuceConnectionFactory.java:1789)
	at org.springframework.data.redis.connection.lettuce.LettuceConnectionFactory$SharedConnection.getNativeConnection(LettuceConnectionFactory.java:1586)
	at org.springframework.data.redis.connection.lettuce.LettuceConnectionFactory$SharedConnection.lambda$getConnection$0(LettuceConnectionFactory.java:1566)
	at org.springframework.data.redis.connection.lettuce.LettuceConnectionFactory.doInLock(LettuceConnectionFactory.java:1527)
	at org.springframework.data.redis.connection.lettuce.LettuceConnectionFactory$SharedConnection.getConnection(LettuceConnectionFactory.java:1563)
	at org.springframework.data.redis.connection.lettuce.LettuceConnectionFactory.getSharedReactiveConnection(LettuceConnectionFactory.java:1274)
	at org.springframework.data.redis.connection.lettuce.LettuceConnectionFactory.getReactiveConnection(LettuceConnectionFactory.java:1149)
	at org.springframework.data.redis.connection.lettuce.LettuceConnectionFactory.getReactiveConnection(LettuceConnectionFactory.java:120)
	at reactor.core.publisher.MonoSupplier.call(MonoSupplier.java:67)
	at reactor.core.publisher.FluxSubscribeOnCallable$CallableSubscribeOnSubscription.run(FluxSubscribeOnCallable.java:228)
	at reactor.core.scheduler.SchedulerTask.call(SchedulerTask.java:68)
	at reactor.core.scheduler.SchedulerTask.call(SchedulerTask.java:28)
	at java.base/java.util.concurrent.FutureTask.run(FutureTask.java:264)
	at java.base/java.util.concurrent.ScheduledThreadPoolExecutor$ScheduledFutureTask.run(ScheduledThreadPoolExecutor.java:304)
	at java.base/java.util.concurrent.ThreadPoolExecutor.runWorker(ThreadPoolExecutor.java:1136)
	at java.base/java.util.concurrent.ThreadPoolExecutor$Worker.run(ThreadPoolExecutor.java:635)
	at java.base/java.lang.Thread.run(Thread.java:833)
Caused by: org.springframework.data.redis.connection.PoolException: Could not prepare the pool
	at org.springframework.data.redis.connection.lettuce.LettucePoolingConnectionProvider.lambda$getConnection$1(LettucePoolingConnectionProvider.java:101)
	at java.base/java.util.concurrent.ConcurrentHashMap.computeIfAbsent(ConcurrentHashMap.java:1708)
	at org.springframework.data.redis.connection.lettuce.LettucePoolingConnectionProvider.getConnection(LettucePoolingConnectionProvider.java:93)
	at org.springframework.data.redis.connection.lettuce.LettuceConnectionFactory$ExceptionTranslatingConnectionProvider.getConnection(LettuceConnectionFactory.java:1787)
	... 16 common frames omitted
Caused by: io.lettuce.core.RedisConnectionException: Cannot connect to a Redis Sentinel: [redis://redis-sentinel.redis.svc.cluster.local:26379?timeout=500000000ns]
	at io.lettuce.core.RedisConnectionException.create(RedisConnectionException.java:57)
	at io.lettuce.core.RedisConnectionException.create(RedisConnectionException.java:41)
	at io.lettuce.core.AbstractRedisClient.getConnection(AbstractRedisClient.java:354)
	at io.lettuce.core.RedisClient.connect(RedisClient.java:220)
	at org.springframework.data.redis.connection.lettuce.StandaloneConnectionProvider.lambda$getConnection$1(StandaloneConnectionProvider.java:112)
	at java.base/java.util.Optional.orElseGet(Optional.java:364)
	at org.springframework.data.redis.connection.lettuce.StandaloneConnectionProvider.getConnection(StandaloneConnectionProvider.java:112)
	at org.springframework.data.redis.connection.lettuce.LettucePoolingConnectionProvider.lambda$getConnection$0(LettucePoolingConnectionProvider.java:96)
	at io.lettuce.core.support.ConnectionPoolSupport$RedisPooledObjectFactory.create(ConnectionPoolSupport.java:270)
	at io.lettuce.core.support.ConnectionPoolSupport$RedisPooledObjectFactory.create(ConnectionPoolSupport.java:257)
	at org.apache.commons.pool2.BasePooledObjectFactory.makeObject(BasePooledObjectFactory.java:68)
	at org.apache.commons.pool2.impl.GenericObjectPool.create(GenericObjectPool.java:557)
	at org.apache.commons.pool2.impl.GenericObjectPool.ensureIdle(GenericObjectPool.java:630)
	at org.apache.commons.pool2.impl.GenericObjectPool.ensureMinIdle(GenericObjectPool.java:652)
	at org.apache.commons.pool2.impl.GenericObjectPool.preparePool(GenericObjectPool.java:970)
	at org.springframework.data.redis.connection.lettuce.LettucePoolingConnectionProvider.lambda$getConnection$1(LettucePoolingConnectionProvider.java:99)
	... 19 common frames omitted
Caused by: io.lettuce.core.RedisConnectionException: Cannot connect Redis Sentinel at redis://redis-sentinel.redis.svc.cluster.local:26379?timeout=500000000ns
	at io.lettuce.core.RedisClient.lambda$connectSentinelAsync$6(RedisClient.java:533)
	at reactor.core.publisher.Mono.lambda$onErrorMap$29(Mono.java:3862)
	at reactor.core.publisher.FluxOnErrorResume$ResumeSubscriber.onError(FluxOnErrorResume.java:94)
	at reactor.core.publisher.FluxOnErrorResume$ResumeSubscriber.onError(FluxOnErrorResume.java:106)
	at reactor.core.publisher.Operators.error(Operators.java:198)
	at reactor.core.publisher.MonoError.subscribe(MonoError.java:53)
	at reactor.core.publisher.Mono.subscribe(Mono.java:4576)
	at reactor.core.publisher.FluxOnErrorResume$ResumeSubscriber.onError(FluxOnErrorResume.java:103)
	at reactor.core.publisher.MonoCompletionStage$MonoCompletionStageSubscription.apply(MonoCompletionStage.java:115)
	at reactor.core.publisher.MonoCompletionStage$MonoCompletionStageSubscription.apply(MonoCompletionStage.java:67)
	at java.base/java.util.concurrent.CompletableFuture.uniHandle(CompletableFuture.java:934)
	at java.base/java.util.concurrent.CompletableFuture$UniHandle.tryFire(CompletableFuture.java:911)
	at java.base/java.util.concurrent.CompletableFuture.postComplete(CompletableFuture.java:510)
	at java.base/java.util.concurrent.CompletableFuture.completeExceptionally(CompletableFuture.java:2162)
	at io.lettuce.core.AbstractRedisClient.lambda$initializeChannelAsync0$6(AbstractRedisClient.java:458)
	at io.netty.util.concurrent.DefaultPromise.notifyListener0(DefaultPromise.java:603)
	at io.netty.util.concurrent.DefaultPromise.notifyListenersNow(DefaultPromise.java:570)
	at io.netty.util.concurrent.DefaultPromise.notifyListeners(DefaultPromise.java:505)
	at io.netty.util.concurrent.DefaultPromise.setValue0(DefaultPromise.java:649)
	at io.netty.util.concurrent.DefaultPromise.setFailure0(DefaultPromise.java:642)
	at io.netty.util.concurrent.DefaultPromise.setFailure(DefaultPromise.java:123)
	at io.netty.channel.DefaultChannelPromise.setFailure(DefaultChannelPromise.java:89)
	at io.netty.bootstrap.Bootstrap.doResolveAndConnect0(Bootstrap.java:228)
	at io.netty.bootstrap.Bootstrap.access$000(Bootstrap.java:47)
	at io.netty.bootstrap.Bootstrap$1.operationComplete(Bootstrap.java:189)
	at io.netty.bootstrap.Bootstrap$1.operationComplete(Bootstrap.java:175)
	at io.netty.util.concurrent.DefaultPromise.notifyListener0(DefaultPromise.java:603)
	at io.netty.util.concurrent.DefaultPromise.notifyListenersNow(DefaultPromise.java:570)
	at io.netty.util.concurrent.DefaultPromise.notifyListeners(DefaultPromise.java:505)
	at io.netty.util.concurrent.DefaultPromise.setValue0(DefaultPromise.java:649)
	at io.netty.util.concurrent.DefaultPromise.setSuccess0(DefaultPromise.java:638)
	at io.netty.util.concurrent.DefaultPromise.trySuccess(DefaultPromise.java:118)
	at io.netty.channel.DefaultChannelPromise.trySuccess(DefaultChannelPromise.java:84)
	at io.netty.channel.AbstractChannel$AbstractUnsafe.safeSetSuccess(AbstractChannel.java:988)
	at io.netty.channel.AbstractChannel$AbstractUnsafe.register0(AbstractChannel.java:515)
	at io.netty.channel.AbstractChannel$AbstractUnsafe.access$200(AbstractChannel.java:428)
	at io.netty.channel.AbstractChannel$AbstractUnsafe$1.run(AbstractChannel.java:485)
	at io.netty.util.concurrent.AbstractEventExecutor.runTask(AbstractEventExecutor.java:173)
	at io.netty.util.concurrent.AbstractEventExecutor.safeExecute(AbstractEventExecutor.java:166)
	at io.netty.util.concurrent.SingleThreadEventExecutor.runAllTasks(SingleThreadEventExecutor.java:472)
	at io.netty.channel.nio.NioEventLoop.run(NioEventLoop.java:569)
	at io.netty.util.concurrent.SingleThreadEventExecutor$4.run(SingleThreadEventExecutor.java:998)
	at io.netty.util.internal.ThreadExecutorMap$2.run(ThreadExecutorMap.java:74)
	at io.netty.util.concurrent.FastThreadLocalRunnable.run(FastThreadLocalRunnable.java:30)
	... 1 common frames omitted
Caused by: java.net.UnknownHostException: No such host is known (redis-sentinel.redis.svc.cluster.local)
	at java.base/java.net.Inet6AddressImpl.lookupAllHostAddr(Native Method)
	at java.base/java.net.Inet6AddressImpl.lookupAllHostAddr(Inet6AddressImpl.java:52)
	at java.base/java.net.InetAddress$PlatformResolver.lookupByName(InetAddress.java:1048)
	at java.base/java.net.InetAddress.getAddressesFromNameService(InetAddress.java:1648)
	at java.base/java.net.InetAddress$NameServiceAddresses.get(InetAddress.java:997)
	at java.base/java.net.InetAddress.getAllByName0(InetAddress.java:1638)
	at java.base/java.net.InetAddress.getAllByName(InetAddress.java:1504)
	at java.base/java.net.InetAddress.getByName(InetAddress.java:1393)
	at io.netty.util.internal.SocketUtils$8.run(SocketUtils.java:156)
	at io.netty.util.internal.SocketUtils$8.run(SocketUtils.java:153)
	at java.base/java.security.AccessController.doPrivileged(AccessController.java:569)
	at io.netty.util.internal.SocketUtils.addressByName(SocketUtils.java:153)
	at io.netty.resolver.DefaultNameResolver.doResolve(DefaultNameResolver.java:41)
	at io.netty.resolver.SimpleNameResolver.resolve(SimpleNameResolver.java:61)
	at io.netty.resolver.SimpleNameResolver.resolve(SimpleNameResolver.java:53)
	at io.netty.resolver.InetSocketAddressResolver.doResolve(InetSocketAddressResolver.java:55)
	at io.netty.resolver.InetSocketAddressResolver.doResolve(InetSocketAddressResolver.java:31)
	at io.netty.resolver.AbstractAddressResolver.resolve(AbstractAddressResolver.java:106)
	at io.netty.bootstrap.Bootstrap.doResolveAndConnect0(Bootstrap.java:220)
	... 22 common frames omitted
2026-04-29 06:27:57.591 WARN  [main] org.hibernate.orm.deprecation - HHH90000025: OracleDialect does not need to be specified explicitly using 'hibernate.dialect' (remove the property setting and it will be selected by default)
2026-04-29 06:27:59.719 WARN  [main] o.s.b.a.o.j.JpaBaseConfiguration$JpaWebConfiguration - spring.jpa.open-in-view is enabled by default. Therefore, database queries may be performed during view rendering. Explicitly configure spring.jpa.open-in-view to disable this warning
2026-04-29 06:28:43.313 WARN  [RMI TCP Connection(2)-169.254.31.210] o.s.b.actuate.jms.JmsHealthIndicator - JMS health check failed
jakarta.jms.JMSException: Could not connect to broker URL: tcp://192.168.1.99:61616. Reason: java.net.ConnectException: Connection timed out: no further information
	at org.apache.activemq.util.JMSExceptionSupport.create(JMSExceptionSupport.java:49)
	at org.apache.activemq.ActiveMQConnectionFactory.createActiveMQConnection(ActiveMQConnectionFactory.java:423)
	at org.apache.activemq.ActiveMQConnectionFactory.createActiveMQConnection(ActiveMQConnectionFactory.java:353)
	at org.apache.activemq.ActiveMQConnectionFactory.createConnection(ActiveMQConnectionFactory.java:245)
	at org.springframework.boot.actuate.jms.JmsHealthIndicator.doHealthCheck(JmsHealthIndicator.java:51)
	at org.springframework.boot.actuate.health.AbstractHealthIndicator.health(AbstractHealthIndicator.java:82)
	at org.springframework.boot.actuate.health.HealthIndicator.getHealth(HealthIndicator.java:37)
	at org.springframework.boot.actuate.health.HealthEndpoint.getHealth(HealthEndpoint.java:82)
	at org.springframework.boot.actuate.health.HealthEndpoint.getHealth(HealthEndpoint.java:41)
	at org.springframework.boot.actuate.health.HealthEndpointSupport.getLoggedHealth(HealthEndpointSupport.java:172)
	at org.springframework.boot.actuate.health.HealthEndpointSupport.getContribution(HealthEndpointSupport.java:145)
	at org.springframework.boot.actuate.health.HealthEndpointSupport.getAggregateContribution(HealthEndpointSupport.java:156)
	at org.springframework.boot.actuate.health.HealthEndpointSupport.getContribution(HealthEndpointSupport.java:141)
	at org.springframework.boot.actuate.health.HealthEndpointSupport.getHealth(HealthEndpointSupport.java:110)
	at org.springframework.boot.actuate.health.HealthEndpointSupport.getHealth(HealthEndpointSupport.java:81)
	at org.springframework.boot.actuate.health.HealthEndpoint.health(HealthEndpoint.java:76)
	at org.springframework.boot.actuate.health.HealthEndpoint.health(HealthEndpoint.java:66)
	at java.base/jdk.internal.reflect.DirectMethodHandleAccessor.invoke(DirectMethodHandleAccessor.java:104)
	at java.base/java.lang.reflect.Method.invoke(Method.java:577)
	at org.springframework.util.ReflectionUtils.invokeMethod(ReflectionUtils.java:281)
	at org.springframework.boot.actuate.endpoint.invoke.reflect.ReflectiveOperationInvoker.invoke(ReflectiveOperationInvoker.java:74)
	at org.springframework.boot.actuate.endpoint.annotation.AbstractDiscoveredOperation.invoke(AbstractDiscoveredOperation.java:60)
	at org.springframework.boot.actuate.endpoint.jmx.EndpointMBean.invoke(EndpointMBean.java:124)
	at org.springframework.boot.actuate.endpoint.jmx.EndpointMBean.invoke(EndpointMBean.java:97)
	at java.management/com.sun.jmx.interceptor.DefaultMBeanServerInterceptor.invoke(DefaultMBeanServerInterceptor.java:811)
	at java.management/com.sun.jmx.mbeanserver.JmxMBeanServer.invoke(JmxMBeanServer.java:802)
	at java.management.rmi/javax.management.remote.rmi.RMIConnectionImpl.doOperation(RMIConnectionImpl.java:1472)
	at java.management.rmi/javax.management.remote.rmi.RMIConnectionImpl$PrivilegedOperation.run(RMIConnectionImpl.java:1310)
	at java.management.rmi/javax.management.remote.rmi.RMIConnectionImpl.doPrivilegedOperation(RMIConnectionImpl.java:1405)
	at java.management.rmi/javax.management.remote.rmi.RMIConnectionImpl.invoke(RMIConnectionImpl.java:829)
	at java.base/jdk.internal.reflect.DirectMethodHandleAccessor.invoke(DirectMethodHandleAccessor.java:104)
	at java.base/java.lang.reflect.Method.invoke(Method.java:577)
	at java.rmi/sun.rmi.server.UnicastServerRef.dispatch(UnicastServerRef.java:360)
	at java.rmi/sun.rmi.transport.Transport$1.run(Transport.java:200)
	at java.rmi/sun.rmi.transport.Transport$1.run(Transport.java:197)
	at java.base/java.security.AccessController.doPrivileged(AccessController.java:712)
	at java.rmi/sun.rmi.transport.Transport.serviceCall(Transport.java:196)
	at java.rmi/sun.rmi.transport.tcp.TCPTransport.handleMessages(TCPTransport.java:598)
	at java.rmi/sun.rmi.transport.tcp.TCPTransport$ConnectionHandler.run0(TCPTransport.java:844)
	at java.rmi/sun.rmi.transport.tcp.TCPTransport$ConnectionHandler.lambda$run$0(TCPTransport.java:721)
	at java.base/java.security.AccessController.doPrivileged(AccessController.java:399)
	at java.rmi/sun.rmi.transport.tcp.TCPTransport$ConnectionHandler.run(TCPTransport.java:720)
	at java.base/java.util.concurrent.ThreadPoolExecutor.runWorker(ThreadPoolExecutor.java:1136)
	at java.base/java.util.concurrent.ThreadPoolExecutor$Worker.run(ThreadPoolExecutor.java:635)
	at java.base/java.lang.Thread.run(Thread.java:833)
Caused by: java.net.ConnectException: Connection timed out: no further information
	at java.base/sun.nio.ch.Net.pollConnect(Native Method)
	at java.base/sun.nio.ch.Net.pollConnectNow(Net.java:672)
	at java.base/sun.nio.ch.NioSocketImpl.timedFinishConnect(NioSocketImpl.java:546)
	at java.base/sun.nio.ch.NioSocketImpl.connect(NioSocketImpl.java:594)
	at java.base/java.net.SocksSocketImpl.connect(SocksSocketImpl.java:327)
	at java.base/java.net.Socket.connect(Socket.java:633)
	at org.apache.activemq.transport.tcp.TcpTransport.connect(TcpTransport.java:526)
	at org.apache.activemq.transport.tcp.TcpTransport.doStart(TcpTransport.java:489)
	at org.apache.activemq.util.ServiceSupport.start(ServiceSupport.java:55)
	at org.apache.activemq.transport.AbstractInactivityMonitor.start(AbstractInactivityMonitor.java:172)
	at org.apache.activemq.transport.InactivityMonitor.start(InactivityMonitor.java:52)
	at org.apache.activemq.transport.TransportFilter.start(TransportFilter.java:64)
	at org.apache.activemq.transport.WireFormatNegotiator.start(WireFormatNegotiator.java:72)
	at org.apache.activemq.transport.TransportFilter.start(TransportFilter.java:64)
	at org.apache.activemq.transport.TransportFilter.start(TransportFilter.java:64)
	at org.apache.activemq.ActiveMQConnectionFactory.createActiveMQConnection(ActiveMQConnectionFactory.java:403)
	... 43 common frames omitted
2026-04-29 06:28:43.318 WARN  [RMI TCP Connection(2)-169.254.31.210] o.s.b.a.health.HealthEndpointSupport - Health contributor org.springframework.boot.actuate.jms.JmsHealthIndicator (jms) took 21031ms to respond
2026-04-29 06:28:44.112 WARN  [lettuce-nioEventLoop-6-1] io.lettuce.core.RedisClient - Cannot connect Redis Sentinel at redis://redis-sentinel.redis.svc.cluster.local:26379?timeout=500000000ns: java.util.concurrent.CompletionException: java.net.UnknownHostException: No such host is known (redis-sentinel.redis.svc.cluster.local)
2026-04-29 06:28:44.121 WARN  [boundedElastic-1] o.s.b.a.d.r.RedisReactiveHealthIndicator - Redis health check failed
org.springframework.data.redis.RedisConnectionFailureException: Unable to connect to Redis
	at org.springframework.data.redis.connection.lettuce.LettuceConnectionFactory$ExceptionTranslatingConnectionProvider.translateException(LettuceConnectionFactory.java:1858)
	Suppressed: reactor.core.publisher.FluxOnAssembly$OnAssemblyException: 
Assembly trace from producer [reactor.core.publisher.MonoSubscribeOnCallable] :
	reactor.core.publisher.Mono.subscribeOn(Mono.java:4625)
	org.springframework.boot.actuate.data.redis.RedisReactiveHealthIndicator.getConnection(RedisReactiveHealthIndicator.java:57)
Error has been observed at the following site(s):
	*__Mono.subscribeOn ⇢ at org.springframework.boot.actuate.data.redis.RedisReactiveHealthIndicator.getConnection(RedisReactiveHealthIndicator.java:57)
	|_     Mono.flatMap ⇢ at org.springframework.boot.actuate.data.redis.RedisReactiveHealthIndicator.doHealthCheck(RedisReactiveHealthIndicator.java:52)
Original Stack Trace:
		at org.springframework.data.redis.connection.lettuce.LettuceConnectionFactory$ExceptionTranslatingConnectionProvider.translateException(LettuceConnectionFactory.java:1858)
		at org.springframework.data.redis.connection.lettuce.LettuceConnectionFactory$ExceptionTranslatingConnectionProvider.getConnection(LettuceConnectionFactory.java:1789)
		at org.springframework.data.redis.connection.lettuce.LettuceConnectionFactory$SharedConnection.getNativeConnection(LettuceConnectionFactory.java:1586)
		at org.springframework.data.redis.connection.lettuce.LettuceConnectionFactory$SharedConnection.lambda$getConnection$0(LettuceConnectionFactory.java:1566)
		at org.springframework.data.redis.connection.lettuce.LettuceConnectionFactory.doInLock(LettuceConnectionFactory.java:1527)
		at org.springframework.data.redis.connection.lettuce.LettuceConnectionFactory$SharedConnection.getConnection(LettuceConnectionFactory.java:1563)
		at org.springframework.data.redis.connection.lettuce.LettuceConnectionFactory.getSharedReactiveConnection(LettuceConnectionFactory.java:1274)
		at org.springframework.data.redis.connection.lettuce.LettuceConnectionFactory.getReactiveConnection(LettuceConnectionFactory.java:1149)
		at org.springframework.data.redis.connection.lettuce.LettuceConnectionFactory.getReactiveConnection(LettuceConnectionFactory.java:120)
		at reactor.core.publisher.MonoSupplier.call(MonoSupplier.java:67)
		at reactor.core.publisher.FluxSubscribeOnCallable$CallableSubscribeOnSubscription.run(FluxSubscribeOnCallable.java:228)
		at reactor.core.scheduler.SchedulerTask.call(SchedulerTask.java:68)
		at reactor.core.scheduler.SchedulerTask.call(SchedulerTask.java:28)
		at java.base/java.util.concurrent.FutureTask.run$$$capture(FutureTask.java:264)
		at java.base/java.util.concurrent.FutureTask.run(FutureTask.java)
		at java.base/java.util.concurrent.ScheduledThreadPoolExecutor$ScheduledFutureTask.run(ScheduledThreadPoolExecutor.java:304)
		at java.base/java.util.concurrent.ThreadPoolExecutor.runWorker(ThreadPoolExecutor.java:1136)
		at java.base/java.util.concurrent.ThreadPoolExecutor$Worker.run(ThreadPoolExecutor.java:635)
		at java.base/java.lang.Thread.run(Thread.java:833)
Caused by: org.springframework.data.redis.connection.PoolException: Could not prepare the pool
	at org.springframework.data.redis.connection.lettuce.LettucePoolingConnectionProvider.lambda$getConnection$1(LettucePoolingConnectionProvider.java:101)
	at java.base/java.util.concurrent.ConcurrentHashMap.computeIfAbsent(ConcurrentHashMap.java:1708)
	at org.springframework.data.redis.connection.lettuce.LettucePoolingConnectionProvider.getConnection(LettucePoolingConnectionProvider.java:93)
	at org.springframework.data.redis.connection.lettuce.LettuceConnectionFactory$ExceptionTranslatingConnectionProvider.getConnection(LettuceConnectionFactory.java:1787)
	at org.springframework.data.redis.connection.lettuce.LettuceConnectionFactory$SharedConnection.getNativeConnection(LettuceConnectionFactory.java:1586)
	at org.springframework.data.redis.connection.lettuce.LettuceConnectionFactory$SharedConnection.lambda$getConnection$0(LettuceConnectionFactory.java:1566)
	at org.springframework.data.redis.connection.lettuce.LettuceConnectionFactory.doInLock(LettuceConnectionFactory.java:1527)
	at org.springframework.data.redis.connection.lettuce.LettuceConnectionFactory$SharedConnection.getConnection(LettuceConnectionFactory.java:1563)
	at org.springframework.data.redis.connection.lettuce.LettuceConnectionFactory.getSharedReactiveConnection(LettuceConnectionFactory.java:1274)
	at org.springframework.data.redis.connection.lettuce.LettuceConnectionFactory.getReactiveConnection(LettuceConnectionFactory.java:1149)
	at org.springframework.data.redis.connection.lettuce.LettuceConnectionFactory.getReactiveConnection(LettuceConnectionFactory.java:120)
	at reactor.core.publisher.MonoSupplier.call(MonoSupplier.java:67)
	at reactor.core.publisher.MonoCallableOnAssembly.call(MonoCallableOnAssembly.java:91)
	at reactor.core.publisher.FluxSubscribeOnCallable$CallableSubscribeOnSubscription.run(FluxSubscribeOnCallable.java:228)
	at reactor.core.scheduler.SchedulerTask.call(SchedulerTask.java:68)
	at reactor.core.scheduler.SchedulerTask.call(SchedulerTask.java:28)
	at java.base/java.util.concurrent.FutureTask.run$$$capture(FutureTask.java:264)
	at java.base/java.util.concurrent.FutureTask.run(FutureTask.java)
	at java.base/java.util.concurrent.ScheduledThreadPoolExecutor$ScheduledFutureTask.run(ScheduledThreadPoolExecutor.java:304)
	at java.base/java.util.concurrent.ThreadPoolExecutor.runWorker(ThreadPoolExecutor.java:1136)
	at java.base/java.util.concurrent.ThreadPoolExecutor$Worker.run(ThreadPoolExecutor.java:635)
	at java.base/java.lang.Thread.run(Thread.java:833)
Caused by: io.lettuce.core.RedisConnectionException: Cannot connect to a Redis Sentinel: [redis://redis-sentinel.redis.svc.cluster.local:26379?timeout=500000000ns]
	at io.lettuce.core.RedisConnectionException.create(RedisConnectionException.java:57)
	at io.lettuce.core.RedisConnectionException.create(RedisConnectionException.java:41)
	at io.lettuce.core.AbstractRedisClient.getConnection(AbstractRedisClient.java:354)
	at io.lettuce.core.RedisClient.connect(RedisClient.java:220)
	at org.springframework.data.redis.connection.lettuce.StandaloneConnectionProvider.lambda$getConnection$1(StandaloneConnectionProvider.java:112)
	at java.base/java.util.Optional.orElseGet(Optional.java:364)
	at org.springframework.data.redis.connection.lettuce.StandaloneConnectionProvider.getConnection(StandaloneConnectionProvider.java:112)
	at org.springframework.data.redis.connection.lettuce.LettucePoolingConnectionProvider.lambda$getConnection$0(LettucePoolingConnectionProvider.java:96)
	at io.lettuce.core.support.ConnectionPoolSupport$RedisPooledObjectFactory.create(ConnectionPoolSupport.java:270)
	at io.lettuce.core.support.ConnectionPoolSupport$RedisPooledObjectFactory.create(ConnectionPoolSupport.java:257)
	at org.apache.commons.pool2.BasePooledObjectFactory.makeObject(BasePooledObjectFactory.java:68)
	at org.apache.commons.pool2.impl.GenericObjectPool.create(GenericObjectPool.java:557)
	at org.apache.commons.pool2.impl.GenericObjectPool.ensureIdle(GenericObjectPool.java:630)
	at org.apache.commons.pool2.impl.GenericObjectPool.ensureMinIdle(GenericObjectPool.java:652)
	at org.apache.commons.pool2.impl.GenericObjectPool.preparePool(GenericObjectPool.java:970)
	at org.springframework.data.redis.connection.lettuce.LettucePoolingConnectionProvider.lambda$getConnection$1(LettucePoolingConnectionProvider.java:99)
	... 21 common frames omitted
Caused by: io.lettuce.core.RedisConnectionException: Cannot connect Redis Sentinel at redis://redis-sentinel.redis.svc.cluster.local:26379?timeout=500000000ns
	at io.lettuce.core.RedisClient.lambda$connectSentinelAsync$6(RedisClient.java:533)
	Suppressed: reactor.core.publisher.FluxOnAssembly$OnAssemblyException: 
Assembly trace from producer [reactor.core.publisher.MonoError] :

Error has been observed at the following site(s):
	*__Mono.onErrorMap ⇢ at io.lettuce.core.RedisClient.connectSentinelAsync(RedisClient.java:533)
	|_  Mono.doOnError ⇢ at io.lettuce.core.RedisClient.connectSentinelAsync(RedisClient.java:534)
Original Stack Trace:
		at io.lettuce.core.RedisClient.lambda$connectSentinelAsync$6(RedisClient.java:533)
		at reactor.core.publisher.Mono.lambda$onErrorMap$29(Mono.java:3862)
		at reactor.core.publisher.FluxOnErrorResume$ResumeSubscriber.onError(FluxOnErrorResume.java:94)
		at reactor.core.publisher.FluxOnErrorResume$ResumeSubscriber.onError(FluxOnErrorResume.java:106)
		at reactor.core.publisher.Operators.error(Operators.java:198)
		at reactor.core.publisher.MonoError.subscribe(MonoError.java:53)
		at reactor.core.publisher.Mono.subscribe(Mono.java:4576)
		at reactor.core.publisher.FluxOnErrorResume$ResumeSubscriber.onError(FluxOnErrorResume.java:103)
		at reactor.core.publisher.MonoCompletionStage$MonoCompletionStageSubscription.apply(MonoCompletionStage.java:115)
		at reactor.core.publisher.MonoCompletionStage$MonoCompletionStageSubscription.apply(MonoCompletionStage.java:67)
		at java.base/java.util.concurrent.CompletableFuture.uniHandle(CompletableFuture.java:934)
		at java.base/java.util.concurrent.CompletableFuture$UniHandle.tryFire(CompletableFuture.java:911)
		at java.base/java.util.concurrent.CompletableFuture.postComplete(CompletableFuture.java:510)
		at java.base/java.util.concurrent.CompletableFuture.completeExceptionally(CompletableFuture.java:2162)
		at io.lettuce.core.AbstractRedisClient.lambda$initializeChannelAsync0$6(AbstractRedisClient.java:458)
		at io.netty.util.concurrent.DefaultPromise.notifyListener0(DefaultPromise.java:603)
		at io.netty.util.concurrent.DefaultPromise.notifyListenersNow(DefaultPromise.java:570)
		at io.netty.util.concurrent.DefaultPromise.notifyListeners(DefaultPromise.java:505)
		at io.netty.util.concurrent.DefaultPromise.setValue0(DefaultPromise.java:649)
		at io.netty.util.concurrent.DefaultPromise.setFailure0(DefaultPromise.java:642)
		at io.netty.util.concurrent.DefaultPromise.setFailure(DefaultPromise.java:123)
		at io.netty.channel.DefaultChannelPromise.setFailure(DefaultChannelPromise.java:89)
		at io.netty.bootstrap.Bootstrap.doResolveAndConnect0(Bootstrap.java:228)
		at io.netty.bootstrap.Bootstrap.access$000(Bootstrap.java:47)
		at io.netty.bootstrap.Bootstrap$1.operationComplete(Bootstrap.java:189)
		at io.netty.bootstrap.Bootstrap$1.operationComplete(Bootstrap.java:175)
		at io.netty.util.concurrent.DefaultPromise.notifyListener0(DefaultPromise.java:603)
		at io.netty.util.concurrent.DefaultPromise.notifyListenersNow(DefaultPromise.java:570)
		at io.netty.util.concurrent.DefaultPromise.notifyListeners(DefaultPromise.java:505)
		at io.netty.util.concurrent.DefaultPromise.setValue0(DefaultPromise.java:649)
		at io.netty.util.concurrent.DefaultPromise.setSuccess0(DefaultPromise.java:638)
		at io.netty.util.concurrent.DefaultPromise.trySuccess(DefaultPromise.java:118)
		at io.netty.channel.DefaultChannelPromise.trySuccess(DefaultChannelPromise.java:84)
		at io.netty.channel.AbstractChannel$AbstractUnsafe.safeSetSuccess(AbstractChannel.java:988)
		at io.netty.channel.AbstractChannel$AbstractUnsafe.register0(AbstractChannel.java:515)
		at io.netty.channel.AbstractChannel$AbstractUnsafe.access$200(AbstractChannel.java:428)
		at io.netty.channel.AbstractChannel$AbstractUnsafe$1.run(AbstractChannel.java:485)
		at io.netty.util.concurrent.AbstractEventExecutor.runTask$$$capture(AbstractEventExecutor.java:173)
		at io.netty.util.concurrent.AbstractEventExecutor.runTask(AbstractEventExecutor.java)
		at io.netty.util.concurrent.AbstractEventExecutor.safeExecute$$$capture(AbstractEventExecutor.java:166)
		at io.netty.util.concurrent.AbstractEventExecutor.safeExecute(AbstractEventExecutor.java)
		at io.netty.util.concurrent.SingleThreadEventExecutor.runAllTasks(SingleThreadEventExecutor.java:472)
		at io.netty.channel.nio.NioEventLoop.run(NioEventLoop.java:569)
		at io.netty.util.concurrent.SingleThreadEventExecutor$4.run(SingleThreadEventExecutor.java:998)
		at io.netty.util.internal.ThreadExecutorMap$2.run(ThreadExecutorMap.java:74)
		at io.netty.util.concurrent.FastThreadLocalRunnable.run(FastThreadLocalRunnable.java:30)
		at java.base/java.lang.Thread.run(Thread.java:833)
Caused by: java.net.UnknownHostException: No such host is known (redis-sentinel.redis.svc.cluster.local)
	at java.base/java.net.Inet6AddressImpl.lookupAllHostAddr(Native Method)
	Suppressed: reactor.core.publisher.FluxOnAssembly$OnAssemblyException: 
Assembly trace from producer [reactor.core.publisher.MonoCompletionStage] :
	reactor.core.publisher.Mono.toFuture(Mono.java:5153)
	io.lettuce.core.RedisClient.connectSentinelAsync(RedisClient.java:562)
Error has been observed at the following site(s):
	*______________________________________________Mono.toFuture ⇢ at io.lettuce.core.RedisClient.connectSentinelAsync(RedisClient.java:562)
	*___________________________________Mono.fromCompletionStage ⇢ at io.lettuce.core.RedisClient.connectSentinelAsync(RedisClient.java:531)
	|_                                           Mono.onErrorMap ⇢ at io.lettuce.core.RedisClient.connectSentinelAsync(RedisClient.java:532)
	*__MonoCompletionStage$MonoCompletionStageSubscription.apply ⇢ at java.base/java.util.concurrent.CompletableFuture.uniHandle(CompletableFuture.java:934)
Original Stack Trace:
		at java.base/java.net.Inet6AddressImpl.lookupAllHostAddr(Native Method)
		at java.base/java.net.Inet6AddressImpl.lookupAllHostAddr(Inet6AddressImpl.java:52)
		at java.base/java.net.InetAddress$PlatformResolver.lookupByName(InetAddress.java:1048)
		at java.base/java.net.InetAddress.getAddressesFromNameService(InetAddress.java:1648)
		at java.base/java.net.InetAddress$NameServiceAddresses.get(InetAddress.java:997)
		at java.base/java.net.InetAddress.getAllByName0(InetAddress.java:1638)
		at java.base/java.net.InetAddress.getAllByName(InetAddress.java:1504)
		at java.base/java.net.InetAddress.getByName(InetAddress.java:1393)
		at io.netty.util.internal.SocketUtils$8.run(SocketUtils.java:156)
		at io.netty.util.internal.SocketUtils$8.run(SocketUtils.java:153)
		at java.base/java.security.AccessController.doPrivileged(AccessController.java:569)
		at io.netty.util.internal.SocketUtils.addressByName(SocketUtils.java:153)
		at io.netty.resolver.DefaultNameResolver.doResolve(DefaultNameResolver.java:41)
		at io.netty.resolver.SimpleNameResolver.resolve(SimpleNameResolver.java:61)
		at io.netty.resolver.SimpleNameResolver.resolve(SimpleNameResolver.java:53)
		at io.netty.resolver.InetSocketAddressResolver.doResolve(InetSocketAddressResolver.java:55)
		at io.netty.resolver.InetSocketAddressResolver.doResolve(InetSocketAddressResolver.java:31)
		at io.netty.resolver.AbstractAddressResolver.resolve(AbstractAddressResolver.java:106)
		at io.netty.bootstrap.Bootstrap.doResolveAndConnect0(Bootstrap.java:220)
		at io.netty.bootstrap.Bootstrap.access$000(Bootstrap.java:47)
		at io.netty.bootstrap.Bootstrap$1.operationComplete(Bootstrap.java:189)
		at io.netty.bootstrap.Bootstrap$1.operationComplete(Bootstrap.java:175)
		at io.netty.util.concurrent.DefaultPromise.notifyListener0(DefaultPromise.java:603)
		at io.netty.util.concurrent.DefaultPromise.notifyListenersNow(DefaultPromise.java:570)
		at io.netty.util.concurrent.DefaultPromise.notifyListeners(DefaultPromise.java:505)
		at io.netty.util.concurrent.DefaultPromise.setValue0(DefaultPromise.java:649)
		at io.netty.util.concurrent.DefaultPromise.setSuccess0(DefaultPromise.java:638)
		at io.netty.util.concurrent.DefaultPromise.trySuccess(DefaultPromise.java:118)
		at io.netty.channel.DefaultChannelPromise.trySuccess(DefaultChannelPromise.java:84)
		at io.netty.channel.AbstractChannel$AbstractUnsafe.safeSetSuccess(AbstractChannel.java:988)
		at io.netty.channel.AbstractChannel$AbstractUnsafe.register0(AbstractChannel.java:515)
		at io.netty.channel.AbstractChannel$AbstractUnsafe.access$200(AbstractChannel.java:428)
		at io.netty.channel.AbstractChannel$AbstractUnsafe$1.run(AbstractChannel.java:485)
		at io.netty.util.concurrent.AbstractEventExecutor.runTask$$$capture(AbstractEventExecutor.java:173)
		at io.netty.util.concurrent.AbstractEventExecutor.runTask(AbstractEventExecutor.java)
		at io.netty.util.concurrent.AbstractEventExecutor.safeExecute$$$capture(AbstractEventExecutor.java:166)
		at io.netty.util.concurrent.AbstractEventExecutor.safeExecute(AbstractEventExecutor.java)
		at io.netty.util.concurrent.SingleThreadEventExecutor.runAllTasks(SingleThreadEventExecutor.java:472)
		at io.netty.channel.nio.NioEventLoop.run(NioEventLoop.java:569)
		at io.netty.util.concurrent.SingleThreadEventExecutor$4.run(SingleThreadEventExecutor.java:998)
		at io.netty.util.internal.ThreadExecutorMap$2.run(ThreadExecutorMap.java:74)
		at io.netty.util.concurrent.FastThreadLocalRunnable.run(FastThreadLocalRunnable.java:30)
		at java.base/java.lang.Thread.run(Thread.java:833)
2026-04-29 06:40:57.796 WARN  [HikariPool-1:housekeeper] com.zaxxer.hikari.pool.HikariPool - HikariPool-1 - Thread starvation or clock leap detected (housekeeper delta=10m57s594ms945µs800ns).
2026-04-29 06:50:27.307 WARN  [HikariPool-1:housekeeper] com.zaxxer.hikari.pool.HikariPool - HikariPool-1 - Thread starvation or clock leap detected (housekeeper delta=7m59s482ms628µs500ns).
2026-04-29 06:59:02.094 WARN  [main] org.hibernate.orm.deprecation - HHH90000025: OracleDialect does not need to be specified explicitly using 'hibernate.dialect' (remove the property setting and it will be selected by default)
2026-04-29 06:59:03.913 WARN  [main] o.s.b.a.o.j.JpaBaseConfiguration$JpaWebConfiguration - spring.jpa.open-in-view is enabled by default. Therefore, database queries may be performed during view rendering. Explicitly configure spring.jpa.open-in-view to disable this warning
2026-04-29 07:00:18.637 WARN  [HikariPool-1:housekeeper] com.zaxxer.hikari.pool.HikariPool - HikariPool-1 - Thread starvation or clock leap detected (housekeeper delta=46s926ms169µs300ns).
2026-04-29 07:13:34.601 WARN  [HikariPool-1:housekeeper] com.zaxxer.hikari.pool.HikariPool - HikariPool-1 - Thread starvation or clock leap detected (housekeeper delta=13m15s963ms959µs700ns).
2026-04-29 07:14:52.117 WARN  [HikariPool-1:housekeeper] com.zaxxer.hikari.pool.HikariPool - HikariPool-1 - Thread starvation or clock leap detected (housekeeper delta=47s508ms842µs700ns).
2026-04-29 08:08:58.768 WARN  [HikariPool-1:housekeeper] com.zaxxer.hikari.pool.HikariPool - HikariPool-1 - Thread starvation or clock leap detected (housekeeper delta=2m35s484ms498µs800ns).
2026-04-29 08:17:38.723 WARN  [HikariPool-1:housekeeper] com.zaxxer.hikari.pool.PoolBase - HikariPool-1 - Failed to validate connection oracle.jdbc.driver.T4CConnection@7a359017 (ORA-17008: Closed connection
https://docs.oracle.com/error-help/db/ora-17008/). Possibly consider using a shorter maxLifetime value.
2026-04-29 08:22:10.367 WARN  [HikariPool-1:housekeeper] com.zaxxer.hikari.pool.PoolBase - HikariPool-1 - Failed to validate connection oracle.jdbc.driver.T4CConnection@4487e609 (ORA-17008: Closed connection
https://docs.oracle.com/error-help/db/ora-17008/). Possibly consider using a shorter maxLifetime value.
2026-04-29 08:28:02.676 WARN  [HikariPool-1:housekeeper] com.zaxxer.hikari.pool.PoolBase - HikariPool-1 - Failed to validate connection oracle.jdbc.driver.T4CConnection@6e02095d (ORA-17008: Closed connection
https://docs.oracle.com/error-help/db/ora-17008/). Possibly consider using a shorter maxLifetime value.
2026-04-29 08:29:21.688 WARN  [HikariPool-1:housekeeper] com.zaxxer.hikari.pool.HikariPool - HikariPool-1 - Thread starvation or clock leap detected (housekeeper delta=48s997ms128µs900ns).
2026-04-29 08:33:00.350 WARN  [HikariPool-1:housekeeper] com.zaxxer.hikari.pool.PoolBase - HikariPool-1 - Failed to validate connection oracle.jdbc.driver.T4CConnection@73ad4a77 (ORA-17008: Closed connection
https://docs.oracle.com/error-help/db/ora-17008/). Possibly consider using a shorter maxLifetime value.
2026-04-29 08:41:15.346 WARN  [HikariPool-1:housekeeper] com.zaxxer.hikari.pool.PoolBase - HikariPool-1 - Failed to validate connection oracle.jdbc.driver.T4CConnection@e8469e0 (ORA-17008: Closed connection
https://docs.oracle.com/error-help/db/ora-17008/). Possibly consider using a shorter maxLifetime value.
2026-04-29 08:43:17.189 WARN  [HikariPool-1:housekeeper] com.zaxxer.hikari.pool.PoolBase - HikariPool-1 - Failed to validate connection oracle.jdbc.driver.T4CConnection@41f3463b (ORA-17008: Closed connection
https://docs.oracle.com/error-help/db/ora-17008/). Possibly consider using a shorter maxLifetime value.
2026-04-29 08:45:23.859 WARN  [HikariPool-1:housekeeper] com.zaxxer.hikari.pool.PoolBase - HikariPool-1 - Failed to validate connection oracle.jdbc.driver.T4CConnection@2498b41f (ORA-17008: Closed connection
https://docs.oracle.com/error-help/db/ora-17008/). Possibly consider using a shorter maxLifetime value.
2026-04-29 08:59:10.978 WARN  [HikariPool-1:housekeeper] com.zaxxer.hikari.pool.PoolBase - HikariPool-1 - Failed to validate connection oracle.jdbc.driver.T4CConnection@2725d7fc (ORA-17008: Closed connection
https://docs.oracle.com/error-help/db/ora-17008/). Possibly consider using a shorter maxLifetime value.
2026-04-29 09:02:57.029 WARN  [HikariPool-1:housekeeper] com.zaxxer.hikari.pool.PoolBase - HikariPool-1 - Failed to validate connection oracle.jdbc.driver.T4CConnection@6406c7d7 (ORA-17008: Closed connection
https://docs.oracle.com/error-help/db/ora-17008/). Possibly consider using a shorter maxLifetime value.
2026-04-29 09:08:55.131 WARN  [HikariPool-1:housekeeper] com.zaxxer.hikari.pool.PoolBase - HikariPool-1 - Failed to validate connection oracle.jdbc.driver.T4CConnection@64a1df66 (ORA-17008: Closed connection
https://docs.oracle.com/error-help/db/ora-17008/). Possibly consider using a shorter maxLifetime value.
2026-04-29 09:14:15.033 WARN  [HikariPool-1:housekeeper] com.zaxxer.hikari.pool.PoolBase - HikariPool-1 - Failed to validate connection oracle.jdbc.driver.T4CConnection@2d73acf7 (ORA-17008: Closed connection
https://docs.oracle.com/error-help/db/ora-17008/). Possibly consider using a shorter maxLifetime value.
2026-04-29 09:27:10.243 WARN  [HikariPool-1:housekeeper] com.zaxxer.hikari.pool.PoolBase - HikariPool-1 - Failed to validate connection oracle.jdbc.driver.T4CConnection@29cc0865 (ORA-17008: Closed connection
https://docs.oracle.com/error-help/db/ora-17008/). Possibly consider using a shorter maxLifetime value.
2026-04-29 09:34:04.334 WARN  [HikariPool-1:housekeeper] com.zaxxer.hikari.pool.HikariPool - HikariPool-1 - Thread starvation or clock leap detected (housekeeper delta=6m31s211ms873µs100ns).
2026-04-29 09:34:04.354 WARN  [org.springframework.jms.JmsListenerEndpointContainer#0-2] o.s.j.l.DefaultMessageListenerContainer - Setup of JMS message listener invoker failed for destination 'hr.create.user.queue' - trying to recover. Cause: java.io.EOFException
2026-04-29 09:34:09.336 WARN  [HikariPool-1:housekeeper] com.zaxxer.hikari.pool.PoolBase - HikariPool-1 - Failed to validate connection oracle.jdbc.driver.T4CConnection@218c68ce (ORA-17008: Closed connection
https://docs.oracle.com/error-help/db/ora-17008/). Possibly consider using a shorter maxLifetime value.
2026-04-29 09:34:21.717 WARN  [HikariPool-1:housekeeper] com.zaxxer.hikari.pool.PoolBase - HikariPool-1 - Failed to validate connection oracle.jdbc.driver.T4CConnection@5e00f204 (ORA-17008: Closed connection
https://docs.oracle.com/error-help/db/ora-17008/). Possibly consider using a shorter maxLifetime value.
2026-04-29 09:39:20.860 WARN  [HikariPool-1:housekeeper] com.zaxxer.hikari.pool.PoolBase - HikariPool-1 - Failed to validate connection oracle.jdbc.driver.T4CConnection@43d288dd (ORA-17008: Closed connection
https://docs.oracle.com/error-help/db/ora-17008/). Possibly consider using a shorter maxLifetime value.
2026-04-29 09:42:49.344 WARN  [HikariPool-1:housekeeper] com.zaxxer.hikari.pool.PoolBase - HikariPool-1 - Failed to validate connection oracle.jdbc.driver.T4CConnection@2e83e80c (ORA-17008: Closed connection
https://docs.oracle.com/error-help/db/ora-17008/). Possibly consider using a shorter maxLifetime value.
2026-04-29 09:49:08.613 WARN  [org.springframework.jms.JmsListenerEndpointContainer#0-3] o.s.j.l.DefaultMessageListenerContainer - Setup of JMS message listener invoker failed for destination 'hr.create.user.queue' - trying to recover. Cause: java.io.EOFException
2026-04-29 09:52:27.810 WARN  [HikariPool-1:housekeeper] com.zaxxer.hikari.pool.PoolBase - HikariPool-1 - Failed to validate connection oracle.jdbc.driver.T4CConnection@3c465b52 (ORA-17008: Closed connection
https://docs.oracle.com/error-help/db/ora-17008/). Possibly consider using a shorter maxLifetime value.
2026-04-29 09:52:46.868 WARN  [HikariPool-1:housekeeper] com.zaxxer.hikari.pool.PoolBase - HikariPool-1 - Failed to validate connection oracle.jdbc.driver.T4CConnection@3173cf1f (ORA-17008: Closed connection
https://docs.oracle.com/error-help/db/ora-17008/). Possibly consider using a shorter maxLifetime value.
2026-04-29 10:02:43.696 WARN  [HikariPool-1:housekeeper] com.zaxxer.hikari.pool.PoolBase - HikariPool-1 - Failed to validate connection oracle.jdbc.driver.T4CConnection@42ff6bbf (ORA-17008: Closed connection
https://docs.oracle.com/error-help/db/ora-17008/). Possibly consider using a shorter maxLifetime value.
2026-04-29 10:07:53.910 WARN  [HikariPool-1:housekeeper] com.zaxxer.hikari.pool.PoolBase - HikariPool-1 - Failed to validate connection oracle.jdbc.driver.T4CConnection@3acf2e2d (ORA-17008: Closed connection
https://docs.oracle.com/error-help/db/ora-17008/). Possibly consider using a shorter maxLifetime value.
2026-04-29 10:31:19.350 WARN  [HikariPool-1:housekeeper] com.zaxxer.hikari.pool.PoolBase - HikariPool-1 - Failed to validate connection oracle.jdbc.driver.T4CConnection@17e704dc (ORA-17008: Closed connection
https://docs.oracle.com/error-help/db/ora-17008/). Possibly consider using a shorter maxLifetime value.
2026-04-29 10:31:50.404 WARN  [HikariPool-1:housekeeper] com.zaxxer.hikari.pool.PoolBase - HikariPool-1 - Failed to validate connection oracle.jdbc.driver.T4CConnection@193eff32 (ORA-17008: Closed connection
https://docs.oracle.com/error-help/db/ora-17008/). Possibly consider using a shorter maxLifetime value.
2026-04-29 10:37:42.115 WARN  [HikariPool-1:housekeeper] com.zaxxer.hikari.pool.PoolBase - HikariPool-1 - Failed to validate connection oracle.jdbc.driver.T4CConnection@5c486218 (ORA-17008: Closed connection
https://docs.oracle.com/error-help/db/ora-17008/). Possibly consider using a shorter maxLifetime value.
2026-04-29 10:45:35.083 WARN  [HikariPool-1:housekeeper] com.zaxxer.hikari.pool.PoolBase - HikariPool-1 - Failed to validate connection oracle.jdbc.driver.T4CConnection@1431ac3d (ORA-17008: Closed connection
https://docs.oracle.com/error-help/db/ora-17008/). Possibly consider using a shorter maxLifetime value.
2026-04-29 10:52:43.583 WARN  [HikariPool-1:housekeeper] com.zaxxer.hikari.pool.PoolBase - HikariPool-1 - Failed to validate connection oracle.jdbc.driver.T4CConnection@4675c484 (ORA-17008: Closed connection
https://docs.oracle.com/error-help/db/ora-17008/). Possibly consider using a shorter maxLifetime value.
2026-04-29 11:03:48.371 WARN  [HikariPool-1:housekeeper] com.zaxxer.hikari.pool.PoolBase - HikariPool-1 - Failed to validate connection oracle.jdbc.driver.T4CConnection@175b4f32 (ORA-17008: Closed connection
https://docs.oracle.com/error-help/db/ora-17008/). Possibly consider using a shorter maxLifetime value.
2026-04-29 11:16:29.159 WARN  [HikariPool-1:housekeeper] com.zaxxer.hikari.pool.PoolBase - HikariPool-1 - Failed to validate connection oracle.jdbc.driver.T4CConnection@102919bb (ORA-17008: Closed connection
https://docs.oracle.com/error-help/db/ora-17008/). Possibly consider using a shorter maxLifetime value.
2026-04-29 11:25:13.323 WARN  [HikariPool-1:housekeeper] com.zaxxer.hikari.pool.PoolBase - HikariPool-1 - Failed to validate connection oracle.jdbc.driver.T4CConnection@51cda04d (ORA-17008: Closed connection
https://docs.oracle.com/error-help/db/ora-17008/). Possibly consider using a shorter maxLifetime value.
2026-04-29 11:25:26.761 WARN  [HikariPool-1:housekeeper] com.zaxxer.hikari.pool.PoolBase - HikariPool-1 - Failed to validate connection oracle.jdbc.driver.T4CConnection@7c801539 (ORA-17008: Closed connection
https://docs.oracle.com/error-help/db/ora-17008/). Possibly consider using a shorter maxLifetime value.
2026-04-29 11:46:06.400 WARN  [HikariPool-1:housekeeper] com.zaxxer.hikari.pool.HikariPool - HikariPool-1 - Thread starvation or clock leap detected (housekeeper delta=7m47s41ms316µs600ns).
2026-04-29 11:46:06.407 WARN  [org.springframework.jms.JmsListenerEndpointContainer#0-4] o.s.j.l.DefaultMessageListenerContainer - Setup of JMS message listener invoker failed for destination 'hr.create.user.queue' - trying to recover. Cause: java.io.EOFException
2026-04-29 11:46:11.405 WARN  [http-nio-8080-exec-3] com.zaxxer.hikari.pool.PoolBase - HikariPool-1 - Failed to validate connection oracle.jdbc.driver.T4CConnection@494c5a8b (ORA-17008: Closed connection
https://docs.oracle.com/error-help/db/ora-17008/). Possibly consider using a shorter maxLifetime value.
2026-04-29 11:46:11.406 WARN  [HikariPool-1:housekeeper] com.zaxxer.hikari.pool.PoolBase - HikariPool-1 - Failed to validate connection oracle.jdbc.driver.T4CConnection@3eb7b125 (ORA-17008: Closed connection
https://docs.oracle.com/error-help/db/ora-17008/). Possibly consider using a shorter maxLifetime value.
2026-04-29 11:48:05.449 WARN  [http-nio-8080-exec-2] com.zaxxer.hikari.pool.PoolBase - HikariPool-1 - Failed to validate connection oracle.jdbc.driver.T4CConnection@833b20e (ORA-17008: Closed connection
https://docs.oracle.com/error-help/db/ora-17008/). Possibly consider using a shorter maxLifetime value.
2026-04-29 12:18:58.073 WARN  [HikariPool-1:housekeeper] com.zaxxer.hikari.pool.HikariPool - HikariPool-1 - Thread starvation or clock leap detected (housekeeper delta=31m15s621ms193µs400ns).
2026-04-29 12:18:58.085 WARN  [org.springframework.jms.JmsListenerEndpointContainer#0-5] o.s.j.l.DefaultMessageListenerContainer - Setup of JMS message listener invoker failed for destination 'hr.create.user.queue' - trying to recover. Cause: java.io.EOFException
2026-04-29 12:19:03.091 WARN  [HikariPool-1:housekeeper] com.zaxxer.hikari.pool.PoolBase - HikariPool-1 - Failed to validate connection oracle.jdbc.driver.T4CConnection@6069e2bd (ORA-17008: Closed connection
https://docs.oracle.com/error-help/db/ora-17008/). Possibly consider using a shorter maxLifetime value.
2026-04-29 12:19:03.091 WARN  [http-nio-8080-exec-4] com.zaxxer.hikari.pool.PoolBase - HikariPool-1 - Failed to validate connection oracle.jdbc.driver.T4CConnection@11ae43c4 (ORA-17008: Closed connection
https://docs.oracle.com/error-help/db/ora-17008/). Possibly consider using a shorter maxLifetime value.
2026-04-29 12:24:12.992 WARN  [HikariPool-1:housekeeper] com.zaxxer.hikari.pool.PoolBase - HikariPool-1 - Failed to validate connection oracle.jdbc.driver.T4CConnection@2e5a07b7 (ORA-17008: Closed connection
https://docs.oracle.com/error-help/db/ora-17008/). Possibly consider using a shorter maxLifetime value.
2026-04-29 12:30:02.063 WARN  [HikariPool-1:housekeeper] com.zaxxer.hikari.pool.PoolBase - HikariPool-1 - Failed to validate connection oracle.jdbc.driver.T4CConnection@4c87756c (ORA-17008: Closed connection
https://docs.oracle.com/error-help/db/ora-17008/). Possibly consider using a shorter maxLifetime value.
2026-04-29 12:38:00.289 WARN  [HikariPool-1:housekeeper] com.zaxxer.hikari.pool.PoolBase - HikariPool-1 - Failed to validate connection oracle.jdbc.driver.T4CConnection@4da88237 (ORA-17008: Closed connection
https://docs.oracle.com/error-help/db/ora-17008/). Possibly consider using a shorter maxLifetime value.
2026-04-29 13:23:02.297 WARN  [main] org.hibernate.orm.deprecation - HHH90000025: OracleDialect does not need to be specified explicitly using 'hibernate.dialect' (remove the property setting and it will be selected by default)
2026-04-29 13:23:04.876 WARN  [main] o.s.b.a.o.j.JpaBaseConfiguration$JpaWebConfiguration - spring.jpa.open-in-view is enabled by default. Therefore, database queries may be performed during view rendering. Explicitly configure spring.jpa.open-in-view to disable this warning
2026-04-29 13:27:15.426 WARN  [HikariPool-1:housekeeper] com.zaxxer.hikari.pool.PoolBase - HikariPool-1 - Failed to validate connection oracle.jdbc.driver.T4CConnection@e3e20dc (ORA-17008: Closed connection
https://docs.oracle.com/error-help/db/ora-17008/). Possibly consider using a shorter maxLifetime value.
2026-04-29 13:38:47.075 WARN  [HikariPool-1:housekeeper] com.zaxxer.hikari.pool.PoolBase - HikariPool-1 - Failed to validate connection oracle.jdbc.driver.T4CConnection@66ca724 (ORA-17008: Closed connection
https://docs.oracle.com/error-help/db/ora-17008/). Possibly consider using a shorter maxLifetime value.
2026-04-29 13:46:16.247 WARN  [main] org.hibernate.orm.deprecation - HHH90000025: OracleDialect does not need to be specified explicitly using 'hibernate.dialect' (remove the property setting and it will be selected by default)
2026-04-29 13:46:18.002 WARN  [main] o.s.b.a.o.j.JpaBaseConfiguration$JpaWebConfiguration - spring.jpa.open-in-view is enabled by default. Therefore, database queries may be performed during view rendering. Explicitly configure spring.jpa.open-in-view to disable this warning
2026-04-29 13:46:20.469 WARN  [lettuce-nioEventLoop-6-1] io.lettuce.core.RedisClient - Cannot connect Redis Sentinel at redis://redis-sentinel.redis.svc.cluster.local:26379?timeout=500000000ns: java.util.concurrent.CompletionException: java.net.UnknownHostException: No such host is known (redis-sentinel.redis.svc.cluster.local)
2026-04-29 13:46:20.474 WARN  [boundedElastic-1] o.s.b.a.d.r.RedisReactiveHealthIndicator - Redis health check failed
org.springframework.data.redis.RedisConnectionFailureException: Unable to connect to Redis
	at org.springframework.data.redis.connection.lettuce.LettuceConnectionFactory$ExceptionTranslatingConnectionProvider.translateException(LettuceConnectionFactory.java:1858)
	at org.springframework.data.redis.connection.lettuce.LettuceConnectionFactory$ExceptionTranslatingConnectionProvider.getConnection(LettuceConnectionFactory.java:1789)
	at org.springframework.data.redis.connection.lettuce.LettuceConnectionFactory$SharedConnection.getNativeConnection(LettuceConnectionFactory.java:1586)
	at org.springframework.data.redis.connection.lettuce.LettuceConnectionFactory$SharedConnection.lambda$getConnection$0(LettuceConnectionFactory.java:1566)
	at org.springframework.data.redis.connection.lettuce.LettuceConnectionFactory.doInLock(LettuceConnectionFactory.java:1527)
	at org.springframework.data.redis.connection.lettuce.LettuceConnectionFactory$SharedConnection.getConnection(LettuceConnectionFactory.java:1563)
	at org.springframework.data.redis.connection.lettuce.LettuceConnectionFactory.getSharedReactiveConnection(LettuceConnectionFactory.java:1274)
	at org.springframework.data.redis.connection.lettuce.LettuceConnectionFactory.getReactiveConnection(LettuceConnectionFactory.java:1149)
	at org.springframework.data.redis.connection.lettuce.LettuceConnectionFactory.getReactiveConnection(LettuceConnectionFactory.java:120)
	at reactor.core.publisher.MonoSupplier.call(MonoSupplier.java:67)
	at reactor.core.publisher.FluxSubscribeOnCallable$CallableSubscribeOnSubscription.run(FluxSubscribeOnCallable.java:228)
	at reactor.core.scheduler.SchedulerTask.call(SchedulerTask.java:68)
	at reactor.core.scheduler.SchedulerTask.call(SchedulerTask.java:28)
	at java.base/java.util.concurrent.FutureTask.run(FutureTask.java:264)
	at java.base/java.util.concurrent.ScheduledThreadPoolExecutor$ScheduledFutureTask.run(ScheduledThreadPoolExecutor.java:304)
	at java.base/java.util.concurrent.ThreadPoolExecutor.runWorker(ThreadPoolExecutor.java:1136)
	at java.base/java.util.concurrent.ThreadPoolExecutor$Worker.run(ThreadPoolExecutor.java:635)
	at java.base/java.lang.Thread.run(Thread.java:833)
Caused by: org.springframework.data.redis.connection.PoolException: Could not prepare the pool
	at org.springframework.data.redis.connection.lettuce.LettucePoolingConnectionProvider.lambda$getConnection$1(LettucePoolingConnectionProvider.java:101)
	at java.base/java.util.concurrent.ConcurrentHashMap.computeIfAbsent(ConcurrentHashMap.java:1708)
	at org.springframework.data.redis.connection.lettuce.LettucePoolingConnectionProvider.getConnection(LettucePoolingConnectionProvider.java:93)
	at org.springframework.data.redis.connection.lettuce.LettuceConnectionFactory$ExceptionTranslatingConnectionProvider.getConnection(LettuceConnectionFactory.java:1787)
	... 16 common frames omitted
Caused by: io.lettuce.core.RedisConnectionException: Cannot connect to a Redis Sentinel: [redis://redis-sentinel.redis.svc.cluster.local:26379?timeout=500000000ns]
	at io.lettuce.core.RedisConnectionException.create(RedisConnectionException.java:57)
	at io.lettuce.core.RedisConnectionException.create(RedisConnectionException.java:41)
	at io.lettuce.core.AbstractRedisClient.getConnection(AbstractRedisClient.java:354)
	at io.lettuce.core.RedisClient.connect(RedisClient.java:220)
	at org.springframework.data.redis.connection.lettuce.StandaloneConnectionProvider.lambda$getConnection$1(StandaloneConnectionProvider.java:112)
	at java.base/java.util.Optional.orElseGet(Optional.java:364)
	at org.springframework.data.redis.connection.lettuce.StandaloneConnectionProvider.getConnection(StandaloneConnectionProvider.java:112)
	at org.springframework.data.redis.connection.lettuce.LettucePoolingConnectionProvider.lambda$getConnection$0(LettucePoolingConnectionProvider.java:96)
	at io.lettuce.core.support.ConnectionPoolSupport$RedisPooledObjectFactory.create(ConnectionPoolSupport.java:270)
	at io.lettuce.core.support.ConnectionPoolSupport$RedisPooledObjectFactory.create(ConnectionPoolSupport.java:257)
	at org.apache.commons.pool2.BasePooledObjectFactory.makeObject(BasePooledObjectFactory.java:68)
	at org.apache.commons.pool2.impl.GenericObjectPool.create(GenericObjectPool.java:557)
	at org.apache.commons.pool2.impl.GenericObjectPool.ensureIdle(GenericObjectPool.java:630)
	at org.apache.commons.pool2.impl.GenericObjectPool.ensureMinIdle(GenericObjectPool.java:652)
	at org.apache.commons.pool2.impl.GenericObjectPool.preparePool(GenericObjectPool.java:970)
	at org.springframework.data.redis.connection.lettuce.LettucePoolingConnectionProvider.lambda$getConnection$1(LettucePoolingConnectionProvider.java:99)
	... 19 common frames omitted
Caused by: io.lettuce.core.RedisConnectionException: Cannot connect Redis Sentinel at redis://redis-sentinel.redis.svc.cluster.local:26379?timeout=500000000ns
	at io.lettuce.core.RedisClient.lambda$connectSentinelAsync$6(RedisClient.java:533)
	at reactor.core.publisher.Mono.lambda$onErrorMap$29(Mono.java:3862)
	at reactor.core.publisher.FluxOnErrorResume$ResumeSubscriber.onError(FluxOnErrorResume.java:94)
	at reactor.core.publisher.FluxOnErrorResume$ResumeSubscriber.onError(FluxOnErrorResume.java:106)
	at reactor.core.publisher.Operators.error(Operators.java:198)
	at reactor.core.publisher.MonoError.subscribe(MonoError.java:53)
	at reactor.core.publisher.Mono.subscribe(Mono.java:4576)
	at reactor.core.publisher.FluxOnErrorResume$ResumeSubscriber.onError(FluxOnErrorResume.java:103)
	at reactor.core.publisher.MonoCompletionStage$MonoCompletionStageSubscription.apply(MonoCompletionStage.java:115)
	at reactor.core.publisher.MonoCompletionStage$MonoCompletionStageSubscription.apply(MonoCompletionStage.java:67)
	at java.base/java.util.concurrent.CompletableFuture.uniHandle(CompletableFuture.java:934)
	at java.base/java.util.concurrent.CompletableFuture$UniHandle.tryFire(CompletableFuture.java:911)
	at java.base/java.util.concurrent.CompletableFuture.postComplete(CompletableFuture.java:510)
	at java.base/java.util.concurrent.CompletableFuture.completeExceptionally(CompletableFuture.java:2162)
	at io.lettuce.core.AbstractRedisClient.lambda$initializeChannelAsync0$6(AbstractRedisClient.java:458)
	at io.netty.util.concurrent.DefaultPromise.notifyListener0(DefaultPromise.java:603)
	at io.netty.util.concurrent.DefaultPromise.notifyListenersNow(DefaultPromise.java:570)
	at io.netty.util.concurrent.DefaultPromise.notifyListeners(DefaultPromise.java:505)
	at io.netty.util.concurrent.DefaultPromise.setValue0(DefaultPromise.java:649)
	at io.netty.util.concurrent.DefaultPromise.setFailure0(DefaultPromise.java:642)
	at io.netty.util.concurrent.DefaultPromise.setFailure(DefaultPromise.java:123)
	at io.netty.channel.DefaultChannelPromise.setFailure(DefaultChannelPromise.java:89)
	at io.netty.bootstrap.Bootstrap.doResolveAndConnect0(Bootstrap.java:228)
	at io.netty.bootstrap.Bootstrap.access$000(Bootstrap.java:47)
	at io.netty.bootstrap.Bootstrap$1.operationComplete(Bootstrap.java:189)
	at io.netty.bootstrap.Bootstrap$1.operationComplete(Bootstrap.java:175)
	at io.netty.util.concurrent.DefaultPromise.notifyListener0(DefaultPromise.java:603)
	at io.netty.util.concurrent.DefaultPromise.notifyListenersNow(DefaultPromise.java:570)
	at io.netty.util.concurrent.DefaultPromise.notifyListeners(DefaultPromise.java:505)
	at io.netty.util.concurrent.DefaultPromise.setValue0(DefaultPromise.java:649)
	at io.netty.util.concurrent.DefaultPromise.setSuccess0(DefaultPromise.java:638)
	at io.netty.util.concurrent.DefaultPromise.trySuccess(DefaultPromise.java:118)
	at io.netty.channel.DefaultChannelPromise.trySuccess(DefaultChannelPromise.java:84)
	at io.netty.channel.AbstractChannel$AbstractUnsafe.safeSetSuccess(AbstractChannel.java:988)
	at io.netty.channel.AbstractChannel$AbstractUnsafe.register0(AbstractChannel.java:515)
	at io.netty.channel.AbstractChannel$AbstractUnsafe.access$200(AbstractChannel.java:428)
	at io.netty.channel.AbstractChannel$AbstractUnsafe$1.run(AbstractChannel.java:485)
	at io.netty.util.concurrent.AbstractEventExecutor.runTask(AbstractEventExecutor.java:173)
	at io.netty.util.concurrent.AbstractEventExecutor.safeExecute(AbstractEventExecutor.java:166)
	at io.netty.util.concurrent.SingleThreadEventExecutor.runAllTasks(SingleThreadEventExecutor.java:472)
	at io.netty.channel.nio.NioEventLoop.run(NioEventLoop.java:569)
	at io.netty.util.concurrent.SingleThreadEventExecutor$4.run(SingleThreadEventExecutor.java:998)
	at io.netty.util.internal.ThreadExecutorMap$2.run(ThreadExecutorMap.java:74)
	at io.netty.util.concurrent.FastThreadLocalRunnable.run(FastThreadLocalRunnable.java:30)
	... 1 common frames omitted
Caused by: java.net.UnknownHostException: No such host is known (redis-sentinel.redis.svc.cluster.local)
	at java.base/java.net.Inet6AddressImpl.lookupAllHostAddr(Native Method)
	at java.base/java.net.Inet6AddressImpl.lookupAllHostAddr(Inet6AddressImpl.java:52)
	at java.base/java.net.InetAddress$PlatformResolver.lookupByName(InetAddress.java:1048)
	at java.base/java.net.InetAddress.getAddressesFromNameService(InetAddress.java:1648)
	at java.base/java.net.InetAddress$NameServiceAddresses.get(InetAddress.java:997)
	at java.base/java.net.InetAddress.getAllByName0(InetAddress.java:1638)
	at java.base/java.net.InetAddress.getAllByName(InetAddress.java:1504)
	at java.base/java.net.InetAddress.getByName(InetAddress.java:1393)
	at io.netty.util.internal.SocketUtils$8.run(SocketUtils.java:156)
	at io.netty.util.internal.SocketUtils$8.run(SocketUtils.java:153)
	at java.base/java.security.AccessController.doPrivileged(AccessController.java:569)
	at io.netty.util.internal.SocketUtils.addressByName(SocketUtils.java:153)
	at io.netty.resolver.DefaultNameResolver.doResolve(DefaultNameResolver.java:41)
	at io.netty.resolver.SimpleNameResolver.resolve(SimpleNameResolver.java:61)
	at io.netty.resolver.SimpleNameResolver.resolve(SimpleNameResolver.java:53)
	at io.netty.resolver.InetSocketAddressResolver.doResolve(InetSocketAddressResolver.java:55)
	at io.netty.resolver.InetSocketAddressResolver.doResolve(InetSocketAddressResolver.java:31)
	at io.netty.resolver.AbstractAddressResolver.resolve(AbstractAddressResolver.java:106)
	at io.netty.bootstrap.Bootstrap.doResolveAndConnect0(Bootstrap.java:220)
	... 22 common frames omitted
2026-04-29 13:54:02.824 WARN  [http-nio-8080-exec-2] com.zaxxer.hikari.pool.PoolBase - HikariPool-1 - Failed to validate connection oracle.jdbc.driver.T4CConnection@d08f85a (ORA-17008: Closed connection
https://docs.oracle.com/error-help/db/ora-17008/). Possibly consider using a shorter maxLifetime value.
2026-04-29 14:14:13.345 WARN  [HikariPool-1:housekeeper] com.zaxxer.hikari.pool.PoolBase - HikariPool-1 - Failed to validate connection oracle.jdbc.driver.T4CConnection@1db7249a (ORA-17008: Closed connection
https://docs.oracle.com/error-help/db/ora-17008/). Possibly consider using a shorter maxLifetime value.
2026-04-29 14:14:52.874 WARN  [HikariPool-1:housekeeper] com.zaxxer.hikari.pool.PoolBase - HikariPool-1 - Failed to validate connection oracle.jdbc.driver.T4CConnection@647d2097 (ORA-17008: Closed connection
https://docs.oracle.com/error-help/db/ora-17008/). Possibly consider using a shorter maxLifetime value.
2026-04-29 14:19:32.425 WARN  [HikariPool-1:housekeeper] com.zaxxer.hikari.pool.PoolBase - HikariPool-1 - Failed to validate connection oracle.jdbc.driver.T4CConnection@1d94062e (ORA-17008: Closed connection
https://docs.oracle.com/error-help/db/ora-17008/). Possibly consider using a shorter maxLifetime value.
2026-04-29 14:21:27.552 WARN  [HikariPool-1:housekeeper] com.zaxxer.hikari.pool.PoolBase - HikariPool-1 - Failed to validate connection oracle.jdbc.driver.T4CConnection@590cb8be (ORA-17008: Closed connection
https://docs.oracle.com/error-help/db/ora-17008/). Possibly consider using a shorter maxLifetime value.
2026-04-29 14:21:52.478 WARN  [HikariPool-1:housekeeper] com.zaxxer.hikari.pool.PoolBase - HikariPool-1 - Failed to validate connection oracle.jdbc.driver.T4CConnection@ce839eb (ORA-17008: Closed connection
https://docs.oracle.com/error-help/db/ora-17008/). Possibly consider using a shorter maxLifetime value.
2026-04-29 14:30:24.091 WARN  [HikariPool-1:housekeeper] com.zaxxer.hikari.pool.PoolBase - HikariPool-1 - Failed to validate connection oracle.jdbc.driver.T4CConnection@71eddb21 (ORA-17008: Closed connection
https://docs.oracle.com/error-help/db/ora-17008/). Possibly consider using a shorter maxLifetime value.
2026-04-29 14:30:47.642 WARN  [HikariPool-1:housekeeper] com.zaxxer.hikari.pool.PoolBase - HikariPool-1 - Failed to validate connection oracle.jdbc.driver.T4CConnection@139ca0f0 (ORA-17008: Closed connection
https://docs.oracle.com/error-help/db/ora-17008/). Possibly consider using a shorter maxLifetime value.
2026-04-29 14:32:36.910 WARN  [main] org.hibernate.orm.deprecation - HHH90000025: OracleDialect does not need to be specified explicitly using 'hibernate.dialect' (remove the property setting and it will be selected by default)
2026-04-29 14:32:39.360 WARN  [main] o.s.b.a.o.j.JpaBaseConfiguration$JpaWebConfiguration - spring.jpa.open-in-view is enabled by default. Therefore, database queries may be performed during view rendering. Explicitly configure spring.jpa.open-in-view to disable this warning
2026-04-29 14:32:41.950 WARN  [lettuce-nioEventLoop-6-1] io.lettuce.core.RedisClient - Cannot connect Redis Sentinel at redis://redis-sentinel.redis.svc.cluster.local:26379?timeout=500000000ns: java.util.concurrent.CompletionException: java.net.UnknownHostException: No such host is known (redis-sentinel.redis.svc.cluster.local)
2026-04-29 14:32:41.959 WARN  [boundedElastic-1] o.s.b.a.d.r.RedisReactiveHealthIndicator - Redis health check failed
org.springframework.data.redis.RedisConnectionFailureException: Unable to connect to Redis
	at org.springframework.data.redis.connection.lettuce.LettuceConnectionFactory$ExceptionTranslatingConnectionProvider.translateException(LettuceConnectionFactory.java:1858)
	at org.springframework.data.redis.connection.lettuce.LettuceConnectionFactory$ExceptionTranslatingConnectionProvider.getConnection(LettuceConnectionFactory.java:1789)
	at org.springframework.data.redis.connection.lettuce.LettuceConnectionFactory$SharedConnection.getNativeConnection(LettuceConnectionFactory.java:1586)
	at org.springframework.data.redis.connection.lettuce.LettuceConnectionFactory$SharedConnection.lambda$getConnection$0(LettuceConnectionFactory.java:1566)
	at org.springframework.data.redis.connection.lettuce.LettuceConnectionFactory.doInLock(LettuceConnectionFactory.java:1527)
	at org.springframework.data.redis.connection.lettuce.LettuceConnectionFactory$SharedConnection.getConnection(LettuceConnectionFactory.java:1563)
	at org.springframework.data.redis.connection.lettuce.LettuceConnectionFactory.getSharedReactiveConnection(LettuceConnectionFactory.java:1274)
	at org.springframework.data.redis.connection.lettuce.LettuceConnectionFactory.getReactiveConnection(LettuceConnectionFactory.java:1149)
	at org.springframework.data.redis.connection.lettuce.LettuceConnectionFactory.getReactiveConnection(LettuceConnectionFactory.java:120)
	at reactor.core.publisher.MonoSupplier.call(MonoSupplier.java:67)
	at reactor.core.publisher.FluxSubscribeOnCallable$CallableSubscribeOnSubscription.run(FluxSubscribeOnCallable.java:228)
	at reactor.core.scheduler.SchedulerTask.call(SchedulerTask.java:68)
	at reactor.core.scheduler.SchedulerTask.call(SchedulerTask.java:28)
	at java.base/java.util.concurrent.FutureTask.run(FutureTask.java:264)
	at java.base/java.util.concurrent.ScheduledThreadPoolExecutor$ScheduledFutureTask.run(ScheduledThreadPoolExecutor.java:304)
	at java.base/java.util.concurrent.ThreadPoolExecutor.runWorker(ThreadPoolExecutor.java:1136)
	at java.base/java.util.concurrent.ThreadPoolExecutor$Worker.run(ThreadPoolExecutor.java:635)
	at java.base/java.lang.Thread.run(Thread.java:833)
Caused by: org.springframework.data.redis.connection.PoolException: Could not prepare the pool
	at org.springframework.data.redis.connection.lettuce.LettucePoolingConnectionProvider.lambda$getConnection$1(LettucePoolingConnectionProvider.java:101)
	at java.base/java.util.concurrent.ConcurrentHashMap.computeIfAbsent(ConcurrentHashMap.java:1708)
	at org.springframework.data.redis.connection.lettuce.LettucePoolingConnectionProvider.getConnection(LettucePoolingConnectionProvider.java:93)
	at org.springframework.data.redis.connection.lettuce.LettuceConnectionFactory$ExceptionTranslatingConnectionProvider.getConnection(LettuceConnectionFactory.java:1787)
	... 16 common frames omitted
Caused by: io.lettuce.core.RedisConnectionException: Cannot connect to a Redis Sentinel: [redis://redis-sentinel.redis.svc.cluster.local:26379?timeout=500000000ns]
	at io.lettuce.core.RedisConnectionException.create(RedisConnectionException.java:57)
	at io.lettuce.core.RedisConnectionException.create(RedisConnectionException.java:41)
	at io.lettuce.core.AbstractRedisClient.getConnection(AbstractRedisClient.java:354)
	at io.lettuce.core.RedisClient.connect(RedisClient.java:220)
	at org.springframework.data.redis.connection.lettuce.StandaloneConnectionProvider.lambda$getConnection$1(StandaloneConnectionProvider.java:112)
	at java.base/java.util.Optional.orElseGet(Optional.java:364)
	at org.springframework.data.redis.connection.lettuce.StandaloneConnectionProvider.getConnection(StandaloneConnectionProvider.java:112)
	at org.springframework.data.redis.connection.lettuce.LettucePoolingConnectionProvider.lambda$getConnection$0(LettucePoolingConnectionProvider.java:96)
	at io.lettuce.core.support.ConnectionPoolSupport$RedisPooledObjectFactory.create(ConnectionPoolSupport.java:270)
	at io.lettuce.core.support.ConnectionPoolSupport$RedisPooledObjectFactory.create(ConnectionPoolSupport.java:257)
	at org.apache.commons.pool2.BasePooledObjectFactory.makeObject(BasePooledObjectFactory.java:68)
	at org.apache.commons.pool2.impl.GenericObjectPool.create(GenericObjectPool.java:557)
	at org.apache.commons.pool2.impl.GenericObjectPool.ensureIdle(GenericObjectPool.java:630)
	at org.apache.commons.pool2.impl.GenericObjectPool.ensureMinIdle(GenericObjectPool.java:652)
	at org.apache.commons.pool2.impl.GenericObjectPool.preparePool(GenericObjectPool.java:970)
	at org.springframework.data.redis.connection.lettuce.LettucePoolingConnectionProvider.lambda$getConnection$1(LettucePoolingConnectionProvider.java:99)
	... 19 common frames omitted
Caused by: io.lettuce.core.RedisConnectionException: Cannot connect Redis Sentinel at redis://redis-sentinel.redis.svc.cluster.local:26379?timeout=500000000ns
	at io.lettuce.core.RedisClient.lambda$connectSentinelAsync$6(RedisClient.java:533)
	at reactor.core.publisher.Mono.lambda$onErrorMap$29(Mono.java:3862)
	at reactor.core.publisher.FluxOnErrorResume$ResumeSubscriber.onError(FluxOnErrorResume.java:94)
	at reactor.core.publisher.FluxOnErrorResume$ResumeSubscriber.onError(FluxOnErrorResume.java:106)
	at reactor.core.publisher.Operators.error(Operators.java:198)
	at reactor.core.publisher.MonoError.subscribe(MonoError.java:53)
	at reactor.core.publisher.Mono.subscribe(Mono.java:4576)
	at reactor.core.publisher.FluxOnErrorResume$ResumeSubscriber.onError(FluxOnErrorResume.java:103)
	at reactor.core.publisher.MonoCompletionStage$MonoCompletionStageSubscription.apply(MonoCompletionStage.java:115)
	at reactor.core.publisher.MonoCompletionStage$MonoCompletionStageSubscription.apply(MonoCompletionStage.java:67)
	at java.base/java.util.concurrent.CompletableFuture.uniHandle(CompletableFuture.java:934)
	at java.base/java.util.concurrent.CompletableFuture$UniHandle.tryFire(CompletableFuture.java:911)
	at java.base/java.util.concurrent.CompletableFuture.postComplete(CompletableFuture.java:510)
	at java.base/java.util.concurrent.CompletableFuture.completeExceptionally(CompletableFuture.java:2162)
	at io.lettuce.core.AbstractRedisClient.lambda$initializeChannelAsync0$6(AbstractRedisClient.java:458)
	at io.netty.util.concurrent.DefaultPromise.notifyListener0(DefaultPromise.java:603)
	at io.netty.util.concurrent.DefaultPromise.notifyListenersNow(DefaultPromise.java:570)
	at io.netty.util.concurrent.DefaultPromise.notifyListeners(DefaultPromise.java:505)
	at io.netty.util.concurrent.DefaultPromise.setValue0(DefaultPromise.java:649)
	at io.netty.util.concurrent.DefaultPromise.setFailure0(DefaultPromise.java:642)
	at io.netty.util.concurrent.DefaultPromise.setFailure(DefaultPromise.java:123)
	at io.netty.channel.DefaultChannelPromise.setFailure(DefaultChannelPromise.java:89)
	at io.netty.bootstrap.Bootstrap.doResolveAndConnect0(Bootstrap.java:228)
	at io.netty.bootstrap.Bootstrap.access$000(Bootstrap.java:47)
	at io.netty.bootstrap.Bootstrap$1.operationComplete(Bootstrap.java:189)
	at io.netty.bootstrap.Bootstrap$1.operationComplete(Bootstrap.java:175)
	at io.netty.util.concurrent.DefaultPromise.notifyListener0(DefaultPromise.java:603)
	at io.netty.util.concurrent.DefaultPromise.notifyListenersNow(DefaultPromise.java:570)
	at io.netty.util.concurrent.DefaultPromise.notifyListeners(DefaultPromise.java:505)
	at io.netty.util.concurrent.DefaultPromise.setValue0(DefaultPromise.java:649)
	at io.netty.util.concurrent.DefaultPromise.setSuccess0(DefaultPromise.java:638)
	at io.netty.util.concurrent.DefaultPromise.trySuccess(DefaultPromise.java:118)
	at io.netty.channel.DefaultChannelPromise.trySuccess(DefaultChannelPromise.java:84)
	at io.netty.channel.AbstractChannel$AbstractUnsafe.safeSetSuccess(AbstractChannel.java:988)
	at io.netty.channel.AbstractChannel$AbstractUnsafe.register0(AbstractChannel.java:515)
	at io.netty.channel.AbstractChannel$AbstractUnsafe.access$200(AbstractChannel.java:428)
	at io.netty.channel.AbstractChannel$AbstractUnsafe$1.run(AbstractChannel.java:485)
	at io.netty.util.concurrent.AbstractEventExecutor.runTask(AbstractEventExecutor.java:173)
	at io.netty.util.concurrent.AbstractEventExecutor.safeExecute(AbstractEventExecutor.java:166)
	at io.netty.util.concurrent.SingleThreadEventExecutor.runAllTasks(SingleThreadEventExecutor.java:472)
	at io.netty.channel.nio.NioEventLoop.run(NioEventLoop.java:569)
	at io.netty.util.concurrent.SingleThreadEventExecutor$4.run(SingleThreadEventExecutor.java:998)
	at io.netty.util.internal.ThreadExecutorMap$2.run(ThreadExecutorMap.java:74)
	at io.netty.util.concurrent.FastThreadLocalRunnable.run(FastThreadLocalRunnable.java:30)
	... 1 common frames omitted
Caused by: java.net.UnknownHostException: No such host is known (redis-sentinel.redis.svc.cluster.local)
	at java.base/java.net.Inet6AddressImpl.lookupAllHostAddr(Native Method)
	at java.base/java.net.Inet6AddressImpl.lookupAllHostAddr(Inet6AddressImpl.java:52)
	at java.base/java.net.InetAddress$PlatformResolver.lookupByName(InetAddress.java:1048)
	at java.base/java.net.InetAddress.getAddressesFromNameService(InetAddress.java:1648)
	at java.base/java.net.InetAddress$NameServiceAddresses.get(InetAddress.java:997)
	at java.base/java.net.InetAddress.getAllByName0(InetAddress.java:1638)
	at java.base/java.net.InetAddress.getAllByName(InetAddress.java:1504)
	at java.base/java.net.InetAddress.getByName(InetAddress.java:1393)
	at io.netty.util.internal.SocketUtils$8.run(SocketUtils.java:156)
	at io.netty.util.internal.SocketUtils$8.run(SocketUtils.java:153)
	at java.base/java.security.AccessController.doPrivileged(AccessController.java:569)
	at io.netty.util.internal.SocketUtils.addressByName(SocketUtils.java:153)
	at io.netty.resolver.DefaultNameResolver.doResolve(DefaultNameResolver.java:41)
	at io.netty.resolver.SimpleNameResolver.resolve(SimpleNameResolver.java:61)
	at io.netty.resolver.SimpleNameResolver.resolve(SimpleNameResolver.java:53)
	at io.netty.resolver.InetSocketAddressResolver.doResolve(InetSocketAddressResolver.java:55)
	at io.netty.resolver.InetSocketAddressResolver.doResolve(InetSocketAddressResolver.java:31)
	at io.netty.resolver.AbstractAddressResolver.resolve(AbstractAddressResolver.java:106)
	at io.netty.bootstrap.Bootstrap.doResolveAndConnect0(Bootstrap.java:220)
	... 22 common frames omitted
2026-04-29 14:34:17.610 WARN  [HikariPool-1:housekeeper] com.zaxxer.hikari.pool.PoolBase - HikariPool-1 - Failed to validate connection oracle.jdbc.driver.T4CConnection@12df4186 (ORA-17008: Closed connection
https://docs.oracle.com/error-help/db/ora-17008/). Possibly consider using a shorter maxLifetime value.
2026-04-29 14:34:22.612 WARN  [HikariPool-1:housekeeper] com.zaxxer.hikari.pool.PoolBase - HikariPool-1 - Failed to validate connection oracle.jdbc.driver.T4CConnection@1d45c130 (ORA-17008: Closed connection
https://docs.oracle.com/error-help/db/ora-17008/). Possibly consider using a shorter maxLifetime value.
2026-04-29 14:36:35.273 WARN  [HikariPool-1:housekeeper] com.zaxxer.hikari.pool.PoolBase - HikariPool-1 - Failed to validate connection oracle.jdbc.driver.T4CConnection@538429bc (ORA-17008: Closed connection
https://docs.oracle.com/error-help/db/ora-17008/). Possibly consider using a shorter maxLifetime value.
2026-04-29 14:38:46.055 WARN  [HikariPool-1:housekeeper] com.zaxxer.hikari.pool.PoolBase - HikariPool-1 - Failed to validate connection oracle.jdbc.driver.T4CConnection@2f26e0b4 (ORA-17008: Closed connection
https://docs.oracle.com/error-help/db/ora-17008/). Possibly consider using a shorter maxLifetime value.
2026-04-29 14:40:05.068 WARN  [HikariPool-1:housekeeper] com.zaxxer.hikari.pool.PoolBase - HikariPool-1 - Failed to validate connection oracle.jdbc.driver.T4CConnection@7ebbaaae (ORA-17008: Closed connection
https://docs.oracle.com/error-help/db/ora-17008/). Possibly consider using a shorter maxLifetime value.
2026-04-29 14:50:08.240 WARN  [main] org.hibernate.orm.deprecation - HHH90000025: OracleDialect does not need to be specified explicitly using 'hibernate.dialect' (remove the property setting and it will be selected by default)
2026-04-29 14:50:09.942 WARN  [main] o.s.b.a.o.j.JpaBaseConfiguration$JpaWebConfiguration - spring.jpa.open-in-view is enabled by default. Therefore, database queries may be performed during view rendering. Explicitly configure spring.jpa.open-in-view to disable this warning
2026-04-29 14:50:27.046 WARN  [lettuce-nioEventLoop-6-1] io.lettuce.core.RedisClient - Cannot connect Redis Sentinel at redis://redis-sentinel.redis.svc.cluster.local:26379?timeout=500000000ns: java.util.concurrent.CompletionException: java.net.UnknownHostException: No such host is known (redis-sentinel.redis.svc.cluster.local)
2026-04-29 14:50:27.054 WARN  [boundedElastic-1] o.s.b.a.d.r.RedisReactiveHealthIndicator - Redis health check failed
org.springframework.data.redis.RedisConnectionFailureException: Unable to connect to Redis
	at org.springframework.data.redis.connection.lettuce.LettuceConnectionFactory$ExceptionTranslatingConnectionProvider.translateException(LettuceConnectionFactory.java:1858)
	at org.springframework.data.redis.connection.lettuce.LettuceConnectionFactory$ExceptionTranslatingConnectionProvider.getConnection(LettuceConnectionFactory.java:1789)
	at org.springframework.data.redis.connection.lettuce.LettuceConnectionFactory$SharedConnection.getNativeConnection(LettuceConnectionFactory.java:1586)
	at org.springframework.data.redis.connection.lettuce.LettuceConnectionFactory$SharedConnection.lambda$getConnection$0(LettuceConnectionFactory.java:1566)
	at org.springframework.data.redis.connection.lettuce.LettuceConnectionFactory.doInLock(LettuceConnectionFactory.java:1527)
	at org.springframework.data.redis.connection.lettuce.LettuceConnectionFactory$SharedConnection.getConnection(LettuceConnectionFactory.java:1563)
	at org.springframework.data.redis.connection.lettuce.LettuceConnectionFactory.getSharedReactiveConnection(LettuceConnectionFactory.java:1274)
	at org.springframework.data.redis.connection.lettuce.LettuceConnectionFactory.getReactiveConnection(LettuceConnectionFactory.java:1149)
	at org.springframework.data.redis.connection.lettuce.LettuceConnectionFactory.getReactiveConnection(LettuceConnectionFactory.java:120)
	at reactor.core.publisher.MonoSupplier.call(MonoSupplier.java:67)
	at reactor.core.publisher.FluxSubscribeOnCallable$CallableSubscribeOnSubscription.run(FluxSubscribeOnCallable.java:228)
	at reactor.core.scheduler.SchedulerTask.call(SchedulerTask.java:68)
	at reactor.core.scheduler.SchedulerTask.call(SchedulerTask.java:28)
	at java.base/java.util.concurrent.FutureTask.run(FutureTask.java:264)
	at java.base/java.util.concurrent.ScheduledThreadPoolExecutor$ScheduledFutureTask.run(ScheduledThreadPoolExecutor.java:304)
	at java.base/java.util.concurrent.ThreadPoolExecutor.runWorker(ThreadPoolExecutor.java:1136)
	at java.base/java.util.concurrent.ThreadPoolExecutor$Worker.run(ThreadPoolExecutor.java:635)
	at java.base/java.lang.Thread.run(Thread.java:833)
Caused by: org.springframework.data.redis.connection.PoolException: Could not prepare the pool
	at org.springframework.data.redis.connection.lettuce.LettucePoolingConnectionProvider.lambda$getConnection$1(LettucePoolingConnectionProvider.java:101)
	at java.base/java.util.concurrent.ConcurrentHashMap.computeIfAbsent(ConcurrentHashMap.java:1708)
	at org.springframework.data.redis.connection.lettuce.LettucePoolingConnectionProvider.getConnection(LettucePoolingConnectionProvider.java:93)
	at org.springframework.data.redis.connection.lettuce.LettuceConnectionFactory$ExceptionTranslatingConnectionProvider.getConnection(LettuceConnectionFactory.java:1787)
	... 16 common frames omitted
Caused by: io.lettuce.core.RedisConnectionException: Cannot connect to a Redis Sentinel: [redis://redis-sentinel.redis.svc.cluster.local:26379?timeout=500000000ns]
	at io.lettuce.core.RedisConnectionException.create(RedisConnectionException.java:57)
	at io.lettuce.core.RedisConnectionException.create(RedisConnectionException.java:41)
	at io.lettuce.core.AbstractRedisClient.getConnection(AbstractRedisClient.java:354)
	at io.lettuce.core.RedisClient.connect(RedisClient.java:220)
	at org.springframework.data.redis.connection.lettuce.StandaloneConnectionProvider.lambda$getConnection$1(StandaloneConnectionProvider.java:112)
	at java.base/java.util.Optional.orElseGet(Optional.java:364)
	at org.springframework.data.redis.connection.lettuce.StandaloneConnectionProvider.getConnection(StandaloneConnectionProvider.java:112)
	at org.springframework.data.redis.connection.lettuce.LettucePoolingConnectionProvider.lambda$getConnection$0(LettucePoolingConnectionProvider.java:96)
	at io.lettuce.core.support.ConnectionPoolSupport$RedisPooledObjectFactory.create(ConnectionPoolSupport.java:270)
	at io.lettuce.core.support.ConnectionPoolSupport$RedisPooledObjectFactory.create(ConnectionPoolSupport.java:257)
	at org.apache.commons.pool2.BasePooledObjectFactory.makeObject(BasePooledObjectFactory.java:68)
	at org.apache.commons.pool2.impl.GenericObjectPool.create(GenericObjectPool.java:557)
	at org.apache.commons.pool2.impl.GenericObjectPool.ensureIdle(GenericObjectPool.java:630)
	at org.apache.commons.pool2.impl.GenericObjectPool.ensureMinIdle(GenericObjectPool.java:652)
	at org.apache.commons.pool2.impl.GenericObjectPool.preparePool(GenericObjectPool.java:970)
	at org.springframework.data.redis.connection.lettuce.LettucePoolingConnectionProvider.lambda$getConnection$1(LettucePoolingConnectionProvider.java:99)
	... 19 common frames omitted
Caused by: io.lettuce.core.RedisConnectionException: Cannot connect Redis Sentinel at redis://redis-sentinel.redis.svc.cluster.local:26379?timeout=500000000ns
	at io.lettuce.core.RedisClient.lambda$connectSentinelAsync$6(RedisClient.java:533)
	at reactor.core.publisher.Mono.lambda$onErrorMap$29(Mono.java:3862)
	at reactor.core.publisher.FluxOnErrorResume$ResumeSubscriber.onError(FluxOnErrorResume.java:94)
	at reactor.core.publisher.FluxOnErrorResume$ResumeSubscriber.onError(FluxOnErrorResume.java:106)
	at reactor.core.publisher.Operators.error(Operators.java:198)
	at reactor.core.publisher.MonoError.subscribe(MonoError.java:53)
	at reactor.core.publisher.Mono.subscribe(Mono.java:4576)
	at reactor.core.publisher.FluxOnErrorResume$ResumeSubscriber.onError(FluxOnErrorResume.java:103)
	at reactor.core.publisher.MonoCompletionStage$MonoCompletionStageSubscription.apply(MonoCompletionStage.java:115)
	at reactor.core.publisher.MonoCompletionStage$MonoCompletionStageSubscription.apply(MonoCompletionStage.java:67)
	at java.base/java.util.concurrent.CompletableFuture.uniHandle(CompletableFuture.java:934)
	at java.base/java.util.concurrent.CompletableFuture$UniHandle.tryFire(CompletableFuture.java:911)
	at java.base/java.util.concurrent.CompletableFuture.postComplete(CompletableFuture.java:510)
	at java.base/java.util.concurrent.CompletableFuture.completeExceptionally(CompletableFuture.java:2162)
	at io.lettuce.core.AbstractRedisClient.lambda$initializeChannelAsync0$6(AbstractRedisClient.java:458)
	at io.netty.util.concurrent.DefaultPromise.notifyListener0(DefaultPromise.java:603)
	at io.netty.util.concurrent.DefaultPromise.notifyListenersNow(DefaultPromise.java:570)
	at io.netty.util.concurrent.DefaultPromise.notifyListeners(DefaultPromise.java:505)
	at io.netty.util.concurrent.DefaultPromise.setValue0(DefaultPromise.java:649)
	at io.netty.util.concurrent.DefaultPromise.setFailure0(DefaultPromise.java:642)
	at io.netty.util.concurrent.DefaultPromise.setFailure(DefaultPromise.java:123)
	at io.netty.channel.DefaultChannelPromise.setFailure(DefaultChannelPromise.java:89)
	at io.netty.bootstrap.Bootstrap.doResolveAndConnect0(Bootstrap.java:228)
	at io.netty.bootstrap.Bootstrap.access$000(Bootstrap.java:47)
	at io.netty.bootstrap.Bootstrap$1.operationComplete(Bootstrap.java:189)
	at io.netty.bootstrap.Bootstrap$1.operationComplete(Bootstrap.java:175)
	at io.netty.util.concurrent.DefaultPromise.notifyListener0(DefaultPromise.java:603)
	at io.netty.util.concurrent.DefaultPromise.notifyListenersNow(DefaultPromise.java:570)
	at io.netty.util.concurrent.DefaultPromise.notifyListeners(DefaultPromise.java:505)
	at io.netty.util.concurrent.DefaultPromise.setValue0(DefaultPromise.java:649)
	at io.netty.util.concurrent.DefaultPromise.setSuccess0(DefaultPromise.java:638)
	at io.netty.util.concurrent.DefaultPromise.trySuccess(DefaultPromise.java:118)
	at io.netty.channel.DefaultChannelPromise.trySuccess(DefaultChannelPromise.java:84)
	at io.netty.channel.AbstractChannel$AbstractUnsafe.safeSetSuccess(AbstractChannel.java:988)
	at io.netty.channel.AbstractChannel$AbstractUnsafe.register0(AbstractChannel.java:515)
	at io.netty.channel.AbstractChannel$AbstractUnsafe.access$200(AbstractChannel.java:428)
	at io.netty.channel.AbstractChannel$AbstractUnsafe$1.run(AbstractChannel.java:485)
	at io.netty.util.concurrent.AbstractEventExecutor.runTask(AbstractEventExecutor.java:173)
	at io.netty.util.concurrent.AbstractEventExecutor.safeExecute(AbstractEventExecutor.java:166)
	at io.netty.util.concurrent.SingleThreadEventExecutor.runAllTasks(SingleThreadEventExecutor.java:472)
	at io.netty.channel.nio.NioEventLoop.run(NioEventLoop.java:569)
	at io.netty.util.concurrent.SingleThreadEventExecutor$4.run(SingleThreadEventExecutor.java:998)
	at io.netty.util.internal.ThreadExecutorMap$2.run(ThreadExecutorMap.java:74)
	at io.netty.util.concurrent.FastThreadLocalRunnable.run(FastThreadLocalRunnable.java:30)
	... 1 common frames omitted
Caused by: java.net.UnknownHostException: No such host is known (redis-sentinel.redis.svc.cluster.local)
	at java.base/java.net.Inet6AddressImpl.lookupAllHostAddr(Native Method)
	at java.base/java.net.Inet6AddressImpl.lookupAllHostAddr(Inet6AddressImpl.java:52)
	at java.base/java.net.InetAddress$PlatformResolver.lookupByName(InetAddress.java:1048)
	at java.base/java.net.InetAddress.getAddressesFromNameService(InetAddress.java:1648)
	at java.base/java.net.InetAddress$NameServiceAddresses.get(InetAddress.java:997)
	at java.base/java.net.InetAddress.getAllByName0(InetAddress.java:1638)
	at java.base/java.net.InetAddress.getAllByName(InetAddress.java:1504)
	at java.base/java.net.InetAddress.getByName(InetAddress.java:1393)
	at io.netty.util.internal.SocketUtils$8.run(SocketUtils.java:156)
	at io.netty.util.internal.SocketUtils$8.run(SocketUtils.java:153)
	at java.base/java.security.AccessController.doPrivileged(AccessController.java:569)
	at io.netty.util.internal.SocketUtils.addressByName(SocketUtils.java:153)
	at io.netty.resolver.DefaultNameResolver.doResolve(DefaultNameResolver.java:41)
	at io.netty.resolver.SimpleNameResolver.resolve(SimpleNameResolver.java:61)
	at io.netty.resolver.SimpleNameResolver.resolve(SimpleNameResolver.java:53)
	at io.netty.resolver.InetSocketAddressResolver.doResolve(InetSocketAddressResolver.java:55)
	at io.netty.resolver.InetSocketAddressResolver.doResolve(InetSocketAddressResolver.java:31)
	at io.netty.resolver.AbstractAddressResolver.resolve(AbstractAddressResolver.java:106)
	at io.netty.bootstrap.Bootstrap.doResolveAndConnect0(Bootstrap.java:220)
	... 22 common frames omitted
2026-04-29 14:54:06.153 WARN  [HikariPool-1:housekeeper] com.zaxxer.hikari.pool.PoolBase - HikariPool-1 - Failed to validate connection oracle.jdbc.driver.T4CConnection@696298ea (ORA-17008: Closed connection
https://docs.oracle.com/error-help/db/ora-17008/). Possibly consider using a shorter maxLifetime value.
2026-04-29 14:56:20.641 WARN  [HikariPool-1:housekeeper] com.zaxxer.hikari.pool.PoolBase - HikariPool-1 - Failed to validate connection oracle.jdbc.driver.T4CConnection@6d2cb99e (ORA-17008: Closed connection
https://docs.oracle.com/error-help/db/ora-17008/). Possibly consider using a shorter maxLifetime value.
2026-04-29 15:02:23.267 WARN  [HikariPool-1:housekeeper] com.zaxxer.hikari.pool.PoolBase - HikariPool-1 - Failed to validate connection oracle.jdbc.driver.T4CConnection@2e6dce03 (ORA-17008: Closed connection
https://docs.oracle.com/error-help/db/ora-17008/). Possibly consider using a shorter maxLifetime value.
2026-04-29 15:04:31.864 WARN  [HikariPool-1:housekeeper] com.zaxxer.hikari.pool.PoolBase - HikariPool-1 - Failed to validate connection oracle.jdbc.driver.T4CConnection@19a9dd90 (ORA-17008: Closed connection
https://docs.oracle.com/error-help/db/ora-17008/). Possibly consider using a shorter maxLifetime value.
2026-04-29 15:06:48.528 WARN  [HikariPool-1:housekeeper] com.zaxxer.hikari.pool.PoolBase - HikariPool-1 - Failed to validate connection oracle.jdbc.driver.T4CConnection@77c51a (ORA-17008: Closed connection
https://docs.oracle.com/error-help/db/ora-17008/). Possibly consider using a shorter maxLifetime value.
2026-04-29 15:12:43.838 WARN  [HikariPool-1:housekeeper] com.zaxxer.hikari.pool.PoolBase - HikariPool-1 - Failed to validate connection oracle.jdbc.driver.T4CConnection@68d844d5 (ORA-17008: Closed connection
https://docs.oracle.com/error-help/db/ora-17008/). Possibly consider using a shorter maxLifetime value.
2026-04-29 19:06:33.154 WARN  [main] org.hibernate.orm.deprecation - HHH90000025: OracleDialect does not need to be specified explicitly using 'hibernate.dialect' (remove the property setting and it will be selected by default)
2026-04-29 19:06:36.398 WARN  [main] o.s.b.a.o.j.JpaBaseConfiguration$JpaWebConfiguration - spring.jpa.open-in-view is enabled by default. Therefore, database queries may be performed during view rendering. Explicitly configure spring.jpa.open-in-view to disable this warning
2026-04-29 19:06:39.869 WARN  [lettuce-nioEventLoop-6-1] io.lettuce.core.RedisClient - Cannot connect Redis Sentinel at redis://redis-sentinel.redis.svc.cluster.local:26379?timeout=500000000ns: java.util.concurrent.CompletionException: java.net.UnknownHostException: No such host is known (redis-sentinel.redis.svc.cluster.local)
2026-04-29 19:06:39.876 WARN  [boundedElastic-1] o.s.b.a.d.r.RedisReactiveHealthIndicator - Redis health check failed
org.springframework.data.redis.RedisConnectionFailureException: Unable to connect to Redis
	at org.springframework.data.redis.connection.lettuce.LettuceConnectionFactory$ExceptionTranslatingConnectionProvider.translateException(LettuceConnectionFactory.java:1858)
	at org.springframework.data.redis.connection.lettuce.LettuceConnectionFactory$ExceptionTranslatingConnectionProvider.getConnection(LettuceConnectionFactory.java:1789)
	at org.springframework.data.redis.connection.lettuce.LettuceConnectionFactory$SharedConnection.getNativeConnection(LettuceConnectionFactory.java:1586)
	at org.springframework.data.redis.connection.lettuce.LettuceConnectionFactory$SharedConnection.lambda$getConnection$0(LettuceConnectionFactory.java:1566)
	at org.springframework.data.redis.connection.lettuce.LettuceConnectionFactory.doInLock(LettuceConnectionFactory.java:1527)
	at org.springframework.data.redis.connection.lettuce.LettuceConnectionFactory$SharedConnection.getConnection(LettuceConnectionFactory.java:1563)
	at org.springframework.data.redis.connection.lettuce.LettuceConnectionFactory.getSharedReactiveConnection(LettuceConnectionFactory.java:1274)
	at org.springframework.data.redis.connection.lettuce.LettuceConnectionFactory.getReactiveConnection(LettuceConnectionFactory.java:1149)
	at org.springframework.data.redis.connection.lettuce.LettuceConnectionFactory.getReactiveConnection(LettuceConnectionFactory.java:120)
	at reactor.core.publisher.MonoSupplier.call(MonoSupplier.java:67)
	at reactor.core.publisher.FluxSubscribeOnCallable$CallableSubscribeOnSubscription.run(FluxSubscribeOnCallable.java:228)
	at reactor.core.scheduler.SchedulerTask.call(SchedulerTask.java:68)
	at reactor.core.scheduler.SchedulerTask.call(SchedulerTask.java:28)
	at java.base/java.util.concurrent.FutureTask.run(FutureTask.java:264)
	at java.base/java.util.concurrent.ScheduledThreadPoolExecutor$ScheduledFutureTask.run(ScheduledThreadPoolExecutor.java:304)
	at java.base/java.util.concurrent.ThreadPoolExecutor.runWorker(ThreadPoolExecutor.java:1136)
	at java.base/java.util.concurrent.ThreadPoolExecutor$Worker.run(ThreadPoolExecutor.java:635)
	at java.base/java.lang.Thread.run(Thread.java:833)
Caused by: org.springframework.data.redis.connection.PoolException: Could not prepare the pool
	at org.springframework.data.redis.connection.lettuce.LettucePoolingConnectionProvider.lambda$getConnection$1(LettucePoolingConnectionProvider.java:101)
	at java.base/java.util.concurrent.ConcurrentHashMap.computeIfAbsent(ConcurrentHashMap.java:1708)
	at org.springframework.data.redis.connection.lettuce.LettucePoolingConnectionProvider.getConnection(LettucePoolingConnectionProvider.java:93)
	at org.springframework.data.redis.connection.lettuce.LettuceConnectionFactory$ExceptionTranslatingConnectionProvider.getConnection(LettuceConnectionFactory.java:1787)
	... 16 common frames omitted
Caused by: io.lettuce.core.RedisConnectionException: Cannot connect to a Redis Sentinel: [redis://redis-sentinel.redis.svc.cluster.local:26379?timeout=500000000ns]
	at io.lettuce.core.RedisConnectionException.create(RedisConnectionException.java:57)
	at io.lettuce.core.RedisConnectionException.create(RedisConnectionException.java:41)
	at io.lettuce.core.AbstractRedisClient.getConnection(AbstractRedisClient.java:354)
	at io.lettuce.core.RedisClient.connect(RedisClient.java:220)
	at org.springframework.data.redis.connection.lettuce.StandaloneConnectionProvider.lambda$getConnection$1(StandaloneConnectionProvider.java:112)
	at java.base/java.util.Optional.orElseGet(Optional.java:364)
	at org.springframework.data.redis.connection.lettuce.StandaloneConnectionProvider.getConnection(StandaloneConnectionProvider.java:112)
	at org.springframework.data.redis.connection.lettuce.LettucePoolingConnectionProvider.lambda$getConnection$0(LettucePoolingConnectionProvider.java:96)
	at io.lettuce.core.support.ConnectionPoolSupport$RedisPooledObjectFactory.create(ConnectionPoolSupport.java:270)
	at io.lettuce.core.support.ConnectionPoolSupport$RedisPooledObjectFactory.create(ConnectionPoolSupport.java:257)
	at org.apache.commons.pool2.BasePooledObjectFactory.makeObject(BasePooledObjectFactory.java:68)
	at org.apache.commons.pool2.impl.GenericObjectPool.create(GenericObjectPool.java:557)
	at org.apache.commons.pool2.impl.GenericObjectPool.ensureIdle(GenericObjectPool.java:630)
	at org.apache.commons.pool2.impl.GenericObjectPool.ensureMinIdle(GenericObjectPool.java:652)
	at org.apache.commons.pool2.impl.GenericObjectPool.preparePool(GenericObjectPool.java:970)
	at org.springframework.data.redis.connection.lettuce.LettucePoolingConnectionProvider.lambda$getConnection$1(LettucePoolingConnectionProvider.java:99)
	... 19 common frames omitted
Caused by: io.lettuce.core.RedisConnectionException: Cannot connect Redis Sentinel at redis://redis-sentinel.redis.svc.cluster.local:26379?timeout=500000000ns
	at io.lettuce.core.RedisClient.lambda$connectSentinelAsync$6(RedisClient.java:533)
	at reactor.core.publisher.Mono.lambda$onErrorMap$29(Mono.java:3862)
	at reactor.core.publisher.FluxOnErrorResume$ResumeSubscriber.onError(FluxOnErrorResume.java:94)
	at reactor.core.publisher.FluxOnErrorResume$ResumeSubscriber.onError(FluxOnErrorResume.java:106)
	at reactor.core.publisher.Operators.error(Operators.java:198)
	at reactor.core.publisher.MonoError.subscribe(MonoError.java:53)
	at reactor.core.publisher.Mono.subscribe(Mono.java:4576)
	at reactor.core.publisher.FluxOnErrorResume$ResumeSubscriber.onError(FluxOnErrorResume.java:103)
	at reactor.core.publisher.MonoCompletionStage$MonoCompletionStageSubscription.apply(MonoCompletionStage.java:115)
	at reactor.core.publisher.MonoCompletionStage$MonoCompletionStageSubscription.apply(MonoCompletionStage.java:67)
	at java.base/java.util.concurrent.CompletableFuture.uniHandle(CompletableFuture.java:934)
	at java.base/java.util.concurrent.CompletableFuture$UniHandle.tryFire(CompletableFuture.java:911)
	at java.base/java.util.concurrent.CompletableFuture.postComplete(CompletableFuture.java:510)
	at java.base/java.util.concurrent.CompletableFuture.completeExceptionally(CompletableFuture.java:2162)
	at io.lettuce.core.AbstractRedisClient.lambda$initializeChannelAsync0$6(AbstractRedisClient.java:458)
	at io.netty.util.concurrent.DefaultPromise.notifyListener0(DefaultPromise.java:603)
	at io.netty.util.concurrent.DefaultPromise.notifyListenersNow(DefaultPromise.java:570)
	at io.netty.util.concurrent.DefaultPromise.notifyListeners(DefaultPromise.java:505)
	at io.netty.util.concurrent.DefaultPromise.setValue0(DefaultPromise.java:649)
	at io.netty.util.concurrent.DefaultPromise.setFailure0(DefaultPromise.java:642)
	at io.netty.util.concurrent.DefaultPromise.setFailure(DefaultPromise.java:123)
	at io.netty.channel.DefaultChannelPromise.setFailure(DefaultChannelPromise.java:89)
	at io.netty.bootstrap.Bootstrap.doResolveAndConnect0(Bootstrap.java:228)
	at io.netty.bootstrap.Bootstrap.access$000(Bootstrap.java:47)
	at io.netty.bootstrap.Bootstrap$1.operationComplete(Bootstrap.java:189)
	at io.netty.bootstrap.Bootstrap$1.operationComplete(Bootstrap.java:175)
	at io.netty.util.concurrent.DefaultPromise.notifyListener0(DefaultPromise.java:603)
	at io.netty.util.concurrent.DefaultPromise.notifyListenersNow(DefaultPromise.java:570)
	at io.netty.util.concurrent.DefaultPromise.notifyListeners(DefaultPromise.java:505)
	at io.netty.util.concurrent.DefaultPromise.setValue0(DefaultPromise.java:649)
	at io.netty.util.concurrent.DefaultPromise.setSuccess0(DefaultPromise.java:638)
	at io.netty.util.concurrent.DefaultPromise.trySuccess(DefaultPromise.java:118)
	at io.netty.channel.DefaultChannelPromise.trySuccess(DefaultChannelPromise.java:84)
	at io.netty.channel.AbstractChannel$AbstractUnsafe.safeSetSuccess(AbstractChannel.java:988)
	at io.netty.channel.AbstractChannel$AbstractUnsafe.register0(AbstractChannel.java:515)
	at io.netty.channel.AbstractChannel$AbstractUnsafe.access$200(AbstractChannel.java:428)
	at io.netty.channel.AbstractChannel$AbstractUnsafe$1.run(AbstractChannel.java:485)
	at io.netty.util.concurrent.AbstractEventExecutor.runTask(AbstractEventExecutor.java:173)
	at io.netty.util.concurrent.AbstractEventExecutor.safeExecute(AbstractEventExecutor.java:166)
	at io.netty.util.concurrent.SingleThreadEventExecutor.runAllTasks(SingleThreadEventExecutor.java:472)
	at io.netty.channel.nio.NioEventLoop.run(NioEventLoop.java:569)
	at io.netty.util.concurrent.SingleThreadEventExecutor$4.run(SingleThreadEventExecutor.java:998)
	at io.netty.util.internal.ThreadExecutorMap$2.run(ThreadExecutorMap.java:74)
	at io.netty.util.concurrent.FastThreadLocalRunnable.run(FastThreadLocalRunnable.java:30)
	... 1 common frames omitted
Caused by: java.net.UnknownHostException: No such host is known (redis-sentinel.redis.svc.cluster.local)
	at java.base/java.net.Inet6AddressImpl.lookupAllHostAddr(Native Method)
	at java.base/java.net.Inet6AddressImpl.lookupAllHostAddr(Inet6AddressImpl.java:52)
	at java.base/java.net.InetAddress$PlatformResolver.lookupByName(InetAddress.java:1048)
	at java.base/java.net.InetAddress.getAddressesFromNameService(InetAddress.java:1648)
	at java.base/java.net.InetAddress$NameServiceAddresses.get(InetAddress.java:997)
	at java.base/java.net.InetAddress.getAllByName0(InetAddress.java:1638)
	at java.base/java.net.InetAddress.getAllByName(InetAddress.java:1504)
	at java.base/java.net.InetAddress.getByName(InetAddress.java:1393)
	at io.netty.util.internal.SocketUtils$8.run(SocketUtils.java:156)
	at io.netty.util.internal.SocketUtils$8.run(SocketUtils.java:153)
	at java.base/java.security.AccessController.doPrivileged(AccessController.java:569)
	at io.netty.util.internal.SocketUtils.addressByName(SocketUtils.java:153)
	at io.netty.resolver.DefaultNameResolver.doResolve(DefaultNameResolver.java:41)
	at io.netty.resolver.SimpleNameResolver.resolve(SimpleNameResolver.java:61)
	at io.netty.resolver.SimpleNameResolver.resolve(SimpleNameResolver.java:53)
	at io.netty.resolver.InetSocketAddressResolver.doResolve(InetSocketAddressResolver.java:55)
	at io.netty.resolver.InetSocketAddressResolver.doResolve(InetSocketAddressResolver.java:31)
	at io.netty.resolver.AbstractAddressResolver.resolve(AbstractAddressResolver.java:106)
	at io.netty.bootstrap.Bootstrap.doResolveAndConnect0(Bootstrap.java:220)
	... 22 common frames omitted
2026-04-29 19:10:15.150 WARN  [http-nio-8080-exec-3] o.h.e.jdbc.spi.SqlExceptionHelper - SQL Error: 1400, SQLState: 23000
2026-04-29 19:11:52.745 WARN  [main] org.hibernate.orm.deprecation - HHH90000025: OracleDialect does not need to be specified explicitly using 'hibernate.dialect' (remove the property setting and it will be selected by default)
2026-04-29 19:11:54.447 WARN  [main] o.s.b.a.o.j.JpaBaseConfiguration$JpaWebConfiguration - spring.jpa.open-in-view is enabled by default. Therefore, database queries may be performed during view rendering. Explicitly configure spring.jpa.open-in-view to disable this warning
2026-04-29 19:11:56.368 WARN  [lettuce-nioEventLoop-6-1] io.lettuce.core.RedisClient - Cannot connect Redis Sentinel at redis://redis-sentinel.redis.svc.cluster.local:26379?timeout=500000000ns: java.util.concurrent.CompletionException: java.net.UnknownHostException: No such host is known (redis-sentinel.redis.svc.cluster.local)
2026-04-29 19:11:56.372 WARN  [boundedElastic-1] o.s.b.a.d.r.RedisReactiveHealthIndicator - Redis health check failed
org.springframework.data.redis.RedisConnectionFailureException: Unable to connect to Redis
	at org.springframework.data.redis.connection.lettuce.LettuceConnectionFactory$ExceptionTranslatingConnectionProvider.translateException(LettuceConnectionFactory.java:1858)
	at org.springframework.data.redis.connection.lettuce.LettuceConnectionFactory$ExceptionTranslatingConnectionProvider.getConnection(LettuceConnectionFactory.java:1789)
	at org.springframework.data.redis.connection.lettuce.LettuceConnectionFactory$SharedConnection.getNativeConnection(LettuceConnectionFactory.java:1586)
	at org.springframework.data.redis.connection.lettuce.LettuceConnectionFactory$SharedConnection.lambda$getConnection$0(LettuceConnectionFactory.java:1566)
	at org.springframework.data.redis.connection.lettuce.LettuceConnectionFactory.doInLock(LettuceConnectionFactory.java:1527)
	at org.springframework.data.redis.connection.lettuce.LettuceConnectionFactory$SharedConnection.getConnection(LettuceConnectionFactory.java:1563)
	at org.springframework.data.redis.connection.lettuce.LettuceConnectionFactory.getSharedReactiveConnection(LettuceConnectionFactory.java:1274)
	at org.springframework.data.redis.connection.lettuce.LettuceConnectionFactory.getReactiveConnection(LettuceConnectionFactory.java:1149)
	at org.springframework.data.redis.connection.lettuce.LettuceConnectionFactory.getReactiveConnection(LettuceConnectionFactory.java:120)
	at reactor.core.publisher.MonoSupplier.call(MonoSupplier.java:67)
	at reactor.core.publisher.FluxSubscribeOnCallable$CallableSubscribeOnSubscription.run(FluxSubscribeOnCallable.java:228)
	at reactor.core.scheduler.SchedulerTask.call(SchedulerTask.java:68)
	at reactor.core.scheduler.SchedulerTask.call(SchedulerTask.java:28)
	at java.base/java.util.concurrent.FutureTask.run(FutureTask.java:264)
	at java.base/java.util.concurrent.ScheduledThreadPoolExecutor$ScheduledFutureTask.run(ScheduledThreadPoolExecutor.java:304)
	at java.base/java.util.concurrent.ThreadPoolExecutor.runWorker(ThreadPoolExecutor.java:1136)
	at java.base/java.util.concurrent.ThreadPoolExecutor$Worker.run(ThreadPoolExecutor.java:635)
	at java.base/java.lang.Thread.run(Thread.java:833)
Caused by: org.springframework.data.redis.connection.PoolException: Could not prepare the pool
	at org.springframework.data.redis.connection.lettuce.LettucePoolingConnectionProvider.lambda$getConnection$1(LettucePoolingConnectionProvider.java:101)
	at java.base/java.util.concurrent.ConcurrentHashMap.computeIfAbsent(ConcurrentHashMap.java:1708)
	at org.springframework.data.redis.connection.lettuce.LettucePoolingConnectionProvider.getConnection(LettucePoolingConnectionProvider.java:93)
	at org.springframework.data.redis.connection.lettuce.LettuceConnectionFactory$ExceptionTranslatingConnectionProvider.getConnection(LettuceConnectionFactory.java:1787)
	... 16 common frames omitted
Caused by: io.lettuce.core.RedisConnectionException: Cannot connect to a Redis Sentinel: [redis://redis-sentinel.redis.svc.cluster.local:26379?timeout=500000000ns]
	at io.lettuce.core.RedisConnectionException.create(RedisConnectionException.java:57)
	at io.lettuce.core.RedisConnectionException.create(RedisConnectionException.java:41)
	at io.lettuce.core.AbstractRedisClient.getConnection(AbstractRedisClient.java:354)
	at io.lettuce.core.RedisClient.connect(RedisClient.java:220)
	at org.springframework.data.redis.connection.lettuce.StandaloneConnectionProvider.lambda$getConnection$1(StandaloneConnectionProvider.java:112)
	at java.base/java.util.Optional.orElseGet(Optional.java:364)
	at org.springframework.data.redis.connection.lettuce.StandaloneConnectionProvider.getConnection(StandaloneConnectionProvider.java:112)
	at org.springframework.data.redis.connection.lettuce.LettucePoolingConnectionProvider.lambda$getConnection$0(LettucePoolingConnectionProvider.java:96)
	at io.lettuce.core.support.ConnectionPoolSupport$RedisPooledObjectFactory.create(ConnectionPoolSupport.java:270)
	at io.lettuce.core.support.ConnectionPoolSupport$RedisPooledObjectFactory.create(ConnectionPoolSupport.java:257)
	at org.apache.commons.pool2.BasePooledObjectFactory.makeObject(BasePooledObjectFactory.java:68)
	at org.apache.commons.pool2.impl.GenericObjectPool.create(GenericObjectPool.java:557)
	at org.apache.commons.pool2.impl.GenericObjectPool.ensureIdle(GenericObjectPool.java:630)
	at org.apache.commons.pool2.impl.GenericObjectPool.ensureMinIdle(GenericObjectPool.java:652)
	at org.apache.commons.pool2.impl.GenericObjectPool.preparePool(GenericObjectPool.java:970)
	at org.springframework.data.redis.connection.lettuce.LettucePoolingConnectionProvider.lambda$getConnection$1(LettucePoolingConnectionProvider.java:99)
	... 19 common frames omitted
Caused by: io.lettuce.core.RedisConnectionException: Cannot connect Redis Sentinel at redis://redis-sentinel.redis.svc.cluster.local:26379?timeout=500000000ns
	at io.lettuce.core.RedisClient.lambda$connectSentinelAsync$6(RedisClient.java:533)
	at reactor.core.publisher.Mono.lambda$onErrorMap$29(Mono.java:3862)
	at reactor.core.publisher.FluxOnErrorResume$ResumeSubscriber.onError(FluxOnErrorResume.java:94)
	at reactor.core.publisher.FluxOnErrorResume$ResumeSubscriber.onError(FluxOnErrorResume.java:106)
	at reactor.core.publisher.Operators.error(Operators.java:198)
	at reactor.core.publisher.MonoError.subscribe(MonoError.java:53)
	at reactor.core.publisher.Mono.subscribe(Mono.java:4576)
	at reactor.core.publisher.FluxOnErrorResume$ResumeSubscriber.onError(FluxOnErrorResume.java:103)
	at reactor.core.publisher.MonoCompletionStage$MonoCompletionStageSubscription.apply(MonoCompletionStage.java:115)
	at reactor.core.publisher.MonoCompletionStage$MonoCompletionStageSubscription.apply(MonoCompletionStage.java:67)
	at java.base/java.util.concurrent.CompletableFuture.uniHandle(CompletableFuture.java:934)
	at java.base/java.util.concurrent.CompletableFuture$UniHandle.tryFire(CompletableFuture.java:911)
	at java.base/java.util.concurrent.CompletableFuture.postComplete(CompletableFuture.java:510)
	at java.base/java.util.concurrent.CompletableFuture.completeExceptionally(CompletableFuture.java:2162)
	at io.lettuce.core.AbstractRedisClient.lambda$initializeChannelAsync0$6(AbstractRedisClient.java:458)
	at io.netty.util.concurrent.DefaultPromise.notifyListener0(DefaultPromise.java:603)
	at io.netty.util.concurrent.DefaultPromise.notifyListenersNow(DefaultPromise.java:570)
	at io.netty.util.concurrent.DefaultPromise.notifyListeners(DefaultPromise.java:505)
	at io.netty.util.concurrent.DefaultPromise.setValue0(DefaultPromise.java:649)
	at io.netty.util.concurrent.DefaultPromise.setFailure0(DefaultPromise.java:642)
	at io.netty.util.concurrent.DefaultPromise.setFailure(DefaultPromise.java:123)
	at io.netty.channel.DefaultChannelPromise.setFailure(DefaultChannelPromise.java:89)
	at io.netty.bootstrap.Bootstrap.doResolveAndConnect0(Bootstrap.java:228)
	at io.netty.bootstrap.Bootstrap.access$000(Bootstrap.java:47)
	at io.netty.bootstrap.Bootstrap$1.operationComplete(Bootstrap.java:189)
	at io.netty.bootstrap.Bootstrap$1.operationComplete(Bootstrap.java:175)
	at io.netty.util.concurrent.DefaultPromise.notifyListener0(DefaultPromise.java:603)
	at io.netty.util.concurrent.DefaultPromise.notifyListenersNow(DefaultPromise.java:570)
	at io.netty.util.concurrent.DefaultPromise.notifyListeners(DefaultPromise.java:505)
	at io.netty.util.concurrent.DefaultPromise.setValue0(DefaultPromise.java:649)
	at io.netty.util.concurrent.DefaultPromise.setSuccess0(DefaultPromise.java:638)
	at io.netty.util.concurrent.DefaultPromise.trySuccess(DefaultPromise.java:118)
	at io.netty.channel.DefaultChannelPromise.trySuccess(DefaultChannelPromise.java:84)
	at io.netty.channel.AbstractChannel$AbstractUnsafe.safeSetSuccess(AbstractChannel.java:988)
	at io.netty.channel.AbstractChannel$AbstractUnsafe.register0(AbstractChannel.java:515)
	at io.netty.channel.AbstractChannel$AbstractUnsafe.access$200(AbstractChannel.java:428)
	at io.netty.channel.AbstractChannel$AbstractUnsafe$1.run(AbstractChannel.java:485)
	at io.netty.util.concurrent.AbstractEventExecutor.runTask(AbstractEventExecutor.java:173)
	at io.netty.util.concurrent.AbstractEventExecutor.safeExecute(AbstractEventExecutor.java:166)
	at io.netty.util.concurrent.SingleThreadEventExecutor.runAllTasks(SingleThreadEventExecutor.java:472)
	at io.netty.channel.nio.NioEventLoop.run(NioEventLoop.java:569)
	at io.netty.util.concurrent.SingleThreadEventExecutor$4.run(SingleThreadEventExecutor.java:998)
	at io.netty.util.internal.ThreadExecutorMap$2.run(ThreadExecutorMap.java:74)
	at io.netty.util.concurrent.FastThreadLocalRunnable.run(FastThreadLocalRunnable.java:30)
	... 1 common frames omitted
Caused by: java.net.UnknownHostException: No such host is known (redis-sentinel.redis.svc.cluster.local)
	at java.base/java.net.Inet6AddressImpl.lookupAllHostAddr(Native Method)
	at java.base/java.net.Inet6AddressImpl.lookupAllHostAddr(Inet6AddressImpl.java:52)
	at java.base/java.net.InetAddress$PlatformResolver.lookupByName(InetAddress.java:1048)
	at java.base/java.net.InetAddress.getAddressesFromNameService(InetAddress.java:1648)
	at java.base/java.net.InetAddress$NameServiceAddresses.get(InetAddress.java:997)
	at java.base/java.net.InetAddress.getAllByName0(InetAddress.java:1638)
	at java.base/java.net.InetAddress.getAllByName(InetAddress.java:1504)
	at java.base/java.net.InetAddress.getByName(InetAddress.java:1393)
	at io.netty.util.internal.SocketUtils$8.run(SocketUtils.java:156)
	at io.netty.util.internal.SocketUtils$8.run(SocketUtils.java:153)
	at java.base/java.security.AccessController.doPrivileged(AccessController.java:569)
	at io.netty.util.internal.SocketUtils.addressByName(SocketUtils.java:153)
	at io.netty.resolver.DefaultNameResolver.doResolve(DefaultNameResolver.java:41)
	at io.netty.resolver.SimpleNameResolver.resolve(SimpleNameResolver.java:61)
	at io.netty.resolver.SimpleNameResolver.resolve(SimpleNameResolver.java:53)
	at io.netty.resolver.InetSocketAddressResolver.doResolve(InetSocketAddressResolver.java:55)
	at io.netty.resolver.InetSocketAddressResolver.doResolve(InetSocketAddressResolver.java:31)
	at io.netty.resolver.AbstractAddressResolver.resolve(AbstractAddressResolver.java:106)
	at io.netty.bootstrap.Bootstrap.doResolveAndConnect0(Bootstrap.java:220)
	... 22 common frames omitted
2026-04-29 19:13:15.608 WARN  [main] org.hibernate.orm.deprecation - HHH90000025: OracleDialect does not need to be specified explicitly using 'hibernate.dialect' (remove the property setting and it will be selected by default)
2026-04-29 19:13:17.325 WARN  [main] o.s.b.a.o.j.JpaBaseConfiguration$JpaWebConfiguration - spring.jpa.open-in-view is enabled by default. Therefore, database queries may be performed during view rendering. Explicitly configure spring.jpa.open-in-view to disable this warning
2026-04-29 19:13:19.469 WARN  [lettuce-nioEventLoop-6-1] io.lettuce.core.RedisClient - Cannot connect Redis Sentinel at redis://redis-sentinel.redis.svc.cluster.local:26379?timeout=500000000ns: java.util.concurrent.CompletionException: java.net.UnknownHostException: No such host is known (redis-sentinel.redis.svc.cluster.local)
2026-04-29 19:13:19.473 WARN  [boundedElastic-1] o.s.b.a.d.r.RedisReactiveHealthIndicator - Redis health check failed
org.springframework.data.redis.RedisConnectionFailureException: Unable to connect to Redis
	at org.springframework.data.redis.connection.lettuce.LettuceConnectionFactory$ExceptionTranslatingConnectionProvider.translateException(LettuceConnectionFactory.java:1858)
	at org.springframework.data.redis.connection.lettuce.LettuceConnectionFactory$ExceptionTranslatingConnectionProvider.getConnection(LettuceConnectionFactory.java:1789)
	at org.springframework.data.redis.connection.lettuce.LettuceConnectionFactory$SharedConnection.getNativeConnection(LettuceConnectionFactory.java:1586)
	at org.springframework.data.redis.connection.lettuce.LettuceConnectionFactory$SharedConnection.lambda$getConnection$0(LettuceConnectionFactory.java:1566)
	at org.springframework.data.redis.connection.lettuce.LettuceConnectionFactory.doInLock(LettuceConnectionFactory.java:1527)
	at org.springframework.data.redis.connection.lettuce.LettuceConnectionFactory$SharedConnection.getConnection(LettuceConnectionFactory.java:1563)
	at org.springframework.data.redis.connection.lettuce.LettuceConnectionFactory.getSharedReactiveConnection(LettuceConnectionFactory.java:1274)
	at org.springframework.data.redis.connection.lettuce.LettuceConnectionFactory.getReactiveConnection(LettuceConnectionFactory.java:1149)
	at org.springframework.data.redis.connection.lettuce.LettuceConnectionFactory.getReactiveConnection(LettuceConnectionFactory.java:120)
	at reactor.core.publisher.MonoSupplier.call(MonoSupplier.java:67)
	at reactor.core.publisher.FluxSubscribeOnCallable$CallableSubscribeOnSubscription.run(FluxSubscribeOnCallable.java:228)
	at reactor.core.scheduler.SchedulerTask.call(SchedulerTask.java:68)
	at reactor.core.scheduler.SchedulerTask.call(SchedulerTask.java:28)
	at java.base/java.util.concurrent.FutureTask.run(FutureTask.java:264)
	at java.base/java.util.concurrent.ScheduledThreadPoolExecutor$ScheduledFutureTask.run(ScheduledThreadPoolExecutor.java:304)
	at java.base/java.util.concurrent.ThreadPoolExecutor.runWorker(ThreadPoolExecutor.java:1136)
	at java.base/java.util.concurrent.ThreadPoolExecutor$Worker.run(ThreadPoolExecutor.java:635)
	at java.base/java.lang.Thread.run(Thread.java:833)
Caused by: org.springframework.data.redis.connection.PoolException: Could not prepare the pool
	at org.springframework.data.redis.connection.lettuce.LettucePoolingConnectionProvider.lambda$getConnection$1(LettucePoolingConnectionProvider.java:101)
	at java.base/java.util.concurrent.ConcurrentHashMap.computeIfAbsent(ConcurrentHashMap.java:1708)
	at org.springframework.data.redis.connection.lettuce.LettucePoolingConnectionProvider.getConnection(LettucePoolingConnectionProvider.java:93)
	at org.springframework.data.redis.connection.lettuce.LettuceConnectionFactory$ExceptionTranslatingConnectionProvider.getConnection(LettuceConnectionFactory.java:1787)
	... 16 common frames omitted
Caused by: io.lettuce.core.RedisConnectionException: Cannot connect to a Redis Sentinel: [redis://redis-sentinel.redis.svc.cluster.local:26379?timeout=500000000ns]
	at io.lettuce.core.RedisConnectionException.create(RedisConnectionException.java:57)
	at io.lettuce.core.RedisConnectionException.create(RedisConnectionException.java:41)
	at io.lettuce.core.AbstractRedisClient.getConnection(AbstractRedisClient.java:354)
	at io.lettuce.core.RedisClient.connect(RedisClient.java:220)
	at org.springframework.data.redis.connection.lettuce.StandaloneConnectionProvider.lambda$getConnection$1(StandaloneConnectionProvider.java:112)
	at java.base/java.util.Optional.orElseGet(Optional.java:364)
	at org.springframework.data.redis.connection.lettuce.StandaloneConnectionProvider.getConnection(StandaloneConnectionProvider.java:112)
	at org.springframework.data.redis.connection.lettuce.LettucePoolingConnectionProvider.lambda$getConnection$0(LettucePoolingConnectionProvider.java:96)
	at io.lettuce.core.support.ConnectionPoolSupport$RedisPooledObjectFactory.create(ConnectionPoolSupport.java:270)
	at io.lettuce.core.support.ConnectionPoolSupport$RedisPooledObjectFactory.create(ConnectionPoolSupport.java:257)
	at org.apache.commons.pool2.BasePooledObjectFactory.makeObject(BasePooledObjectFactory.java:68)
	at org.apache.commons.pool2.impl.GenericObjectPool.create(GenericObjectPool.java:557)
	at org.apache.commons.pool2.impl.GenericObjectPool.ensureIdle(GenericObjectPool.java:630)
	at org.apache.commons.pool2.impl.GenericObjectPool.ensureMinIdle(GenericObjectPool.java:652)
	at org.apache.commons.pool2.impl.GenericObjectPool.preparePool(GenericObjectPool.java:970)
	at org.springframework.data.redis.connection.lettuce.LettucePoolingConnectionProvider.lambda$getConnection$1(LettucePoolingConnectionProvider.java:99)
	... 19 common frames omitted
Caused by: io.lettuce.core.RedisConnectionException: Cannot connect Redis Sentinel at redis://redis-sentinel.redis.svc.cluster.local:26379?timeout=500000000ns
	at io.lettuce.core.RedisClient.lambda$connectSentinelAsync$6(RedisClient.java:533)
	at reactor.core.publisher.Mono.lambda$onErrorMap$29(Mono.java:3862)
	at reactor.core.publisher.FluxOnErrorResume$ResumeSubscriber.onError(FluxOnErrorResume.java:94)
	at reactor.core.publisher.FluxOnErrorResume$ResumeSubscriber.onError(FluxOnErrorResume.java:106)
	at reactor.core.publisher.Operators.error(Operators.java:198)
	at reactor.core.publisher.MonoError.subscribe(MonoError.java:53)
	at reactor.core.publisher.Mono.subscribe(Mono.java:4576)
	at reactor.core.publisher.FluxOnErrorResume$ResumeSubscriber.onError(FluxOnErrorResume.java:103)
	at reactor.core.publisher.MonoCompletionStage$MonoCompletionStageSubscription.apply(MonoCompletionStage.java:115)
	at reactor.core.publisher.MonoCompletionStage$MonoCompletionStageSubscription.apply(MonoCompletionStage.java:67)
	at java.base/java.util.concurrent.CompletableFuture.uniHandle(CompletableFuture.java:934)
	at java.base/java.util.concurrent.CompletableFuture$UniHandle.tryFire(CompletableFuture.java:911)
	at java.base/java.util.concurrent.CompletableFuture.postComplete(CompletableFuture.java:510)
	at java.base/java.util.concurrent.CompletableFuture.completeExceptionally(CompletableFuture.java:2162)
	at io.lettuce.core.AbstractRedisClient.lambda$initializeChannelAsync0$6(AbstractRedisClient.java:458)
	at io.netty.util.concurrent.DefaultPromise.notifyListener0(DefaultPromise.java:603)
	at io.netty.util.concurrent.DefaultPromise.notifyListenersNow(DefaultPromise.java:570)
	at io.netty.util.concurrent.DefaultPromise.notifyListeners(DefaultPromise.java:505)
	at io.netty.util.concurrent.DefaultPromise.setValue0(DefaultPromise.java:649)
	at io.netty.util.concurrent.DefaultPromise.setFailure0(DefaultPromise.java:642)
	at io.netty.util.concurrent.DefaultPromise.setFailure(DefaultPromise.java:123)
	at io.netty.channel.DefaultChannelPromise.setFailure(DefaultChannelPromise.java:89)
	at io.netty.bootstrap.Bootstrap.doResolveAndConnect0(Bootstrap.java:228)
	at io.netty.bootstrap.Bootstrap.access$000(Bootstrap.java:47)
	at io.netty.bootstrap.Bootstrap$1.operationComplete(Bootstrap.java:189)
	at io.netty.bootstrap.Bootstrap$1.operationComplete(Bootstrap.java:175)
	at io.netty.util.concurrent.DefaultPromise.notifyListener0(DefaultPromise.java:603)
	at io.netty.util.concurrent.DefaultPromise.notifyListenersNow(DefaultPromise.java:570)
	at io.netty.util.concurrent.DefaultPromise.notifyListeners(DefaultPromise.java:505)
	at io.netty.util.concurrent.DefaultPromise.setValue0(DefaultPromise.java:649)
	at io.netty.util.concurrent.DefaultPromise.setSuccess0(DefaultPromise.java:638)
	at io.netty.util.concurrent.DefaultPromise.trySuccess(DefaultPromise.java:118)
	at io.netty.channel.DefaultChannelPromise.trySuccess(DefaultChannelPromise.java:84)
	at io.netty.channel.AbstractChannel$AbstractUnsafe.safeSetSuccess(AbstractChannel.java:988)
	at io.netty.channel.AbstractChannel$AbstractUnsafe.register0(AbstractChannel.java:515)
	at io.netty.channel.AbstractChannel$AbstractUnsafe.access$200(AbstractChannel.java:428)
	at io.netty.channel.AbstractChannel$AbstractUnsafe$1.run(AbstractChannel.java:485)
	at io.netty.util.concurrent.AbstractEventExecutor.runTask(AbstractEventExecutor.java:173)
	at io.netty.util.concurrent.AbstractEventExecutor.safeExecute(AbstractEventExecutor.java:166)
	at io.netty.util.concurrent.SingleThreadEventExecutor.runAllTasks(SingleThreadEventExecutor.java:472)
	at io.netty.channel.nio.NioEventLoop.run(NioEventLoop.java:569)
	at io.netty.util.concurrent.SingleThreadEventExecutor$4.run(SingleThreadEventExecutor.java:998)
	at io.netty.util.internal.ThreadExecutorMap$2.run(ThreadExecutorMap.java:74)
	at io.netty.util.concurrent.FastThreadLocalRunnable.run(FastThreadLocalRunnable.java:30)
	... 1 common frames omitted
Caused by: java.net.UnknownHostException: No such host is known (redis-sentinel.redis.svc.cluster.local)
	at java.base/java.net.Inet6AddressImpl.lookupAllHostAddr(Native Method)
	at java.base/java.net.Inet6AddressImpl.lookupAllHostAddr(Inet6AddressImpl.java:52)
	at java.base/java.net.InetAddress$PlatformResolver.lookupByName(InetAddress.java:1048)
	at java.base/java.net.InetAddress.getAddressesFromNameService(InetAddress.java:1648)
	at java.base/java.net.InetAddress$NameServiceAddresses.get(InetAddress.java:997)
	at java.base/java.net.InetAddress.getAllByName0(InetAddress.java:1638)
	at java.base/java.net.InetAddress.getAllByName(InetAddress.java:1504)
	at java.base/java.net.InetAddress.getByName(InetAddress.java:1393)
	at io.netty.util.internal.SocketUtils$8.run(SocketUtils.java:156)
	at io.netty.util.internal.SocketUtils$8.run(SocketUtils.java:153)
	at java.base/java.security.AccessController.doPrivileged(AccessController.java:569)
	at io.netty.util.internal.SocketUtils.addressByName(SocketUtils.java:153)
	at io.netty.resolver.DefaultNameResolver.doResolve(DefaultNameResolver.java:41)
	at io.netty.resolver.SimpleNameResolver.resolve(SimpleNameResolver.java:61)
	at io.netty.resolver.SimpleNameResolver.resolve(SimpleNameResolver.java:53)
	at io.netty.resolver.InetSocketAddressResolver.doResolve(InetSocketAddressResolver.java:55)
	at io.netty.resolver.InetSocketAddressResolver.doResolve(InetSocketAddressResolver.java:31)
	at io.netty.resolver.AbstractAddressResolver.resolve(AbstractAddressResolver.java:106)
	at io.netty.bootstrap.Bootstrap.doResolveAndConnect0(Bootstrap.java:220)
	... 22 common frames omitted
2026-04-29 19:15:14.770 WARN  [main] org.hibernate.orm.deprecation - HHH90000025: OracleDialect does not need to be specified explicitly using 'hibernate.dialect' (remove the property setting and it will be selected by default)
2026-04-29 19:15:16.741 WARN  [main] o.s.b.a.o.j.JpaBaseConfiguration$JpaWebConfiguration - spring.jpa.open-in-view is enabled by default. Therefore, database queries may be performed during view rendering. Explicitly configure spring.jpa.open-in-view to disable this warning
2026-04-29 19:15:19.169 WARN  [lettuce-nioEventLoop-6-1] io.lettuce.core.RedisClient - Cannot connect Redis Sentinel at redis://redis-sentinel.redis.svc.cluster.local:26379?timeout=500000000ns: java.util.concurrent.CompletionException: java.net.UnknownHostException: No such host is known (redis-sentinel.redis.svc.cluster.local)
2026-04-29 19:15:19.183 WARN  [boundedElastic-1] o.s.b.a.d.r.RedisReactiveHealthIndicator - Redis health check failed
org.springframework.data.redis.RedisConnectionFailureException: Unable to connect to Redis
	at org.springframework.data.redis.connection.lettuce.LettuceConnectionFactory$ExceptionTranslatingConnectionProvider.translateException(LettuceConnectionFactory.java:1858)
	Suppressed: reactor.core.publisher.FluxOnAssembly$OnAssemblyException: 
Assembly trace from producer [reactor.core.publisher.MonoSubscribeOnCallable] :
	reactor.core.publisher.Mono.subscribeOn(Mono.java:4625)
	org.springframework.boot.actuate.data.redis.RedisReactiveHealthIndicator.getConnection(RedisReactiveHealthIndicator.java:57)
Error has been observed at the following site(s):
	*__Mono.subscribeOn ⇢ at org.springframework.boot.actuate.data.redis.RedisReactiveHealthIndicator.getConnection(RedisReactiveHealthIndicator.java:57)
	|_     Mono.flatMap ⇢ at org.springframework.boot.actuate.data.redis.RedisReactiveHealthIndicator.doHealthCheck(RedisReactiveHealthIndicator.java:52)
Original Stack Trace:
		at org.springframework.data.redis.connection.lettuce.LettuceConnectionFactory$ExceptionTranslatingConnectionProvider.translateException(LettuceConnectionFactory.java:1858)
		at org.springframework.data.redis.connection.lettuce.LettuceConnectionFactory$ExceptionTranslatingConnectionProvider.getConnection(LettuceConnectionFactory.java:1789)
		at org.springframework.data.redis.connection.lettuce.LettuceConnectionFactory$SharedConnection.getNativeConnection(LettuceConnectionFactory.java:1586)
		at org.springframework.data.redis.connection.lettuce.LettuceConnectionFactory$SharedConnection.lambda$getConnection$0(LettuceConnectionFactory.java:1566)
		at org.springframework.data.redis.connection.lettuce.LettuceConnectionFactory.doInLock(LettuceConnectionFactory.java:1527)
		at org.springframework.data.redis.connection.lettuce.LettuceConnectionFactory$SharedConnection.getConnection(LettuceConnectionFactory.java:1563)
		at org.springframework.data.redis.connection.lettuce.LettuceConnectionFactory.getSharedReactiveConnection(LettuceConnectionFactory.java:1274)
		at org.springframework.data.redis.connection.lettuce.LettuceConnectionFactory.getReactiveConnection(LettuceConnectionFactory.java:1149)
		at org.springframework.data.redis.connection.lettuce.LettuceConnectionFactory.getReactiveConnection(LettuceConnectionFactory.java:120)
		at reactor.core.publisher.MonoSupplier.call(MonoSupplier.java:67)
		at reactor.core.publisher.FluxSubscribeOnCallable$CallableSubscribeOnSubscription.run(FluxSubscribeOnCallable.java:228)
		at reactor.core.scheduler.SchedulerTask.call(SchedulerTask.java:68)
		at reactor.core.scheduler.SchedulerTask.call(SchedulerTask.java:28)
		at java.base/java.util.concurrent.FutureTask.run$$$capture(FutureTask.java:264)
		at java.base/java.util.concurrent.FutureTask.run(FutureTask.java)
		at java.base/java.util.concurrent.ScheduledThreadPoolExecutor$ScheduledFutureTask.run(ScheduledThreadPoolExecutor.java:304)
		at java.base/java.util.concurrent.ThreadPoolExecutor.runWorker(ThreadPoolExecutor.java:1136)
		at java.base/java.util.concurrent.ThreadPoolExecutor$Worker.run(ThreadPoolExecutor.java:635)
		at java.base/java.lang.Thread.run(Thread.java:833)
Caused by: org.springframework.data.redis.connection.PoolException: Could not prepare the pool
	at org.springframework.data.redis.connection.lettuce.LettucePoolingConnectionProvider.lambda$getConnection$1(LettucePoolingConnectionProvider.java:101)
	at java.base/java.util.concurrent.ConcurrentHashMap.computeIfAbsent(ConcurrentHashMap.java:1708)
	at org.springframework.data.redis.connection.lettuce.LettucePoolingConnectionProvider.getConnection(LettucePoolingConnectionProvider.java:93)
	at org.springframework.data.redis.connection.lettuce.LettuceConnectionFactory$ExceptionTranslatingConnectionProvider.getConnection(LettuceConnectionFactory.java:1787)
	at org.springframework.data.redis.connection.lettuce.LettuceConnectionFactory$SharedConnection.getNativeConnection(LettuceConnectionFactory.java:1586)
	at org.springframework.data.redis.connection.lettuce.LettuceConnectionFactory$SharedConnection.lambda$getConnection$0(LettuceConnectionFactory.java:1566)
	at org.springframework.data.redis.connection.lettuce.LettuceConnectionFactory.doInLock(LettuceConnectionFactory.java:1527)
	at org.springframework.data.redis.connection.lettuce.LettuceConnectionFactory$SharedConnection.getConnection(LettuceConnectionFactory.java:1563)
	at org.springframework.data.redis.connection.lettuce.LettuceConnectionFactory.getSharedReactiveConnection(LettuceConnectionFactory.java:1274)
	at org.springframework.data.redis.connection.lettuce.LettuceConnectionFactory.getReactiveConnection(LettuceConnectionFactory.java:1149)
	at org.springframework.data.redis.connection.lettuce.LettuceConnectionFactory.getReactiveConnection(LettuceConnectionFactory.java:120)
	at reactor.core.publisher.MonoSupplier.call(MonoSupplier.java:67)
	at reactor.core.publisher.MonoCallableOnAssembly.call(MonoCallableOnAssembly.java:91)
	at reactor.core.publisher.FluxSubscribeOnCallable$CallableSubscribeOnSubscription.run(FluxSubscribeOnCallable.java:228)
	at reactor.core.scheduler.SchedulerTask.call(SchedulerTask.java:68)
	at reactor.core.scheduler.SchedulerTask.call(SchedulerTask.java:28)
	at java.base/java.util.concurrent.FutureTask.run$$$capture(FutureTask.java:264)
	at java.base/java.util.concurrent.FutureTask.run(FutureTask.java)
	at java.base/java.util.concurrent.ScheduledThreadPoolExecutor$ScheduledFutureTask.run(ScheduledThreadPoolExecutor.java:304)
	at java.base/java.util.concurrent.ThreadPoolExecutor.runWorker(ThreadPoolExecutor.java:1136)
	at java.base/java.util.concurrent.ThreadPoolExecutor$Worker.run(ThreadPoolExecutor.java:635)
	at java.base/java.lang.Thread.run(Thread.java:833)
Caused by: io.lettuce.core.RedisConnectionException: Cannot connect to a Redis Sentinel: [redis://redis-sentinel.redis.svc.cluster.local:26379?timeout=500000000ns]
	at io.lettuce.core.RedisConnectionException.create(RedisConnectionException.java:57)
	at io.lettuce.core.RedisConnectionException.create(RedisConnectionException.java:41)
	at io.lettuce.core.AbstractRedisClient.getConnection(AbstractRedisClient.java:354)
	at io.lettuce.core.RedisClient.connect(RedisClient.java:220)
	at org.springframework.data.redis.connection.lettuce.StandaloneConnectionProvider.lambda$getConnection$1(StandaloneConnectionProvider.java:112)
	at java.base/java.util.Optional.orElseGet(Optional.java:364)
	at org.springframework.data.redis.connection.lettuce.StandaloneConnectionProvider.getConnection(StandaloneConnectionProvider.java:112)
	at org.springframework.data.redis.connection.lettuce.LettucePoolingConnectionProvider.lambda$getConnection$0(LettucePoolingConnectionProvider.java:96)
	at io.lettuce.core.support.ConnectionPoolSupport$RedisPooledObjectFactory.create(ConnectionPoolSupport.java:270)
	at io.lettuce.core.support.ConnectionPoolSupport$RedisPooledObjectFactory.create(ConnectionPoolSupport.java:257)
	at org.apache.commons.pool2.BasePooledObjectFactory.makeObject(BasePooledObjectFactory.java:68)
	at org.apache.commons.pool2.impl.GenericObjectPool.create(GenericObjectPool.java:557)
	at org.apache.commons.pool2.impl.GenericObjectPool.ensureIdle(GenericObjectPool.java:630)
	at org.apache.commons.pool2.impl.GenericObjectPool.ensureMinIdle(GenericObjectPool.java:652)
	at org.apache.commons.pool2.impl.GenericObjectPool.preparePool(GenericObjectPool.java:970)
	at org.springframework.data.redis.connection.lettuce.LettucePoolingConnectionProvider.lambda$getConnection$1(LettucePoolingConnectionProvider.java:99)
	... 21 common frames omitted
Caused by: io.lettuce.core.RedisConnectionException: Cannot connect Redis Sentinel at redis://redis-sentinel.redis.svc.cluster.local:26379?timeout=500000000ns
	at io.lettuce.core.RedisClient.lambda$connectSentinelAsync$6(RedisClient.java:533)
	Suppressed: reactor.core.publisher.FluxOnAssembly$OnAssemblyException: 
Assembly trace from producer [reactor.core.publisher.MonoError] :

Error has been observed at the following site(s):
	*__Mono.onErrorMap ⇢ at io.lettuce.core.RedisClient.connectSentinelAsync(RedisClient.java:533)
	|_  Mono.doOnError ⇢ at io.lettuce.core.RedisClient.connectSentinelAsync(RedisClient.java:534)
Original Stack Trace:
		at io.lettuce.core.RedisClient.lambda$connectSentinelAsync$6(RedisClient.java:533)
		at reactor.core.publisher.Mono.lambda$onErrorMap$29(Mono.java:3862)
		at reactor.core.publisher.FluxOnErrorResume$ResumeSubscriber.onError(FluxOnErrorResume.java:94)
		at reactor.core.publisher.FluxOnErrorResume$ResumeSubscriber.onError(FluxOnErrorResume.java:106)
		at reactor.core.publisher.Operators.error(Operators.java:198)
		at reactor.core.publisher.MonoError.subscribe(MonoError.java:53)
		at reactor.core.publisher.Mono.subscribe(Mono.java:4576)
		at reactor.core.publisher.FluxOnErrorResume$ResumeSubscriber.onError(FluxOnErrorResume.java:103)
		at reactor.core.publisher.MonoCompletionStage$MonoCompletionStageSubscription.apply(MonoCompletionStage.java:115)
		at reactor.core.publisher.MonoCompletionStage$MonoCompletionStageSubscription.apply(MonoCompletionStage.java:67)
		at java.base/java.util.concurrent.CompletableFuture.uniHandle(CompletableFuture.java:934)
		at java.base/java.util.concurrent.CompletableFuture$UniHandle.tryFire(CompletableFuture.java:911)
		at java.base/java.util.concurrent.CompletableFuture.postComplete(CompletableFuture.java:510)
		at java.base/java.util.concurrent.CompletableFuture.completeExceptionally(CompletableFuture.java:2162)
		at io.lettuce.core.AbstractRedisClient.lambda$initializeChannelAsync0$6(AbstractRedisClient.java:458)
		at io.netty.util.concurrent.DefaultPromise.notifyListener0(DefaultPromise.java:603)
		at io.netty.util.concurrent.DefaultPromise.notifyListenersNow(DefaultPromise.java:570)
		at io.netty.util.concurrent.DefaultPromise.notifyListeners(DefaultPromise.java:505)
		at io.netty.util.concurrent.DefaultPromise.setValue0(DefaultPromise.java:649)
		at io.netty.util.concurrent.DefaultPromise.setFailure0(DefaultPromise.java:642)
		at io.netty.util.concurrent.DefaultPromise.setFailure(DefaultPromise.java:123)
		at io.netty.channel.DefaultChannelPromise.setFailure(DefaultChannelPromise.java:89)
		at io.netty.bootstrap.Bootstrap.doResolveAndConnect0(Bootstrap.java:228)
		at io.netty.bootstrap.Bootstrap.access$000(Bootstrap.java:47)
		at io.netty.bootstrap.Bootstrap$1.operationComplete(Bootstrap.java:189)
		at io.netty.bootstrap.Bootstrap$1.operationComplete(Bootstrap.java:175)
		at io.netty.util.concurrent.DefaultPromise.notifyListener0(DefaultPromise.java:603)
		at io.netty.util.concurrent.DefaultPromise.notifyListenersNow(DefaultPromise.java:570)
		at io.netty.util.concurrent.DefaultPromise.notifyListeners(DefaultPromise.java:505)
		at io.netty.util.concurrent.DefaultPromise.setValue0(DefaultPromise.java:649)
		at io.netty.util.concurrent.DefaultPromise.setSuccess0(DefaultPromise.java:638)
		at io.netty.util.concurrent.DefaultPromise.trySuccess(DefaultPromise.java:118)
		at io.netty.channel.DefaultChannelPromise.trySuccess(DefaultChannelPromise.java:84)
		at io.netty.channel.AbstractChannel$AbstractUnsafe.safeSetSuccess(AbstractChannel.java:988)
		at io.netty.channel.AbstractChannel$AbstractUnsafe.register0(AbstractChannel.java:515)
		at io.netty.channel.AbstractChannel$AbstractUnsafe.access$200(AbstractChannel.java:428)
		at io.netty.channel.AbstractChannel$AbstractUnsafe$1.run(AbstractChannel.java:485)
		at io.netty.util.concurrent.AbstractEventExecutor.runTask$$$capture(AbstractEventExecutor.java:173)
		at io.netty.util.concurrent.AbstractEventExecutor.runTask(AbstractEventExecutor.java)
		at io.netty.util.concurrent.AbstractEventExecutor.safeExecute$$$capture(AbstractEventExecutor.java:166)
		at io.netty.util.concurrent.AbstractEventExecutor.safeExecute(AbstractEventExecutor.java)
		at io.netty.util.concurrent.SingleThreadEventExecutor.runAllTasks(SingleThreadEventExecutor.java:472)
		at io.netty.channel.nio.NioEventLoop.run(NioEventLoop.java:569)
		at io.netty.util.concurrent.SingleThreadEventExecutor$4.run(SingleThreadEventExecutor.java:998)
		at io.netty.util.internal.ThreadExecutorMap$2.run(ThreadExecutorMap.java:74)
		at io.netty.util.concurrent.FastThreadLocalRunnable.run(FastThreadLocalRunnable.java:30)
		at java.base/java.lang.Thread.run(Thread.java:833)
Caused by: java.net.UnknownHostException: No such host is known (redis-sentinel.redis.svc.cluster.local)
	at java.base/java.net.Inet6AddressImpl.lookupAllHostAddr(Native Method)
	Suppressed: reactor.core.publisher.FluxOnAssembly$OnAssemblyException: 
Assembly trace from producer [reactor.core.publisher.MonoCompletionStage] :
	reactor.core.publisher.Mono.toFuture(Mono.java:5153)
	io.lettuce.core.RedisClient.connectSentinelAsync(RedisClient.java:562)
Error has been observed at the following site(s):
	*______________________________________________Mono.toFuture ⇢ at io.lettuce.core.RedisClient.connectSentinelAsync(RedisClient.java:562)
	*___________________________________Mono.fromCompletionStage ⇢ at io.lettuce.core.RedisClient.connectSentinelAsync(RedisClient.java:531)
	|_                                           Mono.onErrorMap ⇢ at io.lettuce.core.RedisClient.connectSentinelAsync(RedisClient.java:532)
	*__MonoCompletionStage$MonoCompletionStageSubscription.apply ⇢ at java.base/java.util.concurrent.CompletableFuture.uniHandle(CompletableFuture.java:934)
Original Stack Trace:
		at java.base/java.net.Inet6AddressImpl.lookupAllHostAddr(Native Method)
		at java.base/java.net.Inet6AddressImpl.lookupAllHostAddr(Inet6AddressImpl.java:52)
		at java.base/java.net.InetAddress$PlatformResolver.lookupByName(InetAddress.java:1048)
		at java.base/java.net.InetAddress.getAddressesFromNameService(InetAddress.java:1648)
		at java.base/java.net.InetAddress$NameServiceAddresses.get(InetAddress.java:997)
		at java.base/java.net.InetAddress.getAllByName0(InetAddress.java:1638)
		at java.base/java.net.InetAddress.getAllByName(InetAddress.java:1504)
		at java.base/java.net.InetAddress.getByName(InetAddress.java:1393)
		at io.netty.util.internal.SocketUtils$8.run(SocketUtils.java:156)
		at io.netty.util.internal.SocketUtils$8.run(SocketUtils.java:153)
		at java.base/java.security.AccessController.doPrivileged(AccessController.java:569)
		at io.netty.util.internal.SocketUtils.addressByName(SocketUtils.java:153)
		at io.netty.resolver.DefaultNameResolver.doResolve(DefaultNameResolver.java:41)
		at io.netty.resolver.SimpleNameResolver.resolve(SimpleNameResolver.java:61)
		at io.netty.resolver.SimpleNameResolver.resolve(SimpleNameResolver.java:53)
		at io.netty.resolver.InetSocketAddressResolver.doResolve(InetSocketAddressResolver.java:55)
		at io.netty.resolver.InetSocketAddressResolver.doResolve(InetSocketAddressResolver.java:31)
		at io.netty.resolver.AbstractAddressResolver.resolve(AbstractAddressResolver.java:106)
		at io.netty.bootstrap.Bootstrap.doResolveAndConnect0(Bootstrap.java:220)
		at io.netty.bootstrap.Bootstrap.access$000(Bootstrap.java:47)
		at io.netty.bootstrap.Bootstrap$1.operationComplete(Bootstrap.java:189)
		at io.netty.bootstrap.Bootstrap$1.operationComplete(Bootstrap.java:175)
		at io.netty.util.concurrent.DefaultPromise.notifyListener0(DefaultPromise.java:603)
		at io.netty.util.concurrent.DefaultPromise.notifyListenersNow(DefaultPromise.java:570)
		at io.netty.util.concurrent.DefaultPromise.notifyListeners(DefaultPromise.java:505)
		at io.netty.util.concurrent.DefaultPromise.setValue0(DefaultPromise.java:649)
		at io.netty.util.concurrent.DefaultPromise.setSuccess0(DefaultPromise.java:638)
		at io.netty.util.concurrent.DefaultPromise.trySuccess(DefaultPromise.java:118)
		at io.netty.channel.DefaultChannelPromise.trySuccess(DefaultChannelPromise.java:84)
		at io.netty.channel.AbstractChannel$AbstractUnsafe.safeSetSuccess(AbstractChannel.java:988)
		at io.netty.channel.AbstractChannel$AbstractUnsafe.register0(AbstractChannel.java:515)
		at io.netty.channel.AbstractChannel$AbstractUnsafe.access$200(AbstractChannel.java:428)
		at io.netty.channel.AbstractChannel$AbstractUnsafe$1.run(AbstractChannel.java:485)
		at io.netty.util.concurrent.AbstractEventExecutor.runTask$$$capture(AbstractEventExecutor.java:173)
		at io.netty.util.concurrent.AbstractEventExecutor.runTask(AbstractEventExecutor.java)
		at io.netty.util.concurrent.AbstractEventExecutor.safeExecute$$$capture(AbstractEventExecutor.java:166)
		at io.netty.util.concurrent.AbstractEventExecutor.safeExecute(AbstractEventExecutor.java)
		at io.netty.util.concurrent.SingleThreadEventExecutor.runAllTasks(SingleThreadEventExecutor.java:472)
		at io.netty.channel.nio.NioEventLoop.run(NioEventLoop.java:569)
		at io.netty.util.concurrent.SingleThreadEventExecutor$4.run(SingleThreadEventExecutor.java:998)
		at io.netty.util.internal.ThreadExecutorMap$2.run(ThreadExecutorMap.java:74)
		at io.netty.util.concurrent.FastThreadLocalRunnable.run(FastThreadLocalRunnable.java:30)
		at java.base/java.lang.Thread.run(Thread.java:833)
2026-04-29 19:16:55.616 WARN  [HikariPool-1:housekeeper] com.zaxxer.hikari.pool.HikariPool - HikariPool-1 - Thread starvation or clock leap detected (housekeeper delta=1m11s233ms652µs300ns).
2026-04-29 19:16:57.194 WARN  [org.springframework.jms.JmsListenerEndpointContainer#0-1] o.s.j.l.DefaultMessageListenerContainer - Setup of JMS message listener invoker failed for destination 'hr.create.user.queue' - trying to recover. Cause: java.io.EOFException
2026-04-29 19:19:21.351 WARN  [main] org.hibernate.orm.deprecation - HHH90000025: OracleDialect does not need to be specified explicitly using 'hibernate.dialect' (remove the property setting and it will be selected by default)
2026-04-29 19:19:23.201 WARN  [main] o.s.b.a.o.j.JpaBaseConfiguration$JpaWebConfiguration - spring.jpa.open-in-view is enabled by default. Therefore, database queries may be performed during view rendering. Explicitly configure spring.jpa.open-in-view to disable this warning
2026-04-29 19:19:25.465 WARN  [lettuce-nioEventLoop-6-1] io.lettuce.core.RedisClient - Cannot connect Redis Sentinel at redis://redis-sentinel.redis.svc.cluster.local:26379?timeout=500000000ns: java.util.concurrent.CompletionException: java.net.UnknownHostException: No such host is known (redis-sentinel.redis.svc.cluster.local)
2026-04-29 19:19:25.470 WARN  [boundedElastic-1] o.s.b.a.d.r.RedisReactiveHealthIndicator - Redis health check failed
org.springframework.data.redis.RedisConnectionFailureException: Unable to connect to Redis
	at org.springframework.data.redis.connection.lettuce.LettuceConnectionFactory$ExceptionTranslatingConnectionProvider.translateException(LettuceConnectionFactory.java:1858)
	at org.springframework.data.redis.connection.lettuce.LettuceConnectionFactory$ExceptionTranslatingConnectionProvider.getConnection(LettuceConnectionFactory.java:1789)
	at org.springframework.data.redis.connection.lettuce.LettuceConnectionFactory$SharedConnection.getNativeConnection(LettuceConnectionFactory.java:1586)
	at org.springframework.data.redis.connection.lettuce.LettuceConnectionFactory$SharedConnection.lambda$getConnection$0(LettuceConnectionFactory.java:1566)
	at org.springframework.data.redis.connection.lettuce.LettuceConnectionFactory.doInLock(LettuceConnectionFactory.java:1527)
	at org.springframework.data.redis.connection.lettuce.LettuceConnectionFactory$SharedConnection.getConnection(LettuceConnectionFactory.java:1563)
	at org.springframework.data.redis.connection.lettuce.LettuceConnectionFactory.getSharedReactiveConnection(LettuceConnectionFactory.java:1274)
	at org.springframework.data.redis.connection.lettuce.LettuceConnectionFactory.getReactiveConnection(LettuceConnectionFactory.java:1149)
	at org.springframework.data.redis.connection.lettuce.LettuceConnectionFactory.getReactiveConnection(LettuceConnectionFactory.java:120)
	at reactor.core.publisher.MonoSupplier.call(MonoSupplier.java:67)
	at reactor.core.publisher.FluxSubscribeOnCallable$CallableSubscribeOnSubscription.run(FluxSubscribeOnCallable.java:228)
	at reactor.core.scheduler.SchedulerTask.call(SchedulerTask.java:68)
	at reactor.core.scheduler.SchedulerTask.call(SchedulerTask.java:28)
	at java.base/java.util.concurrent.FutureTask.run(FutureTask.java:264)
	at java.base/java.util.concurrent.ScheduledThreadPoolExecutor$ScheduledFutureTask.run(ScheduledThreadPoolExecutor.java:304)
	at java.base/java.util.concurrent.ThreadPoolExecutor.runWorker(ThreadPoolExecutor.java:1136)
	at java.base/java.util.concurrent.ThreadPoolExecutor$Worker.run(ThreadPoolExecutor.java:635)
	at java.base/java.lang.Thread.run(Thread.java:833)
Caused by: org.springframework.data.redis.connection.PoolException: Could not prepare the pool
	at org.springframework.data.redis.connection.lettuce.LettucePoolingConnectionProvider.lambda$getConnection$1(LettucePoolingConnectionProvider.java:101)
	at java.base/java.util.concurrent.ConcurrentHashMap.computeIfAbsent(ConcurrentHashMap.java:1708)
	at org.springframework.data.redis.connection.lettuce.LettucePoolingConnectionProvider.getConnection(LettucePoolingConnectionProvider.java:93)
	at org.springframework.data.redis.connection.lettuce.LettuceConnectionFactory$ExceptionTranslatingConnectionProvider.getConnection(LettuceConnectionFactory.java:1787)
	... 16 common frames omitted
Caused by: io.lettuce.core.RedisConnectionException: Cannot connect to a Redis Sentinel: [redis://redis-sentinel.redis.svc.cluster.local:26379?timeout=500000000ns]
	at io.lettuce.core.RedisConnectionException.create(RedisConnectionException.java:57)
	at io.lettuce.core.RedisConnectionException.create(RedisConnectionException.java:41)
	at io.lettuce.core.AbstractRedisClient.getConnection(AbstractRedisClient.java:354)
	at io.lettuce.core.RedisClient.connect(RedisClient.java:220)
	at org.springframework.data.redis.connection.lettuce.StandaloneConnectionProvider.lambda$getConnection$1(StandaloneConnectionProvider.java:112)
	at java.base/java.util.Optional.orElseGet(Optional.java:364)
	at org.springframework.data.redis.connection.lettuce.StandaloneConnectionProvider.getConnection(StandaloneConnectionProvider.java:112)
	at org.springframework.data.redis.connection.lettuce.LettucePoolingConnectionProvider.lambda$getConnection$0(LettucePoolingConnectionProvider.java:96)
	at io.lettuce.core.support.ConnectionPoolSupport$RedisPooledObjectFactory.create(ConnectionPoolSupport.java:270)
	at io.lettuce.core.support.ConnectionPoolSupport$RedisPooledObjectFactory.create(ConnectionPoolSupport.java:257)
	at org.apache.commons.pool2.BasePooledObjectFactory.makeObject(BasePooledObjectFactory.java:68)
	at org.apache.commons.pool2.impl.GenericObjectPool.create(GenericObjectPool.java:557)
	at org.apache.commons.pool2.impl.GenericObjectPool.ensureIdle(GenericObjectPool.java:630)
	at org.apache.commons.pool2.impl.GenericObjectPool.ensureMinIdle(GenericObjectPool.java:652)
	at org.apache.commons.pool2.impl.GenericObjectPool.preparePool(GenericObjectPool.java:970)
	at org.springframework.data.redis.connection.lettuce.LettucePoolingConnectionProvider.lambda$getConnection$1(LettucePoolingConnectionProvider.java:99)
	... 19 common frames omitted
Caused by: io.lettuce.core.RedisConnectionException: Cannot connect Redis Sentinel at redis://redis-sentinel.redis.svc.cluster.local:26379?timeout=500000000ns
	at io.lettuce.core.RedisClient.lambda$connectSentinelAsync$6(RedisClient.java:533)
	at reactor.core.publisher.Mono.lambda$onErrorMap$29(Mono.java:3862)
	at reactor.core.publisher.FluxOnErrorResume$ResumeSubscriber.onError(FluxOnErrorResume.java:94)
	at reactor.core.publisher.FluxOnErrorResume$ResumeSubscriber.onError(FluxOnErrorResume.java:106)
	at reactor.core.publisher.Operators.error(Operators.java:198)
	at reactor.core.publisher.MonoError.subscribe(MonoError.java:53)
	at reactor.core.publisher.Mono.subscribe(Mono.java:4576)
	at reactor.core.publisher.FluxOnErrorResume$ResumeSubscriber.onError(FluxOnErrorResume.java:103)
	at reactor.core.publisher.MonoCompletionStage$MonoCompletionStageSubscription.apply(MonoCompletionStage.java:115)
	at reactor.core.publisher.MonoCompletionStage$MonoCompletionStageSubscription.apply(MonoCompletionStage.java:67)
	at java.base/java.util.concurrent.CompletableFuture.uniHandle(CompletableFuture.java:934)
	at java.base/java.util.concurrent.CompletableFuture$UniHandle.tryFire(CompletableFuture.java:911)
	at java.base/java.util.concurrent.CompletableFuture.postComplete(CompletableFuture.java:510)
	at java.base/java.util.concurrent.CompletableFuture.completeExceptionally(CompletableFuture.java:2162)
	at io.lettuce.core.AbstractRedisClient.lambda$initializeChannelAsync0$6(AbstractRedisClient.java:458)
	at io.netty.util.concurrent.DefaultPromise.notifyListener0(DefaultPromise.java:603)
	at io.netty.util.concurrent.DefaultPromise.notifyListenersNow(DefaultPromise.java:570)
	at io.netty.util.concurrent.DefaultPromise.notifyListeners(DefaultPromise.java:505)
	at io.netty.util.concurrent.DefaultPromise.setValue0(DefaultPromise.java:649)
	at io.netty.util.concurrent.DefaultPromise.setFailure0(DefaultPromise.java:642)
	at io.netty.util.concurrent.DefaultPromise.setFailure(DefaultPromise.java:123)
	at io.netty.channel.DefaultChannelPromise.setFailure(DefaultChannelPromise.java:89)
	at io.netty.bootstrap.Bootstrap.doResolveAndConnect0(Bootstrap.java:228)
	at io.netty.bootstrap.Bootstrap.access$000(Bootstrap.java:47)
	at io.netty.bootstrap.Bootstrap$1.operationComplete(Bootstrap.java:189)
	at io.netty.bootstrap.Bootstrap$1.operationComplete(Bootstrap.java:175)
	at io.netty.util.concurrent.DefaultPromise.notifyListener0(DefaultPromise.java:603)
	at io.netty.util.concurrent.DefaultPromise.notifyListenersNow(DefaultPromise.java:570)
	at io.netty.util.concurrent.DefaultPromise.notifyListeners(DefaultPromise.java:505)
	at io.netty.util.concurrent.DefaultPromise.setValue0(DefaultPromise.java:649)
	at io.netty.util.concurrent.DefaultPromise.setSuccess0(DefaultPromise.java:638)
	at io.netty.util.concurrent.DefaultPromise.trySuccess(DefaultPromise.java:118)
	at io.netty.channel.DefaultChannelPromise.trySuccess(DefaultChannelPromise.java:84)
	at io.netty.channel.AbstractChannel$AbstractUnsafe.safeSetSuccess(AbstractChannel.java:988)
	at io.netty.channel.AbstractChannel$AbstractUnsafe.register0(AbstractChannel.java:515)
	at io.netty.channel.AbstractChannel$AbstractUnsafe.access$200(AbstractChannel.java:428)
	at io.netty.channel.AbstractChannel$AbstractUnsafe$1.run(AbstractChannel.java:485)
	at io.netty.util.concurrent.AbstractEventExecutor.runTask(AbstractEventExecutor.java:173)
	at io.netty.util.concurrent.AbstractEventExecutor.safeExecute(AbstractEventExecutor.java:166)
	at io.netty.util.concurrent.SingleThreadEventExecutor.runAllTasks(SingleThreadEventExecutor.java:472)
	at io.netty.channel.nio.NioEventLoop.run(NioEventLoop.java:569)
	at io.netty.util.concurrent.SingleThreadEventExecutor$4.run(SingleThreadEventExecutor.java:998)
	at io.netty.util.internal.ThreadExecutorMap$2.run(ThreadExecutorMap.java:74)
	at io.netty.util.concurrent.FastThreadLocalRunnable.run(FastThreadLocalRunnable.java:30)
	... 1 common frames omitted
Caused by: java.net.UnknownHostException: No such host is known (redis-sentinel.redis.svc.cluster.local)
	at java.base/java.net.Inet6AddressImpl.lookupAllHostAddr(Native Method)
	at java.base/java.net.Inet6AddressImpl.lookupAllHostAddr(Inet6AddressImpl.java:52)
	at java.base/java.net.InetAddress$PlatformResolver.lookupByName(InetAddress.java:1048)
	at java.base/java.net.InetAddress.getAddressesFromNameService(InetAddress.java:1648)
	at java.base/java.net.InetAddress$NameServiceAddresses.get(InetAddress.java:997)
	at java.base/java.net.InetAddress.getAllByName0(InetAddress.java:1638)
	at java.base/java.net.InetAddress.getAllByName(InetAddress.java:1504)
	at java.base/java.net.InetAddress.getByName(InetAddress.java:1393)
	at io.netty.util.internal.SocketUtils$8.run(SocketUtils.java:156)
	at io.netty.util.internal.SocketUtils$8.run(SocketUtils.java:153)
	at java.base/java.security.AccessController.doPrivileged(AccessController.java:569)
	at io.netty.util.internal.SocketUtils.addressByName(SocketUtils.java:153)
	at io.netty.resolver.DefaultNameResolver.doResolve(DefaultNameResolver.java:41)
	at io.netty.resolver.SimpleNameResolver.resolve(SimpleNameResolver.java:61)
	at io.netty.resolver.SimpleNameResolver.resolve(SimpleNameResolver.java:53)
	at io.netty.resolver.InetSocketAddressResolver.doResolve(InetSocketAddressResolver.java:55)
	at io.netty.resolver.InetSocketAddressResolver.doResolve(InetSocketAddressResolver.java:31)
	at io.netty.resolver.AbstractAddressResolver.resolve(AbstractAddressResolver.java:106)
	at io.netty.bootstrap.Bootstrap.doResolveAndConnect0(Bootstrap.java:220)
	... 22 common frames omitted
2026-04-29 19:21:17.051 WARN  [HikariPool-1:housekeeper] com.zaxxer.hikari.pool.PoolBase - HikariPool-1 - Failed to validate connection oracle.jdbc.driver.T4CConnection@56f61d74 (ORA-17008: Closed connection
https://docs.oracle.com/error-help/db/ora-17008/). Possibly consider using a shorter maxLifetime value.
2026-04-29 19:25:15.216 WARN  [main] org.hibernate.orm.deprecation - HHH90000025: OracleDialect does not need to be specified explicitly using 'hibernate.dialect' (remove the property setting and it will be selected by default)
2026-04-29 19:25:17.333 WARN  [main] o.s.b.a.o.j.JpaBaseConfiguration$JpaWebConfiguration - spring.jpa.open-in-view is enabled by default. Therefore, database queries may be performed during view rendering. Explicitly configure spring.jpa.open-in-view to disable this warning
2026-04-29 19:25:19.767 WARN  [lettuce-nioEventLoop-6-1] io.lettuce.core.RedisClient - Cannot connect Redis Sentinel at redis://redis-sentinel.redis.svc.cluster.local:26379?timeout=500000000ns: java.util.concurrent.CompletionException: java.net.UnknownHostException: No such host is known (redis-sentinel.redis.svc.cluster.local)
2026-04-29 19:25:19.772 WARN  [boundedElastic-1] o.s.b.a.d.r.RedisReactiveHealthIndicator - Redis health check failed
org.springframework.data.redis.RedisConnectionFailureException: Unable to connect to Redis
	at org.springframework.data.redis.connection.lettuce.LettuceConnectionFactory$ExceptionTranslatingConnectionProvider.translateException(LettuceConnectionFactory.java:1858)
	at org.springframework.data.redis.connection.lettuce.LettuceConnectionFactory$ExceptionTranslatingConnectionProvider.getConnection(LettuceConnectionFactory.java:1789)
	at org.springframework.data.redis.connection.lettuce.LettuceConnectionFactory$SharedConnection.getNativeConnection(LettuceConnectionFactory.java:1586)
	at org.springframework.data.redis.connection.lettuce.LettuceConnectionFactory$SharedConnection.lambda$getConnection$0(LettuceConnectionFactory.java:1566)
	at org.springframework.data.redis.connection.lettuce.LettuceConnectionFactory.doInLock(LettuceConnectionFactory.java:1527)
	at org.springframework.data.redis.connection.lettuce.LettuceConnectionFactory$SharedConnection.getConnection(LettuceConnectionFactory.java:1563)
	at org.springframework.data.redis.connection.lettuce.LettuceConnectionFactory.getSharedReactiveConnection(LettuceConnectionFactory.java:1274)
	at org.springframework.data.redis.connection.lettuce.LettuceConnectionFactory.getReactiveConnection(LettuceConnectionFactory.java:1149)
	at org.springframework.data.redis.connection.lettuce.LettuceConnectionFactory.getReactiveConnection(LettuceConnectionFactory.java:120)
	at reactor.core.publisher.MonoSupplier.call(MonoSupplier.java:67)
	at reactor.core.publisher.FluxSubscribeOnCallable$CallableSubscribeOnSubscription.run(FluxSubscribeOnCallable.java:228)
	at reactor.core.scheduler.SchedulerTask.call(SchedulerTask.java:68)
	at reactor.core.scheduler.SchedulerTask.call(SchedulerTask.java:28)
	at java.base/java.util.concurrent.FutureTask.run(FutureTask.java:264)
	at java.base/java.util.concurrent.ScheduledThreadPoolExecutor$ScheduledFutureTask.run(ScheduledThreadPoolExecutor.java:304)
	at java.base/java.util.concurrent.ThreadPoolExecutor.runWorker(ThreadPoolExecutor.java:1136)
	at java.base/java.util.concurrent.ThreadPoolExecutor$Worker.run(ThreadPoolExecutor.java:635)
	at java.base/java.lang.Thread.run(Thread.java:833)
Caused by: org.springframework.data.redis.connection.PoolException: Could not prepare the pool
	at org.springframework.data.redis.connection.lettuce.LettucePoolingConnectionProvider.lambda$getConnection$1(LettucePoolingConnectionProvider.java:101)
	at java.base/java.util.concurrent.ConcurrentHashMap.computeIfAbsent(ConcurrentHashMap.java:1708)
	at org.springframework.data.redis.connection.lettuce.LettucePoolingConnectionProvider.getConnection(LettucePoolingConnectionProvider.java:93)
	at org.springframework.data.redis.connection.lettuce.LettuceConnectionFactory$ExceptionTranslatingConnectionProvider.getConnection(LettuceConnectionFactory.java:1787)
	... 16 common frames omitted
Caused by: io.lettuce.core.RedisConnectionException: Cannot connect to a Redis Sentinel: [redis://redis-sentinel.redis.svc.cluster.local:26379?timeout=500000000ns]
	at io.lettuce.core.RedisConnectionException.create(RedisConnectionException.java:57)
	at io.lettuce.core.RedisConnectionException.create(RedisConnectionException.java:41)
	at io.lettuce.core.AbstractRedisClient.getConnection(AbstractRedisClient.java:354)
	at io.lettuce.core.RedisClient.connect(RedisClient.java:220)
	at org.springframework.data.redis.connection.lettuce.StandaloneConnectionProvider.lambda$getConnection$1(StandaloneConnectionProvider.java:112)
	at java.base/java.util.Optional.orElseGet(Optional.java:364)
	at org.springframework.data.redis.connection.lettuce.StandaloneConnectionProvider.getConnection(StandaloneConnectionProvider.java:112)
	at org.springframework.data.redis.connection.lettuce.LettucePoolingConnectionProvider.lambda$getConnection$0(LettucePoolingConnectionProvider.java:96)
	at io.lettuce.core.support.ConnectionPoolSupport$RedisPooledObjectFactory.create(ConnectionPoolSupport.java:270)
	at io.lettuce.core.support.ConnectionPoolSupport$RedisPooledObjectFactory.create(ConnectionPoolSupport.java:257)
	at org.apache.commons.pool2.BasePooledObjectFactory.makeObject(BasePooledObjectFactory.java:68)
	at org.apache.commons.pool2.impl.GenericObjectPool.create(GenericObjectPool.java:557)
	at org.apache.commons.pool2.impl.GenericObjectPool.ensureIdle(GenericObjectPool.java:630)
	at org.apache.commons.pool2.impl.GenericObjectPool.ensureMinIdle(GenericObjectPool.java:652)
	at org.apache.commons.pool2.impl.GenericObjectPool.preparePool(GenericObjectPool.java:970)
	at org.springframework.data.redis.connection.lettuce.LettucePoolingConnectionProvider.lambda$getConnection$1(LettucePoolingConnectionProvider.java:99)
	... 19 common frames omitted
Caused by: io.lettuce.core.RedisConnectionException: Cannot connect Redis Sentinel at redis://redis-sentinel.redis.svc.cluster.local:26379?timeout=500000000ns
	at io.lettuce.core.RedisClient.lambda$connectSentinelAsync$6(RedisClient.java:533)
	at reactor.core.publisher.Mono.lambda$onErrorMap$29(Mono.java:3862)
	at reactor.core.publisher.FluxOnErrorResume$ResumeSubscriber.onError(FluxOnErrorResume.java:94)
	at reactor.core.publisher.FluxOnErrorResume$ResumeSubscriber.onError(FluxOnErrorResume.java:106)
	at reactor.core.publisher.Operators.error(Operators.java:198)
	at reactor.core.publisher.MonoError.subscribe(MonoError.java:53)
	at reactor.core.publisher.Mono.subscribe(Mono.java:4576)
	at reactor.core.publisher.FluxOnErrorResume$ResumeSubscriber.onError(FluxOnErrorResume.java:103)
	at reactor.core.publisher.MonoCompletionStage$MonoCompletionStageSubscription.apply(MonoCompletionStage.java:115)
	at reactor.core.publisher.MonoCompletionStage$MonoCompletionStageSubscription.apply(MonoCompletionStage.java:67)
	at java.base/java.util.concurrent.CompletableFuture.uniHandle(CompletableFuture.java:934)
	at java.base/java.util.concurrent.CompletableFuture$UniHandle.tryFire(CompletableFuture.java:911)
	at java.base/java.util.concurrent.CompletableFuture.postComplete(CompletableFuture.java:510)
	at java.base/java.util.concurrent.CompletableFuture.completeExceptionally(CompletableFuture.java:2162)
	at io.lettuce.core.AbstractRedisClient.lambda$initializeChannelAsync0$6(AbstractRedisClient.java:458)
	at io.netty.util.concurrent.DefaultPromise.notifyListener0(DefaultPromise.java:603)
	at io.netty.util.concurrent.DefaultPromise.notifyListenersNow(DefaultPromise.java:570)
	at io.netty.util.concurrent.DefaultPromise.notifyListeners(DefaultPromise.java:505)
	at io.netty.util.concurrent.DefaultPromise.setValue0(DefaultPromise.java:649)
	at io.netty.util.concurrent.DefaultPromise.setFailure0(DefaultPromise.java:642)
	at io.netty.util.concurrent.DefaultPromise.setFailure(DefaultPromise.java:123)
	at io.netty.channel.DefaultChannelPromise.setFailure(DefaultChannelPromise.java:89)
	at io.netty.bootstrap.Bootstrap.doResolveAndConnect0(Bootstrap.java:228)
	at io.netty.bootstrap.Bootstrap.access$000(Bootstrap.java:47)
	at io.netty.bootstrap.Bootstrap$1.operationComplete(Bootstrap.java:189)
	at io.netty.bootstrap.Bootstrap$1.operationComplete(Bootstrap.java:175)
	at io.netty.util.concurrent.DefaultPromise.notifyListener0(DefaultPromise.java:603)
	at io.netty.util.concurrent.DefaultPromise.notifyListenersNow(DefaultPromise.java:570)
	at io.netty.util.concurrent.DefaultPromise.notifyListeners(DefaultPromise.java:505)
	at io.netty.util.concurrent.DefaultPromise.setValue0(DefaultPromise.java:649)
	at io.netty.util.concurrent.DefaultPromise.setSuccess0(DefaultPromise.java:638)
	at io.netty.util.concurrent.DefaultPromise.trySuccess(DefaultPromise.java:118)
	at io.netty.channel.DefaultChannelPromise.trySuccess(DefaultChannelPromise.java:84)
	at io.netty.channel.AbstractChannel$AbstractUnsafe.safeSetSuccess(AbstractChannel.java:988)
	at io.netty.channel.AbstractChannel$AbstractUnsafe.register0(AbstractChannel.java:515)
	at io.netty.channel.AbstractChannel$AbstractUnsafe.access$200(AbstractChannel.java:428)
	at io.netty.channel.AbstractChannel$AbstractUnsafe$1.run(AbstractChannel.java:485)
	at io.netty.util.concurrent.AbstractEventExecutor.runTask(AbstractEventExecutor.java:173)
	at io.netty.util.concurrent.AbstractEventExecutor.safeExecute(AbstractEventExecutor.java:166)
	at io.netty.util.concurrent.SingleThreadEventExecutor.runAllTasks(SingleThreadEventExecutor.java:472)
	at io.netty.channel.nio.NioEventLoop.run(NioEventLoop.java:569)
	at io.netty.util.concurrent.SingleThreadEventExecutor$4.run(SingleThreadEventExecutor.java:998)
	at io.netty.util.internal.ThreadExecutorMap$2.run(ThreadExecutorMap.java:74)
	at io.netty.util.concurrent.FastThreadLocalRunnable.run(FastThreadLocalRunnable.java:30)
	... 1 common frames omitted
Caused by: java.net.UnknownHostException: No such host is known (redis-sentinel.redis.svc.cluster.local)
	at java.base/java.net.Inet6AddressImpl.lookupAllHostAddr(Native Method)
	at java.base/java.net.Inet6AddressImpl.lookupAllHostAddr(Inet6AddressImpl.java:52)
	at java.base/java.net.InetAddress$PlatformResolver.lookupByName(InetAddress.java:1048)
	at java.base/java.net.InetAddress.getAddressesFromNameService(InetAddress.java:1648)
	at java.base/java.net.InetAddress$NameServiceAddresses.get(InetAddress.java:997)
	at java.base/java.net.InetAddress.getAllByName0(InetAddress.java:1638)
	at java.base/java.net.InetAddress.getAllByName(InetAddress.java:1504)
	at java.base/java.net.InetAddress.getByName(InetAddress.java:1393)
	at io.netty.util.internal.SocketUtils$8.run(SocketUtils.java:156)
	at io.netty.util.internal.SocketUtils$8.run(SocketUtils.java:153)
	at java.base/java.security.AccessController.doPrivileged(AccessController.java:569)
	at io.netty.util.internal.SocketUtils.addressByName(SocketUtils.java:153)
	at io.netty.resolver.DefaultNameResolver.doResolve(DefaultNameResolver.java:41)
	at io.netty.resolver.SimpleNameResolver.resolve(SimpleNameResolver.java:61)
	at io.netty.resolver.SimpleNameResolver.resolve(SimpleNameResolver.java:53)
	at io.netty.resolver.InetSocketAddressResolver.doResolve(InetSocketAddressResolver.java:55)
	at io.netty.resolver.InetSocketAddressResolver.doResolve(InetSocketAddressResolver.java:31)
	at io.netty.resolver.AbstractAddressResolver.resolve(AbstractAddressResolver.java:106)
	at io.netty.bootstrap.Bootstrap.doResolveAndConnect0(Bootstrap.java:220)
	... 22 common frames omitted
2026-04-29 19:28:37.299 WARN  [main] org.hibernate.orm.deprecation - HHH90000025: OracleDialect does not need to be specified explicitly using 'hibernate.dialect' (remove the property setting and it will be selected by default)
2026-04-29 19:28:39.351 WARN  [main] o.s.b.a.o.j.JpaBaseConfiguration$JpaWebConfiguration - spring.jpa.open-in-view is enabled by default. Therefore, database queries may be performed during view rendering. Explicitly configure spring.jpa.open-in-view to disable this warning
2026-04-29 19:28:41.862 WARN  [lettuce-nioEventLoop-6-1] io.lettuce.core.RedisClient - Cannot connect Redis Sentinel at redis://redis-sentinel.redis.svc.cluster.local:26379?timeout=500000000ns: java.util.concurrent.CompletionException: java.net.UnknownHostException: No such host is known (redis-sentinel.redis.svc.cluster.local)
2026-04-29 19:28:41.868 WARN  [boundedElastic-1] o.s.b.a.d.r.RedisReactiveHealthIndicator - Redis health check failed
org.springframework.data.redis.RedisConnectionFailureException: Unable to connect to Redis
	at org.springframework.data.redis.connection.lettuce.LettuceConnectionFactory$ExceptionTranslatingConnectionProvider.translateException(LettuceConnectionFactory.java:1858)
	at org.springframework.data.redis.connection.lettuce.LettuceConnectionFactory$ExceptionTranslatingConnectionProvider.getConnection(LettuceConnectionFactory.java:1789)
	at org.springframework.data.redis.connection.lettuce.LettuceConnectionFactory$SharedConnection.getNativeConnection(LettuceConnectionFactory.java:1586)
	at org.springframework.data.redis.connection.lettuce.LettuceConnectionFactory$SharedConnection.lambda$getConnection$0(LettuceConnectionFactory.java:1566)
	at org.springframework.data.redis.connection.lettuce.LettuceConnectionFactory.doInLock(LettuceConnectionFactory.java:1527)
	at org.springframework.data.redis.connection.lettuce.LettuceConnectionFactory$SharedConnection.getConnection(LettuceConnectionFactory.java:1563)
	at org.springframework.data.redis.connection.lettuce.LettuceConnectionFactory.getSharedReactiveConnection(LettuceConnectionFactory.java:1274)
	at org.springframework.data.redis.connection.lettuce.LettuceConnectionFactory.getReactiveConnection(LettuceConnectionFactory.java:1149)
	at org.springframework.data.redis.connection.lettuce.LettuceConnectionFactory.getReactiveConnection(LettuceConnectionFactory.java:120)
	at reactor.core.publisher.MonoSupplier.call(MonoSupplier.java:67)
	at reactor.core.publisher.FluxSubscribeOnCallable$CallableSubscribeOnSubscription.run(FluxSubscribeOnCallable.java:228)
	at reactor.core.scheduler.SchedulerTask.call(SchedulerTask.java:68)
	at reactor.core.scheduler.SchedulerTask.call(SchedulerTask.java:28)
	at java.base/java.util.concurrent.FutureTask.run(FutureTask.java:264)
	at java.base/java.util.concurrent.ScheduledThreadPoolExecutor$ScheduledFutureTask.run(ScheduledThreadPoolExecutor.java:304)
	at java.base/java.util.concurrent.ThreadPoolExecutor.runWorker(ThreadPoolExecutor.java:1136)
	at java.base/java.util.concurrent.ThreadPoolExecutor$Worker.run(ThreadPoolExecutor.java:635)
	at java.base/java.lang.Thread.run(Thread.java:833)
Caused by: org.springframework.data.redis.connection.PoolException: Could not prepare the pool
	at org.springframework.data.redis.connection.lettuce.LettucePoolingConnectionProvider.lambda$getConnection$1(LettucePoolingConnectionProvider.java:101)
	at java.base/java.util.concurrent.ConcurrentHashMap.computeIfAbsent(ConcurrentHashMap.java:1708)
	at org.springframework.data.redis.connection.lettuce.LettucePoolingConnectionProvider.getConnection(LettucePoolingConnectionProvider.java:93)
	at org.springframework.data.redis.connection.lettuce.LettuceConnectionFactory$ExceptionTranslatingConnectionProvider.getConnection(LettuceConnectionFactory.java:1787)
	... 16 common frames omitted
Caused by: io.lettuce.core.RedisConnectionException: Cannot connect to a Redis Sentinel: [redis://redis-sentinel.redis.svc.cluster.local:26379?timeout=500000000ns]
	at io.lettuce.core.RedisConnectionException.create(RedisConnectionException.java:57)
	at io.lettuce.core.RedisConnectionException.create(RedisConnectionException.java:41)
	at io.lettuce.core.AbstractRedisClient.getConnection(AbstractRedisClient.java:354)
	at io.lettuce.core.RedisClient.connect(RedisClient.java:220)
	at org.springframework.data.redis.connection.lettuce.StandaloneConnectionProvider.lambda$getConnection$1(StandaloneConnectionProvider.java:112)
	at java.base/java.util.Optional.orElseGet(Optional.java:364)
	at org.springframework.data.redis.connection.lettuce.StandaloneConnectionProvider.getConnection(StandaloneConnectionProvider.java:112)
	at org.springframework.data.redis.connection.lettuce.LettucePoolingConnectionProvider.lambda$getConnection$0(LettucePoolingConnectionProvider.java:96)
	at io.lettuce.core.support.ConnectionPoolSupport$RedisPooledObjectFactory.create(ConnectionPoolSupport.java:270)
	at io.lettuce.core.support.ConnectionPoolSupport$RedisPooledObjectFactory.create(ConnectionPoolSupport.java:257)
	at org.apache.commons.pool2.BasePooledObjectFactory.makeObject(BasePooledObjectFactory.java:68)
	at org.apache.commons.pool2.impl.GenericObjectPool.create(GenericObjectPool.java:557)
	at org.apache.commons.pool2.impl.GenericObjectPool.ensureIdle(GenericObjectPool.java:630)
	at org.apache.commons.pool2.impl.GenericObjectPool.ensureMinIdle(GenericObjectPool.java:652)
	at org.apache.commons.pool2.impl.GenericObjectPool.preparePool(GenericObjectPool.java:970)
	at org.springframework.data.redis.connection.lettuce.LettucePoolingConnectionProvider.lambda$getConnection$1(LettucePoolingConnectionProvider.java:99)
	... 19 common frames omitted
Caused by: io.lettuce.core.RedisConnectionException: Cannot connect Redis Sentinel at redis://redis-sentinel.redis.svc.cluster.local:26379?timeout=500000000ns
	at io.lettuce.core.RedisClient.lambda$connectSentinelAsync$6(RedisClient.java:533)
	at reactor.core.publisher.Mono.lambda$onErrorMap$29(Mono.java:3862)
	at reactor.core.publisher.FluxOnErrorResume$ResumeSubscriber.onError(FluxOnErrorResume.java:94)
	at reactor.core.publisher.FluxOnErrorResume$ResumeSubscriber.onError(FluxOnErrorResume.java:106)
	at reactor.core.publisher.Operators.error(Operators.java:198)
	at reactor.core.publisher.MonoError.subscribe(MonoError.java:53)
	at reactor.core.publisher.Mono.subscribe(Mono.java:4576)
	at reactor.core.publisher.FluxOnErrorResume$ResumeSubscriber.onError(FluxOnErrorResume.java:103)
	at reactor.core.publisher.MonoCompletionStage$MonoCompletionStageSubscription.apply(MonoCompletionStage.java:115)
	at reactor.core.publisher.MonoCompletionStage$MonoCompletionStageSubscription.apply(MonoCompletionStage.java:67)
	at java.base/java.util.concurrent.CompletableFuture.uniHandle(CompletableFuture.java:934)
	at java.base/java.util.concurrent.CompletableFuture$UniHandle.tryFire(CompletableFuture.java:911)
	at java.base/java.util.concurrent.CompletableFuture.postComplete(CompletableFuture.java:510)
	at java.base/java.util.concurrent.CompletableFuture.completeExceptionally(CompletableFuture.java:2162)
	at io.lettuce.core.AbstractRedisClient.lambda$initializeChannelAsync0$6(AbstractRedisClient.java:458)
	at io.netty.util.concurrent.DefaultPromise.notifyListener0(DefaultPromise.java:603)
	at io.netty.util.concurrent.DefaultPromise.notifyListenersNow(DefaultPromise.java:570)
	at io.netty.util.concurrent.DefaultPromise.notifyListeners(DefaultPromise.java:505)
	at io.netty.util.concurrent.DefaultPromise.setValue0(DefaultPromise.java:649)
	at io.netty.util.concurrent.DefaultPromise.setFailure0(DefaultPromise.java:642)
	at io.netty.util.concurrent.DefaultPromise.setFailure(DefaultPromise.java:123)
	at io.netty.channel.DefaultChannelPromise.setFailure(DefaultChannelPromise.java:89)
	at io.netty.bootstrap.Bootstrap.doResolveAndConnect0(Bootstrap.java:228)
	at io.netty.bootstrap.Bootstrap.access$000(Bootstrap.java:47)
	at io.netty.bootstrap.Bootstrap$1.operationComplete(Bootstrap.java:189)
	at io.netty.bootstrap.Bootstrap$1.operationComplete(Bootstrap.java:175)
	at io.netty.util.concurrent.DefaultPromise.notifyListener0(DefaultPromise.java:603)
	at io.netty.util.concurrent.DefaultPromise.notifyListenersNow(DefaultPromise.java:570)
	at io.netty.util.concurrent.DefaultPromise.notifyListeners(DefaultPromise.java:505)
	at io.netty.util.concurrent.DefaultPromise.setValue0(DefaultPromise.java:649)
	at io.netty.util.concurrent.DefaultPromise.setSuccess0(DefaultPromise.java:638)
	at io.netty.util.concurrent.DefaultPromise.trySuccess(DefaultPromise.java:118)
	at io.netty.channel.DefaultChannelPromise.trySuccess(DefaultChannelPromise.java:84)
	at io.netty.channel.AbstractChannel$AbstractUnsafe.safeSetSuccess(AbstractChannel.java:988)
	at io.netty.channel.AbstractChannel$AbstractUnsafe.register0(AbstractChannel.java:515)
	at io.netty.channel.AbstractChannel$AbstractUnsafe.access$200(AbstractChannel.java:428)
	at io.netty.channel.AbstractChannel$AbstractUnsafe$1.run(AbstractChannel.java:485)
	at io.netty.util.concurrent.AbstractEventExecutor.runTask(AbstractEventExecutor.java:173)
	at io.netty.util.concurrent.AbstractEventExecutor.safeExecute(AbstractEventExecutor.java:166)
	at io.netty.util.concurrent.SingleThreadEventExecutor.runAllTasks(SingleThreadEventExecutor.java:472)
	at io.netty.channel.nio.NioEventLoop.run(NioEventLoop.java:569)
	at io.netty.util.concurrent.SingleThreadEventExecutor$4.run(SingleThreadEventExecutor.java:998)
	at io.netty.util.internal.ThreadExecutorMap$2.run(ThreadExecutorMap.java:74)
	at io.netty.util.concurrent.FastThreadLocalRunnable.run(FastThreadLocalRunnable.java:30)
	... 1 common frames omitted
Caused by: java.net.UnknownHostException: No such host is known (redis-sentinel.redis.svc.cluster.local)
	at java.base/java.net.Inet6AddressImpl.lookupAllHostAddr(Native Method)
	at java.base/java.net.Inet6AddressImpl.lookupAllHostAddr(Inet6AddressImpl.java:52)
	at java.base/java.net.InetAddress$PlatformResolver.lookupByName(InetAddress.java:1048)
	at java.base/java.net.InetAddress.getAddressesFromNameService(InetAddress.java:1648)
	at java.base/java.net.InetAddress$NameServiceAddresses.get(InetAddress.java:997)
	at java.base/java.net.InetAddress.getAllByName0(InetAddress.java:1638)
	at java.base/java.net.InetAddress.getAllByName(InetAddress.java:1504)
	at java.base/java.net.InetAddress.getByName(InetAddress.java:1393)
	at io.netty.util.internal.SocketUtils$8.run(SocketUtils.java:156)
	at io.netty.util.internal.SocketUtils$8.run(SocketUtils.java:153)
	at java.base/java.security.AccessController.doPrivileged(AccessController.java:569)
	at io.netty.util.internal.SocketUtils.addressByName(SocketUtils.java:153)
	at io.netty.resolver.DefaultNameResolver.doResolve(DefaultNameResolver.java:41)
	at io.netty.resolver.SimpleNameResolver.resolve(SimpleNameResolver.java:61)
	at io.netty.resolver.SimpleNameResolver.resolve(SimpleNameResolver.java:53)
	at io.netty.resolver.InetSocketAddressResolver.doResolve(InetSocketAddressResolver.java:55)
	at io.netty.resolver.InetSocketAddressResolver.doResolve(InetSocketAddressResolver.java:31)
	at io.netty.resolver.AbstractAddressResolver.resolve(AbstractAddressResolver.java:106)
	at io.netty.bootstrap.Bootstrap.doResolveAndConnect0(Bootstrap.java:220)
	... 22 common frames omitted
2026-04-29 19:30:34.199 WARN  [main] org.hibernate.orm.deprecation - HHH90000025: OracleDialect does not need to be specified explicitly using 'hibernate.dialect' (remove the property setting and it will be selected by default)
2026-04-29 19:30:36.117 WARN  [main] o.s.b.a.o.j.JpaBaseConfiguration$JpaWebConfiguration - spring.jpa.open-in-view is enabled by default. Therefore, database queries may be performed during view rendering. Explicitly configure spring.jpa.open-in-view to disable this warning
2026-04-29 19:30:53.463 WARN  [lettuce-nioEventLoop-6-1] io.lettuce.core.RedisClient - Cannot connect Redis Sentinel at redis://redis-sentinel.redis.svc.cluster.local:26379?timeout=500000000ns: java.util.concurrent.CompletionException: java.net.UnknownHostException: No such host is known (redis-sentinel.redis.svc.cluster.local)
2026-04-29 19:30:53.468 WARN  [boundedElastic-1] o.s.b.a.d.r.RedisReactiveHealthIndicator - Redis health check failed
org.springframework.data.redis.RedisConnectionFailureException: Unable to connect to Redis
	at org.springframework.data.redis.connection.lettuce.LettuceConnectionFactory$ExceptionTranslatingConnectionProvider.translateException(LettuceConnectionFactory.java:1858)
	at org.springframework.data.redis.connection.lettuce.LettuceConnectionFactory$ExceptionTranslatingConnectionProvider.getConnection(LettuceConnectionFactory.java:1789)
	at org.springframework.data.redis.connection.lettuce.LettuceConnectionFactory$SharedConnection.getNativeConnection(LettuceConnectionFactory.java:1586)
	at org.springframework.data.redis.connection.lettuce.LettuceConnectionFactory$SharedConnection.lambda$getConnection$0(LettuceConnectionFactory.java:1566)
	at org.springframework.data.redis.connection.lettuce.LettuceConnectionFactory.doInLock(LettuceConnectionFactory.java:1527)
	at org.springframework.data.redis.connection.lettuce.LettuceConnectionFactory$SharedConnection.getConnection(LettuceConnectionFactory.java:1563)
	at org.springframework.data.redis.connection.lettuce.LettuceConnectionFactory.getSharedReactiveConnection(LettuceConnectionFactory.java:1274)
	at org.springframework.data.redis.connection.lettuce.LettuceConnectionFactory.getReactiveConnection(LettuceConnectionFactory.java:1149)
	at org.springframework.data.redis.connection.lettuce.LettuceConnectionFactory.getReactiveConnection(LettuceConnectionFactory.java:120)
	at reactor.core.publisher.MonoSupplier.call(MonoSupplier.java:67)
	at reactor.core.publisher.FluxSubscribeOnCallable$CallableSubscribeOnSubscription.run(FluxSubscribeOnCallable.java:228)
	at reactor.core.scheduler.SchedulerTask.call(SchedulerTask.java:68)
	at reactor.core.scheduler.SchedulerTask.call(SchedulerTask.java:28)
	at java.base/java.util.concurrent.FutureTask.run(FutureTask.java:264)
	at java.base/java.util.concurrent.ScheduledThreadPoolExecutor$ScheduledFutureTask.run(ScheduledThreadPoolExecutor.java:304)
	at java.base/java.util.concurrent.ThreadPoolExecutor.runWorker(ThreadPoolExecutor.java:1136)
	at java.base/java.util.concurrent.ThreadPoolExecutor$Worker.run(ThreadPoolExecutor.java:635)
	at java.base/java.lang.Thread.run(Thread.java:833)
Caused by: org.springframework.data.redis.connection.PoolException: Could not prepare the pool
	at org.springframework.data.redis.connection.lettuce.LettucePoolingConnectionProvider.lambda$getConnection$1(LettucePoolingConnectionProvider.java:101)
	at java.base/java.util.concurrent.ConcurrentHashMap.computeIfAbsent(ConcurrentHashMap.java:1708)
	at org.springframework.data.redis.connection.lettuce.LettucePoolingConnectionProvider.getConnection(LettucePoolingConnectionProvider.java:93)
	at org.springframework.data.redis.connection.lettuce.LettuceConnectionFactory$ExceptionTranslatingConnectionProvider.getConnection(LettuceConnectionFactory.java:1787)
	... 16 common frames omitted
Caused by: io.lettuce.core.RedisConnectionException: Cannot connect to a Redis Sentinel: [redis://redis-sentinel.redis.svc.cluster.local:26379?timeout=500000000ns]
	at io.lettuce.core.RedisConnectionException.create(RedisConnectionException.java:57)
	at io.lettuce.core.RedisConnectionException.create(RedisConnectionException.java:41)
	at io.lettuce.core.AbstractRedisClient.getConnection(AbstractRedisClient.java:354)
	at io.lettuce.core.RedisClient.connect(RedisClient.java:220)
	at org.springframework.data.redis.connection.lettuce.StandaloneConnectionProvider.lambda$getConnection$1(StandaloneConnectionProvider.java:112)
	at java.base/java.util.Optional.orElseGet(Optional.java:364)
	at org.springframework.data.redis.connection.lettuce.StandaloneConnectionProvider.getConnection(StandaloneConnectionProvider.java:112)
	at org.springframework.data.redis.connection.lettuce.LettucePoolingConnectionProvider.lambda$getConnection$0(LettucePoolingConnectionProvider.java:96)
	at io.lettuce.core.support.ConnectionPoolSupport$RedisPooledObjectFactory.create(ConnectionPoolSupport.java:270)
	at io.lettuce.core.support.ConnectionPoolSupport$RedisPooledObjectFactory.create(ConnectionPoolSupport.java:257)
	at org.apache.commons.pool2.BasePooledObjectFactory.makeObject(BasePooledObjectFactory.java:68)
	at org.apache.commons.pool2.impl.GenericObjectPool.create(GenericObjectPool.java:557)
	at org.apache.commons.pool2.impl.GenericObjectPool.ensureIdle(GenericObjectPool.java:630)
	at org.apache.commons.pool2.impl.GenericObjectPool.ensureMinIdle(GenericObjectPool.java:652)
	at org.apache.commons.pool2.impl.GenericObjectPool.preparePool(GenericObjectPool.java:970)
	at org.springframework.data.redis.connection.lettuce.LettucePoolingConnectionProvider.lambda$getConnection$1(LettucePoolingConnectionProvider.java:99)
	... 19 common frames omitted
Caused by: io.lettuce.core.RedisConnectionException: Cannot connect Redis Sentinel at redis://redis-sentinel.redis.svc.cluster.local:26379?timeout=500000000ns
	at io.lettuce.core.RedisClient.lambda$connectSentinelAsync$6(RedisClient.java:533)
	at reactor.core.publisher.Mono.lambda$onErrorMap$29(Mono.java:3862)
	at reactor.core.publisher.FluxOnErrorResume$ResumeSubscriber.onError(FluxOnErrorResume.java:94)
	at reactor.core.publisher.FluxOnErrorResume$ResumeSubscriber.onError(FluxOnErrorResume.java:106)
	at reactor.core.publisher.Operators.error(Operators.java:198)
	at reactor.core.publisher.MonoError.subscribe(MonoError.java:53)
	at reactor.core.publisher.Mono.subscribe(Mono.java:4576)
	at reactor.core.publisher.FluxOnErrorResume$ResumeSubscriber.onError(FluxOnErrorResume.java:103)
	at reactor.core.publisher.MonoCompletionStage$MonoCompletionStageSubscription.apply(MonoCompletionStage.java:115)
	at reactor.core.publisher.MonoCompletionStage$MonoCompletionStageSubscription.apply(MonoCompletionStage.java:67)
	at java.base/java.util.concurrent.CompletableFuture.uniHandle(CompletableFuture.java:934)
	at java.base/java.util.concurrent.CompletableFuture$UniHandle.tryFire(CompletableFuture.java:911)
	at java.base/java.util.concurrent.CompletableFuture.postComplete(CompletableFuture.java:510)
	at java.base/java.util.concurrent.CompletableFuture.completeExceptionally(CompletableFuture.java:2162)
	at io.lettuce.core.AbstractRedisClient.lambda$initializeChannelAsync0$6(AbstractRedisClient.java:458)
	at io.netty.util.concurrent.DefaultPromise.notifyListener0(DefaultPromise.java:603)
	at io.netty.util.concurrent.DefaultPromise.notifyListenersNow(DefaultPromise.java:570)
	at io.netty.util.concurrent.DefaultPromise.notifyListeners(DefaultPromise.java:505)
	at io.netty.util.concurrent.DefaultPromise.setValue0(DefaultPromise.java:649)
	at io.netty.util.concurrent.DefaultPromise.setFailure0(DefaultPromise.java:642)
	at io.netty.util.concurrent.DefaultPromise.setFailure(DefaultPromise.java:123)
	at io.netty.channel.DefaultChannelPromise.setFailure(DefaultChannelPromise.java:89)
	at io.netty.bootstrap.Bootstrap.doResolveAndConnect0(Bootstrap.java:228)
	at io.netty.bootstrap.Bootstrap.access$000(Bootstrap.java:47)
	at io.netty.bootstrap.Bootstrap$1.operationComplete(Bootstrap.java:189)
	at io.netty.bootstrap.Bootstrap$1.operationComplete(Bootstrap.java:175)
	at io.netty.util.concurrent.DefaultPromise.notifyListener0(DefaultPromise.java:603)
	at io.netty.util.concurrent.DefaultPromise.notifyListenersNow(DefaultPromise.java:570)
	at io.netty.util.concurrent.DefaultPromise.notifyListeners(DefaultPromise.java:505)
	at io.netty.util.concurrent.DefaultPromise.setValue0(DefaultPromise.java:649)
	at io.netty.util.concurrent.DefaultPromise.setSuccess0(DefaultPromise.java:638)
	at io.netty.util.concurrent.DefaultPromise.trySuccess(DefaultPromise.java:118)
	at io.netty.channel.DefaultChannelPromise.trySuccess(DefaultChannelPromise.java:84)
	at io.netty.channel.AbstractChannel$AbstractUnsafe.safeSetSuccess(AbstractChannel.java:988)
	at io.netty.channel.AbstractChannel$AbstractUnsafe.register0(AbstractChannel.java:515)
	at io.netty.channel.AbstractChannel$AbstractUnsafe.access$200(AbstractChannel.java:428)
	at io.netty.channel.AbstractChannel$AbstractUnsafe$1.run(AbstractChannel.java:485)
	at io.netty.util.concurrent.AbstractEventExecutor.runTask(AbstractEventExecutor.java:173)
	at io.netty.util.concurrent.AbstractEventExecutor.safeExecute(AbstractEventExecutor.java:166)
	at io.netty.util.concurrent.SingleThreadEventExecutor.runAllTasks(SingleThreadEventExecutor.java:472)
	at io.netty.channel.nio.NioEventLoop.run(NioEventLoop.java:569)
	at io.netty.util.concurrent.SingleThreadEventExecutor$4.run(SingleThreadEventExecutor.java:998)
	at io.netty.util.internal.ThreadExecutorMap$2.run(ThreadExecutorMap.java:74)
	at io.netty.util.concurrent.FastThreadLocalRunnable.run(FastThreadLocalRunnable.java:30)
	... 1 common frames omitted
Caused by: java.net.UnknownHostException: No such host is known (redis-sentinel.redis.svc.cluster.local)
	at java.base/java.net.Inet6AddressImpl.lookupAllHostAddr(Native Method)
	at java.base/java.net.Inet6AddressImpl.lookupAllHostAddr(Inet6AddressImpl.java:52)
	at java.base/java.net.InetAddress$PlatformResolver.lookupByName(InetAddress.java:1048)
	at java.base/java.net.InetAddress.getAddressesFromNameService(InetAddress.java:1648)
	at java.base/java.net.InetAddress$NameServiceAddresses.get(InetAddress.java:997)
	at java.base/java.net.InetAddress.getAllByName0(InetAddress.java:1638)
	at java.base/java.net.InetAddress.getAllByName(InetAddress.java:1504)
	at java.base/java.net.InetAddress.getByName(InetAddress.java:1393)
	at io.netty.util.internal.SocketUtils$8.run(SocketUtils.java:156)
	at io.netty.util.internal.SocketUtils$8.run(SocketUtils.java:153)
	at java.base/java.security.AccessController.doPrivileged(AccessController.java:569)
	at io.netty.util.internal.SocketUtils.addressByName(SocketUtils.java:153)
	at io.netty.resolver.DefaultNameResolver.doResolve(DefaultNameResolver.java:41)
	at io.netty.resolver.SimpleNameResolver.resolve(SimpleNameResolver.java:61)
	at io.netty.resolver.SimpleNameResolver.resolve(SimpleNameResolver.java:53)
	at io.netty.resolver.InetSocketAddressResolver.doResolve(InetSocketAddressResolver.java:55)
	at io.netty.resolver.InetSocketAddressResolver.doResolve(InetSocketAddressResolver.java:31)
	at io.netty.resolver.AbstractAddressResolver.resolve(AbstractAddressResolver.java:106)
	at io.netty.bootstrap.Bootstrap.doResolveAndConnect0(Bootstrap.java:220)
	... 22 common frames omitted
2026-04-29 19:48:37.431 WARN  [HikariPool-1:housekeeper] com.zaxxer.hikari.pool.PoolBase - HikariPool-1 - Failed to validate connection oracle.jdbc.driver.T4CConnection@6c340ba8 (ORA-17008: Closed connection
https://docs.oracle.com/error-help/db/ora-17008/). Possibly consider using a shorter maxLifetime value.
2026-04-29 19:50:28.288 WARN  [HikariPool-1:housekeeper] com.zaxxer.hikari.pool.PoolBase - HikariPool-1 - Failed to validate connection oracle.jdbc.driver.T4CConnection@3047faae (ORA-17008: Closed connection
https://docs.oracle.com/error-help/db/ora-17008/). Possibly consider using a shorter maxLifetime value.
2026-04-29 19:58:34.785 WARN  [main] org.hibernate.orm.deprecation - HHH90000025: OracleDialect does not need to be specified explicitly using 'hibernate.dialect' (remove the property setting and it will be selected by default)
2026-04-29 19:58:36.868 WARN  [main] o.s.b.a.o.j.JpaBaseConfiguration$JpaWebConfiguration - spring.jpa.open-in-view is enabled by default. Therefore, database queries may be performed during view rendering. Explicitly configure spring.jpa.open-in-view to disable this warning
2026-04-29 19:58:39.153 WARN  [lettuce-nioEventLoop-6-1] io.lettuce.core.RedisClient - Cannot connect Redis Sentinel at redis://redis-sentinel.redis.svc.cluster.local:26379?timeout=500000000ns: java.util.concurrent.CompletionException: java.net.UnknownHostException: No such host is known (redis-sentinel.redis.svc.cluster.local)
2026-04-29 19:58:39.159 WARN  [boundedElastic-1] o.s.b.a.d.r.RedisReactiveHealthIndicator - Redis health check failed
org.springframework.data.redis.RedisConnectionFailureException: Unable to connect to Redis
	at org.springframework.data.redis.connection.lettuce.LettuceConnectionFactory$ExceptionTranslatingConnectionProvider.translateException(LettuceConnectionFactory.java:1858)
	at org.springframework.data.redis.connection.lettuce.LettuceConnectionFactory$ExceptionTranslatingConnectionProvider.getConnection(LettuceConnectionFactory.java:1789)
	at org.springframework.data.redis.connection.lettuce.LettuceConnectionFactory$SharedConnection.getNativeConnection(LettuceConnectionFactory.java:1586)
	at org.springframework.data.redis.connection.lettuce.LettuceConnectionFactory$SharedConnection.lambda$getConnection$0(LettuceConnectionFactory.java:1566)
	at org.springframework.data.redis.connection.lettuce.LettuceConnectionFactory.doInLock(LettuceConnectionFactory.java:1527)
	at org.springframework.data.redis.connection.lettuce.LettuceConnectionFactory$SharedConnection.getConnection(LettuceConnectionFactory.java:1563)
	at org.springframework.data.redis.connection.lettuce.LettuceConnectionFactory.getSharedReactiveConnection(LettuceConnectionFactory.java:1274)
	at org.springframework.data.redis.connection.lettuce.LettuceConnectionFactory.getReactiveConnection(LettuceConnectionFactory.java:1149)
	at org.springframework.data.redis.connection.lettuce.LettuceConnectionFactory.getReactiveConnection(LettuceConnectionFactory.java:120)
	at reactor.core.publisher.MonoSupplier.call(MonoSupplier.java:67)
	at reactor.core.publisher.FluxSubscribeOnCallable$CallableSubscribeOnSubscription.run(FluxSubscribeOnCallable.java:228)
	at reactor.core.scheduler.SchedulerTask.call(SchedulerTask.java:68)
	at reactor.core.scheduler.SchedulerTask.call(SchedulerTask.java:28)
	at java.base/java.util.concurrent.FutureTask.run(FutureTask.java:264)
	at java.base/java.util.concurrent.ScheduledThreadPoolExecutor$ScheduledFutureTask.run(ScheduledThreadPoolExecutor.java:304)
	at java.base/java.util.concurrent.ThreadPoolExecutor.runWorker(ThreadPoolExecutor.java:1136)
	at java.base/java.util.concurrent.ThreadPoolExecutor$Worker.run(ThreadPoolExecutor.java:635)
	at java.base/java.lang.Thread.run(Thread.java:833)
Caused by: org.springframework.data.redis.connection.PoolException: Could not prepare the pool
	at org.springframework.data.redis.connection.lettuce.LettucePoolingConnectionProvider.lambda$getConnection$1(LettucePoolingConnectionProvider.java:101)
	at java.base/java.util.concurrent.ConcurrentHashMap.computeIfAbsent(ConcurrentHashMap.java:1708)
	at org.springframework.data.redis.connection.lettuce.LettucePoolingConnectionProvider.getConnection(LettucePoolingConnectionProvider.java:93)
	at org.springframework.data.redis.connection.lettuce.LettuceConnectionFactory$ExceptionTranslatingConnectionProvider.getConnection(LettuceConnectionFactory.java:1787)
	... 16 common frames omitted
Caused by: io.lettuce.core.RedisConnectionException: Cannot connect to a Redis Sentinel: [redis://redis-sentinel.redis.svc.cluster.local:26379?timeout=500000000ns]
	at io.lettuce.core.RedisConnectionException.create(RedisConnectionException.java:57)
	at io.lettuce.core.RedisConnectionException.create(RedisConnectionException.java:41)
	at io.lettuce.core.AbstractRedisClient.getConnection(AbstractRedisClient.java:354)
	at io.lettuce.core.RedisClient.connect(RedisClient.java:220)
	at org.springframework.data.redis.connection.lettuce.StandaloneConnectionProvider.lambda$getConnection$1(StandaloneConnectionProvider.java:112)
	at java.base/java.util.Optional.orElseGet(Optional.java:364)
	at org.springframework.data.redis.connection.lettuce.StandaloneConnectionProvider.getConnection(StandaloneConnectionProvider.java:112)
	at org.springframework.data.redis.connection.lettuce.LettucePoolingConnectionProvider.lambda$getConnection$0(LettucePoolingConnectionProvider.java:96)
	at io.lettuce.core.support.ConnectionPoolSupport$RedisPooledObjectFactory.create(ConnectionPoolSupport.java:270)
	at io.lettuce.core.support.ConnectionPoolSupport$RedisPooledObjectFactory.create(ConnectionPoolSupport.java:257)
	at org.apache.commons.pool2.BasePooledObjectFactory.makeObject(BasePooledObjectFactory.java:68)
	at org.apache.commons.pool2.impl.GenericObjectPool.create(GenericObjectPool.java:557)
	at org.apache.commons.pool2.impl.GenericObjectPool.ensureIdle(GenericObjectPool.java:630)
	at org.apache.commons.pool2.impl.GenericObjectPool.ensureMinIdle(GenericObjectPool.java:652)
	at org.apache.commons.pool2.impl.GenericObjectPool.preparePool(GenericObjectPool.java:970)
	at org.springframework.data.redis.connection.lettuce.LettucePoolingConnectionProvider.lambda$getConnection$1(LettucePoolingConnectionProvider.java:99)
	... 19 common frames omitted
Caused by: io.lettuce.core.RedisConnectionException: Cannot connect Redis Sentinel at redis://redis-sentinel.redis.svc.cluster.local:26379?timeout=500000000ns
	at io.lettuce.core.RedisClient.lambda$connectSentinelAsync$6(RedisClient.java:533)
	at reactor.core.publisher.Mono.lambda$onErrorMap$29(Mono.java:3862)
	at reactor.core.publisher.FluxOnErrorResume$ResumeSubscriber.onError(FluxOnErrorResume.java:94)
	at reactor.core.publisher.FluxOnErrorResume$ResumeSubscriber.onError(FluxOnErrorResume.java:106)
	at reactor.core.publisher.Operators.error(Operators.java:198)
	at reactor.core.publisher.MonoError.subscribe(MonoError.java:53)
	at reactor.core.publisher.Mono.subscribe(Mono.java:4576)
	at reactor.core.publisher.FluxOnErrorResume$ResumeSubscriber.onError(FluxOnErrorResume.java:103)
	at reactor.core.publisher.MonoCompletionStage$MonoCompletionStageSubscription.apply(MonoCompletionStage.java:115)
	at reactor.core.publisher.MonoCompletionStage$MonoCompletionStageSubscription.apply(MonoCompletionStage.java:67)
	at java.base/java.util.concurrent.CompletableFuture.uniHandle(CompletableFuture.java:934)
	at java.base/java.util.concurrent.CompletableFuture$UniHandle.tryFire(CompletableFuture.java:911)
	at java.base/java.util.concurrent.CompletableFuture.postComplete(CompletableFuture.java:510)
	at java.base/java.util.concurrent.CompletableFuture.completeExceptionally(CompletableFuture.java:2162)
	at io.lettuce.core.AbstractRedisClient.lambda$initializeChannelAsync0$6(AbstractRedisClient.java:458)
	at io.netty.util.concurrent.DefaultPromise.notifyListener0(DefaultPromise.java:603)
	at io.netty.util.concurrent.DefaultPromise.notifyListenersNow(DefaultPromise.java:570)
	at io.netty.util.concurrent.DefaultPromise.notifyListeners(DefaultPromise.java:505)
	at io.netty.util.concurrent.DefaultPromise.setValue0(DefaultPromise.java:649)
	at io.netty.util.concurrent.DefaultPromise.setFailure0(DefaultPromise.java:642)
	at io.netty.util.concurrent.DefaultPromise.setFailure(DefaultPromise.java:123)
	at io.netty.channel.DefaultChannelPromise.setFailure(DefaultChannelPromise.java:89)
	at io.netty.bootstrap.Bootstrap.doResolveAndConnect0(Bootstrap.java:228)
	at io.netty.bootstrap.Bootstrap.access$000(Bootstrap.java:47)
	at io.netty.bootstrap.Bootstrap$1.operationComplete(Bootstrap.java:189)
	at io.netty.bootstrap.Bootstrap$1.operationComplete(Bootstrap.java:175)
	at io.netty.util.concurrent.DefaultPromise.notifyListener0(DefaultPromise.java:603)
	at io.netty.util.concurrent.DefaultPromise.notifyListenersNow(DefaultPromise.java:570)
	at io.netty.util.concurrent.DefaultPromise.notifyListeners(DefaultPromise.java:505)
	at io.netty.util.concurrent.DefaultPromise.setValue0(DefaultPromise.java:649)
	at io.netty.util.concurrent.DefaultPromise.setSuccess0(DefaultPromise.java:638)
	at io.netty.util.concurrent.DefaultPromise.trySuccess(DefaultPromise.java:118)
	at io.netty.channel.DefaultChannelPromise.trySuccess(DefaultChannelPromise.java:84)
	at io.netty.channel.AbstractChannel$AbstractUnsafe.safeSetSuccess(AbstractChannel.java:988)
	at io.netty.channel.AbstractChannel$AbstractUnsafe.register0(AbstractChannel.java:515)
	at io.netty.channel.AbstractChannel$AbstractUnsafe.access$200(AbstractChannel.java:428)
	at io.netty.channel.AbstractChannel$AbstractUnsafe$1.run(AbstractChannel.java:485)
	at io.netty.util.concurrent.AbstractEventExecutor.runTask(AbstractEventExecutor.java:173)
	at io.netty.util.concurrent.AbstractEventExecutor.safeExecute(AbstractEventExecutor.java:166)
	at io.netty.util.concurrent.SingleThreadEventExecutor.runAllTasks(SingleThreadEventExecutor.java:472)
	at io.netty.channel.nio.NioEventLoop.run(NioEventLoop.java:569)
	at io.netty.util.concurrent.SingleThreadEventExecutor$4.run(SingleThreadEventExecutor.java:998)
	at io.netty.util.internal.ThreadExecutorMap$2.run(ThreadExecutorMap.java:74)
	at io.netty.util.concurrent.FastThreadLocalRunnable.run(FastThreadLocalRunnable.java:30)
	... 1 common frames omitted
Caused by: java.net.UnknownHostException: No such host is known (redis-sentinel.redis.svc.cluster.local)
	at java.base/java.net.Inet6AddressImpl.lookupAllHostAddr(Native Method)
	at java.base/java.net.Inet6AddressImpl.lookupAllHostAddr(Inet6AddressImpl.java:52)
	at java.base/java.net.InetAddress$PlatformResolver.lookupByName(InetAddress.java:1048)
	at java.base/java.net.InetAddress.getAddressesFromNameService(InetAddress.java:1648)
	at java.base/java.net.InetAddress$NameServiceAddresses.get(InetAddress.java:997)
	at java.base/java.net.InetAddress.getAllByName0(InetAddress.java:1638)
	at java.base/java.net.InetAddress.getAllByName(InetAddress.java:1504)
	at java.base/java.net.InetAddress.getByName(InetAddress.java:1393)
	at io.netty.util.internal.SocketUtils$8.run(SocketUtils.java:156)
	at io.netty.util.internal.SocketUtils$8.run(SocketUtils.java:153)
	at java.base/java.security.AccessController.doPrivileged(AccessController.java:569)
	at io.netty.util.internal.SocketUtils.addressByName(SocketUtils.java:153)
	at io.netty.resolver.DefaultNameResolver.doResolve(DefaultNameResolver.java:41)
	at io.netty.resolver.SimpleNameResolver.resolve(SimpleNameResolver.java:61)
	at io.netty.resolver.SimpleNameResolver.resolve(SimpleNameResolver.java:53)
	at io.netty.resolver.InetSocketAddressResolver.doResolve(InetSocketAddressResolver.java:55)
	at io.netty.resolver.InetSocketAddressResolver.doResolve(InetSocketAddressResolver.java:31)
	at io.netty.resolver.AbstractAddressResolver.resolve(AbstractAddressResolver.java:106)
	at io.netty.bootstrap.Bootstrap.doResolveAndConnect0(Bootstrap.java:220)
	... 22 common frames omitted
2026-04-29 20:56:32.931 WARN  [HikariPool-1:housekeeper] com.zaxxer.hikari.pool.PoolBase - HikariPool-1 - Failed to validate connection oracle.jdbc.driver.T4CConnection@23d1544f (ORA-17008: Closed connection
https://docs.oracle.com/error-help/db/ora-17008/). Possibly consider using a shorter maxLifetime value.
2026-04-29 21:03:06.163 WARN  [HikariPool-1:housekeeper] com.zaxxer.hikari.pool.PoolBase - HikariPool-1 - Failed to validate connection oracle.jdbc.driver.T4CConnection@19a6b673 (ORA-17008: Closed connection
https://docs.oracle.com/error-help/db/ora-17008/). Possibly consider using a shorter maxLifetime value.
2026-04-29 21:13:45.467 WARN  [HikariPool-1:housekeeper] com.zaxxer.hikari.pool.PoolBase - HikariPool-1 - Failed to validate connection oracle.jdbc.driver.T4CConnection@2da82786 (ORA-17008: Closed connection
https://docs.oracle.com/error-help/db/ora-17008/). Possibly consider using a shorter maxLifetime value.
2026-04-29 21:30:01.071 WARN  [HikariPool-1:housekeeper] com.zaxxer.hikari.pool.PoolBase - HikariPool-1 - Failed to validate connection oracle.jdbc.driver.T4CConnection@1a1cb8eb (ORA-17008: Closed connection
https://docs.oracle.com/error-help/db/ora-17008/). Possibly consider using a shorter maxLifetime value.
2026-04-29 21:48:20.206 WARN  [HikariPool-1:housekeeper] com.zaxxer.hikari.pool.PoolBase - HikariPool-1 - Failed to validate connection oracle.jdbc.driver.T4CConnection@5f60140e (ORA-17008: Closed connection
https://docs.oracle.com/error-help/db/ora-17008/). Possibly consider using a shorter maxLifetime value.
2026-04-29 22:19:03.144 WARN  [HikariPool-1:housekeeper] com.zaxxer.hikari.pool.PoolBase - HikariPool-1 - Failed to validate connection oracle.jdbc.driver.T4CConnection@b93d4e1 (ORA-17008: Closed connection
https://docs.oracle.com/error-help/db/ora-17008/). Possibly consider using a shorter maxLifetime value.
2026-04-29 22:19:08.156 WARN  [HikariPool-1:housekeeper] com.zaxxer.hikari.pool.PoolBase - HikariPool-1 - Failed to validate connection oracle.jdbc.driver.T4CConnection@34ac6e7b (ORA-17008: Closed connection
https://docs.oracle.com/error-help/db/ora-17008/). Possibly consider using a shorter maxLifetime value.
2026-04-29 22:28:54.958 WARN  [HikariPool-1:housekeeper] com.zaxxer.hikari.pool.PoolBase - HikariPool-1 - Failed to validate connection oracle.jdbc.driver.T4CConnection@2d080b59 (ORA-17008: Closed connection
https://docs.oracle.com/error-help/db/ora-17008/). Possibly consider using a shorter maxLifetime value.
2026-04-29 22:41:21.805 WARN  [HikariPool-1:housekeeper] com.zaxxer.hikari.pool.PoolBase - HikariPool-1 - Failed to validate connection oracle.jdbc.driver.T4CConnection@20bd91d4 (ORA-17008: Closed connection
https://docs.oracle.com/error-help/db/ora-17008/). Possibly consider using a shorter maxLifetime value.
2026-04-29 22:53:19.920 WARN  [HikariPool-1:housekeeper] com.zaxxer.hikari.pool.PoolBase - HikariPool-1 - Failed to validate connection oracle.jdbc.driver.T4CConnection@3d4d05c4 (ORA-17008: Closed connection
https://docs.oracle.com/error-help/db/ora-17008/). Possibly consider using a shorter maxLifetime value.
2026-04-29 23:10:01.983 WARN  [HikariPool-1:housekeeper] com.zaxxer.hikari.pool.PoolBase - HikariPool-1 - Failed to validate connection oracle.jdbc.driver.T4CConnection@237463ee (ORA-17008: Closed connection
https://docs.oracle.com/error-help/db/ora-17008/). Possibly consider using a shorter maxLifetime value.
2026-04-29 23:16:40.436 WARN  [HikariPool-1:housekeeper] com.zaxxer.hikari.pool.PoolBase - HikariPool-1 - Failed to validate connection oracle.jdbc.driver.T4CConnection@33624e9f (ORA-17008: Closed connection
https://docs.oracle.com/error-help/db/ora-17008/). Possibly consider using a shorter maxLifetime value.
2026-04-29 23:17:25.474 WARN  [HikariPool-1:housekeeper] com.zaxxer.hikari.pool.PoolBase - HikariPool-1 - Failed to validate connection oracle.jdbc.driver.T4CConnection@2fac3ae (ORA-17008: Closed connection
https://docs.oracle.com/error-help/db/ora-17008/). Possibly consider using a shorter maxLifetime value.
2026-04-29 23:31:50.529 WARN  [HikariPool-1:housekeeper] com.zaxxer.hikari.pool.PoolBase - HikariPool-1 - Failed to validate connection oracle.jdbc.driver.T4CConnection@4820b3e7 (ORA-17008: Closed connection
https://docs.oracle.com/error-help/db/ora-17008/). Possibly consider using a shorter maxLifetime value.
2026-04-29 23:49:47.898 WARN  [HikariPool-1:housekeeper] com.zaxxer.hikari.pool.PoolBase - HikariPool-1 - Failed to validate connection oracle.jdbc.driver.T4CConnection@29f8fa60 (ORA-17008: Closed connection
https://docs.oracle.com/error-help/db/ora-17008/). Possibly consider using a shorter maxLifetime value.
