2026-04-09 07:37:32.314 WARN  [HikariPool-1:housekeeper] com.zaxxer.hikari.pool.HikariPool - HikariPool-1 - Thread starvation or clock leap detected (housekeeper delta=7h52m51s775ms951µs).
2026-04-09 07:37:37.328 WARN  [HikariPool-1:housekeeper] com.zaxxer.hikari.pool.PoolBase - HikariPool-1 - Failed to validate connection oracle.jdbc.driver.T4CConnection@24dcba77 (ORA-17008: Closed connection
https://docs.oracle.com/error-help/db/ora-17008/). Possibly consider using a shorter maxLifetime value.
2026-04-09 07:37:42.329 WARN  [HikariPool-1:housekeeper] com.zaxxer.hikari.pool.PoolBase - HikariPool-1 - Failed to validate connection oracle.jdbc.driver.T4CConnection@2132db77 (ORA-17008: Closed connection
https://docs.oracle.com/error-help/db/ora-17008/). Possibly consider using a shorter maxLifetime value.
2026-04-09 07:37:47.343 WARN  [HikariPool-1:housekeeper] com.zaxxer.hikari.pool.PoolBase - HikariPool-1 - Failed to validate connection oracle.jdbc.driver.T4CConnection@24809f1 (ORA-17008: Closed connection
https://docs.oracle.com/error-help/db/ora-17008/). Possibly consider using a shorter maxLifetime value.
2026-04-09 07:38:21.443 WARN  [HikariPool-1:connection-adder] com.zaxxer.hikari.pool.PoolBase - HikariPool-1 - Pool is empty, failed to create/setup connection (bea95929-6823-4cb0-a9e9-289db88060a7)
java.sql.SQLException: ORA-12541: Cannot connect. No listener at host rac-cluster-scan.txuyen.local port 1521. (CONNECTION_ID=HgcEz7opTD2E5R+JfURIiw==)
https://docs.oracle.com/error-help/db/ora-12541/
	at oracle.jdbc.driver.T4CConnection.handleLogonNetException(T4CConnection.java:1853)
	at oracle.jdbc.driver.T4CConnection.logon(T4CConnection.java:1204)
	at oracle.jdbc.driver.PhysicalConnection.connect(PhysicalConnection.java:1189)
	at oracle.jdbc.driver.T4CDriverExtension.getConnection(T4CDriverExtension.java:106)
	at oracle.jdbc.driver.OracleDriver.connect(OracleDriver.java:887)
	at oracle.jdbc.driver.OracleDriver.connect(OracleDriver.java:694)
	at com.zaxxer.hikari.util.DriverDataSource.getConnection(DriverDataSource.java:139)
	at com.zaxxer.hikari.pool.PoolBase.newConnection(PoolBase.java:368)
	at com.zaxxer.hikari.pool.PoolBase.newPoolEntry(PoolBase.java:205)
	at com.zaxxer.hikari.pool.HikariPool.createPoolEntry(HikariPool.java:483)
	at com.zaxxer.hikari.pool.HikariPool$PoolEntryCreator.call(HikariPool.java:747)
	at com.zaxxer.hikari.pool.HikariPool$PoolEntryCreator.call(HikariPool.java:726)
	at java.base/java.util.concurrent.FutureTask.run(FutureTask.java:264)
	at java.base/java.util.concurrent.ThreadPoolExecutor.runWorker(ThreadPoolExecutor.java:1136)
	at java.base/java.util.concurrent.ThreadPoolExecutor$Worker.run(ThreadPoolExecutor.java:635)
	at java.base/java.lang.Thread.run(Thread.java:833)
Caused by: oracle.net.ns.NetException: ORA-12541: Cannot connect. No listener at host rac-cluster-scan.txuyen.local port 1521. (CONNECTION_ID=HgcEz7opTD2E5R+JfURIiw==)
https://docs.oracle.com/error-help/db/ora-12541/
	at oracle.net.nt.TcpNTAdapter.handleEstablishSocketException(TcpNTAdapter.java:418)
	at oracle.net.nt.TcpNTAdapter.establishSocket(TcpNTAdapter.java:350)
	at oracle.net.nt.TcpNTAdapter.connect(TcpNTAdapter.java:228)
	at oracle.net.nt.ConnOption.connect(ConnOption.java:346)
	at oracle.net.nt.ConnStrategy.executeConnOption(ConnStrategy.java:1252)
	at oracle.net.nt.ConnStrategy.execute(ConnStrategy.java:778)
	at oracle.net.resolver.AddrResolution.resolveAndExecute(AddrResolution.java:718)
	at oracle.net.ns.NSProtocol.establishConnection(NSProtocol.java:960)
	at oracle.net.ns.NSProtocol.connect(NSProtocol.java:329)
	at oracle.jdbc.driver.T4CConnection.connectNetworkSessionProtocol(T4CConnection.java:3684)
	at oracle.jdbc.driver.T4CConnection.logon(T4CConnection.java:1083)
	... 14 common frames omitted
Caused by: java.net.ConnectException: Connection timed out: no further information
	at java.base/sun.nio.ch.Net.pollConnect(Native Method)
	at java.base/sun.nio.ch.Net.pollConnectNow(Net.java:672)
	at java.base/sun.nio.ch.SocketChannelImpl.finishTimedConnect(SocketChannelImpl.java:1148)
	at java.base/sun.nio.ch.SocketChannelImpl.blockingConnect(SocketChannelImpl.java:1183)
	at java.base/sun.nio.ch.SocketAdaptor.connect(SocketAdaptor.java:98)
	at oracle.net.nt.TimeoutSocketChannel.doConnect(TimeoutSocketChannel.java:291)
	at oracle.net.nt.TimeoutSocketChannel.initializeSocketChannel(TimeoutSocketChannel.java:271)
	at oracle.net.nt.TimeoutSocketChannel.connect(TimeoutSocketChannel.java:238)
	at oracle.net.nt.TimeoutSocketChannel.<init>(TimeoutSocketChannel.java:205)
	at oracle.net.nt.TcpNTAdapter.establishSocket(TcpNTAdapter.java:339)
	... 23 common frames omitted
2026-04-09 07:39:25.144 WARN  [HikariPool-1:connection-adder] com.zaxxer.hikari.pool.PoolBase - HikariPool-1 - Pool is empty, failed to create/setup connection (c7a15254-aa60-48cf-9109-794bcbd2b589)
java.sql.SQLException: ORA-12541: Cannot connect. No listener at host rac-cluster-scan.txuyen.local port 1521. (CONNECTION_ID=hv9wW6cWR7aByx/UA1bigw==)
https://docs.oracle.com/error-help/db/ora-12541/
	at oracle.jdbc.driver.T4CConnection.handleLogonNetException(T4CConnection.java:1853)
	at oracle.jdbc.driver.T4CConnection.logon(T4CConnection.java:1204)
	at oracle.jdbc.driver.PhysicalConnection.connect(PhysicalConnection.java:1189)
	at oracle.jdbc.driver.T4CDriverExtension.getConnection(T4CDriverExtension.java:106)
	at oracle.jdbc.driver.OracleDriver.connect(OracleDriver.java:887)
	at oracle.jdbc.driver.OracleDriver.connect(OracleDriver.java:694)
	at com.zaxxer.hikari.util.DriverDataSource.getConnection(DriverDataSource.java:139)
	at com.zaxxer.hikari.pool.PoolBase.newConnection(PoolBase.java:368)
	at com.zaxxer.hikari.pool.PoolBase.newPoolEntry(PoolBase.java:205)
	at com.zaxxer.hikari.pool.HikariPool.createPoolEntry(HikariPool.java:483)
	at com.zaxxer.hikari.pool.HikariPool$PoolEntryCreator.call(HikariPool.java:747)
	at com.zaxxer.hikari.pool.HikariPool$PoolEntryCreator.call(HikariPool.java:726)
	at java.base/java.util.concurrent.FutureTask.run(FutureTask.java:264)
	at java.base/java.util.concurrent.ThreadPoolExecutor.runWorker(ThreadPoolExecutor.java:1136)
	at java.base/java.util.concurrent.ThreadPoolExecutor$Worker.run(ThreadPoolExecutor.java:635)
	at java.base/java.lang.Thread.run(Thread.java:833)
Caused by: oracle.net.ns.NetException: ORA-12541: Cannot connect. No listener at host rac-cluster-scan.txuyen.local port 1521. (CONNECTION_ID=hv9wW6cWR7aByx/UA1bigw==)
https://docs.oracle.com/error-help/db/ora-12541/
	at oracle.net.nt.TcpNTAdapter.handleEstablishSocketException(TcpNTAdapter.java:418)
	at oracle.net.nt.TcpNTAdapter.establishSocket(TcpNTAdapter.java:350)
	at oracle.net.nt.TcpNTAdapter.connect(TcpNTAdapter.java:228)
	at oracle.net.nt.ConnOption.connect(ConnOption.java:346)
	at oracle.net.nt.ConnStrategy.executeConnOption(ConnStrategy.java:1252)
	at oracle.net.nt.ConnStrategy.execute(ConnStrategy.java:778)
	at oracle.net.resolver.AddrResolution.resolveAndExecute(AddrResolution.java:718)
	at oracle.net.ns.NSProtocol.establishConnection(NSProtocol.java:960)
	at oracle.net.ns.NSProtocol.connect(NSProtocol.java:329)
	at oracle.jdbc.driver.T4CConnection.connectNetworkSessionProtocol(T4CConnection.java:3684)
	at oracle.jdbc.driver.T4CConnection.logon(T4CConnection.java:1083)
	... 14 common frames omitted
Caused by: java.net.ConnectException: Connection timed out: no further information
	at java.base/sun.nio.ch.Net.pollConnect(Native Method)
	at java.base/sun.nio.ch.Net.pollConnectNow(Net.java:672)
	at java.base/sun.nio.ch.SocketChannelImpl.finishTimedConnect(SocketChannelImpl.java:1148)
	at java.base/sun.nio.ch.SocketChannelImpl.blockingConnect(SocketChannelImpl.java:1183)
	at java.base/sun.nio.ch.SocketAdaptor.connect(SocketAdaptor.java:98)
	at oracle.net.nt.TimeoutSocketChannel.doConnect(TimeoutSocketChannel.java:291)
	at oracle.net.nt.TimeoutSocketChannel.initializeSocketChannel(TimeoutSocketChannel.java:271)
	at oracle.net.nt.TimeoutSocketChannel.connect(TimeoutSocketChannel.java:238)
	at oracle.net.nt.TimeoutSocketChannel.<init>(TimeoutSocketChannel.java:205)
	at oracle.net.nt.TcpNTAdapter.establishSocket(TcpNTAdapter.java:339)
	... 23 common frames omitted
2026-04-09 07:40:32.804 WARN  [HikariPool-1:connection-adder] com.zaxxer.hikari.pool.PoolBase - HikariPool-1 - Pool is empty, failed to create/setup connection (822d6c1d-638d-4840-8d1c-51b8d2da9fa4)
java.sql.SQLException: ORA-12541: Cannot connect. No listener at host rac-cluster-scan.txuyen.local port 1521. (CONNECTION_ID=jMRoA1VLQwiA/8RhV41vVg==)
https://docs.oracle.com/error-help/db/ora-12541/
	at oracle.jdbc.driver.T4CConnection.handleLogonNetException(T4CConnection.java:1853)
	at oracle.jdbc.driver.T4CConnection.logon(T4CConnection.java:1204)
	at oracle.jdbc.driver.PhysicalConnection.connect(PhysicalConnection.java:1189)
	at oracle.jdbc.driver.T4CDriverExtension.getConnection(T4CDriverExtension.java:106)
	at oracle.jdbc.driver.OracleDriver.connect(OracleDriver.java:887)
	at oracle.jdbc.driver.OracleDriver.connect(OracleDriver.java:694)
	at com.zaxxer.hikari.util.DriverDataSource.getConnection(DriverDataSource.java:139)
	at com.zaxxer.hikari.pool.PoolBase.newConnection(PoolBase.java:368)
	at com.zaxxer.hikari.pool.PoolBase.newPoolEntry(PoolBase.java:205)
	at com.zaxxer.hikari.pool.HikariPool.createPoolEntry(HikariPool.java:483)
	at com.zaxxer.hikari.pool.HikariPool$PoolEntryCreator.call(HikariPool.java:747)
	at com.zaxxer.hikari.pool.HikariPool$PoolEntryCreator.call(HikariPool.java:726)
	at java.base/java.util.concurrent.FutureTask.run(FutureTask.java:264)
	at java.base/java.util.concurrent.ThreadPoolExecutor.runWorker(ThreadPoolExecutor.java:1136)
	at java.base/java.util.concurrent.ThreadPoolExecutor$Worker.run(ThreadPoolExecutor.java:635)
	at java.base/java.lang.Thread.run(Thread.java:833)
Caused by: oracle.net.ns.NetException: ORA-12541: Cannot connect. No listener at host rac-cluster-scan.txuyen.local port 1521. (CONNECTION_ID=jMRoA1VLQwiA/8RhV41vVg==)
https://docs.oracle.com/error-help/db/ora-12541/
	at oracle.net.nt.TcpNTAdapter.handleEstablishSocketException(TcpNTAdapter.java:418)
	at oracle.net.nt.TcpNTAdapter.establishSocket(TcpNTAdapter.java:350)
	at oracle.net.nt.TcpNTAdapter.connect(TcpNTAdapter.java:228)
	at oracle.net.nt.ConnOption.connect(ConnOption.java:346)
	at oracle.net.nt.ConnStrategy.executeConnOption(ConnStrategy.java:1252)
	at oracle.net.nt.ConnStrategy.execute(ConnStrategy.java:778)
	at oracle.net.resolver.AddrResolution.resolveAndExecute(AddrResolution.java:718)
	at oracle.net.ns.NSProtocol.establishConnection(NSProtocol.java:960)
	at oracle.net.ns.NSProtocol.connect(NSProtocol.java:329)
	at oracle.jdbc.driver.T4CConnection.connectNetworkSessionProtocol(T4CConnection.java:3684)
	at oracle.jdbc.driver.T4CConnection.logon(T4CConnection.java:1083)
	... 14 common frames omitted
Caused by: java.net.ConnectException: Connection timed out: no further information
	at java.base/sun.nio.ch.Net.pollConnect(Native Method)
	at java.base/sun.nio.ch.Net.pollConnectNow(Net.java:672)
	at java.base/sun.nio.ch.SocketChannelImpl.finishTimedConnect(SocketChannelImpl.java:1148)
	at java.base/sun.nio.ch.SocketChannelImpl.blockingConnect(SocketChannelImpl.java:1183)
	at java.base/sun.nio.ch.SocketAdaptor.connect(SocketAdaptor.java:98)
	at oracle.net.nt.TimeoutSocketChannel.doConnect(TimeoutSocketChannel.java:291)
	at oracle.net.nt.TimeoutSocketChannel.initializeSocketChannel(TimeoutSocketChannel.java:271)
	at oracle.net.nt.TimeoutSocketChannel.connect(TimeoutSocketChannel.java:238)
	at oracle.net.nt.TimeoutSocketChannel.<init>(TimeoutSocketChannel.java:205)
	at oracle.net.nt.TcpNTAdapter.establishSocket(TcpNTAdapter.java:339)
	... 23 common frames omitted
2026-04-09 07:41:50.976 WARN  [HikariPool-1:connection-adder] com.zaxxer.hikari.pool.PoolBase - HikariPool-1 - Pool is empty, failed to create/setup connection (aa5315a8-9dea-4dc7-bd13-25c3d4e71fef)
java.sql.SQLException: ORA-12541: Cannot connect. No listener at host rac-cluster-scan.txuyen.local port 1521. (CONNECTION_ID=kRWpqd1qQkqErkRUO/NaYw==)
https://docs.oracle.com/error-help/db/ora-12541/
	at oracle.jdbc.driver.T4CConnection.handleLogonNetException(T4CConnection.java:1853)
	at oracle.jdbc.driver.T4CConnection.logon(T4CConnection.java:1204)
	at oracle.jdbc.driver.PhysicalConnection.connect(PhysicalConnection.java:1189)
	at oracle.jdbc.driver.T4CDriverExtension.getConnection(T4CDriverExtension.java:106)
	at oracle.jdbc.driver.OracleDriver.connect(OracleDriver.java:887)
	at oracle.jdbc.driver.OracleDriver.connect(OracleDriver.java:694)
	at com.zaxxer.hikari.util.DriverDataSource.getConnection(DriverDataSource.java:139)
	at com.zaxxer.hikari.pool.PoolBase.newConnection(PoolBase.java:368)
	at com.zaxxer.hikari.pool.PoolBase.newPoolEntry(PoolBase.java:205)
	at com.zaxxer.hikari.pool.HikariPool.createPoolEntry(HikariPool.java:483)
	at com.zaxxer.hikari.pool.HikariPool$PoolEntryCreator.call(HikariPool.java:747)
	at com.zaxxer.hikari.pool.HikariPool$PoolEntryCreator.call(HikariPool.java:726)
	at java.base/java.util.concurrent.FutureTask.run(FutureTask.java:264)
	at java.base/java.util.concurrent.ThreadPoolExecutor.runWorker(ThreadPoolExecutor.java:1136)
	at java.base/java.util.concurrent.ThreadPoolExecutor$Worker.run(ThreadPoolExecutor.java:635)
	at java.base/java.lang.Thread.run(Thread.java:833)
Caused by: oracle.net.ns.NetException: ORA-12541: Cannot connect. No listener at host rac-cluster-scan.txuyen.local port 1521. (CONNECTION_ID=kRWpqd1qQkqErkRUO/NaYw==)
https://docs.oracle.com/error-help/db/ora-12541/
	at oracle.net.nt.TcpNTAdapter.handleEstablishSocketException(TcpNTAdapter.java:418)
	at oracle.net.nt.TcpNTAdapter.establishSocket(TcpNTAdapter.java:350)
	at oracle.net.nt.TcpNTAdapter.connect(TcpNTAdapter.java:228)
	at oracle.net.nt.ConnOption.connect(ConnOption.java:346)
	at oracle.net.nt.ConnStrategy.executeConnOption(ConnStrategy.java:1252)
	at oracle.net.nt.ConnStrategy.execute(ConnStrategy.java:778)
	at oracle.net.resolver.AddrResolution.resolveAndExecute(AddrResolution.java:718)
	at oracle.net.ns.NSProtocol.establishConnection(NSProtocol.java:960)
	at oracle.net.ns.NSProtocol.connect(NSProtocol.java:329)
	at oracle.jdbc.driver.T4CConnection.connectNetworkSessionProtocol(T4CConnection.java:3684)
	at oracle.jdbc.driver.T4CConnection.logon(T4CConnection.java:1083)
	... 14 common frames omitted
Caused by: java.net.ConnectException: Connection timed out: no further information
	at java.base/sun.nio.ch.Net.pollConnect(Native Method)
	at java.base/sun.nio.ch.Net.pollConnectNow(Net.java:672)
	at java.base/sun.nio.ch.SocketChannelImpl.finishTimedConnect(SocketChannelImpl.java:1148)
	at java.base/sun.nio.ch.SocketChannelImpl.blockingConnect(SocketChannelImpl.java:1183)
	at java.base/sun.nio.ch.SocketAdaptor.connect(SocketAdaptor.java:98)
	at oracle.net.nt.TimeoutSocketChannel.doConnect(TimeoutSocketChannel.java:291)
	at oracle.net.nt.TimeoutSocketChannel.initializeSocketChannel(TimeoutSocketChannel.java:271)
	at oracle.net.nt.TimeoutSocketChannel.connect(TimeoutSocketChannel.java:238)
	at oracle.net.nt.TimeoutSocketChannel.<init>(TimeoutSocketChannel.java:205)
	at oracle.net.nt.TcpNTAdapter.establishSocket(TcpNTAdapter.java:339)
	... 23 common frames omitted
2026-04-09 07:43:09.098 WARN  [HikariPool-1:connection-adder] com.zaxxer.hikari.pool.PoolBase - HikariPool-1 - Pool is empty, failed to create/setup connection (7af31565-cb50-4157-a15e-8b21d629fa21)
java.sql.SQLException: ORA-12541: Cannot connect. No listener at host rac-cluster-scan.txuyen.local port 1521. (CONNECTION_ID=UknJDHmeT3GDjoxCdmlvgg==)
https://docs.oracle.com/error-help/db/ora-12541/
	at oracle.jdbc.driver.T4CConnection.handleLogonNetException(T4CConnection.java:1853)
	at oracle.jdbc.driver.T4CConnection.logon(T4CConnection.java:1204)
	at oracle.jdbc.driver.PhysicalConnection.connect(PhysicalConnection.java:1189)
	at oracle.jdbc.driver.T4CDriverExtension.getConnection(T4CDriverExtension.java:106)
	at oracle.jdbc.driver.OracleDriver.connect(OracleDriver.java:887)
	at oracle.jdbc.driver.OracleDriver.connect(OracleDriver.java:694)
	at com.zaxxer.hikari.util.DriverDataSource.getConnection(DriverDataSource.java:139)
	at com.zaxxer.hikari.pool.PoolBase.newConnection(PoolBase.java:368)
	at com.zaxxer.hikari.pool.PoolBase.newPoolEntry(PoolBase.java:205)
	at com.zaxxer.hikari.pool.HikariPool.createPoolEntry(HikariPool.java:483)
	at com.zaxxer.hikari.pool.HikariPool$PoolEntryCreator.call(HikariPool.java:747)
	at com.zaxxer.hikari.pool.HikariPool$PoolEntryCreator.call(HikariPool.java:726)
	at java.base/java.util.concurrent.FutureTask.run(FutureTask.java:264)
	at java.base/java.util.concurrent.ThreadPoolExecutor.runWorker(ThreadPoolExecutor.java:1136)
	at java.base/java.util.concurrent.ThreadPoolExecutor$Worker.run(ThreadPoolExecutor.java:635)
	at java.base/java.lang.Thread.run(Thread.java:833)
Caused by: oracle.net.ns.NetException: ORA-12541: Cannot connect. No listener at host rac-cluster-scan.txuyen.local port 1521. (CONNECTION_ID=UknJDHmeT3GDjoxCdmlvgg==)
https://docs.oracle.com/error-help/db/ora-12541/
	at oracle.net.nt.TcpNTAdapter.handleEstablishSocketException(TcpNTAdapter.java:418)
	at oracle.net.nt.TcpNTAdapter.establishSocket(TcpNTAdapter.java:350)
	at oracle.net.nt.TcpNTAdapter.connect(TcpNTAdapter.java:228)
	at oracle.net.nt.ConnOption.connect(ConnOption.java:346)
	at oracle.net.nt.ConnStrategy.executeConnOption(ConnStrategy.java:1252)
	at oracle.net.nt.ConnStrategy.execute(ConnStrategy.java:778)
	at oracle.net.resolver.AddrResolution.resolveAndExecute(AddrResolution.java:718)
	at oracle.net.ns.NSProtocol.establishConnection(NSProtocol.java:960)
	at oracle.net.ns.NSProtocol.connect(NSProtocol.java:329)
	at oracle.jdbc.driver.T4CConnection.connectNetworkSessionProtocol(T4CConnection.java:3684)
	at oracle.jdbc.driver.T4CConnection.logon(T4CConnection.java:1083)
	... 14 common frames omitted
Caused by: java.net.ConnectException: Connection timed out: no further information
	at java.base/sun.nio.ch.Net.pollConnect(Native Method)
	at java.base/sun.nio.ch.Net.pollConnectNow(Net.java:672)
	at java.base/sun.nio.ch.SocketChannelImpl.finishTimedConnect(SocketChannelImpl.java:1148)
	at java.base/sun.nio.ch.SocketChannelImpl.blockingConnect(SocketChannelImpl.java:1183)
	at java.base/sun.nio.ch.SocketAdaptor.connect(SocketAdaptor.java:98)
	at oracle.net.nt.TimeoutSocketChannel.doConnect(TimeoutSocketChannel.java:291)
	at oracle.net.nt.TimeoutSocketChannel.initializeSocketChannel(TimeoutSocketChannel.java:271)
	at oracle.net.nt.TimeoutSocketChannel.connect(TimeoutSocketChannel.java:238)
	at oracle.net.nt.TimeoutSocketChannel.<init>(TimeoutSocketChannel.java:205)
	at oracle.net.nt.TcpNTAdapter.establishSocket(TcpNTAdapter.java:339)
	... 23 common frames omitted
2026-04-09 07:44:27.251 WARN  [HikariPool-1:connection-adder] com.zaxxer.hikari.pool.PoolBase - HikariPool-1 - Pool is empty, failed to create/setup connection (4c57be1a-4752-4782-99c7-fe51df864787)
java.sql.SQLException: ORA-12541: Cannot connect. No listener at host rac-cluster-scan.txuyen.local port 1521. (CONNECTION_ID=OxM3CKgvQyeoVsjMBE5AtA==)
https://docs.oracle.com/error-help/db/ora-12541/
	at oracle.jdbc.driver.T4CConnection.handleLogonNetException(T4CConnection.java:1853)
	at oracle.jdbc.driver.T4CConnection.logon(T4CConnection.java:1204)
	at oracle.jdbc.driver.PhysicalConnection.connect(PhysicalConnection.java:1189)
	at oracle.jdbc.driver.T4CDriverExtension.getConnection(T4CDriverExtension.java:106)
	at oracle.jdbc.driver.OracleDriver.connect(OracleDriver.java:887)
	at oracle.jdbc.driver.OracleDriver.connect(OracleDriver.java:694)
	at com.zaxxer.hikari.util.DriverDataSource.getConnection(DriverDataSource.java:139)
	at com.zaxxer.hikari.pool.PoolBase.newConnection(PoolBase.java:368)
	at com.zaxxer.hikari.pool.PoolBase.newPoolEntry(PoolBase.java:205)
	at com.zaxxer.hikari.pool.HikariPool.createPoolEntry(HikariPool.java:483)
	at com.zaxxer.hikari.pool.HikariPool$PoolEntryCreator.call(HikariPool.java:747)
	at com.zaxxer.hikari.pool.HikariPool$PoolEntryCreator.call(HikariPool.java:726)
	at java.base/java.util.concurrent.FutureTask.run(FutureTask.java:264)
	at java.base/java.util.concurrent.ThreadPoolExecutor.runWorker(ThreadPoolExecutor.java:1136)
	at java.base/java.util.concurrent.ThreadPoolExecutor$Worker.run(ThreadPoolExecutor.java:635)
	at java.base/java.lang.Thread.run(Thread.java:833)
Caused by: oracle.net.ns.NetException: ORA-12541: Cannot connect. No listener at host rac-cluster-scan.txuyen.local port 1521. (CONNECTION_ID=OxM3CKgvQyeoVsjMBE5AtA==)
https://docs.oracle.com/error-help/db/ora-12541/
	at oracle.net.nt.TcpNTAdapter.handleEstablishSocketException(TcpNTAdapter.java:418)
	at oracle.net.nt.TcpNTAdapter.establishSocket(TcpNTAdapter.java:350)
	at oracle.net.nt.TcpNTAdapter.connect(TcpNTAdapter.java:228)
	at oracle.net.nt.ConnOption.connect(ConnOption.java:346)
	at oracle.net.nt.ConnStrategy.executeConnOption(ConnStrategy.java:1252)
	at oracle.net.nt.ConnStrategy.execute(ConnStrategy.java:778)
	at oracle.net.resolver.AddrResolution.resolveAndExecute(AddrResolution.java:718)
	at oracle.net.ns.NSProtocol.establishConnection(NSProtocol.java:960)
	at oracle.net.ns.NSProtocol.connect(NSProtocol.java:329)
	at oracle.jdbc.driver.T4CConnection.connectNetworkSessionProtocol(T4CConnection.java:3684)
	at oracle.jdbc.driver.T4CConnection.logon(T4CConnection.java:1083)
	... 14 common frames omitted
Caused by: java.net.ConnectException: Connection timed out: no further information
	at java.base/sun.nio.ch.Net.pollConnect(Native Method)
	at java.base/sun.nio.ch.Net.pollConnectNow(Net.java:672)
	at java.base/sun.nio.ch.SocketChannelImpl.finishTimedConnect(SocketChannelImpl.java:1148)
	at java.base/sun.nio.ch.SocketChannelImpl.blockingConnect(SocketChannelImpl.java:1183)
	at java.base/sun.nio.ch.SocketAdaptor.connect(SocketAdaptor.java:98)
	at oracle.net.nt.TimeoutSocketChannel.doConnect(TimeoutSocketChannel.java:291)
	at oracle.net.nt.TimeoutSocketChannel.initializeSocketChannel(TimeoutSocketChannel.java:271)
	at oracle.net.nt.TimeoutSocketChannel.connect(TimeoutSocketChannel.java:238)
	at oracle.net.nt.TimeoutSocketChannel.<init>(TimeoutSocketChannel.java:205)
	at oracle.net.nt.TcpNTAdapter.establishSocket(TcpNTAdapter.java:339)
	... 23 common frames omitted
2026-04-09 07:45:45.400 WARN  [HikariPool-1:connection-adder] com.zaxxer.hikari.pool.PoolBase - HikariPool-1 - Pool is empty, failed to create/setup connection (4f6058fe-41ae-4d5e-8706-27fcb647d88a)
java.sql.SQLException: ORA-12541: Cannot connect. No listener at host rac-cluster-scan.txuyen.local port 1521. (CONNECTION_ID=P7oQaHNgS1SIawd9q24z/w==)
https://docs.oracle.com/error-help/db/ora-12541/
	at oracle.jdbc.driver.T4CConnection.handleLogonNetException(T4CConnection.java:1853)
	at oracle.jdbc.driver.T4CConnection.logon(T4CConnection.java:1204)
	at oracle.jdbc.driver.PhysicalConnection.connect(PhysicalConnection.java:1189)
	at oracle.jdbc.driver.T4CDriverExtension.getConnection(T4CDriverExtension.java:106)
	at oracle.jdbc.driver.OracleDriver.connect(OracleDriver.java:887)
	at oracle.jdbc.driver.OracleDriver.connect(OracleDriver.java:694)
	at com.zaxxer.hikari.util.DriverDataSource.getConnection(DriverDataSource.java:139)
	at com.zaxxer.hikari.pool.PoolBase.newConnection(PoolBase.java:368)
	at com.zaxxer.hikari.pool.PoolBase.newPoolEntry(PoolBase.java:205)
	at com.zaxxer.hikari.pool.HikariPool.createPoolEntry(HikariPool.java:483)
	at com.zaxxer.hikari.pool.HikariPool$PoolEntryCreator.call(HikariPool.java:747)
	at com.zaxxer.hikari.pool.HikariPool$PoolEntryCreator.call(HikariPool.java:726)
	at java.base/java.util.concurrent.FutureTask.run(FutureTask.java:264)
	at java.base/java.util.concurrent.ThreadPoolExecutor.runWorker(ThreadPoolExecutor.java:1136)
	at java.base/java.util.concurrent.ThreadPoolExecutor$Worker.run(ThreadPoolExecutor.java:635)
	at java.base/java.lang.Thread.run(Thread.java:833)
Caused by: oracle.net.ns.NetException: ORA-12541: Cannot connect. No listener at host rac-cluster-scan.txuyen.local port 1521. (CONNECTION_ID=P7oQaHNgS1SIawd9q24z/w==)
https://docs.oracle.com/error-help/db/ora-12541/
	at oracle.net.nt.TcpNTAdapter.handleEstablishSocketException(TcpNTAdapter.java:418)
	at oracle.net.nt.TcpNTAdapter.establishSocket(TcpNTAdapter.java:350)
	at oracle.net.nt.TcpNTAdapter.connect(TcpNTAdapter.java:228)
	at oracle.net.nt.ConnOption.connect(ConnOption.java:346)
	at oracle.net.nt.ConnStrategy.executeConnOption(ConnStrategy.java:1252)
	at oracle.net.nt.ConnStrategy.execute(ConnStrategy.java:778)
	at oracle.net.resolver.AddrResolution.resolveAndExecute(AddrResolution.java:718)
	at oracle.net.ns.NSProtocol.establishConnection(NSProtocol.java:960)
	at oracle.net.ns.NSProtocol.connect(NSProtocol.java:329)
	at oracle.jdbc.driver.T4CConnection.connectNetworkSessionProtocol(T4CConnection.java:3684)
	at oracle.jdbc.driver.T4CConnection.logon(T4CConnection.java:1083)
	... 14 common frames omitted
Caused by: java.net.ConnectException: Connection timed out: no further information
	at java.base/sun.nio.ch.Net.pollConnect(Native Method)
	at java.base/sun.nio.ch.Net.pollConnectNow(Net.java:672)
	at java.base/sun.nio.ch.SocketChannelImpl.finishTimedConnect(SocketChannelImpl.java:1148)
	at java.base/sun.nio.ch.SocketChannelImpl.blockingConnect(SocketChannelImpl.java:1183)
	at java.base/sun.nio.ch.SocketAdaptor.connect(SocketAdaptor.java:98)
	at oracle.net.nt.TimeoutSocketChannel.doConnect(TimeoutSocketChannel.java:291)
	at oracle.net.nt.TimeoutSocketChannel.initializeSocketChannel(TimeoutSocketChannel.java:271)
	at oracle.net.nt.TimeoutSocketChannel.connect(TimeoutSocketChannel.java:238)
	at oracle.net.nt.TimeoutSocketChannel.<init>(TimeoutSocketChannel.java:205)
	at oracle.net.nt.TcpNTAdapter.establishSocket(TcpNTAdapter.java:339)
	... 23 common frames omitted
2026-04-09 07:47:03.582 WARN  [HikariPool-1:connection-adder] com.zaxxer.hikari.pool.PoolBase - HikariPool-1 - Pool is empty, failed to create/setup connection (3f773d52-4404-40af-b461-55edf717e46b)
java.sql.SQLException: ORA-12541: Cannot connect. No listener at host rac-cluster-scan.txuyen.local port 1521. (CONNECTION_ID=Jl90Cn5AQG2O9gOENcCsXQ==)
https://docs.oracle.com/error-help/db/ora-12541/
	at oracle.jdbc.driver.T4CConnection.handleLogonNetException(T4CConnection.java:1853)
	at oracle.jdbc.driver.T4CConnection.logon(T4CConnection.java:1204)
	at oracle.jdbc.driver.PhysicalConnection.connect(PhysicalConnection.java:1189)
	at oracle.jdbc.driver.T4CDriverExtension.getConnection(T4CDriverExtension.java:106)
	at oracle.jdbc.driver.OracleDriver.connect(OracleDriver.java:887)
	at oracle.jdbc.driver.OracleDriver.connect(OracleDriver.java:694)
	at com.zaxxer.hikari.util.DriverDataSource.getConnection(DriverDataSource.java:139)
	at com.zaxxer.hikari.pool.PoolBase.newConnection(PoolBase.java:368)
	at com.zaxxer.hikari.pool.PoolBase.newPoolEntry(PoolBase.java:205)
	at com.zaxxer.hikari.pool.HikariPool.createPoolEntry(HikariPool.java:483)
	at com.zaxxer.hikari.pool.HikariPool$PoolEntryCreator.call(HikariPool.java:747)
	at com.zaxxer.hikari.pool.HikariPool$PoolEntryCreator.call(HikariPool.java:726)
	at java.base/java.util.concurrent.FutureTask.run(FutureTask.java:264)
	at java.base/java.util.concurrent.ThreadPoolExecutor.runWorker(ThreadPoolExecutor.java:1136)
	at java.base/java.util.concurrent.ThreadPoolExecutor$Worker.run(ThreadPoolExecutor.java:635)
	at java.base/java.lang.Thread.run(Thread.java:833)
Caused by: oracle.net.ns.NetException: ORA-12541: Cannot connect. No listener at host rac-cluster-scan.txuyen.local port 1521. (CONNECTION_ID=Jl90Cn5AQG2O9gOENcCsXQ==)
https://docs.oracle.com/error-help/db/ora-12541/
	at oracle.net.nt.TcpNTAdapter.handleEstablishSocketException(TcpNTAdapter.java:418)
	at oracle.net.nt.TcpNTAdapter.establishSocket(TcpNTAdapter.java:350)
	at oracle.net.nt.TcpNTAdapter.connect(TcpNTAdapter.java:228)
	at oracle.net.nt.ConnOption.connect(ConnOption.java:346)
	at oracle.net.nt.ConnStrategy.executeConnOption(ConnStrategy.java:1252)
	at oracle.net.nt.ConnStrategy.execute(ConnStrategy.java:778)
	at oracle.net.resolver.AddrResolution.resolveAndExecute(AddrResolution.java:718)
	at oracle.net.ns.NSProtocol.establishConnection(NSProtocol.java:960)
	at oracle.net.ns.NSProtocol.connect(NSProtocol.java:329)
	at oracle.jdbc.driver.T4CConnection.connectNetworkSessionProtocol(T4CConnection.java:3684)
	at oracle.jdbc.driver.T4CConnection.logon(T4CConnection.java:1083)
	... 14 common frames omitted
Caused by: java.net.ConnectException: Connection timed out: no further information
	at java.base/sun.nio.ch.Net.pollConnect(Native Method)
	at java.base/sun.nio.ch.Net.pollConnectNow(Net.java:672)
	at java.base/sun.nio.ch.SocketChannelImpl.finishTimedConnect(SocketChannelImpl.java:1148)
	at java.base/sun.nio.ch.SocketChannelImpl.blockingConnect(SocketChannelImpl.java:1183)
	at java.base/sun.nio.ch.SocketAdaptor.connect(SocketAdaptor.java:98)
	at oracle.net.nt.TimeoutSocketChannel.doConnect(TimeoutSocketChannel.java:291)
	at oracle.net.nt.TimeoutSocketChannel.initializeSocketChannel(TimeoutSocketChannel.java:271)
	at oracle.net.nt.TimeoutSocketChannel.connect(TimeoutSocketChannel.java:238)
	at oracle.net.nt.TimeoutSocketChannel.<init>(TimeoutSocketChannel.java:205)
	at oracle.net.nt.TcpNTAdapter.establishSocket(TcpNTAdapter.java:339)
	... 23 common frames omitted
2026-04-09 07:48:21.753 WARN  [HikariPool-1:connection-adder] com.zaxxer.hikari.pool.PoolBase - HikariPool-1 - Pool is empty, failed to create/setup connection (f173f02b-9282-4b6c-8efb-271e3e1f8082)
java.sql.SQLException: ORA-12541: Cannot connect. No listener at host rac-cluster-scan.txuyen.local port 1521. (CONNECTION_ID=2sd2UOjuR/+2BGkx7/Wd3Q==)
https://docs.oracle.com/error-help/db/ora-12541/
	at oracle.jdbc.driver.T4CConnection.handleLogonNetException(T4CConnection.java:1853)
	at oracle.jdbc.driver.T4CConnection.logon(T4CConnection.java:1204)
	at oracle.jdbc.driver.PhysicalConnection.connect(PhysicalConnection.java:1189)
	at oracle.jdbc.driver.T4CDriverExtension.getConnection(T4CDriverExtension.java:106)
	at oracle.jdbc.driver.OracleDriver.connect(OracleDriver.java:887)
	at oracle.jdbc.driver.OracleDriver.connect(OracleDriver.java:694)
	at com.zaxxer.hikari.util.DriverDataSource.getConnection(DriverDataSource.java:139)
	at com.zaxxer.hikari.pool.PoolBase.newConnection(PoolBase.java:368)
	at com.zaxxer.hikari.pool.PoolBase.newPoolEntry(PoolBase.java:205)
	at com.zaxxer.hikari.pool.HikariPool.createPoolEntry(HikariPool.java:483)
	at com.zaxxer.hikari.pool.HikariPool$PoolEntryCreator.call(HikariPool.java:747)
	at com.zaxxer.hikari.pool.HikariPool$PoolEntryCreator.call(HikariPool.java:726)
	at java.base/java.util.concurrent.FutureTask.run(FutureTask.java:264)
	at java.base/java.util.concurrent.ThreadPoolExecutor.runWorker(ThreadPoolExecutor.java:1136)
	at java.base/java.util.concurrent.ThreadPoolExecutor$Worker.run(ThreadPoolExecutor.java:635)
	at java.base/java.lang.Thread.run(Thread.java:833)
Caused by: oracle.net.ns.NetException: ORA-12541: Cannot connect. No listener at host rac-cluster-scan.txuyen.local port 1521. (CONNECTION_ID=2sd2UOjuR/+2BGkx7/Wd3Q==)
https://docs.oracle.com/error-help/db/ora-12541/
	at oracle.net.nt.TcpNTAdapter.handleEstablishSocketException(TcpNTAdapter.java:418)
	at oracle.net.nt.TcpNTAdapter.establishSocket(TcpNTAdapter.java:350)
	at oracle.net.nt.TcpNTAdapter.connect(TcpNTAdapter.java:228)
	at oracle.net.nt.ConnOption.connect(ConnOption.java:346)
	at oracle.net.nt.ConnStrategy.executeConnOption(ConnStrategy.java:1252)
	at oracle.net.nt.ConnStrategy.execute(ConnStrategy.java:778)
	at oracle.net.resolver.AddrResolution.resolveAndExecute(AddrResolution.java:718)
	at oracle.net.ns.NSProtocol.establishConnection(NSProtocol.java:960)
	at oracle.net.ns.NSProtocol.connect(NSProtocol.java:329)
	at oracle.jdbc.driver.T4CConnection.connectNetworkSessionProtocol(T4CConnection.java:3684)
	at oracle.jdbc.driver.T4CConnection.logon(T4CConnection.java:1083)
	... 14 common frames omitted
Caused by: java.net.ConnectException: Connection timed out: no further information
	at java.base/sun.nio.ch.Net.pollConnect(Native Method)
	at java.base/sun.nio.ch.Net.pollConnectNow(Net.java:672)
	at java.base/sun.nio.ch.SocketChannelImpl.finishTimedConnect(SocketChannelImpl.java:1148)
	at java.base/sun.nio.ch.SocketChannelImpl.blockingConnect(SocketChannelImpl.java:1183)
	at java.base/sun.nio.ch.SocketAdaptor.connect(SocketAdaptor.java:98)
	at oracle.net.nt.TimeoutSocketChannel.doConnect(TimeoutSocketChannel.java:291)
	at oracle.net.nt.TimeoutSocketChannel.initializeSocketChannel(TimeoutSocketChannel.java:271)
	at oracle.net.nt.TimeoutSocketChannel.connect(TimeoutSocketChannel.java:238)
	at oracle.net.nt.TimeoutSocketChannel.<init>(TimeoutSocketChannel.java:205)
	at oracle.net.nt.TcpNTAdapter.establishSocket(TcpNTAdapter.java:339)
	... 23 common frames omitted
2026-04-09 07:49:39.930 WARN  [HikariPool-1:connection-adder] com.zaxxer.hikari.pool.PoolBase - HikariPool-1 - Pool is empty, failed to create/setup connection (c9687a4c-d852-498e-911c-142473dca7f1)
java.sql.SQLException: ORA-12541: Cannot connect. No listener at host rac-cluster-scan.txuyen.local port 1521. (CONNECTION_ID=l+uV3xtQTkCFlZEzyWvA+g==)
https://docs.oracle.com/error-help/db/ora-12541/
	at oracle.jdbc.driver.T4CConnection.handleLogonNetException(T4CConnection.java:1853)
	at oracle.jdbc.driver.T4CConnection.logon(T4CConnection.java:1204)
	at oracle.jdbc.driver.PhysicalConnection.connect(PhysicalConnection.java:1189)
	at oracle.jdbc.driver.T4CDriverExtension.getConnection(T4CDriverExtension.java:106)
	at oracle.jdbc.driver.OracleDriver.connect(OracleDriver.java:887)
	at oracle.jdbc.driver.OracleDriver.connect(OracleDriver.java:694)
	at com.zaxxer.hikari.util.DriverDataSource.getConnection(DriverDataSource.java:139)
	at com.zaxxer.hikari.pool.PoolBase.newConnection(PoolBase.java:368)
	at com.zaxxer.hikari.pool.PoolBase.newPoolEntry(PoolBase.java:205)
	at com.zaxxer.hikari.pool.HikariPool.createPoolEntry(HikariPool.java:483)
	at com.zaxxer.hikari.pool.HikariPool$PoolEntryCreator.call(HikariPool.java:747)
	at com.zaxxer.hikari.pool.HikariPool$PoolEntryCreator.call(HikariPool.java:726)
	at java.base/java.util.concurrent.FutureTask.run(FutureTask.java:264)
	at java.base/java.util.concurrent.ThreadPoolExecutor.runWorker(ThreadPoolExecutor.java:1136)
	at java.base/java.util.concurrent.ThreadPoolExecutor$Worker.run(ThreadPoolExecutor.java:635)
	at java.base/java.lang.Thread.run(Thread.java:833)
Caused by: oracle.net.ns.NetException: ORA-12541: Cannot connect. No listener at host rac-cluster-scan.txuyen.local port 1521. (CONNECTION_ID=l+uV3xtQTkCFlZEzyWvA+g==)
https://docs.oracle.com/error-help/db/ora-12541/
	at oracle.net.nt.TcpNTAdapter.handleEstablishSocketException(TcpNTAdapter.java:418)
	at oracle.net.nt.TcpNTAdapter.establishSocket(TcpNTAdapter.java:350)
	at oracle.net.nt.TcpNTAdapter.connect(TcpNTAdapter.java:228)
	at oracle.net.nt.ConnOption.connect(ConnOption.java:346)
	at oracle.net.nt.ConnStrategy.executeConnOption(ConnStrategy.java:1252)
	at oracle.net.nt.ConnStrategy.execute(ConnStrategy.java:778)
	at oracle.net.resolver.AddrResolution.resolveAndExecute(AddrResolution.java:718)
	at oracle.net.ns.NSProtocol.establishConnection(NSProtocol.java:960)
	at oracle.net.ns.NSProtocol.connect(NSProtocol.java:329)
	at oracle.jdbc.driver.T4CConnection.connectNetworkSessionProtocol(T4CConnection.java:3684)
	at oracle.jdbc.driver.T4CConnection.logon(T4CConnection.java:1083)
	... 14 common frames omitted
Caused by: java.net.ConnectException: Connection timed out: no further information
	at java.base/sun.nio.ch.Net.pollConnect(Native Method)
	at java.base/sun.nio.ch.Net.pollConnectNow(Net.java:672)
	at java.base/sun.nio.ch.SocketChannelImpl.finishTimedConnect(SocketChannelImpl.java:1148)
	at java.base/sun.nio.ch.SocketChannelImpl.blockingConnect(SocketChannelImpl.java:1183)
	at java.base/sun.nio.ch.SocketAdaptor.connect(SocketAdaptor.java:98)
	at oracle.net.nt.TimeoutSocketChannel.doConnect(TimeoutSocketChannel.java:291)
	at oracle.net.nt.TimeoutSocketChannel.initializeSocketChannel(TimeoutSocketChannel.java:271)
	at oracle.net.nt.TimeoutSocketChannel.connect(TimeoutSocketChannel.java:238)
	at oracle.net.nt.TimeoutSocketChannel.<init>(TimeoutSocketChannel.java:205)
	at oracle.net.nt.TcpNTAdapter.establishSocket(TcpNTAdapter.java:339)
	... 23 common frames omitted
2026-04-09 07:50:58.106 WARN  [HikariPool-1:connection-adder] com.zaxxer.hikari.pool.PoolBase - HikariPool-1 - Pool is empty, failed to create/setup connection (a78ea7d5-a757-442d-bfda-e1d79824ea24)
java.sql.SQLException: ORA-12541: Cannot connect. No listener at host rac-cluster-scan.txuyen.local port 1521. (CONNECTION_ID=s2drjtUcRnimBKmK0FPC0g==)
https://docs.oracle.com/error-help/db/ora-12541/
	at oracle.jdbc.driver.T4CConnection.handleLogonNetException(T4CConnection.java:1853)
	at oracle.jdbc.driver.T4CConnection.logon(T4CConnection.java:1204)
	at oracle.jdbc.driver.PhysicalConnection.connect(PhysicalConnection.java:1189)
	at oracle.jdbc.driver.T4CDriverExtension.getConnection(T4CDriverExtension.java:106)
	at oracle.jdbc.driver.OracleDriver.connect(OracleDriver.java:887)
	at oracle.jdbc.driver.OracleDriver.connect(OracleDriver.java:694)
	at com.zaxxer.hikari.util.DriverDataSource.getConnection(DriverDataSource.java:139)
	at com.zaxxer.hikari.pool.PoolBase.newConnection(PoolBase.java:368)
	at com.zaxxer.hikari.pool.PoolBase.newPoolEntry(PoolBase.java:205)
	at com.zaxxer.hikari.pool.HikariPool.createPoolEntry(HikariPool.java:483)
	at com.zaxxer.hikari.pool.HikariPool$PoolEntryCreator.call(HikariPool.java:747)
	at com.zaxxer.hikari.pool.HikariPool$PoolEntryCreator.call(HikariPool.java:726)
	at java.base/java.util.concurrent.FutureTask.run(FutureTask.java:264)
	at java.base/java.util.concurrent.ThreadPoolExecutor.runWorker(ThreadPoolExecutor.java:1136)
	at java.base/java.util.concurrent.ThreadPoolExecutor$Worker.run(ThreadPoolExecutor.java:635)
	at java.base/java.lang.Thread.run(Thread.java:833)
Caused by: oracle.net.ns.NetException: ORA-12541: Cannot connect. No listener at host rac-cluster-scan.txuyen.local port 1521. (CONNECTION_ID=s2drjtUcRnimBKmK0FPC0g==)
https://docs.oracle.com/error-help/db/ora-12541/
	at oracle.net.nt.TcpNTAdapter.handleEstablishSocketException(TcpNTAdapter.java:418)
	at oracle.net.nt.TcpNTAdapter.establishSocket(TcpNTAdapter.java:350)
	at oracle.net.nt.TcpNTAdapter.connect(TcpNTAdapter.java:228)
	at oracle.net.nt.ConnOption.connect(ConnOption.java:346)
	at oracle.net.nt.ConnStrategy.executeConnOption(ConnStrategy.java:1252)
	at oracle.net.nt.ConnStrategy.execute(ConnStrategy.java:778)
	at oracle.net.resolver.AddrResolution.resolveAndExecute(AddrResolution.java:718)
	at oracle.net.ns.NSProtocol.establishConnection(NSProtocol.java:960)
	at oracle.net.ns.NSProtocol.connect(NSProtocol.java:329)
	at oracle.jdbc.driver.T4CConnection.connectNetworkSessionProtocol(T4CConnection.java:3684)
	at oracle.jdbc.driver.T4CConnection.logon(T4CConnection.java:1083)
	... 14 common frames omitted
Caused by: java.net.ConnectException: Connection timed out: no further information
	at java.base/sun.nio.ch.Net.pollConnect(Native Method)
	at java.base/sun.nio.ch.Net.pollConnectNow(Net.java:672)
	at java.base/sun.nio.ch.SocketChannelImpl.finishTimedConnect(SocketChannelImpl.java:1148)
	at java.base/sun.nio.ch.SocketChannelImpl.blockingConnect(SocketChannelImpl.java:1183)
	at java.base/sun.nio.ch.SocketAdaptor.connect(SocketAdaptor.java:98)
	at oracle.net.nt.TimeoutSocketChannel.doConnect(TimeoutSocketChannel.java:291)
	at oracle.net.nt.TimeoutSocketChannel.initializeSocketChannel(TimeoutSocketChannel.java:271)
	at oracle.net.nt.TimeoutSocketChannel.connect(TimeoutSocketChannel.java:238)
	at oracle.net.nt.TimeoutSocketChannel.<init>(TimeoutSocketChannel.java:205)
	at oracle.net.nt.TcpNTAdapter.establishSocket(TcpNTAdapter.java:339)
	... 23 common frames omitted
2026-04-09 07:52:16.295 WARN  [HikariPool-1:connection-adder] com.zaxxer.hikari.pool.PoolBase - HikariPool-1 - Pool is empty, failed to create/setup connection (b01f1d5b-0d90-4b06-85b3-6ed1454c76d4)
java.sql.SQLException: ORA-12541: Cannot connect. No listener at host rac-cluster-scan.txuyen.local port 1521. (CONNECTION_ID=DvKHyJVnRYe6BfbYdm0V+g==)
https://docs.oracle.com/error-help/db/ora-12541/
	at oracle.jdbc.driver.T4CConnection.handleLogonNetException(T4CConnection.java:1853)
	at oracle.jdbc.driver.T4CConnection.logon(T4CConnection.java:1204)
	at oracle.jdbc.driver.PhysicalConnection.connect(PhysicalConnection.java:1189)
	at oracle.jdbc.driver.T4CDriverExtension.getConnection(T4CDriverExtension.java:106)
	at oracle.jdbc.driver.OracleDriver.connect(OracleDriver.java:887)
	at oracle.jdbc.driver.OracleDriver.connect(OracleDriver.java:694)
	at com.zaxxer.hikari.util.DriverDataSource.getConnection(DriverDataSource.java:139)
	at com.zaxxer.hikari.pool.PoolBase.newConnection(PoolBase.java:368)
	at com.zaxxer.hikari.pool.PoolBase.newPoolEntry(PoolBase.java:205)
	at com.zaxxer.hikari.pool.HikariPool.createPoolEntry(HikariPool.java:483)
	at com.zaxxer.hikari.pool.HikariPool$PoolEntryCreator.call(HikariPool.java:747)
	at com.zaxxer.hikari.pool.HikariPool$PoolEntryCreator.call(HikariPool.java:726)
	at java.base/java.util.concurrent.FutureTask.run(FutureTask.java:264)
	at java.base/java.util.concurrent.ThreadPoolExecutor.runWorker(ThreadPoolExecutor.java:1136)
	at java.base/java.util.concurrent.ThreadPoolExecutor$Worker.run(ThreadPoolExecutor.java:635)
	at java.base/java.lang.Thread.run(Thread.java:833)
Caused by: oracle.net.ns.NetException: ORA-12541: Cannot connect. No listener at host rac-cluster-scan.txuyen.local port 1521. (CONNECTION_ID=DvKHyJVnRYe6BfbYdm0V+g==)
https://docs.oracle.com/error-help/db/ora-12541/
	at oracle.net.nt.TcpNTAdapter.handleEstablishSocketException(TcpNTAdapter.java:418)
	at oracle.net.nt.TcpNTAdapter.establishSocket(TcpNTAdapter.java:350)
	at oracle.net.nt.TcpNTAdapter.connect(TcpNTAdapter.java:228)
	at oracle.net.nt.ConnOption.connect(ConnOption.java:346)
	at oracle.net.nt.ConnStrategy.executeConnOption(ConnStrategy.java:1252)
	at oracle.net.nt.ConnStrategy.execute(ConnStrategy.java:778)
	at oracle.net.resolver.AddrResolution.resolveAndExecute(AddrResolution.java:718)
	at oracle.net.ns.NSProtocol.establishConnection(NSProtocol.java:960)
	at oracle.net.ns.NSProtocol.connect(NSProtocol.java:329)
	at oracle.jdbc.driver.T4CConnection.connectNetworkSessionProtocol(T4CConnection.java:3684)
	at oracle.jdbc.driver.T4CConnection.logon(T4CConnection.java:1083)
	... 14 common frames omitted
Caused by: java.net.ConnectException: Connection timed out: no further information
	at java.base/sun.nio.ch.Net.pollConnect(Native Method)
	at java.base/sun.nio.ch.Net.pollConnectNow(Net.java:672)
	at java.base/sun.nio.ch.SocketChannelImpl.finishTimedConnect(SocketChannelImpl.java:1148)
	at java.base/sun.nio.ch.SocketChannelImpl.blockingConnect(SocketChannelImpl.java:1183)
	at java.base/sun.nio.ch.SocketAdaptor.connect(SocketAdaptor.java:98)
	at oracle.net.nt.TimeoutSocketChannel.doConnect(TimeoutSocketChannel.java:291)
	at oracle.net.nt.TimeoutSocketChannel.initializeSocketChannel(TimeoutSocketChannel.java:271)
	at oracle.net.nt.TimeoutSocketChannel.connect(TimeoutSocketChannel.java:238)
	at oracle.net.nt.TimeoutSocketChannel.<init>(TimeoutSocketChannel.java:205)
	at oracle.net.nt.TcpNTAdapter.establishSocket(TcpNTAdapter.java:339)
	... 23 common frames omitted
2026-04-09 07:53:34.448 WARN  [HikariPool-1:connection-adder] com.zaxxer.hikari.pool.PoolBase - HikariPool-1 - Pool is empty, failed to create/setup connection (7c8109ce-2dba-46cb-beb3-9827e792c952)
java.sql.SQLException: ORA-12541: Cannot connect. No listener at host rac-cluster-scan.txuyen.local port 1521. (CONNECTION_ID=u16Q13ppTfWqPhdZUEI+wA==)
https://docs.oracle.com/error-help/db/ora-12541/
	at oracle.jdbc.driver.T4CConnection.handleLogonNetException(T4CConnection.java:1853)
	at oracle.jdbc.driver.T4CConnection.logon(T4CConnection.java:1204)
	at oracle.jdbc.driver.PhysicalConnection.connect(PhysicalConnection.java:1189)
	at oracle.jdbc.driver.T4CDriverExtension.getConnection(T4CDriverExtension.java:106)
	at oracle.jdbc.driver.OracleDriver.connect(OracleDriver.java:887)
	at oracle.jdbc.driver.OracleDriver.connect(OracleDriver.java:694)
	at com.zaxxer.hikari.util.DriverDataSource.getConnection(DriverDataSource.java:139)
	at com.zaxxer.hikari.pool.PoolBase.newConnection(PoolBase.java:368)
	at com.zaxxer.hikari.pool.PoolBase.newPoolEntry(PoolBase.java:205)
	at com.zaxxer.hikari.pool.HikariPool.createPoolEntry(HikariPool.java:483)
	at com.zaxxer.hikari.pool.HikariPool$PoolEntryCreator.call(HikariPool.java:747)
	at com.zaxxer.hikari.pool.HikariPool$PoolEntryCreator.call(HikariPool.java:726)
	at java.base/java.util.concurrent.FutureTask.run(FutureTask.java:264)
	at java.base/java.util.concurrent.ThreadPoolExecutor.runWorker(ThreadPoolExecutor.java:1136)
	at java.base/java.util.concurrent.ThreadPoolExecutor$Worker.run(ThreadPoolExecutor.java:635)
	at java.base/java.lang.Thread.run(Thread.java:833)
Caused by: oracle.net.ns.NetException: ORA-12541: Cannot connect. No listener at host rac-cluster-scan.txuyen.local port 1521. (CONNECTION_ID=u16Q13ppTfWqPhdZUEI+wA==)
https://docs.oracle.com/error-help/db/ora-12541/
	at oracle.net.nt.TcpNTAdapter.handleEstablishSocketException(TcpNTAdapter.java:418)
	at oracle.net.nt.TcpNTAdapter.establishSocket(TcpNTAdapter.java:350)
	at oracle.net.nt.TcpNTAdapter.connect(TcpNTAdapter.java:228)
	at oracle.net.nt.ConnOption.connect(ConnOption.java:346)
	at oracle.net.nt.ConnStrategy.executeConnOption(ConnStrategy.java:1252)
	at oracle.net.nt.ConnStrategy.execute(ConnStrategy.java:778)
	at oracle.net.resolver.AddrResolution.resolveAndExecute(AddrResolution.java:718)
	at oracle.net.ns.NSProtocol.establishConnection(NSProtocol.java:960)
	at oracle.net.ns.NSProtocol.connect(NSProtocol.java:329)
	at oracle.jdbc.driver.T4CConnection.connectNetworkSessionProtocol(T4CConnection.java:3684)
	at oracle.jdbc.driver.T4CConnection.logon(T4CConnection.java:1083)
	... 14 common frames omitted
Caused by: java.net.ConnectException: Connection timed out: no further information
	at java.base/sun.nio.ch.Net.pollConnect(Native Method)
	at java.base/sun.nio.ch.Net.pollConnectNow(Net.java:672)
	at java.base/sun.nio.ch.SocketChannelImpl.finishTimedConnect(SocketChannelImpl.java:1148)
	at java.base/sun.nio.ch.SocketChannelImpl.blockingConnect(SocketChannelImpl.java:1183)
	at java.base/sun.nio.ch.SocketAdaptor.connect(SocketAdaptor.java:98)
	at oracle.net.nt.TimeoutSocketChannel.doConnect(TimeoutSocketChannel.java:291)
	at oracle.net.nt.TimeoutSocketChannel.initializeSocketChannel(TimeoutSocketChannel.java:271)
	at oracle.net.nt.TimeoutSocketChannel.connect(TimeoutSocketChannel.java:238)
	at oracle.net.nt.TimeoutSocketChannel.<init>(TimeoutSocketChannel.java:205)
	at oracle.net.nt.TcpNTAdapter.establishSocket(TcpNTAdapter.java:339)
	... 23 common frames omitted
2026-04-09 07:54:52.615 WARN  [HikariPool-1:connection-adder] com.zaxxer.hikari.pool.PoolBase - HikariPool-1 - Pool is empty, failed to create/setup connection (410f7854-81f3-449d-bc34-1037ae83e5f5)
java.sql.SQLException: ORA-12541: Cannot connect. No listener at host rac-cluster-scan.txuyen.local port 1521. (CONNECTION_ID=HdJn238QSui+0QTgLYtw5w==)
https://docs.oracle.com/error-help/db/ora-12541/
	at oracle.jdbc.driver.T4CConnection.handleLogonNetException(T4CConnection.java:1853)
	at oracle.jdbc.driver.T4CConnection.logon(T4CConnection.java:1204)
	at oracle.jdbc.driver.PhysicalConnection.connect(PhysicalConnection.java:1189)
	at oracle.jdbc.driver.T4CDriverExtension.getConnection(T4CDriverExtension.java:106)
	at oracle.jdbc.driver.OracleDriver.connect(OracleDriver.java:887)
	at oracle.jdbc.driver.OracleDriver.connect(OracleDriver.java:694)
	at com.zaxxer.hikari.util.DriverDataSource.getConnection(DriverDataSource.java:139)
	at com.zaxxer.hikari.pool.PoolBase.newConnection(PoolBase.java:368)
	at com.zaxxer.hikari.pool.PoolBase.newPoolEntry(PoolBase.java:205)
	at com.zaxxer.hikari.pool.HikariPool.createPoolEntry(HikariPool.java:483)
	at com.zaxxer.hikari.pool.HikariPool$PoolEntryCreator.call(HikariPool.java:747)
	at com.zaxxer.hikari.pool.HikariPool$PoolEntryCreator.call(HikariPool.java:726)
	at java.base/java.util.concurrent.FutureTask.run(FutureTask.java:264)
	at java.base/java.util.concurrent.ThreadPoolExecutor.runWorker(ThreadPoolExecutor.java:1136)
	at java.base/java.util.concurrent.ThreadPoolExecutor$Worker.run(ThreadPoolExecutor.java:635)
	at java.base/java.lang.Thread.run(Thread.java:833)
Caused by: oracle.net.ns.NetException: ORA-12541: Cannot connect. No listener at host rac-cluster-scan.txuyen.local port 1521. (CONNECTION_ID=HdJn238QSui+0QTgLYtw5w==)
https://docs.oracle.com/error-help/db/ora-12541/
	at oracle.net.nt.TcpNTAdapter.handleEstablishSocketException(TcpNTAdapter.java:418)
	at oracle.net.nt.TcpNTAdapter.establishSocket(TcpNTAdapter.java:350)
	at oracle.net.nt.TcpNTAdapter.connect(TcpNTAdapter.java:228)
	at oracle.net.nt.ConnOption.connect(ConnOption.java:346)
	at oracle.net.nt.ConnStrategy.executeConnOption(ConnStrategy.java:1252)
	at oracle.net.nt.ConnStrategy.execute(ConnStrategy.java:778)
	at oracle.net.resolver.AddrResolution.resolveAndExecute(AddrResolution.java:718)
	at oracle.net.ns.NSProtocol.establishConnection(NSProtocol.java:960)
	at oracle.net.ns.NSProtocol.connect(NSProtocol.java:329)
	at oracle.jdbc.driver.T4CConnection.connectNetworkSessionProtocol(T4CConnection.java:3684)
	at oracle.jdbc.driver.T4CConnection.logon(T4CConnection.java:1083)
	... 14 common frames omitted
Caused by: java.net.ConnectException: Connection timed out: no further information
	at java.base/sun.nio.ch.Net.pollConnect(Native Method)
	at java.base/sun.nio.ch.Net.pollConnectNow(Net.java:672)
	at java.base/sun.nio.ch.SocketChannelImpl.finishTimedConnect(SocketChannelImpl.java:1148)
	at java.base/sun.nio.ch.SocketChannelImpl.blockingConnect(SocketChannelImpl.java:1183)
	at java.base/sun.nio.ch.SocketAdaptor.connect(SocketAdaptor.java:98)
	at oracle.net.nt.TimeoutSocketChannel.doConnect(TimeoutSocketChannel.java:291)
	at oracle.net.nt.TimeoutSocketChannel.initializeSocketChannel(TimeoutSocketChannel.java:271)
	at oracle.net.nt.TimeoutSocketChannel.connect(TimeoutSocketChannel.java:238)
	at oracle.net.nt.TimeoutSocketChannel.<init>(TimeoutSocketChannel.java:205)
	at oracle.net.nt.TcpNTAdapter.establishSocket(TcpNTAdapter.java:339)
	... 23 common frames omitted
2026-04-09 07:56:10.804 WARN  [HikariPool-1:connection-adder] com.zaxxer.hikari.pool.PoolBase - HikariPool-1 - Pool is empty, failed to create/setup connection (592760cb-bf41-4c0e-9c08-d31ec7ef8573)
java.sql.SQLException: ORA-12541: Cannot connect. No listener at host rac-cluster-scan.txuyen.local port 1521. (CONNECTION_ID=tZgc2BURR16nNWDAq1P+XQ==)
https://docs.oracle.com/error-help/db/ora-12541/
	at oracle.jdbc.driver.T4CConnection.handleLogonNetException(T4CConnection.java:1853)
	at oracle.jdbc.driver.T4CConnection.logon(T4CConnection.java:1204)
	at oracle.jdbc.driver.PhysicalConnection.connect(PhysicalConnection.java:1189)
	at oracle.jdbc.driver.T4CDriverExtension.getConnection(T4CDriverExtension.java:106)
	at oracle.jdbc.driver.OracleDriver.connect(OracleDriver.java:887)
	at oracle.jdbc.driver.OracleDriver.connect(OracleDriver.java:694)
	at com.zaxxer.hikari.util.DriverDataSource.getConnection(DriverDataSource.java:139)
	at com.zaxxer.hikari.pool.PoolBase.newConnection(PoolBase.java:368)
	at com.zaxxer.hikari.pool.PoolBase.newPoolEntry(PoolBase.java:205)
	at com.zaxxer.hikari.pool.HikariPool.createPoolEntry(HikariPool.java:483)
	at com.zaxxer.hikari.pool.HikariPool$PoolEntryCreator.call(HikariPool.java:747)
	at com.zaxxer.hikari.pool.HikariPool$PoolEntryCreator.call(HikariPool.java:726)
	at java.base/java.util.concurrent.FutureTask.run(FutureTask.java:264)
	at java.base/java.util.concurrent.ThreadPoolExecutor.runWorker(ThreadPoolExecutor.java:1136)
	at java.base/java.util.concurrent.ThreadPoolExecutor$Worker.run(ThreadPoolExecutor.java:635)
	at java.base/java.lang.Thread.run(Thread.java:833)
Caused by: oracle.net.ns.NetException: ORA-12541: Cannot connect. No listener at host rac-cluster-scan.txuyen.local port 1521. (CONNECTION_ID=tZgc2BURR16nNWDAq1P+XQ==)
https://docs.oracle.com/error-help/db/ora-12541/
	at oracle.net.nt.TcpNTAdapter.handleEstablishSocketException(TcpNTAdapter.java:418)
	at oracle.net.nt.TcpNTAdapter.establishSocket(TcpNTAdapter.java:350)
	at oracle.net.nt.TcpNTAdapter.connect(TcpNTAdapter.java:228)
	at oracle.net.nt.ConnOption.connect(ConnOption.java:346)
	at oracle.net.nt.ConnStrategy.executeConnOption(ConnStrategy.java:1252)
	at oracle.net.nt.ConnStrategy.execute(ConnStrategy.java:778)
	at oracle.net.resolver.AddrResolution.resolveAndExecute(AddrResolution.java:718)
	at oracle.net.ns.NSProtocol.establishConnection(NSProtocol.java:960)
	at oracle.net.ns.NSProtocol.connect(NSProtocol.java:329)
	at oracle.jdbc.driver.T4CConnection.connectNetworkSessionProtocol(T4CConnection.java:3684)
	at oracle.jdbc.driver.T4CConnection.logon(T4CConnection.java:1083)
	... 14 common frames omitted
Caused by: java.net.ConnectException: Connection timed out: no further information
	at java.base/sun.nio.ch.Net.pollConnect(Native Method)
	at java.base/sun.nio.ch.Net.pollConnectNow(Net.java:672)
	at java.base/sun.nio.ch.SocketChannelImpl.finishTimedConnect(SocketChannelImpl.java:1148)
	at java.base/sun.nio.ch.SocketChannelImpl.blockingConnect(SocketChannelImpl.java:1183)
	at java.base/sun.nio.ch.SocketAdaptor.connect(SocketAdaptor.java:98)
	at oracle.net.nt.TimeoutSocketChannel.doConnect(TimeoutSocketChannel.java:291)
	at oracle.net.nt.TimeoutSocketChannel.initializeSocketChannel(TimeoutSocketChannel.java:271)
	at oracle.net.nt.TimeoutSocketChannel.connect(TimeoutSocketChannel.java:238)
	at oracle.net.nt.TimeoutSocketChannel.<init>(TimeoutSocketChannel.java:205)
	at oracle.net.nt.TcpNTAdapter.establishSocket(TcpNTAdapter.java:339)
	... 23 common frames omitted
2026-04-09 07:57:28.973 WARN  [HikariPool-1:connection-adder] com.zaxxer.hikari.pool.PoolBase - HikariPool-1 - Pool is empty, failed to create/setup connection (843bf5f8-de2d-4912-ab54-83e4a0f8bf51)
java.sql.SQLException: ORA-12541: Cannot connect. No listener at host rac-cluster-scan.txuyen.local port 1521. (CONNECTION_ID=JA1WQqugR0mi6xLo97AOJw==)
https://docs.oracle.com/error-help/db/ora-12541/
	at oracle.jdbc.driver.T4CConnection.handleLogonNetException(T4CConnection.java:1853)
	at oracle.jdbc.driver.T4CConnection.logon(T4CConnection.java:1204)
	at oracle.jdbc.driver.PhysicalConnection.connect(PhysicalConnection.java:1189)
	at oracle.jdbc.driver.T4CDriverExtension.getConnection(T4CDriverExtension.java:106)
	at oracle.jdbc.driver.OracleDriver.connect(OracleDriver.java:887)
	at oracle.jdbc.driver.OracleDriver.connect(OracleDriver.java:694)
	at com.zaxxer.hikari.util.DriverDataSource.getConnection(DriverDataSource.java:139)
	at com.zaxxer.hikari.pool.PoolBase.newConnection(PoolBase.java:368)
	at com.zaxxer.hikari.pool.PoolBase.newPoolEntry(PoolBase.java:205)
	at com.zaxxer.hikari.pool.HikariPool.createPoolEntry(HikariPool.java:483)
	at com.zaxxer.hikari.pool.HikariPool$PoolEntryCreator.call(HikariPool.java:747)
	at com.zaxxer.hikari.pool.HikariPool$PoolEntryCreator.call(HikariPool.java:726)
	at java.base/java.util.concurrent.FutureTask.run(FutureTask.java:264)
	at java.base/java.util.concurrent.ThreadPoolExecutor.runWorker(ThreadPoolExecutor.java:1136)
	at java.base/java.util.concurrent.ThreadPoolExecutor$Worker.run(ThreadPoolExecutor.java:635)
	at java.base/java.lang.Thread.run(Thread.java:833)
Caused by: oracle.net.ns.NetException: ORA-12541: Cannot connect. No listener at host rac-cluster-scan.txuyen.local port 1521. (CONNECTION_ID=JA1WQqugR0mi6xLo97AOJw==)
https://docs.oracle.com/error-help/db/ora-12541/
	at oracle.net.nt.TcpNTAdapter.handleEstablishSocketException(TcpNTAdapter.java:418)
	at oracle.net.nt.TcpNTAdapter.establishSocket(TcpNTAdapter.java:350)
	at oracle.net.nt.TcpNTAdapter.connect(TcpNTAdapter.java:228)
	at oracle.net.nt.ConnOption.connect(ConnOption.java:346)
	at oracle.net.nt.ConnStrategy.executeConnOption(ConnStrategy.java:1252)
	at oracle.net.nt.ConnStrategy.execute(ConnStrategy.java:778)
	at oracle.net.resolver.AddrResolution.resolveAndExecute(AddrResolution.java:718)
	at oracle.net.ns.NSProtocol.establishConnection(NSProtocol.java:960)
	at oracle.net.ns.NSProtocol.connect(NSProtocol.java:329)
	at oracle.jdbc.driver.T4CConnection.connectNetworkSessionProtocol(T4CConnection.java:3684)
	at oracle.jdbc.driver.T4CConnection.logon(T4CConnection.java:1083)
	... 14 common frames omitted
Caused by: java.net.ConnectException: Connection timed out: no further information
	at java.base/sun.nio.ch.Net.pollConnect(Native Method)
	at java.base/sun.nio.ch.Net.pollConnectNow(Net.java:672)
	at java.base/sun.nio.ch.SocketChannelImpl.finishTimedConnect(SocketChannelImpl.java:1148)
	at java.base/sun.nio.ch.SocketChannelImpl.blockingConnect(SocketChannelImpl.java:1183)
	at java.base/sun.nio.ch.SocketAdaptor.connect(SocketAdaptor.java:98)
	at oracle.net.nt.TimeoutSocketChannel.doConnect(TimeoutSocketChannel.java:291)
	at oracle.net.nt.TimeoutSocketChannel.initializeSocketChannel(TimeoutSocketChannel.java:271)
	at oracle.net.nt.TimeoutSocketChannel.connect(TimeoutSocketChannel.java:238)
	at oracle.net.nt.TimeoutSocketChannel.<init>(TimeoutSocketChannel.java:205)
	at oracle.net.nt.TcpNTAdapter.establishSocket(TcpNTAdapter.java:339)
	... 23 common frames omitted
2026-04-09 07:58:47.132 WARN  [HikariPool-1:connection-adder] com.zaxxer.hikari.pool.PoolBase - HikariPool-1 - Pool is empty, failed to create/setup connection (670f6027-e70d-4a0a-a65a-fb81cad6f852)
java.sql.SQLException: ORA-12541: Cannot connect. No listener at host rac-cluster-scan.txuyen.local port 1521. (CONNECTION_ID=br4ie2ixRvODCX4ZyfLuZA==)
https://docs.oracle.com/error-help/db/ora-12541/
	at oracle.jdbc.driver.T4CConnection.handleLogonNetException(T4CConnection.java:1853)
	at oracle.jdbc.driver.T4CConnection.logon(T4CConnection.java:1204)
	at oracle.jdbc.driver.PhysicalConnection.connect(PhysicalConnection.java:1189)
	at oracle.jdbc.driver.T4CDriverExtension.getConnection(T4CDriverExtension.java:106)
	at oracle.jdbc.driver.OracleDriver.connect(OracleDriver.java:887)
	at oracle.jdbc.driver.OracleDriver.connect(OracleDriver.java:694)
	at com.zaxxer.hikari.util.DriverDataSource.getConnection(DriverDataSource.java:139)
	at com.zaxxer.hikari.pool.PoolBase.newConnection(PoolBase.java:368)
	at com.zaxxer.hikari.pool.PoolBase.newPoolEntry(PoolBase.java:205)
	at com.zaxxer.hikari.pool.HikariPool.createPoolEntry(HikariPool.java:483)
	at com.zaxxer.hikari.pool.HikariPool$PoolEntryCreator.call(HikariPool.java:747)
	at com.zaxxer.hikari.pool.HikariPool$PoolEntryCreator.call(HikariPool.java:726)
	at java.base/java.util.concurrent.FutureTask.run(FutureTask.java:264)
	at java.base/java.util.concurrent.ThreadPoolExecutor.runWorker(ThreadPoolExecutor.java:1136)
	at java.base/java.util.concurrent.ThreadPoolExecutor$Worker.run(ThreadPoolExecutor.java:635)
	at java.base/java.lang.Thread.run(Thread.java:833)
Caused by: oracle.net.ns.NetException: ORA-12541: Cannot connect. No listener at host rac-cluster-scan.txuyen.local port 1521. (CONNECTION_ID=br4ie2ixRvODCX4ZyfLuZA==)
https://docs.oracle.com/error-help/db/ora-12541/
	at oracle.net.nt.TcpNTAdapter.handleEstablishSocketException(TcpNTAdapter.java:418)
	at oracle.net.nt.TcpNTAdapter.establishSocket(TcpNTAdapter.java:350)
	at oracle.net.nt.TcpNTAdapter.connect(TcpNTAdapter.java:228)
	at oracle.net.nt.ConnOption.connect(ConnOption.java:346)
	at oracle.net.nt.ConnStrategy.executeConnOption(ConnStrategy.java:1252)
	at oracle.net.nt.ConnStrategy.execute(ConnStrategy.java:778)
	at oracle.net.resolver.AddrResolution.resolveAndExecute(AddrResolution.java:718)
	at oracle.net.ns.NSProtocol.establishConnection(NSProtocol.java:960)
	at oracle.net.ns.NSProtocol.connect(NSProtocol.java:329)
	at oracle.jdbc.driver.T4CConnection.connectNetworkSessionProtocol(T4CConnection.java:3684)
	at oracle.jdbc.driver.T4CConnection.logon(T4CConnection.java:1083)
	... 14 common frames omitted
Caused by: java.net.ConnectException: Connection timed out: no further information
	at java.base/sun.nio.ch.Net.pollConnect(Native Method)
	at java.base/sun.nio.ch.Net.pollConnectNow(Net.java:672)
	at java.base/sun.nio.ch.SocketChannelImpl.finishTimedConnect(SocketChannelImpl.java:1148)
	at java.base/sun.nio.ch.SocketChannelImpl.blockingConnect(SocketChannelImpl.java:1183)
	at java.base/sun.nio.ch.SocketAdaptor.connect(SocketAdaptor.java:98)
	at oracle.net.nt.TimeoutSocketChannel.doConnect(TimeoutSocketChannel.java:291)
	at oracle.net.nt.TimeoutSocketChannel.initializeSocketChannel(TimeoutSocketChannel.java:271)
	at oracle.net.nt.TimeoutSocketChannel.connect(TimeoutSocketChannel.java:238)
	at oracle.net.nt.TimeoutSocketChannel.<init>(TimeoutSocketChannel.java:205)
	at oracle.net.nt.TcpNTAdapter.establishSocket(TcpNTAdapter.java:339)
	... 23 common frames omitted
2026-04-09 08:00:05.324 WARN  [HikariPool-1:connection-adder] com.zaxxer.hikari.pool.PoolBase - HikariPool-1 - Pool is empty, failed to create/setup connection (ac016e2f-b6aa-4ece-ad2a-bbe0e61f6346)
java.sql.SQLException: ORA-12541: Cannot connect. No listener at host rac-cluster-scan.txuyen.local port 1521. (CONNECTION_ID=cCNysF0YTUOBqdPvvhKUHQ==)
https://docs.oracle.com/error-help/db/ora-12541/
	at oracle.jdbc.driver.T4CConnection.handleLogonNetException(T4CConnection.java:1853)
	at oracle.jdbc.driver.T4CConnection.logon(T4CConnection.java:1204)
	at oracle.jdbc.driver.PhysicalConnection.connect(PhysicalConnection.java:1189)
	at oracle.jdbc.driver.T4CDriverExtension.getConnection(T4CDriverExtension.java:106)
	at oracle.jdbc.driver.OracleDriver.connect(OracleDriver.java:887)
	at oracle.jdbc.driver.OracleDriver.connect(OracleDriver.java:694)
	at com.zaxxer.hikari.util.DriverDataSource.getConnection(DriverDataSource.java:139)
	at com.zaxxer.hikari.pool.PoolBase.newConnection(PoolBase.java:368)
	at com.zaxxer.hikari.pool.PoolBase.newPoolEntry(PoolBase.java:205)
	at com.zaxxer.hikari.pool.HikariPool.createPoolEntry(HikariPool.java:483)
	at com.zaxxer.hikari.pool.HikariPool$PoolEntryCreator.call(HikariPool.java:747)
	at com.zaxxer.hikari.pool.HikariPool$PoolEntryCreator.call(HikariPool.java:726)
	at java.base/java.util.concurrent.FutureTask.run(FutureTask.java:264)
	at java.base/java.util.concurrent.ThreadPoolExecutor.runWorker(ThreadPoolExecutor.java:1136)
	at java.base/java.util.concurrent.ThreadPoolExecutor$Worker.run(ThreadPoolExecutor.java:635)
	at java.base/java.lang.Thread.run(Thread.java:833)
Caused by: oracle.net.ns.NetException: ORA-12541: Cannot connect. No listener at host rac-cluster-scan.txuyen.local port 1521. (CONNECTION_ID=cCNysF0YTUOBqdPvvhKUHQ==)
https://docs.oracle.com/error-help/db/ora-12541/
	at oracle.net.nt.TcpNTAdapter.handleEstablishSocketException(TcpNTAdapter.java:418)
	at oracle.net.nt.TcpNTAdapter.establishSocket(TcpNTAdapter.java:350)
	at oracle.net.nt.TcpNTAdapter.connect(TcpNTAdapter.java:228)
	at oracle.net.nt.ConnOption.connect(ConnOption.java:346)
	at oracle.net.nt.ConnStrategy.executeConnOption(ConnStrategy.java:1252)
	at oracle.net.nt.ConnStrategy.execute(ConnStrategy.java:778)
	at oracle.net.resolver.AddrResolution.resolveAndExecute(AddrResolution.java:718)
	at oracle.net.ns.NSProtocol.establishConnection(NSProtocol.java:960)
	at oracle.net.ns.NSProtocol.connect(NSProtocol.java:329)
	at oracle.jdbc.driver.T4CConnection.connectNetworkSessionProtocol(T4CConnection.java:3684)
	at oracle.jdbc.driver.T4CConnection.logon(T4CConnection.java:1083)
	... 14 common frames omitted
Caused by: java.net.ConnectException: Connection timed out: no further information
	at java.base/sun.nio.ch.Net.pollConnect(Native Method)
	at java.base/sun.nio.ch.Net.pollConnectNow(Net.java:672)
	at java.base/sun.nio.ch.SocketChannelImpl.finishTimedConnect(SocketChannelImpl.java:1148)
	at java.base/sun.nio.ch.SocketChannelImpl.blockingConnect(SocketChannelImpl.java:1183)
	at java.base/sun.nio.ch.SocketAdaptor.connect(SocketAdaptor.java:98)
	at oracle.net.nt.TimeoutSocketChannel.doConnect(TimeoutSocketChannel.java:291)
	at oracle.net.nt.TimeoutSocketChannel.initializeSocketChannel(TimeoutSocketChannel.java:271)
	at oracle.net.nt.TimeoutSocketChannel.connect(TimeoutSocketChannel.java:238)
	at oracle.net.nt.TimeoutSocketChannel.<init>(TimeoutSocketChannel.java:205)
	at oracle.net.nt.TcpNTAdapter.establishSocket(TcpNTAdapter.java:339)
	... 23 common frames omitted
2026-04-09 08:01:23.523 WARN  [HikariPool-1:connection-adder] com.zaxxer.hikari.pool.PoolBase - HikariPool-1 - Pool is empty, failed to create/setup connection (c1147b07-de75-45b8-8327-83794fa6446d)
java.sql.SQLException: ORA-12541: Cannot connect. No listener at host rac-cluster-scan.txuyen.local port 1521. (CONNECTION_ID=Q+zmnUlVTeCRk9L8jNGLYA==)
https://docs.oracle.com/error-help/db/ora-12541/
	at oracle.jdbc.driver.T4CConnection.handleLogonNetException(T4CConnection.java:1853)
	at oracle.jdbc.driver.T4CConnection.logon(T4CConnection.java:1204)
	at oracle.jdbc.driver.PhysicalConnection.connect(PhysicalConnection.java:1189)
	at oracle.jdbc.driver.T4CDriverExtension.getConnection(T4CDriverExtension.java:106)
	at oracle.jdbc.driver.OracleDriver.connect(OracleDriver.java:887)
	at oracle.jdbc.driver.OracleDriver.connect(OracleDriver.java:694)
	at com.zaxxer.hikari.util.DriverDataSource.getConnection(DriverDataSource.java:139)
	at com.zaxxer.hikari.pool.PoolBase.newConnection(PoolBase.java:368)
	at com.zaxxer.hikari.pool.PoolBase.newPoolEntry(PoolBase.java:205)
	at com.zaxxer.hikari.pool.HikariPool.createPoolEntry(HikariPool.java:483)
	at com.zaxxer.hikari.pool.HikariPool$PoolEntryCreator.call(HikariPool.java:747)
	at com.zaxxer.hikari.pool.HikariPool$PoolEntryCreator.call(HikariPool.java:726)
	at java.base/java.util.concurrent.FutureTask.run(FutureTask.java:264)
	at java.base/java.util.concurrent.ThreadPoolExecutor.runWorker(ThreadPoolExecutor.java:1136)
	at java.base/java.util.concurrent.ThreadPoolExecutor$Worker.run(ThreadPoolExecutor.java:635)
	at java.base/java.lang.Thread.run(Thread.java:833)
Caused by: oracle.net.ns.NetException: ORA-12541: Cannot connect. No listener at host rac-cluster-scan.txuyen.local port 1521. (CONNECTION_ID=Q+zmnUlVTeCRk9L8jNGLYA==)
https://docs.oracle.com/error-help/db/ora-12541/
	at oracle.net.nt.TcpNTAdapter.handleEstablishSocketException(TcpNTAdapter.java:418)
	at oracle.net.nt.TcpNTAdapter.establishSocket(TcpNTAdapter.java:350)
	at oracle.net.nt.TcpNTAdapter.connect(TcpNTAdapter.java:228)
	at oracle.net.nt.ConnOption.connect(ConnOption.java:346)
	at oracle.net.nt.ConnStrategy.executeConnOption(ConnStrategy.java:1252)
	at oracle.net.nt.ConnStrategy.execute(ConnStrategy.java:778)
	at oracle.net.resolver.AddrResolution.resolveAndExecute(AddrResolution.java:718)
	at oracle.net.ns.NSProtocol.establishConnection(NSProtocol.java:960)
	at oracle.net.ns.NSProtocol.connect(NSProtocol.java:329)
	at oracle.jdbc.driver.T4CConnection.connectNetworkSessionProtocol(T4CConnection.java:3684)
	at oracle.jdbc.driver.T4CConnection.logon(T4CConnection.java:1083)
	... 14 common frames omitted
Caused by: java.net.ConnectException: Connection timed out: no further information
	at java.base/sun.nio.ch.Net.pollConnect(Native Method)
	at java.base/sun.nio.ch.Net.pollConnectNow(Net.java:672)
	at java.base/sun.nio.ch.SocketChannelImpl.finishTimedConnect(SocketChannelImpl.java:1148)
	at java.base/sun.nio.ch.SocketChannelImpl.blockingConnect(SocketChannelImpl.java:1183)
	at java.base/sun.nio.ch.SocketAdaptor.connect(SocketAdaptor.java:98)
	at oracle.net.nt.TimeoutSocketChannel.doConnect(TimeoutSocketChannel.java:291)
	at oracle.net.nt.TimeoutSocketChannel.initializeSocketChannel(TimeoutSocketChannel.java:271)
	at oracle.net.nt.TimeoutSocketChannel.connect(TimeoutSocketChannel.java:238)
	at oracle.net.nt.TimeoutSocketChannel.<init>(TimeoutSocketChannel.java:205)
	at oracle.net.nt.TcpNTAdapter.establishSocket(TcpNTAdapter.java:339)
	... 23 common frames omitted
2026-04-09 08:02:41.693 WARN  [HikariPool-1:connection-adder] com.zaxxer.hikari.pool.PoolBase - HikariPool-1 - Pool is empty, failed to create/setup connection (d6865337-5ae6-496c-99b1-f1a06848ad33)
java.sql.SQLException: ORA-12541: Cannot connect. No listener at host rac-cluster-scan.txuyen.local port 1521. (CONNECTION_ID=hyCDmIsNSeG0H28b3GGJcA==)
https://docs.oracle.com/error-help/db/ora-12541/
	at oracle.jdbc.driver.T4CConnection.handleLogonNetException(T4CConnection.java:1853)
	at oracle.jdbc.driver.T4CConnection.logon(T4CConnection.java:1204)
	at oracle.jdbc.driver.PhysicalConnection.connect(PhysicalConnection.java:1189)
	at oracle.jdbc.driver.T4CDriverExtension.getConnection(T4CDriverExtension.java:106)
	at oracle.jdbc.driver.OracleDriver.connect(OracleDriver.java:887)
	at oracle.jdbc.driver.OracleDriver.connect(OracleDriver.java:694)
	at com.zaxxer.hikari.util.DriverDataSource.getConnection(DriverDataSource.java:139)
	at com.zaxxer.hikari.pool.PoolBase.newConnection(PoolBase.java:368)
	at com.zaxxer.hikari.pool.PoolBase.newPoolEntry(PoolBase.java:205)
	at com.zaxxer.hikari.pool.HikariPool.createPoolEntry(HikariPool.java:483)
	at com.zaxxer.hikari.pool.HikariPool$PoolEntryCreator.call(HikariPool.java:747)
	at com.zaxxer.hikari.pool.HikariPool$PoolEntryCreator.call(HikariPool.java:726)
	at java.base/java.util.concurrent.FutureTask.run(FutureTask.java:264)
	at java.base/java.util.concurrent.ThreadPoolExecutor.runWorker(ThreadPoolExecutor.java:1136)
	at java.base/java.util.concurrent.ThreadPoolExecutor$Worker.run(ThreadPoolExecutor.java:635)
	at java.base/java.lang.Thread.run(Thread.java:833)
Caused by: oracle.net.ns.NetException: ORA-12541: Cannot connect. No listener at host rac-cluster-scan.txuyen.local port 1521. (CONNECTION_ID=hyCDmIsNSeG0H28b3GGJcA==)
https://docs.oracle.com/error-help/db/ora-12541/
	at oracle.net.nt.TcpNTAdapter.handleEstablishSocketException(TcpNTAdapter.java:418)
	at oracle.net.nt.TcpNTAdapter.establishSocket(TcpNTAdapter.java:350)
	at oracle.net.nt.TcpNTAdapter.connect(TcpNTAdapter.java:228)
	at oracle.net.nt.ConnOption.connect(ConnOption.java:346)
	at oracle.net.nt.ConnStrategy.executeConnOption(ConnStrategy.java:1252)
	at oracle.net.nt.ConnStrategy.execute(ConnStrategy.java:778)
	at oracle.net.resolver.AddrResolution.resolveAndExecute(AddrResolution.java:718)
	at oracle.net.ns.NSProtocol.establishConnection(NSProtocol.java:960)
	at oracle.net.ns.NSProtocol.connect(NSProtocol.java:329)
	at oracle.jdbc.driver.T4CConnection.connectNetworkSessionProtocol(T4CConnection.java:3684)
	at oracle.jdbc.driver.T4CConnection.logon(T4CConnection.java:1083)
	... 14 common frames omitted
Caused by: java.net.ConnectException: Connection timed out: no further information
	at java.base/sun.nio.ch.Net.pollConnect(Native Method)
	at java.base/sun.nio.ch.Net.pollConnectNow(Net.java:672)
	at java.base/sun.nio.ch.SocketChannelImpl.finishTimedConnect(SocketChannelImpl.java:1148)
	at java.base/sun.nio.ch.SocketChannelImpl.blockingConnect(SocketChannelImpl.java:1183)
	at java.base/sun.nio.ch.SocketAdaptor.connect(SocketAdaptor.java:98)
	at oracle.net.nt.TimeoutSocketChannel.doConnect(TimeoutSocketChannel.java:291)
	at oracle.net.nt.TimeoutSocketChannel.initializeSocketChannel(TimeoutSocketChannel.java:271)
	at oracle.net.nt.TimeoutSocketChannel.connect(TimeoutSocketChannel.java:238)
	at oracle.net.nt.TimeoutSocketChannel.<init>(TimeoutSocketChannel.java:205)
	at oracle.net.nt.TcpNTAdapter.establishSocket(TcpNTAdapter.java:339)
	... 23 common frames omitted
2026-04-09 08:03:59.855 WARN  [HikariPool-1:connection-adder] com.zaxxer.hikari.pool.PoolBase - HikariPool-1 - Pool is empty, failed to create/setup connection (d4f531f2-e30f-44cd-8070-dbbdd5707e47)
java.sql.SQLException: ORA-12541: Cannot connect. No listener at host rac-cluster-scan.txuyen.local port 1521. (CONNECTION_ID=rhw/E+csSbu/9DKOUQGixA==)
https://docs.oracle.com/error-help/db/ora-12541/
	at oracle.jdbc.driver.T4CConnection.handleLogonNetException(T4CConnection.java:1853)
	at oracle.jdbc.driver.T4CConnection.logon(T4CConnection.java:1204)
	at oracle.jdbc.driver.PhysicalConnection.connect(PhysicalConnection.java:1189)
	at oracle.jdbc.driver.T4CDriverExtension.getConnection(T4CDriverExtension.java:106)
	at oracle.jdbc.driver.OracleDriver.connect(OracleDriver.java:887)
	at oracle.jdbc.driver.OracleDriver.connect(OracleDriver.java:694)
	at com.zaxxer.hikari.util.DriverDataSource.getConnection(DriverDataSource.java:139)
	at com.zaxxer.hikari.pool.PoolBase.newConnection(PoolBase.java:368)
	at com.zaxxer.hikari.pool.PoolBase.newPoolEntry(PoolBase.java:205)
	at com.zaxxer.hikari.pool.HikariPool.createPoolEntry(HikariPool.java:483)
	at com.zaxxer.hikari.pool.HikariPool$PoolEntryCreator.call(HikariPool.java:747)
	at com.zaxxer.hikari.pool.HikariPool$PoolEntryCreator.call(HikariPool.java:726)
	at java.base/java.util.concurrent.FutureTask.run(FutureTask.java:264)
	at java.base/java.util.concurrent.ThreadPoolExecutor.runWorker(ThreadPoolExecutor.java:1136)
	at java.base/java.util.concurrent.ThreadPoolExecutor$Worker.run(ThreadPoolExecutor.java:635)
	at java.base/java.lang.Thread.run(Thread.java:833)
Caused by: oracle.net.ns.NetException: ORA-12541: Cannot connect. No listener at host rac-cluster-scan.txuyen.local port 1521. (CONNECTION_ID=rhw/E+csSbu/9DKOUQGixA==)
https://docs.oracle.com/error-help/db/ora-12541/
	at oracle.net.nt.TcpNTAdapter.handleEstablishSocketException(TcpNTAdapter.java:418)
	at oracle.net.nt.TcpNTAdapter.establishSocket(TcpNTAdapter.java:350)
	at oracle.net.nt.TcpNTAdapter.connect(TcpNTAdapter.java:228)
	at oracle.net.nt.ConnOption.connect(ConnOption.java:346)
	at oracle.net.nt.ConnStrategy.executeConnOption(ConnStrategy.java:1252)
	at oracle.net.nt.ConnStrategy.execute(ConnStrategy.java:778)
	at oracle.net.resolver.AddrResolution.resolveAndExecute(AddrResolution.java:718)
	at oracle.net.ns.NSProtocol.establishConnection(NSProtocol.java:960)
	at oracle.net.ns.NSProtocol.connect(NSProtocol.java:329)
	at oracle.jdbc.driver.T4CConnection.connectNetworkSessionProtocol(T4CConnection.java:3684)
	at oracle.jdbc.driver.T4CConnection.logon(T4CConnection.java:1083)
	... 14 common frames omitted
Caused by: java.net.ConnectException: Connection timed out: no further information
	at java.base/sun.nio.ch.Net.pollConnect(Native Method)
	at java.base/sun.nio.ch.Net.pollConnectNow(Net.java:672)
	at java.base/sun.nio.ch.SocketChannelImpl.finishTimedConnect(SocketChannelImpl.java:1148)
	at java.base/sun.nio.ch.SocketChannelImpl.blockingConnect(SocketChannelImpl.java:1183)
	at java.base/sun.nio.ch.SocketAdaptor.connect(SocketAdaptor.java:98)
	at oracle.net.nt.TimeoutSocketChannel.doConnect(TimeoutSocketChannel.java:291)
	at oracle.net.nt.TimeoutSocketChannel.initializeSocketChannel(TimeoutSocketChannel.java:271)
	at oracle.net.nt.TimeoutSocketChannel.connect(TimeoutSocketChannel.java:238)
	at oracle.net.nt.TimeoutSocketChannel.<init>(TimeoutSocketChannel.java:205)
	at oracle.net.nt.TcpNTAdapter.establishSocket(TcpNTAdapter.java:339)
	... 23 common frames omitted
2026-04-09 08:05:18.009 WARN  [HikariPool-1:connection-adder] com.zaxxer.hikari.pool.PoolBase - HikariPool-1 - Pool is empty, failed to create/setup connection (5db9c367-394f-48ee-b828-8cd9f3216890)
java.sql.SQLException: ORA-12541: Cannot connect. No listener at host rac-cluster-scan.txuyen.local port 1521. (CONNECTION_ID=PhfNF1HWTjS5Rlw9sQenEA==)
https://docs.oracle.com/error-help/db/ora-12541/
	at oracle.jdbc.driver.T4CConnection.handleLogonNetException(T4CConnection.java:1853)
	at oracle.jdbc.driver.T4CConnection.logon(T4CConnection.java:1204)
	at oracle.jdbc.driver.PhysicalConnection.connect(PhysicalConnection.java:1189)
	at oracle.jdbc.driver.T4CDriverExtension.getConnection(T4CDriverExtension.java:106)
	at oracle.jdbc.driver.OracleDriver.connect(OracleDriver.java:887)
	at oracle.jdbc.driver.OracleDriver.connect(OracleDriver.java:694)
	at com.zaxxer.hikari.util.DriverDataSource.getConnection(DriverDataSource.java:139)
	at com.zaxxer.hikari.pool.PoolBase.newConnection(PoolBase.java:368)
	at com.zaxxer.hikari.pool.PoolBase.newPoolEntry(PoolBase.java:205)
	at com.zaxxer.hikari.pool.HikariPool.createPoolEntry(HikariPool.java:483)
	at com.zaxxer.hikari.pool.HikariPool$PoolEntryCreator.call(HikariPool.java:747)
	at com.zaxxer.hikari.pool.HikariPool$PoolEntryCreator.call(HikariPool.java:726)
	at java.base/java.util.concurrent.FutureTask.run(FutureTask.java:264)
	at java.base/java.util.concurrent.ThreadPoolExecutor.runWorker(ThreadPoolExecutor.java:1136)
	at java.base/java.util.concurrent.ThreadPoolExecutor$Worker.run(ThreadPoolExecutor.java:635)
	at java.base/java.lang.Thread.run(Thread.java:833)
Caused by: oracle.net.ns.NetException: ORA-12541: Cannot connect. No listener at host rac-cluster-scan.txuyen.local port 1521. (CONNECTION_ID=PhfNF1HWTjS5Rlw9sQenEA==)
https://docs.oracle.com/error-help/db/ora-12541/
	at oracle.net.nt.TcpNTAdapter.handleEstablishSocketException(TcpNTAdapter.java:418)
	at oracle.net.nt.TcpNTAdapter.establishSocket(TcpNTAdapter.java:350)
	at oracle.net.nt.TcpNTAdapter.connect(TcpNTAdapter.java:228)
	at oracle.net.nt.ConnOption.connect(ConnOption.java:346)
	at oracle.net.nt.ConnStrategy.executeConnOption(ConnStrategy.java:1252)
	at oracle.net.nt.ConnStrategy.execute(ConnStrategy.java:778)
	at oracle.net.resolver.AddrResolution.resolveAndExecute(AddrResolution.java:718)
	at oracle.net.ns.NSProtocol.establishConnection(NSProtocol.java:960)
	at oracle.net.ns.NSProtocol.connect(NSProtocol.java:329)
	at oracle.jdbc.driver.T4CConnection.connectNetworkSessionProtocol(T4CConnection.java:3684)
	at oracle.jdbc.driver.T4CConnection.logon(T4CConnection.java:1083)
	... 14 common frames omitted
Caused by: java.net.ConnectException: Connection timed out: no further information
	at java.base/sun.nio.ch.Net.pollConnect(Native Method)
	at java.base/sun.nio.ch.Net.pollConnectNow(Net.java:672)
	at java.base/sun.nio.ch.SocketChannelImpl.finishTimedConnect(SocketChannelImpl.java:1148)
	at java.base/sun.nio.ch.SocketChannelImpl.blockingConnect(SocketChannelImpl.java:1183)
	at java.base/sun.nio.ch.SocketAdaptor.connect(SocketAdaptor.java:98)
	at oracle.net.nt.TimeoutSocketChannel.doConnect(TimeoutSocketChannel.java:291)
	at oracle.net.nt.TimeoutSocketChannel.initializeSocketChannel(TimeoutSocketChannel.java:271)
	at oracle.net.nt.TimeoutSocketChannel.connect(TimeoutSocketChannel.java:238)
	at oracle.net.nt.TimeoutSocketChannel.<init>(TimeoutSocketChannel.java:205)
	at oracle.net.nt.TcpNTAdapter.establishSocket(TcpNTAdapter.java:339)
	... 23 common frames omitted
2026-04-09 08:06:36.187 WARN  [HikariPool-1:connection-adder] com.zaxxer.hikari.pool.PoolBase - HikariPool-1 - Pool is empty, failed to create/setup connection (eb264fb4-e2e7-4789-a278-8339262e350f)
java.sql.SQLException: ORA-12541: Cannot connect. No listener at host rac-cluster-scan.txuyen.local port 1521. (CONNECTION_ID=FCgKb2NgT6aIbLVpdr0udQ==)
https://docs.oracle.com/error-help/db/ora-12541/
	at oracle.jdbc.driver.T4CConnection.handleLogonNetException(T4CConnection.java:1853)
	at oracle.jdbc.driver.T4CConnection.logon(T4CConnection.java:1204)
	at oracle.jdbc.driver.PhysicalConnection.connect(PhysicalConnection.java:1189)
	at oracle.jdbc.driver.T4CDriverExtension.getConnection(T4CDriverExtension.java:106)
	at oracle.jdbc.driver.OracleDriver.connect(OracleDriver.java:887)
	at oracle.jdbc.driver.OracleDriver.connect(OracleDriver.java:694)
	at com.zaxxer.hikari.util.DriverDataSource.getConnection(DriverDataSource.java:139)
	at com.zaxxer.hikari.pool.PoolBase.newConnection(PoolBase.java:368)
	at com.zaxxer.hikari.pool.PoolBase.newPoolEntry(PoolBase.java:205)
	at com.zaxxer.hikari.pool.HikariPool.createPoolEntry(HikariPool.java:483)
	at com.zaxxer.hikari.pool.HikariPool$PoolEntryCreator.call(HikariPool.java:747)
	at com.zaxxer.hikari.pool.HikariPool$PoolEntryCreator.call(HikariPool.java:726)
	at java.base/java.util.concurrent.FutureTask.run(FutureTask.java:264)
	at java.base/java.util.concurrent.ThreadPoolExecutor.runWorker(ThreadPoolExecutor.java:1136)
	at java.base/java.util.concurrent.ThreadPoolExecutor$Worker.run(ThreadPoolExecutor.java:635)
	at java.base/java.lang.Thread.run(Thread.java:833)
Caused by: oracle.net.ns.NetException: ORA-12541: Cannot connect. No listener at host rac-cluster-scan.txuyen.local port 1521. (CONNECTION_ID=FCgKb2NgT6aIbLVpdr0udQ==)
https://docs.oracle.com/error-help/db/ora-12541/
	at oracle.net.nt.TcpNTAdapter.handleEstablishSocketException(TcpNTAdapter.java:418)
	at oracle.net.nt.TcpNTAdapter.establishSocket(TcpNTAdapter.java:350)
	at oracle.net.nt.TcpNTAdapter.connect(TcpNTAdapter.java:228)
	at oracle.net.nt.ConnOption.connect(ConnOption.java:346)
	at oracle.net.nt.ConnStrategy.executeConnOption(ConnStrategy.java:1252)
	at oracle.net.nt.ConnStrategy.execute(ConnStrategy.java:778)
	at oracle.net.resolver.AddrResolution.resolveAndExecute(AddrResolution.java:718)
	at oracle.net.ns.NSProtocol.establishConnection(NSProtocol.java:960)
	at oracle.net.ns.NSProtocol.connect(NSProtocol.java:329)
	at oracle.jdbc.driver.T4CConnection.connectNetworkSessionProtocol(T4CConnection.java:3684)
	at oracle.jdbc.driver.T4CConnection.logon(T4CConnection.java:1083)
	... 14 common frames omitted
Caused by: java.net.ConnectException: Connection timed out: no further information
	at java.base/sun.nio.ch.Net.pollConnect(Native Method)
	at java.base/sun.nio.ch.Net.pollConnectNow(Net.java:672)
	at java.base/sun.nio.ch.SocketChannelImpl.finishTimedConnect(SocketChannelImpl.java:1148)
	at java.base/sun.nio.ch.SocketChannelImpl.blockingConnect(SocketChannelImpl.java:1183)
	at java.base/sun.nio.ch.SocketAdaptor.connect(SocketAdaptor.java:98)
	at oracle.net.nt.TimeoutSocketChannel.doConnect(TimeoutSocketChannel.java:291)
	at oracle.net.nt.TimeoutSocketChannel.initializeSocketChannel(TimeoutSocketChannel.java:271)
	at oracle.net.nt.TimeoutSocketChannel.connect(TimeoutSocketChannel.java:238)
	at oracle.net.nt.TimeoutSocketChannel.<init>(TimeoutSocketChannel.java:205)
	at oracle.net.nt.TcpNTAdapter.establishSocket(TcpNTAdapter.java:339)
	... 23 common frames omitted
2026-04-09 08:07:54.326 WARN  [HikariPool-1:connection-adder] com.zaxxer.hikari.pool.PoolBase - HikariPool-1 - Pool is empty, failed to create/setup connection (9f237efc-407a-4fa2-870e-ed4eda523beb)
java.sql.SQLException: ORA-12541: Cannot connect. No listener at host rac-cluster-scan.txuyen.local port 1521. (CONNECTION_ID=x3z7egakTNaZ0KDKBpSqVw==)
https://docs.oracle.com/error-help/db/ora-12541/
	at oracle.jdbc.driver.T4CConnection.handleLogonNetException(T4CConnection.java:1853)
	at oracle.jdbc.driver.T4CConnection.logon(T4CConnection.java:1204)
	at oracle.jdbc.driver.PhysicalConnection.connect(PhysicalConnection.java:1189)
	at oracle.jdbc.driver.T4CDriverExtension.getConnection(T4CDriverExtension.java:106)
	at oracle.jdbc.driver.OracleDriver.connect(OracleDriver.java:887)
	at oracle.jdbc.driver.OracleDriver.connect(OracleDriver.java:694)
	at com.zaxxer.hikari.util.DriverDataSource.getConnection(DriverDataSource.java:139)
	at com.zaxxer.hikari.pool.PoolBase.newConnection(PoolBase.java:368)
	at com.zaxxer.hikari.pool.PoolBase.newPoolEntry(PoolBase.java:205)
	at com.zaxxer.hikari.pool.HikariPool.createPoolEntry(HikariPool.java:483)
	at com.zaxxer.hikari.pool.HikariPool$PoolEntryCreator.call(HikariPool.java:747)
	at com.zaxxer.hikari.pool.HikariPool$PoolEntryCreator.call(HikariPool.java:726)
	at java.base/java.util.concurrent.FutureTask.run(FutureTask.java:264)
	at java.base/java.util.concurrent.ThreadPoolExecutor.runWorker(ThreadPoolExecutor.java:1136)
	at java.base/java.util.concurrent.ThreadPoolExecutor$Worker.run(ThreadPoolExecutor.java:635)
	at java.base/java.lang.Thread.run(Thread.java:833)
Caused by: oracle.net.ns.NetException: ORA-12541: Cannot connect. No listener at host rac-cluster-scan.txuyen.local port 1521. (CONNECTION_ID=x3z7egakTNaZ0KDKBpSqVw==)
https://docs.oracle.com/error-help/db/ora-12541/
	at oracle.net.nt.TcpNTAdapter.handleEstablishSocketException(TcpNTAdapter.java:418)
	at oracle.net.nt.TcpNTAdapter.establishSocket(TcpNTAdapter.java:350)
	at oracle.net.nt.TcpNTAdapter.connect(TcpNTAdapter.java:228)
	at oracle.net.nt.ConnOption.connect(ConnOption.java:346)
	at oracle.net.nt.ConnStrategy.executeConnOption(ConnStrategy.java:1252)
	at oracle.net.nt.ConnStrategy.execute(ConnStrategy.java:778)
	at oracle.net.resolver.AddrResolution.resolveAndExecute(AddrResolution.java:718)
	at oracle.net.ns.NSProtocol.establishConnection(NSProtocol.java:960)
	at oracle.net.ns.NSProtocol.connect(NSProtocol.java:329)
	at oracle.jdbc.driver.T4CConnection.connectNetworkSessionProtocol(T4CConnection.java:3684)
	at oracle.jdbc.driver.T4CConnection.logon(T4CConnection.java:1083)
	... 14 common frames omitted
Caused by: java.net.ConnectException: Connection timed out: no further information
	at java.base/sun.nio.ch.Net.pollConnect(Native Method)
	at java.base/sun.nio.ch.Net.pollConnectNow(Net.java:672)
	at java.base/sun.nio.ch.SocketChannelImpl.finishTimedConnect(SocketChannelImpl.java:1148)
	at java.base/sun.nio.ch.SocketChannelImpl.blockingConnect(SocketChannelImpl.java:1183)
	at java.base/sun.nio.ch.SocketAdaptor.connect(SocketAdaptor.java:98)
	at oracle.net.nt.TimeoutSocketChannel.doConnect(TimeoutSocketChannel.java:291)
	at oracle.net.nt.TimeoutSocketChannel.initializeSocketChannel(TimeoutSocketChannel.java:271)
	at oracle.net.nt.TimeoutSocketChannel.connect(TimeoutSocketChannel.java:238)
	at oracle.net.nt.TimeoutSocketChannel.<init>(TimeoutSocketChannel.java:205)
	at oracle.net.nt.TcpNTAdapter.establishSocket(TcpNTAdapter.java:339)
	... 23 common frames omitted
2026-04-09 08:09:12.510 WARN  [HikariPool-1:connection-adder] com.zaxxer.hikari.pool.PoolBase - HikariPool-1 - Pool is empty, failed to create/setup connection (234b44cd-7ef9-4b68-9d75-e917a7d39cfe)
java.sql.SQLException: ORA-12541: Cannot connect. No listener at host rac-cluster-scan.txuyen.local port 1521. (CONNECTION_ID=03SzgIAUTACWBIG9kfGd3A==)
https://docs.oracle.com/error-help/db/ora-12541/
	at oracle.jdbc.driver.T4CConnection.handleLogonNetException(T4CConnection.java:1853)
	at oracle.jdbc.driver.T4CConnection.logon(T4CConnection.java:1204)
	at oracle.jdbc.driver.PhysicalConnection.connect(PhysicalConnection.java:1189)
	at oracle.jdbc.driver.T4CDriverExtension.getConnection(T4CDriverExtension.java:106)
	at oracle.jdbc.driver.OracleDriver.connect(OracleDriver.java:887)
	at oracle.jdbc.driver.OracleDriver.connect(OracleDriver.java:694)
	at com.zaxxer.hikari.util.DriverDataSource.getConnection(DriverDataSource.java:139)
	at com.zaxxer.hikari.pool.PoolBase.newConnection(PoolBase.java:368)
	at com.zaxxer.hikari.pool.PoolBase.newPoolEntry(PoolBase.java:205)
	at com.zaxxer.hikari.pool.HikariPool.createPoolEntry(HikariPool.java:483)
	at com.zaxxer.hikari.pool.HikariPool$PoolEntryCreator.call(HikariPool.java:747)
	at com.zaxxer.hikari.pool.HikariPool$PoolEntryCreator.call(HikariPool.java:726)
	at java.base/java.util.concurrent.FutureTask.run(FutureTask.java:264)
	at java.base/java.util.concurrent.ThreadPoolExecutor.runWorker(ThreadPoolExecutor.java:1136)
	at java.base/java.util.concurrent.ThreadPoolExecutor$Worker.run(ThreadPoolExecutor.java:635)
	at java.base/java.lang.Thread.run(Thread.java:833)
Caused by: oracle.net.ns.NetException: ORA-12541: Cannot connect. No listener at host rac-cluster-scan.txuyen.local port 1521. (CONNECTION_ID=03SzgIAUTACWBIG9kfGd3A==)
https://docs.oracle.com/error-help/db/ora-12541/
	at oracle.net.nt.TcpNTAdapter.handleEstablishSocketException(TcpNTAdapter.java:418)
	at oracle.net.nt.TcpNTAdapter.establishSocket(TcpNTAdapter.java:350)
	at oracle.net.nt.TcpNTAdapter.connect(TcpNTAdapter.java:228)
	at oracle.net.nt.ConnOption.connect(ConnOption.java:346)
	at oracle.net.nt.ConnStrategy.executeConnOption(ConnStrategy.java:1252)
	at oracle.net.nt.ConnStrategy.execute(ConnStrategy.java:778)
	at oracle.net.resolver.AddrResolution.resolveAndExecute(AddrResolution.java:718)
	at oracle.net.ns.NSProtocol.establishConnection(NSProtocol.java:960)
	at oracle.net.ns.NSProtocol.connect(NSProtocol.java:329)
	at oracle.jdbc.driver.T4CConnection.connectNetworkSessionProtocol(T4CConnection.java:3684)
	at oracle.jdbc.driver.T4CConnection.logon(T4CConnection.java:1083)
	... 14 common frames omitted
Caused by: java.net.ConnectException: Connection timed out: no further information
	at java.base/sun.nio.ch.Net.pollConnect(Native Method)
	at java.base/sun.nio.ch.Net.pollConnectNow(Net.java:672)
	at java.base/sun.nio.ch.SocketChannelImpl.finishTimedConnect(SocketChannelImpl.java:1148)
	at java.base/sun.nio.ch.SocketChannelImpl.blockingConnect(SocketChannelImpl.java:1183)
	at java.base/sun.nio.ch.SocketAdaptor.connect(SocketAdaptor.java:98)
	at oracle.net.nt.TimeoutSocketChannel.doConnect(TimeoutSocketChannel.java:291)
	at oracle.net.nt.TimeoutSocketChannel.initializeSocketChannel(TimeoutSocketChannel.java:271)
	at oracle.net.nt.TimeoutSocketChannel.connect(TimeoutSocketChannel.java:238)
	at oracle.net.nt.TimeoutSocketChannel.<init>(TimeoutSocketChannel.java:205)
	at oracle.net.nt.TcpNTAdapter.establishSocket(TcpNTAdapter.java:339)
	... 23 common frames omitted
2026-04-09 08:10:30.694 WARN  [HikariPool-1:connection-adder] com.zaxxer.hikari.pool.PoolBase - HikariPool-1 - Pool is empty, failed to create/setup connection (bb75a72a-166c-4008-b272-3ada784d453e)
java.sql.SQLException: ORA-12541: Cannot connect. No listener at host rac-cluster-scan.txuyen.local port 1521. (CONNECTION_ID=GfWYPAKoR4q6sbIGxspQvg==)
https://docs.oracle.com/error-help/db/ora-12541/
	at oracle.jdbc.driver.T4CConnection.handleLogonNetException(T4CConnection.java:1853)
	at oracle.jdbc.driver.T4CConnection.logon(T4CConnection.java:1204)
	at oracle.jdbc.driver.PhysicalConnection.connect(PhysicalConnection.java:1189)
	at oracle.jdbc.driver.T4CDriverExtension.getConnection(T4CDriverExtension.java:106)
	at oracle.jdbc.driver.OracleDriver.connect(OracleDriver.java:887)
	at oracle.jdbc.driver.OracleDriver.connect(OracleDriver.java:694)
	at com.zaxxer.hikari.util.DriverDataSource.getConnection(DriverDataSource.java:139)
	at com.zaxxer.hikari.pool.PoolBase.newConnection(PoolBase.java:368)
	at com.zaxxer.hikari.pool.PoolBase.newPoolEntry(PoolBase.java:205)
	at com.zaxxer.hikari.pool.HikariPool.createPoolEntry(HikariPool.java:483)
	at com.zaxxer.hikari.pool.HikariPool$PoolEntryCreator.call(HikariPool.java:747)
	at com.zaxxer.hikari.pool.HikariPool$PoolEntryCreator.call(HikariPool.java:726)
	at java.base/java.util.concurrent.FutureTask.run(FutureTask.java:264)
	at java.base/java.util.concurrent.ThreadPoolExecutor.runWorker(ThreadPoolExecutor.java:1136)
	at java.base/java.util.concurrent.ThreadPoolExecutor$Worker.run(ThreadPoolExecutor.java:635)
	at java.base/java.lang.Thread.run(Thread.java:833)
Caused by: oracle.net.ns.NetException: ORA-12541: Cannot connect. No listener at host rac-cluster-scan.txuyen.local port 1521. (CONNECTION_ID=GfWYPAKoR4q6sbIGxspQvg==)
https://docs.oracle.com/error-help/db/ora-12541/
	at oracle.net.nt.TcpNTAdapter.handleEstablishSocketException(TcpNTAdapter.java:418)
	at oracle.net.nt.TcpNTAdapter.establishSocket(TcpNTAdapter.java:350)
	at oracle.net.nt.TcpNTAdapter.connect(TcpNTAdapter.java:228)
	at oracle.net.nt.ConnOption.connect(ConnOption.java:346)
	at oracle.net.nt.ConnStrategy.executeConnOption(ConnStrategy.java:1252)
	at oracle.net.nt.ConnStrategy.execute(ConnStrategy.java:778)
	at oracle.net.resolver.AddrResolution.resolveAndExecute(AddrResolution.java:718)
	at oracle.net.ns.NSProtocol.establishConnection(NSProtocol.java:960)
	at oracle.net.ns.NSProtocol.connect(NSProtocol.java:329)
	at oracle.jdbc.driver.T4CConnection.connectNetworkSessionProtocol(T4CConnection.java:3684)
	at oracle.jdbc.driver.T4CConnection.logon(T4CConnection.java:1083)
	... 14 common frames omitted
Caused by: java.net.ConnectException: Connection timed out: no further information
	at java.base/sun.nio.ch.Net.pollConnect(Native Method)
	at java.base/sun.nio.ch.Net.pollConnectNow(Net.java:672)
	at java.base/sun.nio.ch.SocketChannelImpl.finishTimedConnect(SocketChannelImpl.java:1148)
	at java.base/sun.nio.ch.SocketChannelImpl.blockingConnect(SocketChannelImpl.java:1183)
	at java.base/sun.nio.ch.SocketAdaptor.connect(SocketAdaptor.java:98)
	at oracle.net.nt.TimeoutSocketChannel.doConnect(TimeoutSocketChannel.java:291)
	at oracle.net.nt.TimeoutSocketChannel.initializeSocketChannel(TimeoutSocketChannel.java:271)
	at oracle.net.nt.TimeoutSocketChannel.connect(TimeoutSocketChannel.java:238)
	at oracle.net.nt.TimeoutSocketChannel.<init>(TimeoutSocketChannel.java:205)
	at oracle.net.nt.TcpNTAdapter.establishSocket(TcpNTAdapter.java:339)
	... 23 common frames omitted
2026-04-09 08:11:48.865 WARN  [HikariPool-1:connection-adder] com.zaxxer.hikari.pool.PoolBase - HikariPool-1 - Pool is empty, failed to create/setup connection (6ccd34b4-3ff5-4826-8588-e2d3c3eec3c4)
java.sql.SQLException: ORA-12541: Cannot connect. No listener at host rac-cluster-scan.txuyen.local port 1521. (CONNECTION_ID=gZt1TVCMQpiHGdo/mFzI7w==)
https://docs.oracle.com/error-help/db/ora-12541/
	at oracle.jdbc.driver.T4CConnection.handleLogonNetException(T4CConnection.java:1853)
	at oracle.jdbc.driver.T4CConnection.logon(T4CConnection.java:1204)
	at oracle.jdbc.driver.PhysicalConnection.connect(PhysicalConnection.java:1189)
	at oracle.jdbc.driver.T4CDriverExtension.getConnection(T4CDriverExtension.java:106)
	at oracle.jdbc.driver.OracleDriver.connect(OracleDriver.java:887)
	at oracle.jdbc.driver.OracleDriver.connect(OracleDriver.java:694)
	at com.zaxxer.hikari.util.DriverDataSource.getConnection(DriverDataSource.java:139)
	at com.zaxxer.hikari.pool.PoolBase.newConnection(PoolBase.java:368)
	at com.zaxxer.hikari.pool.PoolBase.newPoolEntry(PoolBase.java:205)
	at com.zaxxer.hikari.pool.HikariPool.createPoolEntry(HikariPool.java:483)
	at com.zaxxer.hikari.pool.HikariPool$PoolEntryCreator.call(HikariPool.java:747)
	at com.zaxxer.hikari.pool.HikariPool$PoolEntryCreator.call(HikariPool.java:726)
	at java.base/java.util.concurrent.FutureTask.run(FutureTask.java:264)
	at java.base/java.util.concurrent.ThreadPoolExecutor.runWorker(ThreadPoolExecutor.java:1136)
	at java.base/java.util.concurrent.ThreadPoolExecutor$Worker.run(ThreadPoolExecutor.java:635)
	at java.base/java.lang.Thread.run(Thread.java:833)
Caused by: oracle.net.ns.NetException: ORA-12541: Cannot connect. No listener at host rac-cluster-scan.txuyen.local port 1521. (CONNECTION_ID=gZt1TVCMQpiHGdo/mFzI7w==)
https://docs.oracle.com/error-help/db/ora-12541/
	at oracle.net.nt.TcpNTAdapter.handleEstablishSocketException(TcpNTAdapter.java:418)
	at oracle.net.nt.TcpNTAdapter.establishSocket(TcpNTAdapter.java:350)
	at oracle.net.nt.TcpNTAdapter.connect(TcpNTAdapter.java:228)
	at oracle.net.nt.ConnOption.connect(ConnOption.java:346)
	at oracle.net.nt.ConnStrategy.executeConnOption(ConnStrategy.java:1252)
	at oracle.net.nt.ConnStrategy.execute(ConnStrategy.java:778)
	at oracle.net.resolver.AddrResolution.resolveAndExecute(AddrResolution.java:718)
	at oracle.net.ns.NSProtocol.establishConnection(NSProtocol.java:960)
	at oracle.net.ns.NSProtocol.connect(NSProtocol.java:329)
	at oracle.jdbc.driver.T4CConnection.connectNetworkSessionProtocol(T4CConnection.java:3684)
	at oracle.jdbc.driver.T4CConnection.logon(T4CConnection.java:1083)
	... 14 common frames omitted
Caused by: java.net.ConnectException: Connection timed out: no further information
	at java.base/sun.nio.ch.Net.pollConnect(Native Method)
	at java.base/sun.nio.ch.Net.pollConnectNow(Net.java:672)
	at java.base/sun.nio.ch.SocketChannelImpl.finishTimedConnect(SocketChannelImpl.java:1148)
	at java.base/sun.nio.ch.SocketChannelImpl.blockingConnect(SocketChannelImpl.java:1183)
	at java.base/sun.nio.ch.SocketAdaptor.connect(SocketAdaptor.java:98)
	at oracle.net.nt.TimeoutSocketChannel.doConnect(TimeoutSocketChannel.java:291)
	at oracle.net.nt.TimeoutSocketChannel.initializeSocketChannel(TimeoutSocketChannel.java:271)
	at oracle.net.nt.TimeoutSocketChannel.connect(TimeoutSocketChannel.java:238)
	at oracle.net.nt.TimeoutSocketChannel.<init>(TimeoutSocketChannel.java:205)
	at oracle.net.nt.TcpNTAdapter.establishSocket(TcpNTAdapter.java:339)
	... 23 common frames omitted
2026-04-09 08:13:07.052 WARN  [HikariPool-1:connection-adder] com.zaxxer.hikari.pool.PoolBase - HikariPool-1 - Pool is empty, failed to create/setup connection (d1f945dd-b40d-4f6f-b7a1-2e5016960faf)
java.sql.SQLException: ORA-12541: Cannot connect. No listener at host rac-cluster-scan.txuyen.local port 1521. (CONNECTION_ID=v61Tfla2Rd2JH3Vq4aLOUg==)
https://docs.oracle.com/error-help/db/ora-12541/
	at oracle.jdbc.driver.T4CConnection.handleLogonNetException(T4CConnection.java:1853)
	at oracle.jdbc.driver.T4CConnection.logon(T4CConnection.java:1204)
	at oracle.jdbc.driver.PhysicalConnection.connect(PhysicalConnection.java:1189)
	at oracle.jdbc.driver.T4CDriverExtension.getConnection(T4CDriverExtension.java:106)
	at oracle.jdbc.driver.OracleDriver.connect(OracleDriver.java:887)
	at oracle.jdbc.driver.OracleDriver.connect(OracleDriver.java:694)
	at com.zaxxer.hikari.util.DriverDataSource.getConnection(DriverDataSource.java:139)
	at com.zaxxer.hikari.pool.PoolBase.newConnection(PoolBase.java:368)
	at com.zaxxer.hikari.pool.PoolBase.newPoolEntry(PoolBase.java:205)
	at com.zaxxer.hikari.pool.HikariPool.createPoolEntry(HikariPool.java:483)
	at com.zaxxer.hikari.pool.HikariPool$PoolEntryCreator.call(HikariPool.java:747)
	at com.zaxxer.hikari.pool.HikariPool$PoolEntryCreator.call(HikariPool.java:726)
	at java.base/java.util.concurrent.FutureTask.run(FutureTask.java:264)
	at java.base/java.util.concurrent.ThreadPoolExecutor.runWorker(ThreadPoolExecutor.java:1136)
	at java.base/java.util.concurrent.ThreadPoolExecutor$Worker.run(ThreadPoolExecutor.java:635)
	at java.base/java.lang.Thread.run(Thread.java:833)
Caused by: oracle.net.ns.NetException: ORA-12541: Cannot connect. No listener at host rac-cluster-scan.txuyen.local port 1521. (CONNECTION_ID=v61Tfla2Rd2JH3Vq4aLOUg==)
https://docs.oracle.com/error-help/db/ora-12541/
	at oracle.net.nt.TcpNTAdapter.handleEstablishSocketException(TcpNTAdapter.java:418)
	at oracle.net.nt.TcpNTAdapter.establishSocket(TcpNTAdapter.java:350)
	at oracle.net.nt.TcpNTAdapter.connect(TcpNTAdapter.java:228)
	at oracle.net.nt.ConnOption.connect(ConnOption.java:346)
	at oracle.net.nt.ConnStrategy.executeConnOption(ConnStrategy.java:1252)
	at oracle.net.nt.ConnStrategy.execute(ConnStrategy.java:778)
	at oracle.net.resolver.AddrResolution.resolveAndExecute(AddrResolution.java:718)
	at oracle.net.ns.NSProtocol.establishConnection(NSProtocol.java:960)
	at oracle.net.ns.NSProtocol.connect(NSProtocol.java:329)
	at oracle.jdbc.driver.T4CConnection.connectNetworkSessionProtocol(T4CConnection.java:3684)
	at oracle.jdbc.driver.T4CConnection.logon(T4CConnection.java:1083)
	... 14 common frames omitted
Caused by: java.net.ConnectException: Connection timed out: no further information
	at java.base/sun.nio.ch.Net.pollConnect(Native Method)
	at java.base/sun.nio.ch.Net.pollConnectNow(Net.java:672)
	at java.base/sun.nio.ch.SocketChannelImpl.finishTimedConnect(SocketChannelImpl.java:1148)
	at java.base/sun.nio.ch.SocketChannelImpl.blockingConnect(SocketChannelImpl.java:1183)
	at java.base/sun.nio.ch.SocketAdaptor.connect(SocketAdaptor.java:98)
	at oracle.net.nt.TimeoutSocketChannel.doConnect(TimeoutSocketChannel.java:291)
	at oracle.net.nt.TimeoutSocketChannel.initializeSocketChannel(TimeoutSocketChannel.java:271)
	at oracle.net.nt.TimeoutSocketChannel.connect(TimeoutSocketChannel.java:238)
	at oracle.net.nt.TimeoutSocketChannel.<init>(TimeoutSocketChannel.java:205)
	at oracle.net.nt.TcpNTAdapter.establishSocket(TcpNTAdapter.java:339)
	... 23 common frames omitted
2026-04-09 08:14:25.219 WARN  [HikariPool-1:connection-adder] com.zaxxer.hikari.pool.PoolBase - HikariPool-1 - Pool is empty, failed to create/setup connection (0ac19b59-c40d-4782-853e-408e3a1d0e35)
java.sql.SQLException: ORA-12541: Cannot connect. No listener at host rac-cluster-scan.txuyen.local port 1521. (CONNECTION_ID=VOu/fYXKQz+rvVG++h6g3A==)
https://docs.oracle.com/error-help/db/ora-12541/
	at oracle.jdbc.driver.T4CConnection.handleLogonNetException(T4CConnection.java:1853)
	at oracle.jdbc.driver.T4CConnection.logon(T4CConnection.java:1204)
	at oracle.jdbc.driver.PhysicalConnection.connect(PhysicalConnection.java:1189)
	at oracle.jdbc.driver.T4CDriverExtension.getConnection(T4CDriverExtension.java:106)
	at oracle.jdbc.driver.OracleDriver.connect(OracleDriver.java:887)
	at oracle.jdbc.driver.OracleDriver.connect(OracleDriver.java:694)
	at com.zaxxer.hikari.util.DriverDataSource.getConnection(DriverDataSource.java:139)
	at com.zaxxer.hikari.pool.PoolBase.newConnection(PoolBase.java:368)
	at com.zaxxer.hikari.pool.PoolBase.newPoolEntry(PoolBase.java:205)
	at com.zaxxer.hikari.pool.HikariPool.createPoolEntry(HikariPool.java:483)
	at com.zaxxer.hikari.pool.HikariPool$PoolEntryCreator.call(HikariPool.java:747)
	at com.zaxxer.hikari.pool.HikariPool$PoolEntryCreator.call(HikariPool.java:726)
	at java.base/java.util.concurrent.FutureTask.run(FutureTask.java:264)
	at java.base/java.util.concurrent.ThreadPoolExecutor.runWorker(ThreadPoolExecutor.java:1136)
	at java.base/java.util.concurrent.ThreadPoolExecutor$Worker.run(ThreadPoolExecutor.java:635)
	at java.base/java.lang.Thread.run(Thread.java:833)
Caused by: oracle.net.ns.NetException: ORA-12541: Cannot connect. No listener at host rac-cluster-scan.txuyen.local port 1521. (CONNECTION_ID=VOu/fYXKQz+rvVG++h6g3A==)
https://docs.oracle.com/error-help/db/ora-12541/
	at oracle.net.nt.TcpNTAdapter.handleEstablishSocketException(TcpNTAdapter.java:418)
	at oracle.net.nt.TcpNTAdapter.establishSocket(TcpNTAdapter.java:350)
	at oracle.net.nt.TcpNTAdapter.connect(TcpNTAdapter.java:228)
	at oracle.net.nt.ConnOption.connect(ConnOption.java:346)
	at oracle.net.nt.ConnStrategy.executeConnOption(ConnStrategy.java:1252)
	at oracle.net.nt.ConnStrategy.execute(ConnStrategy.java:778)
	at oracle.net.resolver.AddrResolution.resolveAndExecute(AddrResolution.java:718)
	at oracle.net.ns.NSProtocol.establishConnection(NSProtocol.java:960)
	at oracle.net.ns.NSProtocol.connect(NSProtocol.java:329)
	at oracle.jdbc.driver.T4CConnection.connectNetworkSessionProtocol(T4CConnection.java:3684)
	at oracle.jdbc.driver.T4CConnection.logon(T4CConnection.java:1083)
	... 14 common frames omitted
Caused by: java.net.ConnectException: Connection timed out: no further information
	at java.base/sun.nio.ch.Net.pollConnect(Native Method)
	at java.base/sun.nio.ch.Net.pollConnectNow(Net.java:672)
	at java.base/sun.nio.ch.SocketChannelImpl.finishTimedConnect(SocketChannelImpl.java:1148)
	at java.base/sun.nio.ch.SocketChannelImpl.blockingConnect(SocketChannelImpl.java:1183)
	at java.base/sun.nio.ch.SocketAdaptor.connect(SocketAdaptor.java:98)
	at oracle.net.nt.TimeoutSocketChannel.doConnect(TimeoutSocketChannel.java:291)
	at oracle.net.nt.TimeoutSocketChannel.initializeSocketChannel(TimeoutSocketChannel.java:271)
	at oracle.net.nt.TimeoutSocketChannel.connect(TimeoutSocketChannel.java:238)
	at oracle.net.nt.TimeoutSocketChannel.<init>(TimeoutSocketChannel.java:205)
	at oracle.net.nt.TcpNTAdapter.establishSocket(TcpNTAdapter.java:339)
	... 23 common frames omitted
2026-04-09 08:15:43.380 WARN  [HikariPool-1:connection-adder] com.zaxxer.hikari.pool.PoolBase - HikariPool-1 - Pool is empty, failed to create/setup connection (e974f1c7-3b0f-4ac6-9a7b-f323f7ad322e)
java.sql.SQLException: ORA-12541: Cannot connect. No listener at host rac-cluster-scan.txuyen.local port 1521. (CONNECTION_ID=nX6cDYJIQ5W/D8GVYpt54Q==)
https://docs.oracle.com/error-help/db/ora-12541/
	at oracle.jdbc.driver.T4CConnection.handleLogonNetException(T4CConnection.java:1853)
	at oracle.jdbc.driver.T4CConnection.logon(T4CConnection.java:1204)
	at oracle.jdbc.driver.PhysicalConnection.connect(PhysicalConnection.java:1189)
	at oracle.jdbc.driver.T4CDriverExtension.getConnection(T4CDriverExtension.java:106)
	at oracle.jdbc.driver.OracleDriver.connect(OracleDriver.java:887)
	at oracle.jdbc.driver.OracleDriver.connect(OracleDriver.java:694)
	at com.zaxxer.hikari.util.DriverDataSource.getConnection(DriverDataSource.java:139)
	at com.zaxxer.hikari.pool.PoolBase.newConnection(PoolBase.java:368)
	at com.zaxxer.hikari.pool.PoolBase.newPoolEntry(PoolBase.java:205)
	at com.zaxxer.hikari.pool.HikariPool.createPoolEntry(HikariPool.java:483)
	at com.zaxxer.hikari.pool.HikariPool$PoolEntryCreator.call(HikariPool.java:747)
	at com.zaxxer.hikari.pool.HikariPool$PoolEntryCreator.call(HikariPool.java:726)
	at java.base/java.util.concurrent.FutureTask.run(FutureTask.java:264)
	at java.base/java.util.concurrent.ThreadPoolExecutor.runWorker(ThreadPoolExecutor.java:1136)
	at java.base/java.util.concurrent.ThreadPoolExecutor$Worker.run(ThreadPoolExecutor.java:635)
	at java.base/java.lang.Thread.run(Thread.java:833)
Caused by: oracle.net.ns.NetException: ORA-12541: Cannot connect. No listener at host rac-cluster-scan.txuyen.local port 1521. (CONNECTION_ID=nX6cDYJIQ5W/D8GVYpt54Q==)
https://docs.oracle.com/error-help/db/ora-12541/
	at oracle.net.nt.TcpNTAdapter.handleEstablishSocketException(TcpNTAdapter.java:418)
	at oracle.net.nt.TcpNTAdapter.establishSocket(TcpNTAdapter.java:350)
	at oracle.net.nt.TcpNTAdapter.connect(TcpNTAdapter.java:228)
	at oracle.net.nt.ConnOption.connect(ConnOption.java:346)
	at oracle.net.nt.ConnStrategy.executeConnOption(ConnStrategy.java:1252)
	at oracle.net.nt.ConnStrategy.execute(ConnStrategy.java:778)
	at oracle.net.resolver.AddrResolution.resolveAndExecute(AddrResolution.java:718)
	at oracle.net.ns.NSProtocol.establishConnection(NSProtocol.java:960)
	at oracle.net.ns.NSProtocol.connect(NSProtocol.java:329)
	at oracle.jdbc.driver.T4CConnection.connectNetworkSessionProtocol(T4CConnection.java:3684)
	at oracle.jdbc.driver.T4CConnection.logon(T4CConnection.java:1083)
	... 14 common frames omitted
Caused by: java.net.ConnectException: Connection timed out: no further information
	at java.base/sun.nio.ch.Net.pollConnect(Native Method)
	at java.base/sun.nio.ch.Net.pollConnectNow(Net.java:672)
	at java.base/sun.nio.ch.SocketChannelImpl.finishTimedConnect(SocketChannelImpl.java:1148)
	at java.base/sun.nio.ch.SocketChannelImpl.blockingConnect(SocketChannelImpl.java:1183)
	at java.base/sun.nio.ch.SocketAdaptor.connect(SocketAdaptor.java:98)
	at oracle.net.nt.TimeoutSocketChannel.doConnect(TimeoutSocketChannel.java:291)
	at oracle.net.nt.TimeoutSocketChannel.initializeSocketChannel(TimeoutSocketChannel.java:271)
	at oracle.net.nt.TimeoutSocketChannel.connect(TimeoutSocketChannel.java:238)
	at oracle.net.nt.TimeoutSocketChannel.<init>(TimeoutSocketChannel.java:205)
	at oracle.net.nt.TcpNTAdapter.establishSocket(TcpNTAdapter.java:339)
	... 23 common frames omitted
2026-04-09 08:17:01.574 WARN  [HikariPool-1:connection-adder] com.zaxxer.hikari.pool.PoolBase - HikariPool-1 - Pool is empty, failed to create/setup connection (370b1621-d24f-46af-83e3-d9d166a8ddfb)
java.sql.SQLException: ORA-12541: Cannot connect. No listener at host rac-cluster-scan.txuyen.local port 1521. (CONNECTION_ID=spLtfRCmSieXXkddBi9AWg==)
https://docs.oracle.com/error-help/db/ora-12541/
	at oracle.jdbc.driver.T4CConnection.handleLogonNetException(T4CConnection.java:1853)
	at oracle.jdbc.driver.T4CConnection.logon(T4CConnection.java:1204)
	at oracle.jdbc.driver.PhysicalConnection.connect(PhysicalConnection.java:1189)
	at oracle.jdbc.driver.T4CDriverExtension.getConnection(T4CDriverExtension.java:106)
	at oracle.jdbc.driver.OracleDriver.connect(OracleDriver.java:887)
	at oracle.jdbc.driver.OracleDriver.connect(OracleDriver.java:694)
	at com.zaxxer.hikari.util.DriverDataSource.getConnection(DriverDataSource.java:139)
	at com.zaxxer.hikari.pool.PoolBase.newConnection(PoolBase.java:368)
	at com.zaxxer.hikari.pool.PoolBase.newPoolEntry(PoolBase.java:205)
	at com.zaxxer.hikari.pool.HikariPool.createPoolEntry(HikariPool.java:483)
	at com.zaxxer.hikari.pool.HikariPool$PoolEntryCreator.call(HikariPool.java:747)
	at com.zaxxer.hikari.pool.HikariPool$PoolEntryCreator.call(HikariPool.java:726)
	at java.base/java.util.concurrent.FutureTask.run(FutureTask.java:264)
	at java.base/java.util.concurrent.ThreadPoolExecutor.runWorker(ThreadPoolExecutor.java:1136)
	at java.base/java.util.concurrent.ThreadPoolExecutor$Worker.run(ThreadPoolExecutor.java:635)
	at java.base/java.lang.Thread.run(Thread.java:833)
Caused by: oracle.net.ns.NetException: ORA-12541: Cannot connect. No listener at host rac-cluster-scan.txuyen.local port 1521. (CONNECTION_ID=spLtfRCmSieXXkddBi9AWg==)
https://docs.oracle.com/error-help/db/ora-12541/
	at oracle.net.nt.TcpNTAdapter.handleEstablishSocketException(TcpNTAdapter.java:418)
	at oracle.net.nt.TcpNTAdapter.establishSocket(TcpNTAdapter.java:350)
	at oracle.net.nt.TcpNTAdapter.connect(TcpNTAdapter.java:228)
	at oracle.net.nt.ConnOption.connect(ConnOption.java:346)
	at oracle.net.nt.ConnStrategy.executeConnOption(ConnStrategy.java:1252)
	at oracle.net.nt.ConnStrategy.execute(ConnStrategy.java:778)
	at oracle.net.resolver.AddrResolution.resolveAndExecute(AddrResolution.java:718)
	at oracle.net.ns.NSProtocol.establishConnection(NSProtocol.java:960)
	at oracle.net.ns.NSProtocol.connect(NSProtocol.java:329)
	at oracle.jdbc.driver.T4CConnection.connectNetworkSessionProtocol(T4CConnection.java:3684)
	at oracle.jdbc.driver.T4CConnection.logon(T4CConnection.java:1083)
	... 14 common frames omitted
Caused by: java.net.ConnectException: Connection timed out: no further information
	at java.base/sun.nio.ch.Net.pollConnect(Native Method)
	at java.base/sun.nio.ch.Net.pollConnectNow(Net.java:672)
	at java.base/sun.nio.ch.SocketChannelImpl.finishTimedConnect(SocketChannelImpl.java:1148)
	at java.base/sun.nio.ch.SocketChannelImpl.blockingConnect(SocketChannelImpl.java:1183)
	at java.base/sun.nio.ch.SocketAdaptor.connect(SocketAdaptor.java:98)
	at oracle.net.nt.TimeoutSocketChannel.doConnect(TimeoutSocketChannel.java:291)
	at oracle.net.nt.TimeoutSocketChannel.initializeSocketChannel(TimeoutSocketChannel.java:271)
	at oracle.net.nt.TimeoutSocketChannel.connect(TimeoutSocketChannel.java:238)
	at oracle.net.nt.TimeoutSocketChannel.<init>(TimeoutSocketChannel.java:205)
	at oracle.net.nt.TcpNTAdapter.establishSocket(TcpNTAdapter.java:339)
	... 23 common frames omitted
2026-04-09 08:18:19.773 WARN  [HikariPool-1:connection-adder] com.zaxxer.hikari.pool.PoolBase - HikariPool-1 - Pool is empty, failed to create/setup connection (069d7178-aeca-44ad-8c4a-8c0f7f03a152)
java.sql.SQLException: ORA-12541: Cannot connect. No listener at host rac-cluster-scan.txuyen.local port 1521. (CONNECTION_ID=c8RRj82SQE6a1UZ6CLfYaA==)
https://docs.oracle.com/error-help/db/ora-12541/
	at oracle.jdbc.driver.T4CConnection.handleLogonNetException(T4CConnection.java:1853)
	at oracle.jdbc.driver.T4CConnection.logon(T4CConnection.java:1204)
	at oracle.jdbc.driver.PhysicalConnection.connect(PhysicalConnection.java:1189)
	at oracle.jdbc.driver.T4CDriverExtension.getConnection(T4CDriverExtension.java:106)
	at oracle.jdbc.driver.OracleDriver.connect(OracleDriver.java:887)
	at oracle.jdbc.driver.OracleDriver.connect(OracleDriver.java:694)
	at com.zaxxer.hikari.util.DriverDataSource.getConnection(DriverDataSource.java:139)
	at com.zaxxer.hikari.pool.PoolBase.newConnection(PoolBase.java:368)
	at com.zaxxer.hikari.pool.PoolBase.newPoolEntry(PoolBase.java:205)
	at com.zaxxer.hikari.pool.HikariPool.createPoolEntry(HikariPool.java:483)
	at com.zaxxer.hikari.pool.HikariPool$PoolEntryCreator.call(HikariPool.java:747)
	at com.zaxxer.hikari.pool.HikariPool$PoolEntryCreator.call(HikariPool.java:726)
	at java.base/java.util.concurrent.FutureTask.run(FutureTask.java:264)
	at java.base/java.util.concurrent.ThreadPoolExecutor.runWorker(ThreadPoolExecutor.java:1136)
	at java.base/java.util.concurrent.ThreadPoolExecutor$Worker.run(ThreadPoolExecutor.java:635)
	at java.base/java.lang.Thread.run(Thread.java:833)
Caused by: oracle.net.ns.NetException: ORA-12541: Cannot connect. No listener at host rac-cluster-scan.txuyen.local port 1521. (CONNECTION_ID=c8RRj82SQE6a1UZ6CLfYaA==)
https://docs.oracle.com/error-help/db/ora-12541/
	at oracle.net.nt.TcpNTAdapter.handleEstablishSocketException(TcpNTAdapter.java:418)
	at oracle.net.nt.TcpNTAdapter.establishSocket(TcpNTAdapter.java:350)
	at oracle.net.nt.TcpNTAdapter.connect(TcpNTAdapter.java:228)
	at oracle.net.nt.ConnOption.connect(ConnOption.java:346)
	at oracle.net.nt.ConnStrategy.executeConnOption(ConnStrategy.java:1252)
	at oracle.net.nt.ConnStrategy.execute(ConnStrategy.java:778)
	at oracle.net.resolver.AddrResolution.resolveAndExecute(AddrResolution.java:718)
	at oracle.net.ns.NSProtocol.establishConnection(NSProtocol.java:960)
	at oracle.net.ns.NSProtocol.connect(NSProtocol.java:329)
	at oracle.jdbc.driver.T4CConnection.connectNetworkSessionProtocol(T4CConnection.java:3684)
	at oracle.jdbc.driver.T4CConnection.logon(T4CConnection.java:1083)
	... 14 common frames omitted
Caused by: java.net.ConnectException: Connection timed out: no further information
	at java.base/sun.nio.ch.Net.pollConnect(Native Method)
	at java.base/sun.nio.ch.Net.pollConnectNow(Net.java:672)
	at java.base/sun.nio.ch.SocketChannelImpl.finishTimedConnect(SocketChannelImpl.java:1148)
	at java.base/sun.nio.ch.SocketChannelImpl.blockingConnect(SocketChannelImpl.java:1183)
	at java.base/sun.nio.ch.SocketAdaptor.connect(SocketAdaptor.java:98)
	at oracle.net.nt.TimeoutSocketChannel.doConnect(TimeoutSocketChannel.java:291)
	at oracle.net.nt.TimeoutSocketChannel.initializeSocketChannel(TimeoutSocketChannel.java:271)
	at oracle.net.nt.TimeoutSocketChannel.connect(TimeoutSocketChannel.java:238)
	at oracle.net.nt.TimeoutSocketChannel.<init>(TimeoutSocketChannel.java:205)
	at oracle.net.nt.TcpNTAdapter.establishSocket(TcpNTAdapter.java:339)
	... 23 common frames omitted
2026-04-09 08:19:37.943 WARN  [HikariPool-1:connection-adder] com.zaxxer.hikari.pool.PoolBase - HikariPool-1 - Pool is empty, failed to create/setup connection (b686eac3-64d6-4a3b-82b9-643b2e9b96bf)
java.sql.SQLException: ORA-12541: Cannot connect. No listener at host rac-cluster-scan.txuyen.local port 1521. (CONNECTION_ID=fzMKPFeZTvucNBIahUR5jA==)
https://docs.oracle.com/error-help/db/ora-12541/
	at oracle.jdbc.driver.T4CConnection.handleLogonNetException(T4CConnection.java:1853)
	at oracle.jdbc.driver.T4CConnection.logon(T4CConnection.java:1204)
	at oracle.jdbc.driver.PhysicalConnection.connect(PhysicalConnection.java:1189)
	at oracle.jdbc.driver.T4CDriverExtension.getConnection(T4CDriverExtension.java:106)
	at oracle.jdbc.driver.OracleDriver.connect(OracleDriver.java:887)
	at oracle.jdbc.driver.OracleDriver.connect(OracleDriver.java:694)
	at com.zaxxer.hikari.util.DriverDataSource.getConnection(DriverDataSource.java:139)
	at com.zaxxer.hikari.pool.PoolBase.newConnection(PoolBase.java:368)
	at com.zaxxer.hikari.pool.PoolBase.newPoolEntry(PoolBase.java:205)
	at com.zaxxer.hikari.pool.HikariPool.createPoolEntry(HikariPool.java:483)
	at com.zaxxer.hikari.pool.HikariPool$PoolEntryCreator.call(HikariPool.java:747)
	at com.zaxxer.hikari.pool.HikariPool$PoolEntryCreator.call(HikariPool.java:726)
	at java.base/java.util.concurrent.FutureTask.run(FutureTask.java:264)
	at java.base/java.util.concurrent.ThreadPoolExecutor.runWorker(ThreadPoolExecutor.java:1136)
	at java.base/java.util.concurrent.ThreadPoolExecutor$Worker.run(ThreadPoolExecutor.java:635)
	at java.base/java.lang.Thread.run(Thread.java:833)
Caused by: oracle.net.ns.NetException: ORA-12541: Cannot connect. No listener at host rac-cluster-scan.txuyen.local port 1521. (CONNECTION_ID=fzMKPFeZTvucNBIahUR5jA==)
https://docs.oracle.com/error-help/db/ora-12541/
	at oracle.net.nt.TcpNTAdapter.handleEstablishSocketException(TcpNTAdapter.java:418)
	at oracle.net.nt.TcpNTAdapter.establishSocket(TcpNTAdapter.java:350)
	at oracle.net.nt.TcpNTAdapter.connect(TcpNTAdapter.java:228)
	at oracle.net.nt.ConnOption.connect(ConnOption.java:346)
	at oracle.net.nt.ConnStrategy.executeConnOption(ConnStrategy.java:1252)
	at oracle.net.nt.ConnStrategy.execute(ConnStrategy.java:778)
	at oracle.net.resolver.AddrResolution.resolveAndExecute(AddrResolution.java:718)
	at oracle.net.ns.NSProtocol.establishConnection(NSProtocol.java:960)
	at oracle.net.ns.NSProtocol.connect(NSProtocol.java:329)
	at oracle.jdbc.driver.T4CConnection.connectNetworkSessionProtocol(T4CConnection.java:3684)
	at oracle.jdbc.driver.T4CConnection.logon(T4CConnection.java:1083)
	... 14 common frames omitted
Caused by: java.net.ConnectException: Connection timed out: no further information
	at java.base/sun.nio.ch.Net.pollConnect(Native Method)
	at java.base/sun.nio.ch.Net.pollConnectNow(Net.java:672)
	at java.base/sun.nio.ch.SocketChannelImpl.finishTimedConnect(SocketChannelImpl.java:1148)
	at java.base/sun.nio.ch.SocketChannelImpl.blockingConnect(SocketChannelImpl.java:1183)
	at java.base/sun.nio.ch.SocketAdaptor.connect(SocketAdaptor.java:98)
	at oracle.net.nt.TimeoutSocketChannel.doConnect(TimeoutSocketChannel.java:291)
	at oracle.net.nt.TimeoutSocketChannel.initializeSocketChannel(TimeoutSocketChannel.java:271)
	at oracle.net.nt.TimeoutSocketChannel.connect(TimeoutSocketChannel.java:238)
	at oracle.net.nt.TimeoutSocketChannel.<init>(TimeoutSocketChannel.java:205)
	at oracle.net.nt.TcpNTAdapter.establishSocket(TcpNTAdapter.java:339)
	... 23 common frames omitted
2026-04-09 08:20:56.142 WARN  [HikariPool-1:connection-adder] com.zaxxer.hikari.pool.PoolBase - HikariPool-1 - Pool is empty, failed to create/setup connection (79e8876e-5555-4ab2-9e0d-371db6811e4c)
java.sql.SQLException: ORA-12541: Cannot connect. No listener at host rac-cluster-scan.txuyen.local port 1521. (CONNECTION_ID=PWYVulHkR/agTi070ZHOQA==)
https://docs.oracle.com/error-help/db/ora-12541/
	at oracle.jdbc.driver.T4CConnection.handleLogonNetException(T4CConnection.java:1853)
	at oracle.jdbc.driver.T4CConnection.logon(T4CConnection.java:1204)
	at oracle.jdbc.driver.PhysicalConnection.connect(PhysicalConnection.java:1189)
	at oracle.jdbc.driver.T4CDriverExtension.getConnection(T4CDriverExtension.java:106)
	at oracle.jdbc.driver.OracleDriver.connect(OracleDriver.java:887)
	at oracle.jdbc.driver.OracleDriver.connect(OracleDriver.java:694)
	at com.zaxxer.hikari.util.DriverDataSource.getConnection(DriverDataSource.java:139)
	at com.zaxxer.hikari.pool.PoolBase.newConnection(PoolBase.java:368)
	at com.zaxxer.hikari.pool.PoolBase.newPoolEntry(PoolBase.java:205)
	at com.zaxxer.hikari.pool.HikariPool.createPoolEntry(HikariPool.java:483)
	at com.zaxxer.hikari.pool.HikariPool$PoolEntryCreator.call(HikariPool.java:747)
	at com.zaxxer.hikari.pool.HikariPool$PoolEntryCreator.call(HikariPool.java:726)
	at java.base/java.util.concurrent.FutureTask.run(FutureTask.java:264)
	at java.base/java.util.concurrent.ThreadPoolExecutor.runWorker(ThreadPoolExecutor.java:1136)
	at java.base/java.util.concurrent.ThreadPoolExecutor$Worker.run(ThreadPoolExecutor.java:635)
	at java.base/java.lang.Thread.run(Thread.java:833)
Caused by: oracle.net.ns.NetException: ORA-12541: Cannot connect. No listener at host rac-cluster-scan.txuyen.local port 1521. (CONNECTION_ID=PWYVulHkR/agTi070ZHOQA==)
https://docs.oracle.com/error-help/db/ora-12541/
	at oracle.net.nt.TcpNTAdapter.handleEstablishSocketException(TcpNTAdapter.java:418)
	at oracle.net.nt.TcpNTAdapter.establishSocket(TcpNTAdapter.java:350)
	at oracle.net.nt.TcpNTAdapter.connect(TcpNTAdapter.java:228)
	at oracle.net.nt.ConnOption.connect(ConnOption.java:346)
	at oracle.net.nt.ConnStrategy.executeConnOption(ConnStrategy.java:1252)
	at oracle.net.nt.ConnStrategy.execute(ConnStrategy.java:778)
	at oracle.net.resolver.AddrResolution.resolveAndExecute(AddrResolution.java:718)
	at oracle.net.ns.NSProtocol.establishConnection(NSProtocol.java:960)
	at oracle.net.ns.NSProtocol.connect(NSProtocol.java:329)
	at oracle.jdbc.driver.T4CConnection.connectNetworkSessionProtocol(T4CConnection.java:3684)
	at oracle.jdbc.driver.T4CConnection.logon(T4CConnection.java:1083)
	... 14 common frames omitted
Caused by: java.net.ConnectException: Connection timed out: no further information
	at java.base/sun.nio.ch.Net.pollConnect(Native Method)
	at java.base/sun.nio.ch.Net.pollConnectNow(Net.java:672)
	at java.base/sun.nio.ch.SocketChannelImpl.finishTimedConnect(SocketChannelImpl.java:1148)
	at java.base/sun.nio.ch.SocketChannelImpl.blockingConnect(SocketChannelImpl.java:1183)
	at java.base/sun.nio.ch.SocketAdaptor.connect(SocketAdaptor.java:98)
	at oracle.net.nt.TimeoutSocketChannel.doConnect(TimeoutSocketChannel.java:291)
	at oracle.net.nt.TimeoutSocketChannel.initializeSocketChannel(TimeoutSocketChannel.java:271)
	at oracle.net.nt.TimeoutSocketChannel.connect(TimeoutSocketChannel.java:238)
	at oracle.net.nt.TimeoutSocketChannel.<init>(TimeoutSocketChannel.java:205)
	at oracle.net.nt.TcpNTAdapter.establishSocket(TcpNTAdapter.java:339)
	... 23 common frames omitted
2026-04-09 08:22:14.276 WARN  [HikariPool-1:connection-adder] com.zaxxer.hikari.pool.PoolBase - HikariPool-1 - Pool is empty, failed to create/setup connection (84410428-e784-4681-9a3f-acefb10503a3)
java.sql.SQLException: ORA-12541: Cannot connect. No listener at host rac-cluster-scan.txuyen.local port 1521. (CONNECTION_ID=rsmOrlCBQj++pAxqkEEF2Q==)
https://docs.oracle.com/error-help/db/ora-12541/
	at oracle.jdbc.driver.T4CConnection.handleLogonNetException(T4CConnection.java:1853)
	at oracle.jdbc.driver.T4CConnection.logon(T4CConnection.java:1204)
	at oracle.jdbc.driver.PhysicalConnection.connect(PhysicalConnection.java:1189)
	at oracle.jdbc.driver.T4CDriverExtension.getConnection(T4CDriverExtension.java:106)
	at oracle.jdbc.driver.OracleDriver.connect(OracleDriver.java:887)
	at oracle.jdbc.driver.OracleDriver.connect(OracleDriver.java:694)
	at com.zaxxer.hikari.util.DriverDataSource.getConnection(DriverDataSource.java:139)
	at com.zaxxer.hikari.pool.PoolBase.newConnection(PoolBase.java:368)
	at com.zaxxer.hikari.pool.PoolBase.newPoolEntry(PoolBase.java:205)
	at com.zaxxer.hikari.pool.HikariPool.createPoolEntry(HikariPool.java:483)
	at com.zaxxer.hikari.pool.HikariPool$PoolEntryCreator.call(HikariPool.java:747)
	at com.zaxxer.hikari.pool.HikariPool$PoolEntryCreator.call(HikariPool.java:726)
	at java.base/java.util.concurrent.FutureTask.run(FutureTask.java:264)
	at java.base/java.util.concurrent.ThreadPoolExecutor.runWorker(ThreadPoolExecutor.java:1136)
	at java.base/java.util.concurrent.ThreadPoolExecutor$Worker.run(ThreadPoolExecutor.java:635)
	at java.base/java.lang.Thread.run(Thread.java:833)
Caused by: oracle.net.ns.NetException: ORA-12541: Cannot connect. No listener at host rac-cluster-scan.txuyen.local port 1521. (CONNECTION_ID=rsmOrlCBQj++pAxqkEEF2Q==)
https://docs.oracle.com/error-help/db/ora-12541/
	at oracle.net.nt.TcpNTAdapter.handleEstablishSocketException(TcpNTAdapter.java:418)
	at oracle.net.nt.TcpNTAdapter.establishSocket(TcpNTAdapter.java:350)
	at oracle.net.nt.TcpNTAdapter.connect(TcpNTAdapter.java:228)
	at oracle.net.nt.ConnOption.connect(ConnOption.java:346)
	at oracle.net.nt.ConnStrategy.executeConnOption(ConnStrategy.java:1252)
	at oracle.net.nt.ConnStrategy.execute(ConnStrategy.java:778)
	at oracle.net.resolver.AddrResolution.resolveAndExecute(AddrResolution.java:718)
	at oracle.net.ns.NSProtocol.establishConnection(NSProtocol.java:960)
	at oracle.net.ns.NSProtocol.connect(NSProtocol.java:329)
	at oracle.jdbc.driver.T4CConnection.connectNetworkSessionProtocol(T4CConnection.java:3684)
	at oracle.jdbc.driver.T4CConnection.logon(T4CConnection.java:1083)
	... 14 common frames omitted
Caused by: java.net.ConnectException: Connection timed out: no further information
	at java.base/sun.nio.ch.Net.pollConnect(Native Method)
	at java.base/sun.nio.ch.Net.pollConnectNow(Net.java:672)
	at java.base/sun.nio.ch.SocketChannelImpl.finishTimedConnect(SocketChannelImpl.java:1148)
	at java.base/sun.nio.ch.SocketChannelImpl.blockingConnect(SocketChannelImpl.java:1183)
	at java.base/sun.nio.ch.SocketAdaptor.connect(SocketAdaptor.java:98)
	at oracle.net.nt.TimeoutSocketChannel.doConnect(TimeoutSocketChannel.java:291)
	at oracle.net.nt.TimeoutSocketChannel.initializeSocketChannel(TimeoutSocketChannel.java:271)
	at oracle.net.nt.TimeoutSocketChannel.connect(TimeoutSocketChannel.java:238)
	at oracle.net.nt.TimeoutSocketChannel.<init>(TimeoutSocketChannel.java:205)
	at oracle.net.nt.TcpNTAdapter.establishSocket(TcpNTAdapter.java:339)
	... 23 common frames omitted
2026-04-09 08:23:32.500 WARN  [HikariPool-1:connection-adder] com.zaxxer.hikari.pool.PoolBase - HikariPool-1 - Pool is empty, failed to create/setup connection (5eb6d662-d159-48d7-89e9-0afca39bbd53)
java.sql.SQLException: ORA-12541: Cannot connect. No listener at host rac-cluster-scan.txuyen.local port 1521. (CONNECTION_ID=9IFOd/rhRoKLyu9YbhBBmA==)
https://docs.oracle.com/error-help/db/ora-12541/
	at oracle.jdbc.driver.T4CConnection.handleLogonNetException(T4CConnection.java:1853)
	at oracle.jdbc.driver.T4CConnection.logon(T4CConnection.java:1204)
	at oracle.jdbc.driver.PhysicalConnection.connect(PhysicalConnection.java:1189)
	at oracle.jdbc.driver.T4CDriverExtension.getConnection(T4CDriverExtension.java:106)
	at oracle.jdbc.driver.OracleDriver.connect(OracleDriver.java:887)
	at oracle.jdbc.driver.OracleDriver.connect(OracleDriver.java:694)
	at com.zaxxer.hikari.util.DriverDataSource.getConnection(DriverDataSource.java:139)
	at com.zaxxer.hikari.pool.PoolBase.newConnection(PoolBase.java:368)
	at com.zaxxer.hikari.pool.PoolBase.newPoolEntry(PoolBase.java:205)
	at com.zaxxer.hikari.pool.HikariPool.createPoolEntry(HikariPool.java:483)
	at com.zaxxer.hikari.pool.HikariPool$PoolEntryCreator.call(HikariPool.java:747)
	at com.zaxxer.hikari.pool.HikariPool$PoolEntryCreator.call(HikariPool.java:726)
	at java.base/java.util.concurrent.FutureTask.run(FutureTask.java:264)
	at java.base/java.util.concurrent.ThreadPoolExecutor.runWorker(ThreadPoolExecutor.java:1136)
	at java.base/java.util.concurrent.ThreadPoolExecutor$Worker.run(ThreadPoolExecutor.java:635)
	at java.base/java.lang.Thread.run(Thread.java:833)
Caused by: oracle.net.ns.NetException: ORA-12541: Cannot connect. No listener at host rac-cluster-scan.txuyen.local port 1521. (CONNECTION_ID=9IFOd/rhRoKLyu9YbhBBmA==)
https://docs.oracle.com/error-help/db/ora-12541/
	at oracle.net.nt.TcpNTAdapter.handleEstablishSocketException(TcpNTAdapter.java:418)
	at oracle.net.nt.TcpNTAdapter.establishSocket(TcpNTAdapter.java:350)
	at oracle.net.nt.TcpNTAdapter.connect(TcpNTAdapter.java:228)
	at oracle.net.nt.ConnOption.connect(ConnOption.java:346)
	at oracle.net.nt.ConnStrategy.executeConnOption(ConnStrategy.java:1252)
	at oracle.net.nt.ConnStrategy.execute(ConnStrategy.java:778)
	at oracle.net.resolver.AddrResolution.resolveAndExecute(AddrResolution.java:718)
	at oracle.net.ns.NSProtocol.establishConnection(NSProtocol.java:960)
	at oracle.net.ns.NSProtocol.connect(NSProtocol.java:329)
	at oracle.jdbc.driver.T4CConnection.connectNetworkSessionProtocol(T4CConnection.java:3684)
	at oracle.jdbc.driver.T4CConnection.logon(T4CConnection.java:1083)
	... 14 common frames omitted
Caused by: java.net.ConnectException: Connection timed out: no further information
	at java.base/sun.nio.ch.Net.pollConnect(Native Method)
	at java.base/sun.nio.ch.Net.pollConnectNow(Net.java:672)
	at java.base/sun.nio.ch.SocketChannelImpl.finishTimedConnect(SocketChannelImpl.java:1148)
	at java.base/sun.nio.ch.SocketChannelImpl.blockingConnect(SocketChannelImpl.java:1183)
	at java.base/sun.nio.ch.SocketAdaptor.connect(SocketAdaptor.java:98)
	at oracle.net.nt.TimeoutSocketChannel.doConnect(TimeoutSocketChannel.java:291)
	at oracle.net.nt.TimeoutSocketChannel.initializeSocketChannel(TimeoutSocketChannel.java:271)
	at oracle.net.nt.TimeoutSocketChannel.connect(TimeoutSocketChannel.java:238)
	at oracle.net.nt.TimeoutSocketChannel.<init>(TimeoutSocketChannel.java:205)
	at oracle.net.nt.TcpNTAdapter.establishSocket(TcpNTAdapter.java:339)
	... 23 common frames omitted
2026-04-09 08:24:50.673 WARN  [HikariPool-1:connection-adder] com.zaxxer.hikari.pool.PoolBase - HikariPool-1 - Pool is empty, failed to create/setup connection (5de76c78-f4e0-4d95-88ad-27ee1b91aaf4)
java.sql.SQLException: ORA-12541: Cannot connect. No listener at host rac-cluster-scan.txuyen.local port 1521. (CONNECTION_ID=0YHKLEm9Qx6XYPlBpT441A==)
https://docs.oracle.com/error-help/db/ora-12541/
	at oracle.jdbc.driver.T4CConnection.handleLogonNetException(T4CConnection.java:1853)
	at oracle.jdbc.driver.T4CConnection.logon(T4CConnection.java:1204)
	at oracle.jdbc.driver.PhysicalConnection.connect(PhysicalConnection.java:1189)
	at oracle.jdbc.driver.T4CDriverExtension.getConnection(T4CDriverExtension.java:106)
	at oracle.jdbc.driver.OracleDriver.connect(OracleDriver.java:887)
	at oracle.jdbc.driver.OracleDriver.connect(OracleDriver.java:694)
	at com.zaxxer.hikari.util.DriverDataSource.getConnection(DriverDataSource.java:139)
	at com.zaxxer.hikari.pool.PoolBase.newConnection(PoolBase.java:368)
	at com.zaxxer.hikari.pool.PoolBase.newPoolEntry(PoolBase.java:205)
	at com.zaxxer.hikari.pool.HikariPool.createPoolEntry(HikariPool.java:483)
	at com.zaxxer.hikari.pool.HikariPool$PoolEntryCreator.call(HikariPool.java:747)
	at com.zaxxer.hikari.pool.HikariPool$PoolEntryCreator.call(HikariPool.java:726)
	at java.base/java.util.concurrent.FutureTask.run(FutureTask.java:264)
	at java.base/java.util.concurrent.ThreadPoolExecutor.runWorker(ThreadPoolExecutor.java:1136)
	at java.base/java.util.concurrent.ThreadPoolExecutor$Worker.run(ThreadPoolExecutor.java:635)
	at java.base/java.lang.Thread.run(Thread.java:833)
Caused by: oracle.net.ns.NetException: ORA-12541: Cannot connect. No listener at host rac-cluster-scan.txuyen.local port 1521. (CONNECTION_ID=0YHKLEm9Qx6XYPlBpT441A==)
https://docs.oracle.com/error-help/db/ora-12541/
	at oracle.net.nt.TcpNTAdapter.handleEstablishSocketException(TcpNTAdapter.java:418)
	at oracle.net.nt.TcpNTAdapter.establishSocket(TcpNTAdapter.java:350)
	at oracle.net.nt.TcpNTAdapter.connect(TcpNTAdapter.java:228)
	at oracle.net.nt.ConnOption.connect(ConnOption.java:346)
	at oracle.net.nt.ConnStrategy.executeConnOption(ConnStrategy.java:1252)
	at oracle.net.nt.ConnStrategy.execute(ConnStrategy.java:778)
	at oracle.net.resolver.AddrResolution.resolveAndExecute(AddrResolution.java:718)
	at oracle.net.ns.NSProtocol.establishConnection(NSProtocol.java:960)
	at oracle.net.ns.NSProtocol.connect(NSProtocol.java:329)
	at oracle.jdbc.driver.T4CConnection.connectNetworkSessionProtocol(T4CConnection.java:3684)
	at oracle.jdbc.driver.T4CConnection.logon(T4CConnection.java:1083)
	... 14 common frames omitted
Caused by: java.net.ConnectException: Connection timed out: no further information
	at java.base/sun.nio.ch.Net.pollConnect(Native Method)
	at java.base/sun.nio.ch.Net.pollConnectNow(Net.java:672)
	at java.base/sun.nio.ch.SocketChannelImpl.finishTimedConnect(SocketChannelImpl.java:1148)
	at java.base/sun.nio.ch.SocketChannelImpl.blockingConnect(SocketChannelImpl.java:1183)
	at java.base/sun.nio.ch.SocketAdaptor.connect(SocketAdaptor.java:98)
	at oracle.net.nt.TimeoutSocketChannel.doConnect(TimeoutSocketChannel.java:291)
	at oracle.net.nt.TimeoutSocketChannel.initializeSocketChannel(TimeoutSocketChannel.java:271)
	at oracle.net.nt.TimeoutSocketChannel.connect(TimeoutSocketChannel.java:238)
	at oracle.net.nt.TimeoutSocketChannel.<init>(TimeoutSocketChannel.java:205)
	at oracle.net.nt.TcpNTAdapter.establishSocket(TcpNTAdapter.java:339)
	... 23 common frames omitted
2026-04-09 08:26:08.831 WARN  [HikariPool-1:connection-adder] com.zaxxer.hikari.pool.PoolBase - HikariPool-1 - Pool is empty, failed to create/setup connection (38a9796c-0621-4d75-a9be-c6ee8f45dd34)
java.sql.SQLException: ORA-12541: Cannot connect. No listener at host rac-cluster-scan.txuyen.local port 1521. (CONNECTION_ID=hcYG8OaOTQWiiJhQAkcVHQ==)
https://docs.oracle.com/error-help/db/ora-12541/
	at oracle.jdbc.driver.T4CConnection.handleLogonNetException(T4CConnection.java:1853)
	at oracle.jdbc.driver.T4CConnection.logon(T4CConnection.java:1204)
	at oracle.jdbc.driver.PhysicalConnection.connect(PhysicalConnection.java:1189)
	at oracle.jdbc.driver.T4CDriverExtension.getConnection(T4CDriverExtension.java:106)
	at oracle.jdbc.driver.OracleDriver.connect(OracleDriver.java:887)
	at oracle.jdbc.driver.OracleDriver.connect(OracleDriver.java:694)
	at com.zaxxer.hikari.util.DriverDataSource.getConnection(DriverDataSource.java:139)
	at com.zaxxer.hikari.pool.PoolBase.newConnection(PoolBase.java:368)
	at com.zaxxer.hikari.pool.PoolBase.newPoolEntry(PoolBase.java:205)
	at com.zaxxer.hikari.pool.HikariPool.createPoolEntry(HikariPool.java:483)
	at com.zaxxer.hikari.pool.HikariPool$PoolEntryCreator.call(HikariPool.java:747)
	at com.zaxxer.hikari.pool.HikariPool$PoolEntryCreator.call(HikariPool.java:726)
	at java.base/java.util.concurrent.FutureTask.run(FutureTask.java:264)
	at java.base/java.util.concurrent.ThreadPoolExecutor.runWorker(ThreadPoolExecutor.java:1136)
	at java.base/java.util.concurrent.ThreadPoolExecutor$Worker.run(ThreadPoolExecutor.java:635)
	at java.base/java.lang.Thread.run(Thread.java:833)
Caused by: oracle.net.ns.NetException: ORA-12541: Cannot connect. No listener at host rac-cluster-scan.txuyen.local port 1521. (CONNECTION_ID=hcYG8OaOTQWiiJhQAkcVHQ==)
https://docs.oracle.com/error-help/db/ora-12541/
	at oracle.net.nt.TcpNTAdapter.handleEstablishSocketException(TcpNTAdapter.java:418)
	at oracle.net.nt.TcpNTAdapter.establishSocket(TcpNTAdapter.java:350)
	at oracle.net.nt.TcpNTAdapter.connect(TcpNTAdapter.java:228)
	at oracle.net.nt.ConnOption.connect(ConnOption.java:346)
	at oracle.net.nt.ConnStrategy.executeConnOption(ConnStrategy.java:1252)
	at oracle.net.nt.ConnStrategy.execute(ConnStrategy.java:778)
	at oracle.net.resolver.AddrResolution.resolveAndExecute(AddrResolution.java:718)
	at oracle.net.ns.NSProtocol.establishConnection(NSProtocol.java:960)
	at oracle.net.ns.NSProtocol.connect(NSProtocol.java:329)
	at oracle.jdbc.driver.T4CConnection.connectNetworkSessionProtocol(T4CConnection.java:3684)
	at oracle.jdbc.driver.T4CConnection.logon(T4CConnection.java:1083)
	... 14 common frames omitted
Caused by: java.net.ConnectException: Connection timed out: no further information
	at java.base/sun.nio.ch.Net.pollConnect(Native Method)
	at java.base/sun.nio.ch.Net.pollConnectNow(Net.java:672)
	at java.base/sun.nio.ch.SocketChannelImpl.finishTimedConnect(SocketChannelImpl.java:1148)
	at java.base/sun.nio.ch.SocketChannelImpl.blockingConnect(SocketChannelImpl.java:1183)
	at java.base/sun.nio.ch.SocketAdaptor.connect(SocketAdaptor.java:98)
	at oracle.net.nt.TimeoutSocketChannel.doConnect(TimeoutSocketChannel.java:291)
	at oracle.net.nt.TimeoutSocketChannel.initializeSocketChannel(TimeoutSocketChannel.java:271)
	at oracle.net.nt.TimeoutSocketChannel.connect(TimeoutSocketChannel.java:238)
	at oracle.net.nt.TimeoutSocketChannel.<init>(TimeoutSocketChannel.java:205)
	at oracle.net.nt.TcpNTAdapter.establishSocket(TcpNTAdapter.java:339)
	... 23 common frames omitted
2026-04-09 08:27:27.030 WARN  [HikariPool-1:connection-adder] com.zaxxer.hikari.pool.PoolBase - HikariPool-1 - Pool is empty, failed to create/setup connection (38b2d001-5ddf-4f09-9fd3-b517f000c4de)
java.sql.SQLException: ORA-12541: Cannot connect. No listener at host rac-cluster-scan.txuyen.local port 1521. (CONNECTION_ID=nE1akNOdRiWjax+6e+7pzA==)
https://docs.oracle.com/error-help/db/ora-12541/
	at oracle.jdbc.driver.T4CConnection.handleLogonNetException(T4CConnection.java:1853)
	at oracle.jdbc.driver.T4CConnection.logon(T4CConnection.java:1204)
	at oracle.jdbc.driver.PhysicalConnection.connect(PhysicalConnection.java:1189)
	at oracle.jdbc.driver.T4CDriverExtension.getConnection(T4CDriverExtension.java:106)
	at oracle.jdbc.driver.OracleDriver.connect(OracleDriver.java:887)
	at oracle.jdbc.driver.OracleDriver.connect(OracleDriver.java:694)
	at com.zaxxer.hikari.util.DriverDataSource.getConnection(DriverDataSource.java:139)
	at com.zaxxer.hikari.pool.PoolBase.newConnection(PoolBase.java:368)
	at com.zaxxer.hikari.pool.PoolBase.newPoolEntry(PoolBase.java:205)
	at com.zaxxer.hikari.pool.HikariPool.createPoolEntry(HikariPool.java:483)
	at com.zaxxer.hikari.pool.HikariPool$PoolEntryCreator.call(HikariPool.java:747)
	at com.zaxxer.hikari.pool.HikariPool$PoolEntryCreator.call(HikariPool.java:726)
	at java.base/java.util.concurrent.FutureTask.run(FutureTask.java:264)
	at java.base/java.util.concurrent.ThreadPoolExecutor.runWorker(ThreadPoolExecutor.java:1136)
	at java.base/java.util.concurrent.ThreadPoolExecutor$Worker.run(ThreadPoolExecutor.java:635)
	at java.base/java.lang.Thread.run(Thread.java:833)
Caused by: oracle.net.ns.NetException: ORA-12541: Cannot connect. No listener at host rac-cluster-scan.txuyen.local port 1521. (CONNECTION_ID=nE1akNOdRiWjax+6e+7pzA==)
https://docs.oracle.com/error-help/db/ora-12541/
	at oracle.net.nt.TcpNTAdapter.handleEstablishSocketException(TcpNTAdapter.java:418)
	at oracle.net.nt.TcpNTAdapter.establishSocket(TcpNTAdapter.java:350)
	at oracle.net.nt.TcpNTAdapter.connect(TcpNTAdapter.java:228)
	at oracle.net.nt.ConnOption.connect(ConnOption.java:346)
	at oracle.net.nt.ConnStrategy.executeConnOption(ConnStrategy.java:1252)
	at oracle.net.nt.ConnStrategy.execute(ConnStrategy.java:778)
	at oracle.net.resolver.AddrResolution.resolveAndExecute(AddrResolution.java:718)
	at oracle.net.ns.NSProtocol.establishConnection(NSProtocol.java:960)
	at oracle.net.ns.NSProtocol.connect(NSProtocol.java:329)
	at oracle.jdbc.driver.T4CConnection.connectNetworkSessionProtocol(T4CConnection.java:3684)
	at oracle.jdbc.driver.T4CConnection.logon(T4CConnection.java:1083)
	... 14 common frames omitted
Caused by: java.net.ConnectException: Connection timed out: no further information
	at java.base/sun.nio.ch.Net.pollConnect(Native Method)
	at java.base/sun.nio.ch.Net.pollConnectNow(Net.java:672)
	at java.base/sun.nio.ch.SocketChannelImpl.finishTimedConnect(SocketChannelImpl.java:1148)
	at java.base/sun.nio.ch.SocketChannelImpl.blockingConnect(SocketChannelImpl.java:1183)
	at java.base/sun.nio.ch.SocketAdaptor.connect(SocketAdaptor.java:98)
	at oracle.net.nt.TimeoutSocketChannel.doConnect(TimeoutSocketChannel.java:291)
	at oracle.net.nt.TimeoutSocketChannel.initializeSocketChannel(TimeoutSocketChannel.java:271)
	at oracle.net.nt.TimeoutSocketChannel.connect(TimeoutSocketChannel.java:238)
	at oracle.net.nt.TimeoutSocketChannel.<init>(TimeoutSocketChannel.java:205)
	at oracle.net.nt.TcpNTAdapter.establishSocket(TcpNTAdapter.java:339)
	... 23 common frames omitted
2026-04-09 08:28:45.203 WARN  [HikariPool-1:connection-adder] com.zaxxer.hikari.pool.PoolBase - HikariPool-1 - Pool is empty, failed to create/setup connection (d6344d0f-1d7a-4271-bd28-26cd26d73f1e)
java.sql.SQLException: ORA-12541: Cannot connect. No listener at host rac-cluster-scan.txuyen.local port 1521. (CONNECTION_ID=Gb3JIxcGT6SLp3ltamvnPQ==)
https://docs.oracle.com/error-help/db/ora-12541/
	at oracle.jdbc.driver.T4CConnection.handleLogonNetException(T4CConnection.java:1853)
	at oracle.jdbc.driver.T4CConnection.logon(T4CConnection.java:1204)
	at oracle.jdbc.driver.PhysicalConnection.connect(PhysicalConnection.java:1189)
	at oracle.jdbc.driver.T4CDriverExtension.getConnection(T4CDriverExtension.java:106)
	at oracle.jdbc.driver.OracleDriver.connect(OracleDriver.java:887)
	at oracle.jdbc.driver.OracleDriver.connect(OracleDriver.java:694)
	at com.zaxxer.hikari.util.DriverDataSource.getConnection(DriverDataSource.java:139)
	at com.zaxxer.hikari.pool.PoolBase.newConnection(PoolBase.java:368)
	at com.zaxxer.hikari.pool.PoolBase.newPoolEntry(PoolBase.java:205)
	at com.zaxxer.hikari.pool.HikariPool.createPoolEntry(HikariPool.java:483)
	at com.zaxxer.hikari.pool.HikariPool$PoolEntryCreator.call(HikariPool.java:747)
	at com.zaxxer.hikari.pool.HikariPool$PoolEntryCreator.call(HikariPool.java:726)
	at java.base/java.util.concurrent.FutureTask.run(FutureTask.java:264)
	at java.base/java.util.concurrent.ThreadPoolExecutor.runWorker(ThreadPoolExecutor.java:1136)
	at java.base/java.util.concurrent.ThreadPoolExecutor$Worker.run(ThreadPoolExecutor.java:635)
	at java.base/java.lang.Thread.run(Thread.java:833)
Caused by: oracle.net.ns.NetException: ORA-12541: Cannot connect. No listener at host rac-cluster-scan.txuyen.local port 1521. (CONNECTION_ID=Gb3JIxcGT6SLp3ltamvnPQ==)
https://docs.oracle.com/error-help/db/ora-12541/
	at oracle.net.nt.TcpNTAdapter.handleEstablishSocketException(TcpNTAdapter.java:418)
	at oracle.net.nt.TcpNTAdapter.establishSocket(TcpNTAdapter.java:350)
	at oracle.net.nt.TcpNTAdapter.connect(TcpNTAdapter.java:228)
	at oracle.net.nt.ConnOption.connect(ConnOption.java:346)
	at oracle.net.nt.ConnStrategy.executeConnOption(ConnStrategy.java:1252)
	at oracle.net.nt.ConnStrategy.execute(ConnStrategy.java:778)
	at oracle.net.resolver.AddrResolution.resolveAndExecute(AddrResolution.java:718)
	at oracle.net.ns.NSProtocol.establishConnection(NSProtocol.java:960)
	at oracle.net.ns.NSProtocol.connect(NSProtocol.java:329)
	at oracle.jdbc.driver.T4CConnection.connectNetworkSessionProtocol(T4CConnection.java:3684)
	at oracle.jdbc.driver.T4CConnection.logon(T4CConnection.java:1083)
	... 14 common frames omitted
Caused by: java.net.ConnectException: Connection timed out: no further information
	at java.base/sun.nio.ch.Net.pollConnect(Native Method)
	at java.base/sun.nio.ch.Net.pollConnectNow(Net.java:672)
	at java.base/sun.nio.ch.SocketChannelImpl.finishTimedConnect(SocketChannelImpl.java:1148)
	at java.base/sun.nio.ch.SocketChannelImpl.blockingConnect(SocketChannelImpl.java:1183)
	at java.base/sun.nio.ch.SocketAdaptor.connect(SocketAdaptor.java:98)
	at oracle.net.nt.TimeoutSocketChannel.doConnect(TimeoutSocketChannel.java:291)
	at oracle.net.nt.TimeoutSocketChannel.initializeSocketChannel(TimeoutSocketChannel.java:271)
	at oracle.net.nt.TimeoutSocketChannel.connect(TimeoutSocketChannel.java:238)
	at oracle.net.nt.TimeoutSocketChannel.<init>(TimeoutSocketChannel.java:205)
	at oracle.net.nt.TcpNTAdapter.establishSocket(TcpNTAdapter.java:339)
	... 23 common frames omitted
2026-04-09 08:30:03.359 WARN  [HikariPool-1:connection-adder] com.zaxxer.hikari.pool.PoolBase - HikariPool-1 - Pool is empty, failed to create/setup connection (04c21c84-132a-4b71-ada5-9fc8f3d0bf73)
java.sql.SQLException: ORA-12541: Cannot connect. No listener at host rac-cluster-scan.txuyen.local port 1521. (CONNECTION_ID=PK9Rt2hlSmWiTUAg8YLnFg==)
https://docs.oracle.com/error-help/db/ora-12541/
	at oracle.jdbc.driver.T4CConnection.handleLogonNetException(T4CConnection.java:1853)
	at oracle.jdbc.driver.T4CConnection.logon(T4CConnection.java:1204)
	at oracle.jdbc.driver.PhysicalConnection.connect(PhysicalConnection.java:1189)
	at oracle.jdbc.driver.T4CDriverExtension.getConnection(T4CDriverExtension.java:106)
	at oracle.jdbc.driver.OracleDriver.connect(OracleDriver.java:887)
	at oracle.jdbc.driver.OracleDriver.connect(OracleDriver.java:694)
	at com.zaxxer.hikari.util.DriverDataSource.getConnection(DriverDataSource.java:139)
	at com.zaxxer.hikari.pool.PoolBase.newConnection(PoolBase.java:368)
	at com.zaxxer.hikari.pool.PoolBase.newPoolEntry(PoolBase.java:205)
	at com.zaxxer.hikari.pool.HikariPool.createPoolEntry(HikariPool.java:483)
	at com.zaxxer.hikari.pool.HikariPool$PoolEntryCreator.call(HikariPool.java:747)
	at com.zaxxer.hikari.pool.HikariPool$PoolEntryCreator.call(HikariPool.java:726)
	at java.base/java.util.concurrent.FutureTask.run(FutureTask.java:264)
	at java.base/java.util.concurrent.ThreadPoolExecutor.runWorker(ThreadPoolExecutor.java:1136)
	at java.base/java.util.concurrent.ThreadPoolExecutor$Worker.run(ThreadPoolExecutor.java:635)
	at java.base/java.lang.Thread.run(Thread.java:833)
Caused by: oracle.net.ns.NetException: ORA-12541: Cannot connect. No listener at host rac-cluster-scan.txuyen.local port 1521. (CONNECTION_ID=PK9Rt2hlSmWiTUAg8YLnFg==)
https://docs.oracle.com/error-help/db/ora-12541/
	at oracle.net.nt.TcpNTAdapter.handleEstablishSocketException(TcpNTAdapter.java:418)
	at oracle.net.nt.TcpNTAdapter.establishSocket(TcpNTAdapter.java:350)
	at oracle.net.nt.TcpNTAdapter.connect(TcpNTAdapter.java:228)
	at oracle.net.nt.ConnOption.connect(ConnOption.java:346)
	at oracle.net.nt.ConnStrategy.executeConnOption(ConnStrategy.java:1252)
	at oracle.net.nt.ConnStrategy.execute(ConnStrategy.java:778)
	at oracle.net.resolver.AddrResolution.resolveAndExecute(AddrResolution.java:718)
	at oracle.net.ns.NSProtocol.establishConnection(NSProtocol.java:960)
	at oracle.net.ns.NSProtocol.connect(NSProtocol.java:329)
	at oracle.jdbc.driver.T4CConnection.connectNetworkSessionProtocol(T4CConnection.java:3684)
	at oracle.jdbc.driver.T4CConnection.logon(T4CConnection.java:1083)
	... 14 common frames omitted
Caused by: java.net.ConnectException: Connection timed out: no further information
	at java.base/sun.nio.ch.Net.pollConnect(Native Method)
	at java.base/sun.nio.ch.Net.pollConnectNow(Net.java:672)
	at java.base/sun.nio.ch.SocketChannelImpl.finishTimedConnect(SocketChannelImpl.java:1148)
	at java.base/sun.nio.ch.SocketChannelImpl.blockingConnect(SocketChannelImpl.java:1183)
	at java.base/sun.nio.ch.SocketAdaptor.connect(SocketAdaptor.java:98)
	at oracle.net.nt.TimeoutSocketChannel.doConnect(TimeoutSocketChannel.java:291)
	at oracle.net.nt.TimeoutSocketChannel.initializeSocketChannel(TimeoutSocketChannel.java:271)
	at oracle.net.nt.TimeoutSocketChannel.connect(TimeoutSocketChannel.java:238)
	at oracle.net.nt.TimeoutSocketChannel.<init>(TimeoutSocketChannel.java:205)
	at oracle.net.nt.TcpNTAdapter.establishSocket(TcpNTAdapter.java:339)
	... 23 common frames omitted
2026-04-09 08:31:21.564 WARN  [HikariPool-1:connection-adder] com.zaxxer.hikari.pool.PoolBase - HikariPool-1 - Pool is empty, failed to create/setup connection (a745f556-fc61-4922-8346-8f3a6cce56ba)
java.sql.SQLException: ORA-12541: Cannot connect. No listener at host rac-cluster-scan.txuyen.local port 1521. (CONNECTION_ID=vEi7HRt8TN6C6XMcJHZpvA==)
https://docs.oracle.com/error-help/db/ora-12541/
	at oracle.jdbc.driver.T4CConnection.handleLogonNetException(T4CConnection.java:1853)
	at oracle.jdbc.driver.T4CConnection.logon(T4CConnection.java:1204)
	at oracle.jdbc.driver.PhysicalConnection.connect(PhysicalConnection.java:1189)
	at oracle.jdbc.driver.T4CDriverExtension.getConnection(T4CDriverExtension.java:106)
	at oracle.jdbc.driver.OracleDriver.connect(OracleDriver.java:887)
	at oracle.jdbc.driver.OracleDriver.connect(OracleDriver.java:694)
	at com.zaxxer.hikari.util.DriverDataSource.getConnection(DriverDataSource.java:139)
	at com.zaxxer.hikari.pool.PoolBase.newConnection(PoolBase.java:368)
	at com.zaxxer.hikari.pool.PoolBase.newPoolEntry(PoolBase.java:205)
	at com.zaxxer.hikari.pool.HikariPool.createPoolEntry(HikariPool.java:483)
	at com.zaxxer.hikari.pool.HikariPool$PoolEntryCreator.call(HikariPool.java:747)
	at com.zaxxer.hikari.pool.HikariPool$PoolEntryCreator.call(HikariPool.java:726)
	at java.base/java.util.concurrent.FutureTask.run(FutureTask.java:264)
	at java.base/java.util.concurrent.ThreadPoolExecutor.runWorker(ThreadPoolExecutor.java:1136)
	at java.base/java.util.concurrent.ThreadPoolExecutor$Worker.run(ThreadPoolExecutor.java:635)
	at java.base/java.lang.Thread.run(Thread.java:833)
Caused by: oracle.net.ns.NetException: ORA-12541: Cannot connect. No listener at host rac-cluster-scan.txuyen.local port 1521. (CONNECTION_ID=vEi7HRt8TN6C6XMcJHZpvA==)
https://docs.oracle.com/error-help/db/ora-12541/
	at oracle.net.nt.TcpNTAdapter.handleEstablishSocketException(TcpNTAdapter.java:418)
	at oracle.net.nt.TcpNTAdapter.establishSocket(TcpNTAdapter.java:350)
	at oracle.net.nt.TcpNTAdapter.connect(TcpNTAdapter.java:228)
	at oracle.net.nt.ConnOption.connect(ConnOption.java:346)
	at oracle.net.nt.ConnStrategy.executeConnOption(ConnStrategy.java:1252)
	at oracle.net.nt.ConnStrategy.execute(ConnStrategy.java:778)
	at oracle.net.resolver.AddrResolution.resolveAndExecute(AddrResolution.java:718)
	at oracle.net.ns.NSProtocol.establishConnection(NSProtocol.java:960)
	at oracle.net.ns.NSProtocol.connect(NSProtocol.java:329)
	at oracle.jdbc.driver.T4CConnection.connectNetworkSessionProtocol(T4CConnection.java:3684)
	at oracle.jdbc.driver.T4CConnection.logon(T4CConnection.java:1083)
	... 14 common frames omitted
Caused by: java.net.ConnectException: Connection timed out: no further information
	at java.base/sun.nio.ch.Net.pollConnect(Native Method)
	at java.base/sun.nio.ch.Net.pollConnectNow(Net.java:672)
	at java.base/sun.nio.ch.SocketChannelImpl.finishTimedConnect(SocketChannelImpl.java:1148)
	at java.base/sun.nio.ch.SocketChannelImpl.blockingConnect(SocketChannelImpl.java:1183)
	at java.base/sun.nio.ch.SocketAdaptor.connect(SocketAdaptor.java:98)
	at oracle.net.nt.TimeoutSocketChannel.doConnect(TimeoutSocketChannel.java:291)
	at oracle.net.nt.TimeoutSocketChannel.initializeSocketChannel(TimeoutSocketChannel.java:271)
	at oracle.net.nt.TimeoutSocketChannel.connect(TimeoutSocketChannel.java:238)
	at oracle.net.nt.TimeoutSocketChannel.<init>(TimeoutSocketChannel.java:205)
	at oracle.net.nt.TcpNTAdapter.establishSocket(TcpNTAdapter.java:339)
	... 23 common frames omitted
2026-04-09 08:32:39.740 WARN  [HikariPool-1:connection-adder] com.zaxxer.hikari.pool.PoolBase - HikariPool-1 - Pool is empty, failed to create/setup connection (ecef6c74-e12b-4deb-9763-d7f7fb1cf96e)
java.sql.SQLException: ORA-12541: Cannot connect. No listener at host rac-cluster-scan.txuyen.local port 1521. (CONNECTION_ID=4m8wH76KTEKpm1rrDybWlg==)
https://docs.oracle.com/error-help/db/ora-12541/
	at oracle.jdbc.driver.T4CConnection.handleLogonNetException(T4CConnection.java:1853)
	at oracle.jdbc.driver.T4CConnection.logon(T4CConnection.java:1204)
	at oracle.jdbc.driver.PhysicalConnection.connect(PhysicalConnection.java:1189)
	at oracle.jdbc.driver.T4CDriverExtension.getConnection(T4CDriverExtension.java:106)
	at oracle.jdbc.driver.OracleDriver.connect(OracleDriver.java:887)
	at oracle.jdbc.driver.OracleDriver.connect(OracleDriver.java:694)
	at com.zaxxer.hikari.util.DriverDataSource.getConnection(DriverDataSource.java:139)
	at com.zaxxer.hikari.pool.PoolBase.newConnection(PoolBase.java:368)
	at com.zaxxer.hikari.pool.PoolBase.newPoolEntry(PoolBase.java:205)
	at com.zaxxer.hikari.pool.HikariPool.createPoolEntry(HikariPool.java:483)
	at com.zaxxer.hikari.pool.HikariPool$PoolEntryCreator.call(HikariPool.java:747)
	at com.zaxxer.hikari.pool.HikariPool$PoolEntryCreator.call(HikariPool.java:726)
	at java.base/java.util.concurrent.FutureTask.run(FutureTask.java:264)
	at java.base/java.util.concurrent.ThreadPoolExecutor.runWorker(ThreadPoolExecutor.java:1136)
	at java.base/java.util.concurrent.ThreadPoolExecutor$Worker.run(ThreadPoolExecutor.java:635)
	at java.base/java.lang.Thread.run(Thread.java:833)
Caused by: oracle.net.ns.NetException: ORA-12541: Cannot connect. No listener at host rac-cluster-scan.txuyen.local port 1521. (CONNECTION_ID=4m8wH76KTEKpm1rrDybWlg==)
https://docs.oracle.com/error-help/db/ora-12541/
	at oracle.net.nt.TcpNTAdapter.handleEstablishSocketException(TcpNTAdapter.java:418)
	at oracle.net.nt.TcpNTAdapter.establishSocket(TcpNTAdapter.java:350)
	at oracle.net.nt.TcpNTAdapter.connect(TcpNTAdapter.java:228)
	at oracle.net.nt.ConnOption.connect(ConnOption.java:346)
	at oracle.net.nt.ConnStrategy.executeConnOption(ConnStrategy.java:1252)
	at oracle.net.nt.ConnStrategy.execute(ConnStrategy.java:778)
	at oracle.net.resolver.AddrResolution.resolveAndExecute(AddrResolution.java:718)
	at oracle.net.ns.NSProtocol.establishConnection(NSProtocol.java:960)
	at oracle.net.ns.NSProtocol.connect(NSProtocol.java:329)
	at oracle.jdbc.driver.T4CConnection.connectNetworkSessionProtocol(T4CConnection.java:3684)
	at oracle.jdbc.driver.T4CConnection.logon(T4CConnection.java:1083)
	... 14 common frames omitted
Caused by: java.net.ConnectException: Connection timed out: no further information
	at java.base/sun.nio.ch.Net.pollConnect(Native Method)
	at java.base/sun.nio.ch.Net.pollConnectNow(Net.java:672)
	at java.base/sun.nio.ch.SocketChannelImpl.finishTimedConnect(SocketChannelImpl.java:1148)
	at java.base/sun.nio.ch.SocketChannelImpl.blockingConnect(SocketChannelImpl.java:1183)
	at java.base/sun.nio.ch.SocketAdaptor.connect(SocketAdaptor.java:98)
	at oracle.net.nt.TimeoutSocketChannel.doConnect(TimeoutSocketChannel.java:291)
	at oracle.net.nt.TimeoutSocketChannel.initializeSocketChannel(TimeoutSocketChannel.java:271)
	at oracle.net.nt.TimeoutSocketChannel.connect(TimeoutSocketChannel.java:238)
	at oracle.net.nt.TimeoutSocketChannel.<init>(TimeoutSocketChannel.java:205)
	at oracle.net.nt.TcpNTAdapter.establishSocket(TcpNTAdapter.java:339)
	... 23 common frames omitted
2026-04-09 08:33:57.926 WARN  [HikariPool-1:connection-adder] com.zaxxer.hikari.pool.PoolBase - HikariPool-1 - Pool is empty, failed to create/setup connection (7da0bc3f-3166-4cdf-acf0-20517aab06e9)
java.sql.SQLException: ORA-12541: Cannot connect. No listener at host rac-cluster-scan.txuyen.local port 1521. (CONNECTION_ID=kRzvak7IRcuXtnb9maSLEw==)
https://docs.oracle.com/error-help/db/ora-12541/
	at oracle.jdbc.driver.T4CConnection.handleLogonNetException(T4CConnection.java:1853)
	at oracle.jdbc.driver.T4CConnection.logon(T4CConnection.java:1204)
	at oracle.jdbc.driver.PhysicalConnection.connect(PhysicalConnection.java:1189)
	at oracle.jdbc.driver.T4CDriverExtension.getConnection(T4CDriverExtension.java:106)
	at oracle.jdbc.driver.OracleDriver.connect(OracleDriver.java:887)
	at oracle.jdbc.driver.OracleDriver.connect(OracleDriver.java:694)
	at com.zaxxer.hikari.util.DriverDataSource.getConnection(DriverDataSource.java:139)
	at com.zaxxer.hikari.pool.PoolBase.newConnection(PoolBase.java:368)
	at com.zaxxer.hikari.pool.PoolBase.newPoolEntry(PoolBase.java:205)
	at com.zaxxer.hikari.pool.HikariPool.createPoolEntry(HikariPool.java:483)
	at com.zaxxer.hikari.pool.HikariPool$PoolEntryCreator.call(HikariPool.java:747)
	at com.zaxxer.hikari.pool.HikariPool$PoolEntryCreator.call(HikariPool.java:726)
	at java.base/java.util.concurrent.FutureTask.run(FutureTask.java:264)
	at java.base/java.util.concurrent.ThreadPoolExecutor.runWorker(ThreadPoolExecutor.java:1136)
	at java.base/java.util.concurrent.ThreadPoolExecutor$Worker.run(ThreadPoolExecutor.java:635)
	at java.base/java.lang.Thread.run(Thread.java:833)
Caused by: oracle.net.ns.NetException: ORA-12541: Cannot connect. No listener at host rac-cluster-scan.txuyen.local port 1521. (CONNECTION_ID=kRzvak7IRcuXtnb9maSLEw==)
https://docs.oracle.com/error-help/db/ora-12541/
	at oracle.net.nt.TcpNTAdapter.handleEstablishSocketException(TcpNTAdapter.java:418)
	at oracle.net.nt.TcpNTAdapter.establishSocket(TcpNTAdapter.java:350)
	at oracle.net.nt.TcpNTAdapter.connect(TcpNTAdapter.java:228)
	at oracle.net.nt.ConnOption.connect(ConnOption.java:346)
	at oracle.net.nt.ConnStrategy.executeConnOption(ConnStrategy.java:1252)
	at oracle.net.nt.ConnStrategy.execute(ConnStrategy.java:778)
	at oracle.net.resolver.AddrResolution.resolveAndExecute(AddrResolution.java:718)
	at oracle.net.ns.NSProtocol.establishConnection(NSProtocol.java:960)
	at oracle.net.ns.NSProtocol.connect(NSProtocol.java:329)
	at oracle.jdbc.driver.T4CConnection.connectNetworkSessionProtocol(T4CConnection.java:3684)
	at oracle.jdbc.driver.T4CConnection.logon(T4CConnection.java:1083)
	... 14 common frames omitted
Caused by: java.net.ConnectException: Connection timed out: no further information
	at java.base/sun.nio.ch.Net.pollConnect(Native Method)
	at java.base/sun.nio.ch.Net.pollConnectNow(Net.java:672)
	at java.base/sun.nio.ch.SocketChannelImpl.finishTimedConnect(SocketChannelImpl.java:1148)
	at java.base/sun.nio.ch.SocketChannelImpl.blockingConnect(SocketChannelImpl.java:1183)
	at java.base/sun.nio.ch.SocketAdaptor.connect(SocketAdaptor.java:98)
	at oracle.net.nt.TimeoutSocketChannel.doConnect(TimeoutSocketChannel.java:291)
	at oracle.net.nt.TimeoutSocketChannel.initializeSocketChannel(TimeoutSocketChannel.java:271)
	at oracle.net.nt.TimeoutSocketChannel.connect(TimeoutSocketChannel.java:238)
	at oracle.net.nt.TimeoutSocketChannel.<init>(TimeoutSocketChannel.java:205)
	at oracle.net.nt.TcpNTAdapter.establishSocket(TcpNTAdapter.java:339)
	... 23 common frames omitted
2026-04-09 08:35:16.078 WARN  [HikariPool-1:connection-adder] com.zaxxer.hikari.pool.PoolBase - HikariPool-1 - Pool is empty, failed to create/setup connection (a9ebf4ff-7802-43e3-b702-5907b4895262)
java.sql.SQLException: ORA-12541: Cannot connect. No listener at host rac-cluster-scan.txuyen.local port 1521. (CONNECTION_ID=VaR+9Xz0QbOwI4RQKaabQQ==)
https://docs.oracle.com/error-help/db/ora-12541/
	at oracle.jdbc.driver.T4CConnection.handleLogonNetException(T4CConnection.java:1853)
	at oracle.jdbc.driver.T4CConnection.logon(T4CConnection.java:1204)
	at oracle.jdbc.driver.PhysicalConnection.connect(PhysicalConnection.java:1189)
	at oracle.jdbc.driver.T4CDriverExtension.getConnection(T4CDriverExtension.java:106)
	at oracle.jdbc.driver.OracleDriver.connect(OracleDriver.java:887)
	at oracle.jdbc.driver.OracleDriver.connect(OracleDriver.java:694)
	at com.zaxxer.hikari.util.DriverDataSource.getConnection(DriverDataSource.java:139)
	at com.zaxxer.hikari.pool.PoolBase.newConnection(PoolBase.java:368)
	at com.zaxxer.hikari.pool.PoolBase.newPoolEntry(PoolBase.java:205)
	at com.zaxxer.hikari.pool.HikariPool.createPoolEntry(HikariPool.java:483)
	at com.zaxxer.hikari.pool.HikariPool$PoolEntryCreator.call(HikariPool.java:747)
	at com.zaxxer.hikari.pool.HikariPool$PoolEntryCreator.call(HikariPool.java:726)
	at java.base/java.util.concurrent.FutureTask.run(FutureTask.java:264)
	at java.base/java.util.concurrent.ThreadPoolExecutor.runWorker(ThreadPoolExecutor.java:1136)
	at java.base/java.util.concurrent.ThreadPoolExecutor$Worker.run(ThreadPoolExecutor.java:635)
	at java.base/java.lang.Thread.run(Thread.java:833)
Caused by: oracle.net.ns.NetException: ORA-12541: Cannot connect. No listener at host rac-cluster-scan.txuyen.local port 1521. (CONNECTION_ID=VaR+9Xz0QbOwI4RQKaabQQ==)
https://docs.oracle.com/error-help/db/ora-12541/
	at oracle.net.nt.TcpNTAdapter.handleEstablishSocketException(TcpNTAdapter.java:418)
	at oracle.net.nt.TcpNTAdapter.establishSocket(TcpNTAdapter.java:350)
	at oracle.net.nt.TcpNTAdapter.connect(TcpNTAdapter.java:228)
	at oracle.net.nt.ConnOption.connect(ConnOption.java:346)
	at oracle.net.nt.ConnStrategy.executeConnOption(ConnStrategy.java:1252)
	at oracle.net.nt.ConnStrategy.execute(ConnStrategy.java:778)
	at oracle.net.resolver.AddrResolution.resolveAndExecute(AddrResolution.java:718)
	at oracle.net.ns.NSProtocol.establishConnection(NSProtocol.java:960)
	at oracle.net.ns.NSProtocol.connect(NSProtocol.java:329)
	at oracle.jdbc.driver.T4CConnection.connectNetworkSessionProtocol(T4CConnection.java:3684)
	at oracle.jdbc.driver.T4CConnection.logon(T4CConnection.java:1083)
	... 14 common frames omitted
Caused by: java.net.ConnectException: Connection timed out: no further information
	at java.base/sun.nio.ch.Net.pollConnect(Native Method)
	at java.base/sun.nio.ch.Net.pollConnectNow(Net.java:672)
	at java.base/sun.nio.ch.SocketChannelImpl.finishTimedConnect(SocketChannelImpl.java:1148)
	at java.base/sun.nio.ch.SocketChannelImpl.blockingConnect(SocketChannelImpl.java:1183)
	at java.base/sun.nio.ch.SocketAdaptor.connect(SocketAdaptor.java:98)
	at oracle.net.nt.TimeoutSocketChannel.doConnect(TimeoutSocketChannel.java:291)
	at oracle.net.nt.TimeoutSocketChannel.initializeSocketChannel(TimeoutSocketChannel.java:271)
	at oracle.net.nt.TimeoutSocketChannel.connect(TimeoutSocketChannel.java:238)
	at oracle.net.nt.TimeoutSocketChannel.<init>(TimeoutSocketChannel.java:205)
	at oracle.net.nt.TcpNTAdapter.establishSocket(TcpNTAdapter.java:339)
	... 23 common frames omitted
2026-04-09 08:36:34.265 WARN  [HikariPool-1:connection-adder] com.zaxxer.hikari.pool.PoolBase - HikariPool-1 - Pool is empty, failed to create/setup connection (a416be47-2b0a-4a28-b0b8-069e954e5d92)
java.sql.SQLException: ORA-12541: Cannot connect. No listener at host rac-cluster-scan.txuyen.local port 1521. (CONNECTION_ID=ixkZJthnTFmIIaLpMNUhug==)
https://docs.oracle.com/error-help/db/ora-12541/
	at oracle.jdbc.driver.T4CConnection.handleLogonNetException(T4CConnection.java:1853)
	at oracle.jdbc.driver.T4CConnection.logon(T4CConnection.java:1204)
	at oracle.jdbc.driver.PhysicalConnection.connect(PhysicalConnection.java:1189)
	at oracle.jdbc.driver.T4CDriverExtension.getConnection(T4CDriverExtension.java:106)
	at oracle.jdbc.driver.OracleDriver.connect(OracleDriver.java:887)
	at oracle.jdbc.driver.OracleDriver.connect(OracleDriver.java:694)
	at com.zaxxer.hikari.util.DriverDataSource.getConnection(DriverDataSource.java:139)
	at com.zaxxer.hikari.pool.PoolBase.newConnection(PoolBase.java:368)
	at com.zaxxer.hikari.pool.PoolBase.newPoolEntry(PoolBase.java:205)
	at com.zaxxer.hikari.pool.HikariPool.createPoolEntry(HikariPool.java:483)
	at com.zaxxer.hikari.pool.HikariPool$PoolEntryCreator.call(HikariPool.java:747)
	at com.zaxxer.hikari.pool.HikariPool$PoolEntryCreator.call(HikariPool.java:726)
	at java.base/java.util.concurrent.FutureTask.run(FutureTask.java:264)
	at java.base/java.util.concurrent.ThreadPoolExecutor.runWorker(ThreadPoolExecutor.java:1136)
	at java.base/java.util.concurrent.ThreadPoolExecutor$Worker.run(ThreadPoolExecutor.java:635)
	at java.base/java.lang.Thread.run(Thread.java:833)
Caused by: oracle.net.ns.NetException: ORA-12541: Cannot connect. No listener at host rac-cluster-scan.txuyen.local port 1521. (CONNECTION_ID=ixkZJthnTFmIIaLpMNUhug==)
https://docs.oracle.com/error-help/db/ora-12541/
	at oracle.net.nt.TcpNTAdapter.handleEstablishSocketException(TcpNTAdapter.java:418)
	at oracle.net.nt.TcpNTAdapter.establishSocket(TcpNTAdapter.java:350)
	at oracle.net.nt.TcpNTAdapter.connect(TcpNTAdapter.java:228)
	at oracle.net.nt.ConnOption.connect(ConnOption.java:346)
	at oracle.net.nt.ConnStrategy.executeConnOption(ConnStrategy.java:1252)
	at oracle.net.nt.ConnStrategy.execute(ConnStrategy.java:778)
	at oracle.net.resolver.AddrResolution.resolveAndExecute(AddrResolution.java:718)
	at oracle.net.ns.NSProtocol.establishConnection(NSProtocol.java:960)
	at oracle.net.ns.NSProtocol.connect(NSProtocol.java:329)
	at oracle.jdbc.driver.T4CConnection.connectNetworkSessionProtocol(T4CConnection.java:3684)
	at oracle.jdbc.driver.T4CConnection.logon(T4CConnection.java:1083)
	... 14 common frames omitted
Caused by: java.net.ConnectException: Connection timed out: no further information
	at java.base/sun.nio.ch.Net.pollConnect(Native Method)
	at java.base/sun.nio.ch.Net.pollConnectNow(Net.java:672)
	at java.base/sun.nio.ch.SocketChannelImpl.finishTimedConnect(SocketChannelImpl.java:1148)
	at java.base/sun.nio.ch.SocketChannelImpl.blockingConnect(SocketChannelImpl.java:1183)
	at java.base/sun.nio.ch.SocketAdaptor.connect(SocketAdaptor.java:98)
	at oracle.net.nt.TimeoutSocketChannel.doConnect(TimeoutSocketChannel.java:291)
	at oracle.net.nt.TimeoutSocketChannel.initializeSocketChannel(TimeoutSocketChannel.java:271)
	at oracle.net.nt.TimeoutSocketChannel.connect(TimeoutSocketChannel.java:238)
	at oracle.net.nt.TimeoutSocketChannel.<init>(TimeoutSocketChannel.java:205)
	at oracle.net.nt.TcpNTAdapter.establishSocket(TcpNTAdapter.java:339)
	... 23 common frames omitted
2026-04-09 08:37:52.411 WARN  [HikariPool-1:connection-adder] com.zaxxer.hikari.pool.PoolBase - HikariPool-1 - Pool is empty, failed to create/setup connection (43889aae-465b-4a75-bef4-725a185ca7df)
java.sql.SQLException: ORA-12541: Cannot connect. No listener at host rac-cluster-scan.txuyen.local port 1521. (CONNECTION_ID=z7bipcV7R2iRnw023weaCQ==)
https://docs.oracle.com/error-help/db/ora-12541/
	at oracle.jdbc.driver.T4CConnection.handleLogonNetException(T4CConnection.java:1853)
	at oracle.jdbc.driver.T4CConnection.logon(T4CConnection.java:1204)
	at oracle.jdbc.driver.PhysicalConnection.connect(PhysicalConnection.java:1189)
	at oracle.jdbc.driver.T4CDriverExtension.getConnection(T4CDriverExtension.java:106)
	at oracle.jdbc.driver.OracleDriver.connect(OracleDriver.java:887)
	at oracle.jdbc.driver.OracleDriver.connect(OracleDriver.java:694)
	at com.zaxxer.hikari.util.DriverDataSource.getConnection(DriverDataSource.java:139)
	at com.zaxxer.hikari.pool.PoolBase.newConnection(PoolBase.java:368)
	at com.zaxxer.hikari.pool.PoolBase.newPoolEntry(PoolBase.java:205)
	at com.zaxxer.hikari.pool.HikariPool.createPoolEntry(HikariPool.java:483)
	at com.zaxxer.hikari.pool.HikariPool$PoolEntryCreator.call(HikariPool.java:747)
	at com.zaxxer.hikari.pool.HikariPool$PoolEntryCreator.call(HikariPool.java:726)
	at java.base/java.util.concurrent.FutureTask.run(FutureTask.java:264)
	at java.base/java.util.concurrent.ThreadPoolExecutor.runWorker(ThreadPoolExecutor.java:1136)
	at java.base/java.util.concurrent.ThreadPoolExecutor$Worker.run(ThreadPoolExecutor.java:635)
	at java.base/java.lang.Thread.run(Thread.java:833)
Caused by: oracle.net.ns.NetException: ORA-12541: Cannot connect. No listener at host rac-cluster-scan.txuyen.local port 1521. (CONNECTION_ID=z7bipcV7R2iRnw023weaCQ==)
https://docs.oracle.com/error-help/db/ora-12541/
	at oracle.net.nt.TcpNTAdapter.handleEstablishSocketException(TcpNTAdapter.java:418)
	at oracle.net.nt.TcpNTAdapter.establishSocket(TcpNTAdapter.java:350)
	at oracle.net.nt.TcpNTAdapter.connect(TcpNTAdapter.java:228)
	at oracle.net.nt.ConnOption.connect(ConnOption.java:346)
	at oracle.net.nt.ConnStrategy.executeConnOption(ConnStrategy.java:1252)
	at oracle.net.nt.ConnStrategy.execute(ConnStrategy.java:778)
	at oracle.net.resolver.AddrResolution.resolveAndExecute(AddrResolution.java:718)
	at oracle.net.ns.NSProtocol.establishConnection(NSProtocol.java:960)
	at oracle.net.ns.NSProtocol.connect(NSProtocol.java:329)
	at oracle.jdbc.driver.T4CConnection.connectNetworkSessionProtocol(T4CConnection.java:3684)
	at oracle.jdbc.driver.T4CConnection.logon(T4CConnection.java:1083)
	... 14 common frames omitted
Caused by: java.net.ConnectException: Connection timed out: no further information
	at java.base/sun.nio.ch.Net.pollConnect(Native Method)
	at java.base/sun.nio.ch.Net.pollConnectNow(Net.java:672)
	at java.base/sun.nio.ch.SocketChannelImpl.finishTimedConnect(SocketChannelImpl.java:1148)
	at java.base/sun.nio.ch.SocketChannelImpl.blockingConnect(SocketChannelImpl.java:1183)
	at java.base/sun.nio.ch.SocketAdaptor.connect(SocketAdaptor.java:98)
	at oracle.net.nt.TimeoutSocketChannel.doConnect(TimeoutSocketChannel.java:291)
	at oracle.net.nt.TimeoutSocketChannel.initializeSocketChannel(TimeoutSocketChannel.java:271)
	at oracle.net.nt.TimeoutSocketChannel.connect(TimeoutSocketChannel.java:238)
	at oracle.net.nt.TimeoutSocketChannel.<init>(TimeoutSocketChannel.java:205)
	at oracle.net.nt.TcpNTAdapter.establishSocket(TcpNTAdapter.java:339)
	... 23 common frames omitted
2026-04-09 08:39:10.628 WARN  [HikariPool-1:connection-adder] com.zaxxer.hikari.pool.PoolBase - HikariPool-1 - Pool is empty, failed to create/setup connection (cc0a0389-565c-4637-84b3-34ab9dab3052)
java.sql.SQLException: ORA-12541: Cannot connect. No listener at host rac-cluster-scan.txuyen.local port 1521. (CONNECTION_ID=6NzNpeU1RDeBkaGUnHvaGg==)
https://docs.oracle.com/error-help/db/ora-12541/
	at oracle.jdbc.driver.T4CConnection.handleLogonNetException(T4CConnection.java:1853)
	at oracle.jdbc.driver.T4CConnection.logon(T4CConnection.java:1204)
	at oracle.jdbc.driver.PhysicalConnection.connect(PhysicalConnection.java:1189)
	at oracle.jdbc.driver.T4CDriverExtension.getConnection(T4CDriverExtension.java:106)
	at oracle.jdbc.driver.OracleDriver.connect(OracleDriver.java:887)
	at oracle.jdbc.driver.OracleDriver.connect(OracleDriver.java:694)
	at com.zaxxer.hikari.util.DriverDataSource.getConnection(DriverDataSource.java:139)
	at com.zaxxer.hikari.pool.PoolBase.newConnection(PoolBase.java:368)
	at com.zaxxer.hikari.pool.PoolBase.newPoolEntry(PoolBase.java:205)
	at com.zaxxer.hikari.pool.HikariPool.createPoolEntry(HikariPool.java:483)
	at com.zaxxer.hikari.pool.HikariPool$PoolEntryCreator.call(HikariPool.java:747)
	at com.zaxxer.hikari.pool.HikariPool$PoolEntryCreator.call(HikariPool.java:726)
	at java.base/java.util.concurrent.FutureTask.run(FutureTask.java:264)
	at java.base/java.util.concurrent.ThreadPoolExecutor.runWorker(ThreadPoolExecutor.java:1136)
	at java.base/java.util.concurrent.ThreadPoolExecutor$Worker.run(ThreadPoolExecutor.java:635)
	at java.base/java.lang.Thread.run(Thread.java:833)
Caused by: oracle.net.ns.NetException: ORA-12541: Cannot connect. No listener at host rac-cluster-scan.txuyen.local port 1521. (CONNECTION_ID=6NzNpeU1RDeBkaGUnHvaGg==)
https://docs.oracle.com/error-help/db/ora-12541/
	at oracle.net.nt.TcpNTAdapter.handleEstablishSocketException(TcpNTAdapter.java:418)
	at oracle.net.nt.TcpNTAdapter.establishSocket(TcpNTAdapter.java:350)
	at oracle.net.nt.TcpNTAdapter.connect(TcpNTAdapter.java:228)
	at oracle.net.nt.ConnOption.connect(ConnOption.java:346)
	at oracle.net.nt.ConnStrategy.executeConnOption(ConnStrategy.java:1252)
	at oracle.net.nt.ConnStrategy.execute(ConnStrategy.java:778)
	at oracle.net.resolver.AddrResolution.resolveAndExecute(AddrResolution.java:718)
	at oracle.net.ns.NSProtocol.establishConnection(NSProtocol.java:960)
	at oracle.net.ns.NSProtocol.connect(NSProtocol.java:329)
	at oracle.jdbc.driver.T4CConnection.connectNetworkSessionProtocol(T4CConnection.java:3684)
	at oracle.jdbc.driver.T4CConnection.logon(T4CConnection.java:1083)
	... 14 common frames omitted
Caused by: java.net.ConnectException: Connection timed out: no further information
	at java.base/sun.nio.ch.Net.pollConnect(Native Method)
	at java.base/sun.nio.ch.Net.pollConnectNow(Net.java:672)
	at java.base/sun.nio.ch.SocketChannelImpl.finishTimedConnect(SocketChannelImpl.java:1148)
	at java.base/sun.nio.ch.SocketChannelImpl.blockingConnect(SocketChannelImpl.java:1183)
	at java.base/sun.nio.ch.SocketAdaptor.connect(SocketAdaptor.java:98)
	at oracle.net.nt.TimeoutSocketChannel.doConnect(TimeoutSocketChannel.java:291)
	at oracle.net.nt.TimeoutSocketChannel.initializeSocketChannel(TimeoutSocketChannel.java:271)
	at oracle.net.nt.TimeoutSocketChannel.connect(TimeoutSocketChannel.java:238)
	at oracle.net.nt.TimeoutSocketChannel.<init>(TimeoutSocketChannel.java:205)
	at oracle.net.nt.TcpNTAdapter.establishSocket(TcpNTAdapter.java:339)
	... 23 common frames omitted
2026-04-09 08:40:28.828 WARN  [HikariPool-1:connection-adder] com.zaxxer.hikari.pool.PoolBase - HikariPool-1 - Pool is empty, failed to create/setup connection (96a790dd-9f66-4265-8155-911ff43a65a3)
java.sql.SQLException: ORA-12541: Cannot connect. No listener at host rac-cluster-scan.txuyen.local port 1521. (CONNECTION_ID=7p1f2k7AQcmohKBwMdKdaQ==)
https://docs.oracle.com/error-help/db/ora-12541/
	at oracle.jdbc.driver.T4CConnection.handleLogonNetException(T4CConnection.java:1853)
	at oracle.jdbc.driver.T4CConnection.logon(T4CConnection.java:1204)
	at oracle.jdbc.driver.PhysicalConnection.connect(PhysicalConnection.java:1189)
	at oracle.jdbc.driver.T4CDriverExtension.getConnection(T4CDriverExtension.java:106)
	at oracle.jdbc.driver.OracleDriver.connect(OracleDriver.java:887)
	at oracle.jdbc.driver.OracleDriver.connect(OracleDriver.java:694)
	at com.zaxxer.hikari.util.DriverDataSource.getConnection(DriverDataSource.java:139)
	at com.zaxxer.hikari.pool.PoolBase.newConnection(PoolBase.java:368)
	at com.zaxxer.hikari.pool.PoolBase.newPoolEntry(PoolBase.java:205)
	at com.zaxxer.hikari.pool.HikariPool.createPoolEntry(HikariPool.java:483)
	at com.zaxxer.hikari.pool.HikariPool$PoolEntryCreator.call(HikariPool.java:747)
	at com.zaxxer.hikari.pool.HikariPool$PoolEntryCreator.call(HikariPool.java:726)
	at java.base/java.util.concurrent.FutureTask.run(FutureTask.java:264)
	at java.base/java.util.concurrent.ThreadPoolExecutor.runWorker(ThreadPoolExecutor.java:1136)
	at java.base/java.util.concurrent.ThreadPoolExecutor$Worker.run(ThreadPoolExecutor.java:635)
	at java.base/java.lang.Thread.run(Thread.java:833)
Caused by: oracle.net.ns.NetException: ORA-12541: Cannot connect. No listener at host rac-cluster-scan.txuyen.local port 1521. (CONNECTION_ID=7p1f2k7AQcmohKBwMdKdaQ==)
https://docs.oracle.com/error-help/db/ora-12541/
	at oracle.net.nt.TcpNTAdapter.handleEstablishSocketException(TcpNTAdapter.java:418)
	at oracle.net.nt.TcpNTAdapter.establishSocket(TcpNTAdapter.java:350)
	at oracle.net.nt.TcpNTAdapter.connect(TcpNTAdapter.java:228)
	at oracle.net.nt.ConnOption.connect(ConnOption.java:346)
	at oracle.net.nt.ConnStrategy.executeConnOption(ConnStrategy.java:1252)
	at oracle.net.nt.ConnStrategy.execute(ConnStrategy.java:778)
	at oracle.net.resolver.AddrResolution.resolveAndExecute(AddrResolution.java:718)
	at oracle.net.ns.NSProtocol.establishConnection(NSProtocol.java:960)
	at oracle.net.ns.NSProtocol.connect(NSProtocol.java:329)
	at oracle.jdbc.driver.T4CConnection.connectNetworkSessionProtocol(T4CConnection.java:3684)
	at oracle.jdbc.driver.T4CConnection.logon(T4CConnection.java:1083)
	... 14 common frames omitted
Caused by: java.net.ConnectException: Connection timed out: no further information
	at java.base/sun.nio.ch.Net.pollConnect(Native Method)
	at java.base/sun.nio.ch.Net.pollConnectNow(Net.java:672)
	at java.base/sun.nio.ch.SocketChannelImpl.finishTimedConnect(SocketChannelImpl.java:1148)
	at java.base/sun.nio.ch.SocketChannelImpl.blockingConnect(SocketChannelImpl.java:1183)
	at java.base/sun.nio.ch.SocketAdaptor.connect(SocketAdaptor.java:98)
	at oracle.net.nt.TimeoutSocketChannel.doConnect(TimeoutSocketChannel.java:291)
	at oracle.net.nt.TimeoutSocketChannel.initializeSocketChannel(TimeoutSocketChannel.java:271)
	at oracle.net.nt.TimeoutSocketChannel.connect(TimeoutSocketChannel.java:238)
	at oracle.net.nt.TimeoutSocketChannel.<init>(TimeoutSocketChannel.java:205)
	at oracle.net.nt.TcpNTAdapter.establishSocket(TcpNTAdapter.java:339)
	... 23 common frames omitted
2026-04-09 08:41:46.947 WARN  [HikariPool-1:connection-adder] com.zaxxer.hikari.pool.PoolBase - HikariPool-1 - Pool is empty, failed to create/setup connection (09926997-0569-4480-afed-26b93378c6f4)
java.sql.SQLException: ORA-12541: Cannot connect. No listener at host rac-cluster-scan.txuyen.local port 1521. (CONNECTION_ID=gucmB6v2ReKF+MmB7k0H+A==)
https://docs.oracle.com/error-help/db/ora-12541/
	at oracle.jdbc.driver.T4CConnection.handleLogonNetException(T4CConnection.java:1853)
	at oracle.jdbc.driver.T4CConnection.logon(T4CConnection.java:1204)
	at oracle.jdbc.driver.PhysicalConnection.connect(PhysicalConnection.java:1189)
	at oracle.jdbc.driver.T4CDriverExtension.getConnection(T4CDriverExtension.java:106)
	at oracle.jdbc.driver.OracleDriver.connect(OracleDriver.java:887)
	at oracle.jdbc.driver.OracleDriver.connect(OracleDriver.java:694)
	at com.zaxxer.hikari.util.DriverDataSource.getConnection(DriverDataSource.java:139)
	at com.zaxxer.hikari.pool.PoolBase.newConnection(PoolBase.java:368)
	at com.zaxxer.hikari.pool.PoolBase.newPoolEntry(PoolBase.java:205)
	at com.zaxxer.hikari.pool.HikariPool.createPoolEntry(HikariPool.java:483)
	at com.zaxxer.hikari.pool.HikariPool$PoolEntryCreator.call(HikariPool.java:747)
	at com.zaxxer.hikari.pool.HikariPool$PoolEntryCreator.call(HikariPool.java:726)
	at java.base/java.util.concurrent.FutureTask.run(FutureTask.java:264)
	at java.base/java.util.concurrent.ThreadPoolExecutor.runWorker(ThreadPoolExecutor.java:1136)
	at java.base/java.util.concurrent.ThreadPoolExecutor$Worker.run(ThreadPoolExecutor.java:635)
	at java.base/java.lang.Thread.run(Thread.java:833)
Caused by: oracle.net.ns.NetException: ORA-12541: Cannot connect. No listener at host rac-cluster-scan.txuyen.local port 1521. (CONNECTION_ID=gucmB6v2ReKF+MmB7k0H+A==)
https://docs.oracle.com/error-help/db/ora-12541/
	at oracle.net.nt.TcpNTAdapter.handleEstablishSocketException(TcpNTAdapter.java:418)
	at oracle.net.nt.TcpNTAdapter.establishSocket(TcpNTAdapter.java:350)
	at oracle.net.nt.TcpNTAdapter.connect(TcpNTAdapter.java:228)
	at oracle.net.nt.ConnOption.connect(ConnOption.java:346)
	at oracle.net.nt.ConnStrategy.executeConnOption(ConnStrategy.java:1252)
	at oracle.net.nt.ConnStrategy.execute(ConnStrategy.java:778)
	at oracle.net.resolver.AddrResolution.resolveAndExecute(AddrResolution.java:718)
	at oracle.net.ns.NSProtocol.establishConnection(NSProtocol.java:960)
	at oracle.net.ns.NSProtocol.connect(NSProtocol.java:329)
	at oracle.jdbc.driver.T4CConnection.connectNetworkSessionProtocol(T4CConnection.java:3684)
	at oracle.jdbc.driver.T4CConnection.logon(T4CConnection.java:1083)
	... 14 common frames omitted
Caused by: java.net.ConnectException: Connection timed out: no further information
	at java.base/sun.nio.ch.Net.pollConnect(Native Method)
	at java.base/sun.nio.ch.Net.pollConnectNow(Net.java:672)
	at java.base/sun.nio.ch.SocketChannelImpl.finishTimedConnect(SocketChannelImpl.java:1148)
	at java.base/sun.nio.ch.SocketChannelImpl.blockingConnect(SocketChannelImpl.java:1183)
	at java.base/sun.nio.ch.SocketAdaptor.connect(SocketAdaptor.java:98)
	at oracle.net.nt.TimeoutSocketChannel.doConnect(TimeoutSocketChannel.java:291)
	at oracle.net.nt.TimeoutSocketChannel.initializeSocketChannel(TimeoutSocketChannel.java:271)
	at oracle.net.nt.TimeoutSocketChannel.connect(TimeoutSocketChannel.java:238)
	at oracle.net.nt.TimeoutSocketChannel.<init>(TimeoutSocketChannel.java:205)
	at oracle.net.nt.TcpNTAdapter.establishSocket(TcpNTAdapter.java:339)
	... 23 common frames omitted
2026-04-09 08:43:05.107 WARN  [HikariPool-1:connection-adder] com.zaxxer.hikari.pool.PoolBase - HikariPool-1 - Pool is empty, failed to create/setup connection (bb36f80e-2de2-439c-b58a-668a7e2b6137)
java.sql.SQLException: ORA-12541: Cannot connect. No listener at host rac-cluster-scan.txuyen.local port 1521. (CONNECTION_ID=vn8epwcqRqSPYpOhXEPhoA==)
https://docs.oracle.com/error-help/db/ora-12541/
	at oracle.jdbc.driver.T4CConnection.handleLogonNetException(T4CConnection.java:1853)
	at oracle.jdbc.driver.T4CConnection.logon(T4CConnection.java:1204)
	at oracle.jdbc.driver.PhysicalConnection.connect(PhysicalConnection.java:1189)
	at oracle.jdbc.driver.T4CDriverExtension.getConnection(T4CDriverExtension.java:106)
	at oracle.jdbc.driver.OracleDriver.connect(OracleDriver.java:887)
	at oracle.jdbc.driver.OracleDriver.connect(OracleDriver.java:694)
	at com.zaxxer.hikari.util.DriverDataSource.getConnection(DriverDataSource.java:139)
	at com.zaxxer.hikari.pool.PoolBase.newConnection(PoolBase.java:368)
	at com.zaxxer.hikari.pool.PoolBase.newPoolEntry(PoolBase.java:205)
	at com.zaxxer.hikari.pool.HikariPool.createPoolEntry(HikariPool.java:483)
	at com.zaxxer.hikari.pool.HikariPool$PoolEntryCreator.call(HikariPool.java:747)
	at com.zaxxer.hikari.pool.HikariPool$PoolEntryCreator.call(HikariPool.java:726)
	at java.base/java.util.concurrent.FutureTask.run(FutureTask.java:264)
	at java.base/java.util.concurrent.ThreadPoolExecutor.runWorker(ThreadPoolExecutor.java:1136)
	at java.base/java.util.concurrent.ThreadPoolExecutor$Worker.run(ThreadPoolExecutor.java:635)
	at java.base/java.lang.Thread.run(Thread.java:833)
Caused by: oracle.net.ns.NetException: ORA-12541: Cannot connect. No listener at host rac-cluster-scan.txuyen.local port 1521. (CONNECTION_ID=vn8epwcqRqSPYpOhXEPhoA==)
https://docs.oracle.com/error-help/db/ora-12541/
	at oracle.net.nt.TcpNTAdapter.handleEstablishSocketException(TcpNTAdapter.java:418)
	at oracle.net.nt.TcpNTAdapter.establishSocket(TcpNTAdapter.java:350)
	at oracle.net.nt.TcpNTAdapter.connect(TcpNTAdapter.java:228)
	at oracle.net.nt.ConnOption.connect(ConnOption.java:346)
	at oracle.net.nt.ConnStrategy.executeConnOption(ConnStrategy.java:1252)
	at oracle.net.nt.ConnStrategy.execute(ConnStrategy.java:778)
	at oracle.net.resolver.AddrResolution.resolveAndExecute(AddrResolution.java:718)
	at oracle.net.ns.NSProtocol.establishConnection(NSProtocol.java:960)
	at oracle.net.ns.NSProtocol.connect(NSProtocol.java:329)
	at oracle.jdbc.driver.T4CConnection.connectNetworkSessionProtocol(T4CConnection.java:3684)
	at oracle.jdbc.driver.T4CConnection.logon(T4CConnection.java:1083)
	... 14 common frames omitted
Caused by: java.net.ConnectException: Connection timed out: no further information
	at java.base/sun.nio.ch.Net.pollConnect(Native Method)
	at java.base/sun.nio.ch.Net.pollConnectNow(Net.java:672)
	at java.base/sun.nio.ch.SocketChannelImpl.finishTimedConnect(SocketChannelImpl.java:1148)
	at java.base/sun.nio.ch.SocketChannelImpl.blockingConnect(SocketChannelImpl.java:1183)
	at java.base/sun.nio.ch.SocketAdaptor.connect(SocketAdaptor.java:98)
	at oracle.net.nt.TimeoutSocketChannel.doConnect(TimeoutSocketChannel.java:291)
	at oracle.net.nt.TimeoutSocketChannel.initializeSocketChannel(TimeoutSocketChannel.java:271)
	at oracle.net.nt.TimeoutSocketChannel.connect(TimeoutSocketChannel.java:238)
	at oracle.net.nt.TimeoutSocketChannel.<init>(TimeoutSocketChannel.java:205)
	at oracle.net.nt.TcpNTAdapter.establishSocket(TcpNTAdapter.java:339)
	... 23 common frames omitted
2026-04-09 08:44:23.300 WARN  [HikariPool-1:connection-adder] com.zaxxer.hikari.pool.PoolBase - HikariPool-1 - Pool is empty, failed to create/setup connection (cac3ec13-03bc-44fe-9ee9-ae196b16d8b8)
java.sql.SQLException: ORA-12541: Cannot connect. No listener at host rac-cluster-scan.txuyen.local port 1521. (CONNECTION_ID=xh2JiD9NRmSQEgdLLs+jsA==)
https://docs.oracle.com/error-help/db/ora-12541/
	at oracle.jdbc.driver.T4CConnection.handleLogonNetException(T4CConnection.java:1853)
	at oracle.jdbc.driver.T4CConnection.logon(T4CConnection.java:1204)
	at oracle.jdbc.driver.PhysicalConnection.connect(PhysicalConnection.java:1189)
	at oracle.jdbc.driver.T4CDriverExtension.getConnection(T4CDriverExtension.java:106)
	at oracle.jdbc.driver.OracleDriver.connect(OracleDriver.java:887)
	at oracle.jdbc.driver.OracleDriver.connect(OracleDriver.java:694)
	at com.zaxxer.hikari.util.DriverDataSource.getConnection(DriverDataSource.java:139)
	at com.zaxxer.hikari.pool.PoolBase.newConnection(PoolBase.java:368)
	at com.zaxxer.hikari.pool.PoolBase.newPoolEntry(PoolBase.java:205)
	at com.zaxxer.hikari.pool.HikariPool.createPoolEntry(HikariPool.java:483)
	at com.zaxxer.hikari.pool.HikariPool$PoolEntryCreator.call(HikariPool.java:747)
	at com.zaxxer.hikari.pool.HikariPool$PoolEntryCreator.call(HikariPool.java:726)
	at java.base/java.util.concurrent.FutureTask.run(FutureTask.java:264)
	at java.base/java.util.concurrent.ThreadPoolExecutor.runWorker(ThreadPoolExecutor.java:1136)
	at java.base/java.util.concurrent.ThreadPoolExecutor$Worker.run(ThreadPoolExecutor.java:635)
	at java.base/java.lang.Thread.run(Thread.java:833)
Caused by: oracle.net.ns.NetException: ORA-12541: Cannot connect. No listener at host rac-cluster-scan.txuyen.local port 1521. (CONNECTION_ID=xh2JiD9NRmSQEgdLLs+jsA==)
https://docs.oracle.com/error-help/db/ora-12541/
	at oracle.net.nt.TcpNTAdapter.handleEstablishSocketException(TcpNTAdapter.java:418)
	at oracle.net.nt.TcpNTAdapter.establishSocket(TcpNTAdapter.java:350)
	at oracle.net.nt.TcpNTAdapter.connect(TcpNTAdapter.java:228)
	at oracle.net.nt.ConnOption.connect(ConnOption.java:346)
	at oracle.net.nt.ConnStrategy.executeConnOption(ConnStrategy.java:1252)
	at oracle.net.nt.ConnStrategy.execute(ConnStrategy.java:778)
	at oracle.net.resolver.AddrResolution.resolveAndExecute(AddrResolution.java:718)
	at oracle.net.ns.NSProtocol.establishConnection(NSProtocol.java:960)
	at oracle.net.ns.NSProtocol.connect(NSProtocol.java:329)
	at oracle.jdbc.driver.T4CConnection.connectNetworkSessionProtocol(T4CConnection.java:3684)
	at oracle.jdbc.driver.T4CConnection.logon(T4CConnection.java:1083)
	... 14 common frames omitted
Caused by: java.net.ConnectException: Connection timed out: no further information
	at java.base/sun.nio.ch.Net.pollConnect(Native Method)
	at java.base/sun.nio.ch.Net.pollConnectNow(Net.java:672)
	at java.base/sun.nio.ch.SocketChannelImpl.finishTimedConnect(SocketChannelImpl.java:1148)
	at java.base/sun.nio.ch.SocketChannelImpl.blockingConnect(SocketChannelImpl.java:1183)
	at java.base/sun.nio.ch.SocketAdaptor.connect(SocketAdaptor.java:98)
	at oracle.net.nt.TimeoutSocketChannel.doConnect(TimeoutSocketChannel.java:291)
	at oracle.net.nt.TimeoutSocketChannel.initializeSocketChannel(TimeoutSocketChannel.java:271)
	at oracle.net.nt.TimeoutSocketChannel.connect(TimeoutSocketChannel.java:238)
	at oracle.net.nt.TimeoutSocketChannel.<init>(TimeoutSocketChannel.java:205)
	at oracle.net.nt.TcpNTAdapter.establishSocket(TcpNTAdapter.java:339)
	... 23 common frames omitted
2026-04-09 08:45:41.457 WARN  [HikariPool-1:connection-adder] com.zaxxer.hikari.pool.PoolBase - HikariPool-1 - Pool is empty, failed to create/setup connection (483a3e8c-320b-4b5c-a1bf-272bcc4acb3c)
java.sql.SQLException: ORA-12541: Cannot connect. No listener at host rac-cluster-scan.txuyen.local port 1521. (CONNECTION_ID=gbiHTJPkSrqKJpw+XcTUQg==)
https://docs.oracle.com/error-help/db/ora-12541/
	at oracle.jdbc.driver.T4CConnection.handleLogonNetException(T4CConnection.java:1853)
	at oracle.jdbc.driver.T4CConnection.logon(T4CConnection.java:1204)
	at oracle.jdbc.driver.PhysicalConnection.connect(PhysicalConnection.java:1189)
	at oracle.jdbc.driver.T4CDriverExtension.getConnection(T4CDriverExtension.java:106)
	at oracle.jdbc.driver.OracleDriver.connect(OracleDriver.java:887)
	at oracle.jdbc.driver.OracleDriver.connect(OracleDriver.java:694)
	at com.zaxxer.hikari.util.DriverDataSource.getConnection(DriverDataSource.java:139)
	at com.zaxxer.hikari.pool.PoolBase.newConnection(PoolBase.java:368)
	at com.zaxxer.hikari.pool.PoolBase.newPoolEntry(PoolBase.java:205)
	at com.zaxxer.hikari.pool.HikariPool.createPoolEntry(HikariPool.java:483)
	at com.zaxxer.hikari.pool.HikariPool$PoolEntryCreator.call(HikariPool.java:747)
	at com.zaxxer.hikari.pool.HikariPool$PoolEntryCreator.call(HikariPool.java:726)
	at java.base/java.util.concurrent.FutureTask.run(FutureTask.java:264)
	at java.base/java.util.concurrent.ThreadPoolExecutor.runWorker(ThreadPoolExecutor.java:1136)
	at java.base/java.util.concurrent.ThreadPoolExecutor$Worker.run(ThreadPoolExecutor.java:635)
	at java.base/java.lang.Thread.run(Thread.java:833)
Caused by: oracle.net.ns.NetException: ORA-12541: Cannot connect. No listener at host rac-cluster-scan.txuyen.local port 1521. (CONNECTION_ID=gbiHTJPkSrqKJpw+XcTUQg==)
https://docs.oracle.com/error-help/db/ora-12541/
	at oracle.net.nt.TcpNTAdapter.handleEstablishSocketException(TcpNTAdapter.java:418)
	at oracle.net.nt.TcpNTAdapter.establishSocket(TcpNTAdapter.java:350)
	at oracle.net.nt.TcpNTAdapter.connect(TcpNTAdapter.java:228)
	at oracle.net.nt.ConnOption.connect(ConnOption.java:346)
	at oracle.net.nt.ConnStrategy.executeConnOption(ConnStrategy.java:1252)
	at oracle.net.nt.ConnStrategy.execute(ConnStrategy.java:778)
	at oracle.net.resolver.AddrResolution.resolveAndExecute(AddrResolution.java:718)
	at oracle.net.ns.NSProtocol.establishConnection(NSProtocol.java:960)
	at oracle.net.ns.NSProtocol.connect(NSProtocol.java:329)
	at oracle.jdbc.driver.T4CConnection.connectNetworkSessionProtocol(T4CConnection.java:3684)
	at oracle.jdbc.driver.T4CConnection.logon(T4CConnection.java:1083)
	... 14 common frames omitted
Caused by: java.net.ConnectException: Connection timed out: no further information
	at java.base/sun.nio.ch.Net.pollConnect(Native Method)
	at java.base/sun.nio.ch.Net.pollConnectNow(Net.java:672)
	at java.base/sun.nio.ch.SocketChannelImpl.finishTimedConnect(SocketChannelImpl.java:1148)
	at java.base/sun.nio.ch.SocketChannelImpl.blockingConnect(SocketChannelImpl.java:1183)
	at java.base/sun.nio.ch.SocketAdaptor.connect(SocketAdaptor.java:98)
	at oracle.net.nt.TimeoutSocketChannel.doConnect(TimeoutSocketChannel.java:291)
	at oracle.net.nt.TimeoutSocketChannel.initializeSocketChannel(TimeoutSocketChannel.java:271)
	at oracle.net.nt.TimeoutSocketChannel.connect(TimeoutSocketChannel.java:238)
	at oracle.net.nt.TimeoutSocketChannel.<init>(TimeoutSocketChannel.java:205)
	at oracle.net.nt.TcpNTAdapter.establishSocket(TcpNTAdapter.java:339)
	... 23 common frames omitted
2026-04-09 08:46:59.665 WARN  [HikariPool-1:connection-adder] com.zaxxer.hikari.pool.PoolBase - HikariPool-1 - Pool is empty, failed to create/setup connection (4f2b5137-523f-4854-889b-7a48638e436d)
java.sql.SQLException: ORA-12541: Cannot connect. No listener at host rac-cluster-scan.txuyen.local port 1521. (CONNECTION_ID=21nvYpbRQPuhCFZSjJwRzg==)
https://docs.oracle.com/error-help/db/ora-12541/
	at oracle.jdbc.driver.T4CConnection.handleLogonNetException(T4CConnection.java:1853)
	at oracle.jdbc.driver.T4CConnection.logon(T4CConnection.java:1204)
	at oracle.jdbc.driver.PhysicalConnection.connect(PhysicalConnection.java:1189)
	at oracle.jdbc.driver.T4CDriverExtension.getConnection(T4CDriverExtension.java:106)
	at oracle.jdbc.driver.OracleDriver.connect(OracleDriver.java:887)
	at oracle.jdbc.driver.OracleDriver.connect(OracleDriver.java:694)
	at com.zaxxer.hikari.util.DriverDataSource.getConnection(DriverDataSource.java:139)
	at com.zaxxer.hikari.pool.PoolBase.newConnection(PoolBase.java:368)
	at com.zaxxer.hikari.pool.PoolBase.newPoolEntry(PoolBase.java:205)
	at com.zaxxer.hikari.pool.HikariPool.createPoolEntry(HikariPool.java:483)
	at com.zaxxer.hikari.pool.HikariPool$PoolEntryCreator.call(HikariPool.java:747)
	at com.zaxxer.hikari.pool.HikariPool$PoolEntryCreator.call(HikariPool.java:726)
	at java.base/java.util.concurrent.FutureTask.run(FutureTask.java:264)
	at java.base/java.util.concurrent.ThreadPoolExecutor.runWorker(ThreadPoolExecutor.java:1136)
	at java.base/java.util.concurrent.ThreadPoolExecutor$Worker.run(ThreadPoolExecutor.java:635)
	at java.base/java.lang.Thread.run(Thread.java:833)
Caused by: oracle.net.ns.NetException: ORA-12541: Cannot connect. No listener at host rac-cluster-scan.txuyen.local port 1521. (CONNECTION_ID=21nvYpbRQPuhCFZSjJwRzg==)
https://docs.oracle.com/error-help/db/ora-12541/
	at oracle.net.nt.TcpNTAdapter.handleEstablishSocketException(TcpNTAdapter.java:418)
	at oracle.net.nt.TcpNTAdapter.establishSocket(TcpNTAdapter.java:350)
	at oracle.net.nt.TcpNTAdapter.connect(TcpNTAdapter.java:228)
	at oracle.net.nt.ConnOption.connect(ConnOption.java:346)
	at oracle.net.nt.ConnStrategy.executeConnOption(ConnStrategy.java:1252)
	at oracle.net.nt.ConnStrategy.execute(ConnStrategy.java:778)
	at oracle.net.resolver.AddrResolution.resolveAndExecute(AddrResolution.java:718)
	at oracle.net.ns.NSProtocol.establishConnection(NSProtocol.java:960)
	at oracle.net.ns.NSProtocol.connect(NSProtocol.java:329)
	at oracle.jdbc.driver.T4CConnection.connectNetworkSessionProtocol(T4CConnection.java:3684)
	at oracle.jdbc.driver.T4CConnection.logon(T4CConnection.java:1083)
	... 14 common frames omitted
Caused by: java.net.ConnectException: Connection timed out: no further information
	at java.base/sun.nio.ch.Net.pollConnect(Native Method)
	at java.base/sun.nio.ch.Net.pollConnectNow(Net.java:672)
	at java.base/sun.nio.ch.SocketChannelImpl.finishTimedConnect(SocketChannelImpl.java:1148)
	at java.base/sun.nio.ch.SocketChannelImpl.blockingConnect(SocketChannelImpl.java:1183)
	at java.base/sun.nio.ch.SocketAdaptor.connect(SocketAdaptor.java:98)
	at oracle.net.nt.TimeoutSocketChannel.doConnect(TimeoutSocketChannel.java:291)
	at oracle.net.nt.TimeoutSocketChannel.initializeSocketChannel(TimeoutSocketChannel.java:271)
	at oracle.net.nt.TimeoutSocketChannel.connect(TimeoutSocketChannel.java:238)
	at oracle.net.nt.TimeoutSocketChannel.<init>(TimeoutSocketChannel.java:205)
	at oracle.net.nt.TcpNTAdapter.establishSocket(TcpNTAdapter.java:339)
	... 23 common frames omitted
2026-04-09 08:48:17.813 WARN  [HikariPool-1:connection-adder] com.zaxxer.hikari.pool.PoolBase - HikariPool-1 - Pool is empty, failed to create/setup connection (f172a3b5-93f8-4769-af33-2b9c399aa53e)
java.sql.SQLException: ORA-12541: Cannot connect. No listener at host rac-cluster-scan.txuyen.local port 1521. (CONNECTION_ID=CRy5u32VTG6OM7RDsaftDQ==)
https://docs.oracle.com/error-help/db/ora-12541/
	at oracle.jdbc.driver.T4CConnection.handleLogonNetException(T4CConnection.java:1853)
	at oracle.jdbc.driver.T4CConnection.logon(T4CConnection.java:1204)
	at oracle.jdbc.driver.PhysicalConnection.connect(PhysicalConnection.java:1189)
	at oracle.jdbc.driver.T4CDriverExtension.getConnection(T4CDriverExtension.java:106)
	at oracle.jdbc.driver.OracleDriver.connect(OracleDriver.java:887)
	at oracle.jdbc.driver.OracleDriver.connect(OracleDriver.java:694)
	at com.zaxxer.hikari.util.DriverDataSource.getConnection(DriverDataSource.java:139)
	at com.zaxxer.hikari.pool.PoolBase.newConnection(PoolBase.java:368)
	at com.zaxxer.hikari.pool.PoolBase.newPoolEntry(PoolBase.java:205)
	at com.zaxxer.hikari.pool.HikariPool.createPoolEntry(HikariPool.java:483)
	at com.zaxxer.hikari.pool.HikariPool$PoolEntryCreator.call(HikariPool.java:747)
	at com.zaxxer.hikari.pool.HikariPool$PoolEntryCreator.call(HikariPool.java:726)
	at java.base/java.util.concurrent.FutureTask.run(FutureTask.java:264)
	at java.base/java.util.concurrent.ThreadPoolExecutor.runWorker(ThreadPoolExecutor.java:1136)
	at java.base/java.util.concurrent.ThreadPoolExecutor$Worker.run(ThreadPoolExecutor.java:635)
	at java.base/java.lang.Thread.run(Thread.java:833)
Caused by: oracle.net.ns.NetException: ORA-12541: Cannot connect. No listener at host rac-cluster-scan.txuyen.local port 1521. (CONNECTION_ID=CRy5u32VTG6OM7RDsaftDQ==)
https://docs.oracle.com/error-help/db/ora-12541/
	at oracle.net.nt.TcpNTAdapter.handleEstablishSocketException(TcpNTAdapter.java:418)
	at oracle.net.nt.TcpNTAdapter.establishSocket(TcpNTAdapter.java:350)
	at oracle.net.nt.TcpNTAdapter.connect(TcpNTAdapter.java:228)
	at oracle.net.nt.ConnOption.connect(ConnOption.java:346)
	at oracle.net.nt.ConnStrategy.executeConnOption(ConnStrategy.java:1252)
	at oracle.net.nt.ConnStrategy.execute(ConnStrategy.java:778)
	at oracle.net.resolver.AddrResolution.resolveAndExecute(AddrResolution.java:718)
	at oracle.net.ns.NSProtocol.establishConnection(NSProtocol.java:960)
	at oracle.net.ns.NSProtocol.connect(NSProtocol.java:329)
	at oracle.jdbc.driver.T4CConnection.connectNetworkSessionProtocol(T4CConnection.java:3684)
	at oracle.jdbc.driver.T4CConnection.logon(T4CConnection.java:1083)
	... 14 common frames omitted
Caused by: java.net.ConnectException: Connection timed out: no further information
	at java.base/sun.nio.ch.Net.pollConnect(Native Method)
	at java.base/sun.nio.ch.Net.pollConnectNow(Net.java:672)
	at java.base/sun.nio.ch.SocketChannelImpl.finishTimedConnect(SocketChannelImpl.java:1148)
	at java.base/sun.nio.ch.SocketChannelImpl.blockingConnect(SocketChannelImpl.java:1183)
	at java.base/sun.nio.ch.SocketAdaptor.connect(SocketAdaptor.java:98)
	at oracle.net.nt.TimeoutSocketChannel.doConnect(TimeoutSocketChannel.java:291)
	at oracle.net.nt.TimeoutSocketChannel.initializeSocketChannel(TimeoutSocketChannel.java:271)
	at oracle.net.nt.TimeoutSocketChannel.connect(TimeoutSocketChannel.java:238)
	at oracle.net.nt.TimeoutSocketChannel.<init>(TimeoutSocketChannel.java:205)
	at oracle.net.nt.TcpNTAdapter.establishSocket(TcpNTAdapter.java:339)
	... 23 common frames omitted
2026-04-09 08:49:35.987 WARN  [HikariPool-1:connection-adder] com.zaxxer.hikari.pool.PoolBase - HikariPool-1 - Pool is empty, failed to create/setup connection (3144ecad-66e4-42e6-a4dc-c8b7a72a311f)
java.sql.SQLException: ORA-12541: Cannot connect. No listener at host rac-cluster-scan.txuyen.local port 1521. (CONNECTION_ID=ejP6rzcjT6qIFhMDfpaQiQ==)
https://docs.oracle.com/error-help/db/ora-12541/
	at oracle.jdbc.driver.T4CConnection.handleLogonNetException(T4CConnection.java:1853)
	at oracle.jdbc.driver.T4CConnection.logon(T4CConnection.java:1204)
	at oracle.jdbc.driver.PhysicalConnection.connect(PhysicalConnection.java:1189)
	at oracle.jdbc.driver.T4CDriverExtension.getConnection(T4CDriverExtension.java:106)
	at oracle.jdbc.driver.OracleDriver.connect(OracleDriver.java:887)
	at oracle.jdbc.driver.OracleDriver.connect(OracleDriver.java:694)
	at com.zaxxer.hikari.util.DriverDataSource.getConnection(DriverDataSource.java:139)
	at com.zaxxer.hikari.pool.PoolBase.newConnection(PoolBase.java:368)
	at com.zaxxer.hikari.pool.PoolBase.newPoolEntry(PoolBase.java:205)
	at com.zaxxer.hikari.pool.HikariPool.createPoolEntry(HikariPool.java:483)
	at com.zaxxer.hikari.pool.HikariPool$PoolEntryCreator.call(HikariPool.java:747)
	at com.zaxxer.hikari.pool.HikariPool$PoolEntryCreator.call(HikariPool.java:726)
	at java.base/java.util.concurrent.FutureTask.run(FutureTask.java:264)
	at java.base/java.util.concurrent.ThreadPoolExecutor.runWorker(ThreadPoolExecutor.java:1136)
	at java.base/java.util.concurrent.ThreadPoolExecutor$Worker.run(ThreadPoolExecutor.java:635)
	at java.base/java.lang.Thread.run(Thread.java:833)
Caused by: oracle.net.ns.NetException: ORA-12541: Cannot connect. No listener at host rac-cluster-scan.txuyen.local port 1521. (CONNECTION_ID=ejP6rzcjT6qIFhMDfpaQiQ==)
https://docs.oracle.com/error-help/db/ora-12541/
	at oracle.net.nt.TcpNTAdapter.handleEstablishSocketException(TcpNTAdapter.java:418)
	at oracle.net.nt.TcpNTAdapter.establishSocket(TcpNTAdapter.java:350)
	at oracle.net.nt.TcpNTAdapter.connect(TcpNTAdapter.java:228)
	at oracle.net.nt.ConnOption.connect(ConnOption.java:346)
	at oracle.net.nt.ConnStrategy.executeConnOption(ConnStrategy.java:1252)
	at oracle.net.nt.ConnStrategy.execute(ConnStrategy.java:778)
	at oracle.net.resolver.AddrResolution.resolveAndExecute(AddrResolution.java:718)
	at oracle.net.ns.NSProtocol.establishConnection(NSProtocol.java:960)
	at oracle.net.ns.NSProtocol.connect(NSProtocol.java:329)
	at oracle.jdbc.driver.T4CConnection.connectNetworkSessionProtocol(T4CConnection.java:3684)
	at oracle.jdbc.driver.T4CConnection.logon(T4CConnection.java:1083)
	... 14 common frames omitted
Caused by: java.net.ConnectException: Connection timed out: no further information
	at java.base/sun.nio.ch.Net.pollConnect(Native Method)
	at java.base/sun.nio.ch.Net.pollConnectNow(Net.java:672)
	at java.base/sun.nio.ch.SocketChannelImpl.finishTimedConnect(SocketChannelImpl.java:1148)
	at java.base/sun.nio.ch.SocketChannelImpl.blockingConnect(SocketChannelImpl.java:1183)
	at java.base/sun.nio.ch.SocketAdaptor.connect(SocketAdaptor.java:98)
	at oracle.net.nt.TimeoutSocketChannel.doConnect(TimeoutSocketChannel.java:291)
	at oracle.net.nt.TimeoutSocketChannel.initializeSocketChannel(TimeoutSocketChannel.java:271)
	at oracle.net.nt.TimeoutSocketChannel.connect(TimeoutSocketChannel.java:238)
	at oracle.net.nt.TimeoutSocketChannel.<init>(TimeoutSocketChannel.java:205)
	at oracle.net.nt.TcpNTAdapter.establishSocket(TcpNTAdapter.java:339)
	... 23 common frames omitted
2026-04-09 08:50:54.136 WARN  [HikariPool-1:connection-adder] com.zaxxer.hikari.pool.PoolBase - HikariPool-1 - Pool is empty, failed to create/setup connection (0b070c96-1b93-4450-85bd-6955d73f7f09)
java.sql.SQLException: ORA-12541: Cannot connect. No listener at host rac-cluster-scan.txuyen.local port 1521. (CONNECTION_ID=S3NNWnjdTAyHtcQbP/hjkA==)
https://docs.oracle.com/error-help/db/ora-12541/
	at oracle.jdbc.driver.T4CConnection.handleLogonNetException(T4CConnection.java:1853)
	at oracle.jdbc.driver.T4CConnection.logon(T4CConnection.java:1204)
	at oracle.jdbc.driver.PhysicalConnection.connect(PhysicalConnection.java:1189)
	at oracle.jdbc.driver.T4CDriverExtension.getConnection(T4CDriverExtension.java:106)
	at oracle.jdbc.driver.OracleDriver.connect(OracleDriver.java:887)
	at oracle.jdbc.driver.OracleDriver.connect(OracleDriver.java:694)
	at com.zaxxer.hikari.util.DriverDataSource.getConnection(DriverDataSource.java:139)
	at com.zaxxer.hikari.pool.PoolBase.newConnection(PoolBase.java:368)
	at com.zaxxer.hikari.pool.PoolBase.newPoolEntry(PoolBase.java:205)
	at com.zaxxer.hikari.pool.HikariPool.createPoolEntry(HikariPool.java:483)
	at com.zaxxer.hikari.pool.HikariPool$PoolEntryCreator.call(HikariPool.java:747)
	at com.zaxxer.hikari.pool.HikariPool$PoolEntryCreator.call(HikariPool.java:726)
	at java.base/java.util.concurrent.FutureTask.run(FutureTask.java:264)
	at java.base/java.util.concurrent.ThreadPoolExecutor.runWorker(ThreadPoolExecutor.java:1136)
	at java.base/java.util.concurrent.ThreadPoolExecutor$Worker.run(ThreadPoolExecutor.java:635)
	at java.base/java.lang.Thread.run(Thread.java:833)
Caused by: oracle.net.ns.NetException: ORA-12541: Cannot connect. No listener at host rac-cluster-scan.txuyen.local port 1521. (CONNECTION_ID=S3NNWnjdTAyHtcQbP/hjkA==)
https://docs.oracle.com/error-help/db/ora-12541/
	at oracle.net.nt.TcpNTAdapter.handleEstablishSocketException(TcpNTAdapter.java:418)
	at oracle.net.nt.TcpNTAdapter.establishSocket(TcpNTAdapter.java:350)
	at oracle.net.nt.TcpNTAdapter.connect(TcpNTAdapter.java:228)
	at oracle.net.nt.ConnOption.connect(ConnOption.java:346)
	at oracle.net.nt.ConnStrategy.executeConnOption(ConnStrategy.java:1252)
	at oracle.net.nt.ConnStrategy.execute(ConnStrategy.java:778)
	at oracle.net.resolver.AddrResolution.resolveAndExecute(AddrResolution.java:718)
	at oracle.net.ns.NSProtocol.establishConnection(NSProtocol.java:960)
	at oracle.net.ns.NSProtocol.connect(NSProtocol.java:329)
	at oracle.jdbc.driver.T4CConnection.connectNetworkSessionProtocol(T4CConnection.java:3684)
	at oracle.jdbc.driver.T4CConnection.logon(T4CConnection.java:1083)
	... 14 common frames omitted
Caused by: java.net.ConnectException: Connection timed out: no further information
	at java.base/sun.nio.ch.Net.pollConnect(Native Method)
	at java.base/sun.nio.ch.Net.pollConnectNow(Net.java:672)
	at java.base/sun.nio.ch.SocketChannelImpl.finishTimedConnect(SocketChannelImpl.java:1148)
	at java.base/sun.nio.ch.SocketChannelImpl.blockingConnect(SocketChannelImpl.java:1183)
	at java.base/sun.nio.ch.SocketAdaptor.connect(SocketAdaptor.java:98)
	at oracle.net.nt.TimeoutSocketChannel.doConnect(TimeoutSocketChannel.java:291)
	at oracle.net.nt.TimeoutSocketChannel.initializeSocketChannel(TimeoutSocketChannel.java:271)
	at oracle.net.nt.TimeoutSocketChannel.connect(TimeoutSocketChannel.java:238)
	at oracle.net.nt.TimeoutSocketChannel.<init>(TimeoutSocketChannel.java:205)
	at oracle.net.nt.TcpNTAdapter.establishSocket(TcpNTAdapter.java:339)
	... 23 common frames omitted
2026-04-09 08:52:12.333 WARN  [HikariPool-1:connection-adder] com.zaxxer.hikari.pool.PoolBase - HikariPool-1 - Pool is empty, failed to create/setup connection (cc371a29-2d9a-4149-b275-1d5eeb8e3203)
java.sql.SQLException: ORA-12541: Cannot connect. No listener at host rac-cluster-scan.txuyen.local port 1521. (CONNECTION_ID=+jyChOVDQiSQBIZ2YRDiIw==)
https://docs.oracle.com/error-help/db/ora-12541/
	at oracle.jdbc.driver.T4CConnection.handleLogonNetException(T4CConnection.java:1853)
	at oracle.jdbc.driver.T4CConnection.logon(T4CConnection.java:1204)
	at oracle.jdbc.driver.PhysicalConnection.connect(PhysicalConnection.java:1189)
	at oracle.jdbc.driver.T4CDriverExtension.getConnection(T4CDriverExtension.java:106)
	at oracle.jdbc.driver.OracleDriver.connect(OracleDriver.java:887)
	at oracle.jdbc.driver.OracleDriver.connect(OracleDriver.java:694)
	at com.zaxxer.hikari.util.DriverDataSource.getConnection(DriverDataSource.java:139)
	at com.zaxxer.hikari.pool.PoolBase.newConnection(PoolBase.java:368)
	at com.zaxxer.hikari.pool.PoolBase.newPoolEntry(PoolBase.java:205)
	at com.zaxxer.hikari.pool.HikariPool.createPoolEntry(HikariPool.java:483)
	at com.zaxxer.hikari.pool.HikariPool$PoolEntryCreator.call(HikariPool.java:747)
	at com.zaxxer.hikari.pool.HikariPool$PoolEntryCreator.call(HikariPool.java:726)
	at java.base/java.util.concurrent.FutureTask.run(FutureTask.java:264)
	at java.base/java.util.concurrent.ThreadPoolExecutor.runWorker(ThreadPoolExecutor.java:1136)
	at java.base/java.util.concurrent.ThreadPoolExecutor$Worker.run(ThreadPoolExecutor.java:635)
	at java.base/java.lang.Thread.run(Thread.java:833)
Caused by: oracle.net.ns.NetException: ORA-12541: Cannot connect. No listener at host rac-cluster-scan.txuyen.local port 1521. (CONNECTION_ID=+jyChOVDQiSQBIZ2YRDiIw==)
https://docs.oracle.com/error-help/db/ora-12541/
	at oracle.net.nt.TcpNTAdapter.handleEstablishSocketException(TcpNTAdapter.java:418)
	at oracle.net.nt.TcpNTAdapter.establishSocket(TcpNTAdapter.java:350)
	at oracle.net.nt.TcpNTAdapter.connect(TcpNTAdapter.java:228)
	at oracle.net.nt.ConnOption.connect(ConnOption.java:346)
	at oracle.net.nt.ConnStrategy.executeConnOption(ConnStrategy.java:1252)
	at oracle.net.nt.ConnStrategy.execute(ConnStrategy.java:778)
	at oracle.net.resolver.AddrResolution.resolveAndExecute(AddrResolution.java:718)
	at oracle.net.ns.NSProtocol.establishConnection(NSProtocol.java:960)
	at oracle.net.ns.NSProtocol.connect(NSProtocol.java:329)
	at oracle.jdbc.driver.T4CConnection.connectNetworkSessionProtocol(T4CConnection.java:3684)
	at oracle.jdbc.driver.T4CConnection.logon(T4CConnection.java:1083)
	... 14 common frames omitted
Caused by: java.net.ConnectException: Connection timed out: no further information
	at java.base/sun.nio.ch.Net.pollConnect(Native Method)
	at java.base/sun.nio.ch.Net.pollConnectNow(Net.java:672)
	at java.base/sun.nio.ch.SocketChannelImpl.finishTimedConnect(SocketChannelImpl.java:1148)
	at java.base/sun.nio.ch.SocketChannelImpl.blockingConnect(SocketChannelImpl.java:1183)
	at java.base/sun.nio.ch.SocketAdaptor.connect(SocketAdaptor.java:98)
	at oracle.net.nt.TimeoutSocketChannel.doConnect(TimeoutSocketChannel.java:291)
	at oracle.net.nt.TimeoutSocketChannel.initializeSocketChannel(TimeoutSocketChannel.java:271)
	at oracle.net.nt.TimeoutSocketChannel.connect(TimeoutSocketChannel.java:238)
	at oracle.net.nt.TimeoutSocketChannel.<init>(TimeoutSocketChannel.java:205)
	at oracle.net.nt.TcpNTAdapter.establishSocket(TcpNTAdapter.java:339)
	... 23 common frames omitted
2026-04-09 08:53:30.528 WARN  [HikariPool-1:connection-adder] com.zaxxer.hikari.pool.PoolBase - HikariPool-1 - Pool is empty, failed to create/setup connection (6b9ccea5-bad6-4a49-a9ff-2ade5eb0458c)
java.sql.SQLException: ORA-12541: Cannot connect. No listener at host rac-cluster-scan.txuyen.local port 1521. (CONNECTION_ID=22fpK6z5T2+DgPBvjqmMsw==)
https://docs.oracle.com/error-help/db/ora-12541/
	at oracle.jdbc.driver.T4CConnection.handleLogonNetException(T4CConnection.java:1853)
	at oracle.jdbc.driver.T4CConnection.logon(T4CConnection.java:1204)
	at oracle.jdbc.driver.PhysicalConnection.connect(PhysicalConnection.java:1189)
	at oracle.jdbc.driver.T4CDriverExtension.getConnection(T4CDriverExtension.java:106)
	at oracle.jdbc.driver.OracleDriver.connect(OracleDriver.java:887)
	at oracle.jdbc.driver.OracleDriver.connect(OracleDriver.java:694)
	at com.zaxxer.hikari.util.DriverDataSource.getConnection(DriverDataSource.java:139)
	at com.zaxxer.hikari.pool.PoolBase.newConnection(PoolBase.java:368)
	at com.zaxxer.hikari.pool.PoolBase.newPoolEntry(PoolBase.java:205)
	at com.zaxxer.hikari.pool.HikariPool.createPoolEntry(HikariPool.java:483)
	at com.zaxxer.hikari.pool.HikariPool$PoolEntryCreator.call(HikariPool.java:747)
	at com.zaxxer.hikari.pool.HikariPool$PoolEntryCreator.call(HikariPool.java:726)
	at java.base/java.util.concurrent.FutureTask.run(FutureTask.java:264)
	at java.base/java.util.concurrent.ThreadPoolExecutor.runWorker(ThreadPoolExecutor.java:1136)
	at java.base/java.util.concurrent.ThreadPoolExecutor$Worker.run(ThreadPoolExecutor.java:635)
	at java.base/java.lang.Thread.run(Thread.java:833)
Caused by: oracle.net.ns.NetException: ORA-12541: Cannot connect. No listener at host rac-cluster-scan.txuyen.local port 1521. (CONNECTION_ID=22fpK6z5T2+DgPBvjqmMsw==)
https://docs.oracle.com/error-help/db/ora-12541/
	at oracle.net.nt.TcpNTAdapter.handleEstablishSocketException(TcpNTAdapter.java:418)
	at oracle.net.nt.TcpNTAdapter.establishSocket(TcpNTAdapter.java:350)
	at oracle.net.nt.TcpNTAdapter.connect(TcpNTAdapter.java:228)
	at oracle.net.nt.ConnOption.connect(ConnOption.java:346)
	at oracle.net.nt.ConnStrategy.executeConnOption(ConnStrategy.java:1252)
	at oracle.net.nt.ConnStrategy.execute(ConnStrategy.java:778)
	at oracle.net.resolver.AddrResolution.resolveAndExecute(AddrResolution.java:718)
	at oracle.net.ns.NSProtocol.establishConnection(NSProtocol.java:960)
	at oracle.net.ns.NSProtocol.connect(NSProtocol.java:329)
	at oracle.jdbc.driver.T4CConnection.connectNetworkSessionProtocol(T4CConnection.java:3684)
	at oracle.jdbc.driver.T4CConnection.logon(T4CConnection.java:1083)
	... 14 common frames omitted
Caused by: java.net.ConnectException: Connection timed out: no further information
	at java.base/sun.nio.ch.Net.pollConnect(Native Method)
	at java.base/sun.nio.ch.Net.pollConnectNow(Net.java:672)
	at java.base/sun.nio.ch.SocketChannelImpl.finishTimedConnect(SocketChannelImpl.java:1148)
	at java.base/sun.nio.ch.SocketChannelImpl.blockingConnect(SocketChannelImpl.java:1183)
	at java.base/sun.nio.ch.SocketAdaptor.connect(SocketAdaptor.java:98)
	at oracle.net.nt.TimeoutSocketChannel.doConnect(TimeoutSocketChannel.java:291)
	at oracle.net.nt.TimeoutSocketChannel.initializeSocketChannel(TimeoutSocketChannel.java:271)
	at oracle.net.nt.TimeoutSocketChannel.connect(TimeoutSocketChannel.java:238)
	at oracle.net.nt.TimeoutSocketChannel.<init>(TimeoutSocketChannel.java:205)
	at oracle.net.nt.TcpNTAdapter.establishSocket(TcpNTAdapter.java:339)
	... 23 common frames omitted
2026-04-09 08:54:48.706 WARN  [HikariPool-1:connection-adder] com.zaxxer.hikari.pool.PoolBase - HikariPool-1 - Pool is empty, failed to create/setup connection (4af909b9-18bf-41a0-97b8-d78760cd8326)
java.sql.SQLException: ORA-12541: Cannot connect. No listener at host rac-cluster-scan.txuyen.local port 1521. (CONNECTION_ID=QSwNi+jpSO6wh38S6jdFng==)
https://docs.oracle.com/error-help/db/ora-12541/
	at oracle.jdbc.driver.T4CConnection.handleLogonNetException(T4CConnection.java:1853)
	at oracle.jdbc.driver.T4CConnection.logon(T4CConnection.java:1204)
	at oracle.jdbc.driver.PhysicalConnection.connect(PhysicalConnection.java:1189)
	at oracle.jdbc.driver.T4CDriverExtension.getConnection(T4CDriverExtension.java:106)
	at oracle.jdbc.driver.OracleDriver.connect(OracleDriver.java:887)
	at oracle.jdbc.driver.OracleDriver.connect(OracleDriver.java:694)
	at com.zaxxer.hikari.util.DriverDataSource.getConnection(DriverDataSource.java:139)
	at com.zaxxer.hikari.pool.PoolBase.newConnection(PoolBase.java:368)
	at com.zaxxer.hikari.pool.PoolBase.newPoolEntry(PoolBase.java:205)
	at com.zaxxer.hikari.pool.HikariPool.createPoolEntry(HikariPool.java:483)
	at com.zaxxer.hikari.pool.HikariPool$PoolEntryCreator.call(HikariPool.java:747)
	at com.zaxxer.hikari.pool.HikariPool$PoolEntryCreator.call(HikariPool.java:726)
	at java.base/java.util.concurrent.FutureTask.run(FutureTask.java:264)
	at java.base/java.util.concurrent.ThreadPoolExecutor.runWorker(ThreadPoolExecutor.java:1136)
	at java.base/java.util.concurrent.ThreadPoolExecutor$Worker.run(ThreadPoolExecutor.java:635)
	at java.base/java.lang.Thread.run(Thread.java:833)
Caused by: oracle.net.ns.NetException: ORA-12541: Cannot connect. No listener at host rac-cluster-scan.txuyen.local port 1521. (CONNECTION_ID=QSwNi+jpSO6wh38S6jdFng==)
https://docs.oracle.com/error-help/db/ora-12541/
	at oracle.net.nt.TcpNTAdapter.handleEstablishSocketException(TcpNTAdapter.java:418)
	at oracle.net.nt.TcpNTAdapter.establishSocket(TcpNTAdapter.java:350)
	at oracle.net.nt.TcpNTAdapter.connect(TcpNTAdapter.java:228)
	at oracle.net.nt.ConnOption.connect(ConnOption.java:346)
	at oracle.net.nt.ConnStrategy.executeConnOption(ConnStrategy.java:1252)
	at oracle.net.nt.ConnStrategy.execute(ConnStrategy.java:778)
	at oracle.net.resolver.AddrResolution.resolveAndExecute(AddrResolution.java:718)
	at oracle.net.ns.NSProtocol.establishConnection(NSProtocol.java:960)
	at oracle.net.ns.NSProtocol.connect(NSProtocol.java:329)
	at oracle.jdbc.driver.T4CConnection.connectNetworkSessionProtocol(T4CConnection.java:3684)
	at oracle.jdbc.driver.T4CConnection.logon(T4CConnection.java:1083)
	... 14 common frames omitted
Caused by: java.net.ConnectException: Connection timed out: no further information
	at java.base/sun.nio.ch.Net.pollConnect(Native Method)
	at java.base/sun.nio.ch.Net.pollConnectNow(Net.java:672)
	at java.base/sun.nio.ch.SocketChannelImpl.finishTimedConnect(SocketChannelImpl.java:1148)
	at java.base/sun.nio.ch.SocketChannelImpl.blockingConnect(SocketChannelImpl.java:1183)
	at java.base/sun.nio.ch.SocketAdaptor.connect(SocketAdaptor.java:98)
	at oracle.net.nt.TimeoutSocketChannel.doConnect(TimeoutSocketChannel.java:291)
	at oracle.net.nt.TimeoutSocketChannel.initializeSocketChannel(TimeoutSocketChannel.java:271)
	at oracle.net.nt.TimeoutSocketChannel.connect(TimeoutSocketChannel.java:238)
	at oracle.net.nt.TimeoutSocketChannel.<init>(TimeoutSocketChannel.java:205)
	at oracle.net.nt.TcpNTAdapter.establishSocket(TcpNTAdapter.java:339)
	... 23 common frames omitted
2026-04-09 08:56:06.894 WARN  [HikariPool-1:connection-adder] com.zaxxer.hikari.pool.PoolBase - HikariPool-1 - Pool is empty, failed to create/setup connection (7c650ff5-e07c-4530-827e-7900550f9507)
java.sql.SQLException: ORA-12541: Cannot connect. No listener at host rac-cluster-scan.txuyen.local port 1521. (CONNECTION_ID=zKsHiICBSmWZIugK3Llj3Q==)
https://docs.oracle.com/error-help/db/ora-12541/
	at oracle.jdbc.driver.T4CConnection.handleLogonNetException(T4CConnection.java:1853)
	at oracle.jdbc.driver.T4CConnection.logon(T4CConnection.java:1204)
	at oracle.jdbc.driver.PhysicalConnection.connect(PhysicalConnection.java:1189)
	at oracle.jdbc.driver.T4CDriverExtension.getConnection(T4CDriverExtension.java:106)
	at oracle.jdbc.driver.OracleDriver.connect(OracleDriver.java:887)
	at oracle.jdbc.driver.OracleDriver.connect(OracleDriver.java:694)
	at com.zaxxer.hikari.util.DriverDataSource.getConnection(DriverDataSource.java:139)
	at com.zaxxer.hikari.pool.PoolBase.newConnection(PoolBase.java:368)
	at com.zaxxer.hikari.pool.PoolBase.newPoolEntry(PoolBase.java:205)
	at com.zaxxer.hikari.pool.HikariPool.createPoolEntry(HikariPool.java:483)
	at com.zaxxer.hikari.pool.HikariPool$PoolEntryCreator.call(HikariPool.java:747)
	at com.zaxxer.hikari.pool.HikariPool$PoolEntryCreator.call(HikariPool.java:726)
	at java.base/java.util.concurrent.FutureTask.run(FutureTask.java:264)
	at java.base/java.util.concurrent.ThreadPoolExecutor.runWorker(ThreadPoolExecutor.java:1136)
	at java.base/java.util.concurrent.ThreadPoolExecutor$Worker.run(ThreadPoolExecutor.java:635)
	at java.base/java.lang.Thread.run(Thread.java:833)
Caused by: oracle.net.ns.NetException: ORA-12541: Cannot connect. No listener at host rac-cluster-scan.txuyen.local port 1521. (CONNECTION_ID=zKsHiICBSmWZIugK3Llj3Q==)
https://docs.oracle.com/error-help/db/ora-12541/
	at oracle.net.nt.TcpNTAdapter.handleEstablishSocketException(TcpNTAdapter.java:418)
	at oracle.net.nt.TcpNTAdapter.establishSocket(TcpNTAdapter.java:350)
	at oracle.net.nt.TcpNTAdapter.connect(TcpNTAdapter.java:228)
	at oracle.net.nt.ConnOption.connect(ConnOption.java:346)
	at oracle.net.nt.ConnStrategy.executeConnOption(ConnStrategy.java:1252)
	at oracle.net.nt.ConnStrategy.execute(ConnStrategy.java:778)
	at oracle.net.resolver.AddrResolution.resolveAndExecute(AddrResolution.java:718)
	at oracle.net.ns.NSProtocol.establishConnection(NSProtocol.java:960)
	at oracle.net.ns.NSProtocol.connect(NSProtocol.java:329)
	at oracle.jdbc.driver.T4CConnection.connectNetworkSessionProtocol(T4CConnection.java:3684)
	at oracle.jdbc.driver.T4CConnection.logon(T4CConnection.java:1083)
	... 14 common frames omitted
Caused by: java.net.ConnectException: Connection timed out: no further information
	at java.base/sun.nio.ch.Net.pollConnect(Native Method)
	at java.base/sun.nio.ch.Net.pollConnectNow(Net.java:672)
	at java.base/sun.nio.ch.SocketChannelImpl.finishTimedConnect(SocketChannelImpl.java:1148)
	at java.base/sun.nio.ch.SocketChannelImpl.blockingConnect(SocketChannelImpl.java:1183)
	at java.base/sun.nio.ch.SocketAdaptor.connect(SocketAdaptor.java:98)
	at oracle.net.nt.TimeoutSocketChannel.doConnect(TimeoutSocketChannel.java:291)
	at oracle.net.nt.TimeoutSocketChannel.initializeSocketChannel(TimeoutSocketChannel.java:271)
	at oracle.net.nt.TimeoutSocketChannel.connect(TimeoutSocketChannel.java:238)
	at oracle.net.nt.TimeoutSocketChannel.<init>(TimeoutSocketChannel.java:205)
	at oracle.net.nt.TcpNTAdapter.establishSocket(TcpNTAdapter.java:339)
	... 23 common frames omitted
2026-04-09 08:57:25.045 WARN  [HikariPool-1:connection-adder] com.zaxxer.hikari.pool.PoolBase - HikariPool-1 - Pool is empty, failed to create/setup connection (6a826273-d581-4bad-bec5-88c8073e088b)
java.sql.SQLException: ORA-12541: Cannot connect. No listener at host rac-cluster-scan.txuyen.local port 1521. (CONNECTION_ID=KmG/C5AKTuGZl9muFXWgjw==)
https://docs.oracle.com/error-help/db/ora-12541/
	at oracle.jdbc.driver.T4CConnection.handleLogonNetException(T4CConnection.java:1853)
	at oracle.jdbc.driver.T4CConnection.logon(T4CConnection.java:1204)
	at oracle.jdbc.driver.PhysicalConnection.connect(PhysicalConnection.java:1189)
	at oracle.jdbc.driver.T4CDriverExtension.getConnection(T4CDriverExtension.java:106)
	at oracle.jdbc.driver.OracleDriver.connect(OracleDriver.java:887)
	at oracle.jdbc.driver.OracleDriver.connect(OracleDriver.java:694)
	at com.zaxxer.hikari.util.DriverDataSource.getConnection(DriverDataSource.java:139)
	at com.zaxxer.hikari.pool.PoolBase.newConnection(PoolBase.java:368)
	at com.zaxxer.hikari.pool.PoolBase.newPoolEntry(PoolBase.java:205)
	at com.zaxxer.hikari.pool.HikariPool.createPoolEntry(HikariPool.java:483)
	at com.zaxxer.hikari.pool.HikariPool$PoolEntryCreator.call(HikariPool.java:747)
	at com.zaxxer.hikari.pool.HikariPool$PoolEntryCreator.call(HikariPool.java:726)
	at java.base/java.util.concurrent.FutureTask.run(FutureTask.java:264)
	at java.base/java.util.concurrent.ThreadPoolExecutor.runWorker(ThreadPoolExecutor.java:1136)
	at java.base/java.util.concurrent.ThreadPoolExecutor$Worker.run(ThreadPoolExecutor.java:635)
	at java.base/java.lang.Thread.run(Thread.java:833)
Caused by: oracle.net.ns.NetException: ORA-12541: Cannot connect. No listener at host rac-cluster-scan.txuyen.local port 1521. (CONNECTION_ID=KmG/C5AKTuGZl9muFXWgjw==)
https://docs.oracle.com/error-help/db/ora-12541/
	at oracle.net.nt.TcpNTAdapter.handleEstablishSocketException(TcpNTAdapter.java:418)
	at oracle.net.nt.TcpNTAdapter.establishSocket(TcpNTAdapter.java:350)
	at oracle.net.nt.TcpNTAdapter.connect(TcpNTAdapter.java:228)
	at oracle.net.nt.ConnOption.connect(ConnOption.java:346)
	at oracle.net.nt.ConnStrategy.executeConnOption(ConnStrategy.java:1252)
	at oracle.net.nt.ConnStrategy.execute(ConnStrategy.java:778)
	at oracle.net.resolver.AddrResolution.resolveAndExecute(AddrResolution.java:718)
	at oracle.net.ns.NSProtocol.establishConnection(NSProtocol.java:960)
	at oracle.net.ns.NSProtocol.connect(NSProtocol.java:329)
	at oracle.jdbc.driver.T4CConnection.connectNetworkSessionProtocol(T4CConnection.java:3684)
	at oracle.jdbc.driver.T4CConnection.logon(T4CConnection.java:1083)
	... 14 common frames omitted
Caused by: java.net.ConnectException: Connection timed out: no further information
	at java.base/sun.nio.ch.Net.pollConnect(Native Method)
	at java.base/sun.nio.ch.Net.pollConnectNow(Net.java:672)
	at java.base/sun.nio.ch.SocketChannelImpl.finishTimedConnect(SocketChannelImpl.java:1148)
	at java.base/sun.nio.ch.SocketChannelImpl.blockingConnect(SocketChannelImpl.java:1183)
	at java.base/sun.nio.ch.SocketAdaptor.connect(SocketAdaptor.java:98)
	at oracle.net.nt.TimeoutSocketChannel.doConnect(TimeoutSocketChannel.java:291)
	at oracle.net.nt.TimeoutSocketChannel.initializeSocketChannel(TimeoutSocketChannel.java:271)
	at oracle.net.nt.TimeoutSocketChannel.connect(TimeoutSocketChannel.java:238)
	at oracle.net.nt.TimeoutSocketChannel.<init>(TimeoutSocketChannel.java:205)
	at oracle.net.nt.TcpNTAdapter.establishSocket(TcpNTAdapter.java:339)
	... 23 common frames omitted
2026-04-09 08:58:43.193 WARN  [HikariPool-1:connection-adder] com.zaxxer.hikari.pool.PoolBase - HikariPool-1 - Pool is empty, failed to create/setup connection (9b03cf39-30f0-49ba-ba81-240a58811ec6)
java.sql.SQLException: ORA-12541: Cannot connect. No listener at host rac-cluster-scan.txuyen.local port 1521. (CONNECTION_ID=g9MoGNsSSmqs1WDEVK1OwQ==)
https://docs.oracle.com/error-help/db/ora-12541/
	at oracle.jdbc.driver.T4CConnection.handleLogonNetException(T4CConnection.java:1853)
	at oracle.jdbc.driver.T4CConnection.logon(T4CConnection.java:1204)
	at oracle.jdbc.driver.PhysicalConnection.connect(PhysicalConnection.java:1189)
	at oracle.jdbc.driver.T4CDriverExtension.getConnection(T4CDriverExtension.java:106)
	at oracle.jdbc.driver.OracleDriver.connect(OracleDriver.java:887)
	at oracle.jdbc.driver.OracleDriver.connect(OracleDriver.java:694)
	at com.zaxxer.hikari.util.DriverDataSource.getConnection(DriverDataSource.java:139)
	at com.zaxxer.hikari.pool.PoolBase.newConnection(PoolBase.java:368)
	at com.zaxxer.hikari.pool.PoolBase.newPoolEntry(PoolBase.java:205)
	at com.zaxxer.hikari.pool.HikariPool.createPoolEntry(HikariPool.java:483)
	at com.zaxxer.hikari.pool.HikariPool$PoolEntryCreator.call(HikariPool.java:747)
	at com.zaxxer.hikari.pool.HikariPool$PoolEntryCreator.call(HikariPool.java:726)
	at java.base/java.util.concurrent.FutureTask.run(FutureTask.java:264)
	at java.base/java.util.concurrent.ThreadPoolExecutor.runWorker(ThreadPoolExecutor.java:1136)
	at java.base/java.util.concurrent.ThreadPoolExecutor$Worker.run(ThreadPoolExecutor.java:635)
	at java.base/java.lang.Thread.run(Thread.java:833)
Caused by: oracle.net.ns.NetException: ORA-12541: Cannot connect. No listener at host rac-cluster-scan.txuyen.local port 1521. (CONNECTION_ID=g9MoGNsSSmqs1WDEVK1OwQ==)
https://docs.oracle.com/error-help/db/ora-12541/
	at oracle.net.nt.TcpNTAdapter.handleEstablishSocketException(TcpNTAdapter.java:418)
	at oracle.net.nt.TcpNTAdapter.establishSocket(TcpNTAdapter.java:350)
	at oracle.net.nt.TcpNTAdapter.connect(TcpNTAdapter.java:228)
	at oracle.net.nt.ConnOption.connect(ConnOption.java:346)
	at oracle.net.nt.ConnStrategy.executeConnOption(ConnStrategy.java:1252)
	at oracle.net.nt.ConnStrategy.execute(ConnStrategy.java:778)
	at oracle.net.resolver.AddrResolution.resolveAndExecute(AddrResolution.java:718)
	at oracle.net.ns.NSProtocol.establishConnection(NSProtocol.java:960)
	at oracle.net.ns.NSProtocol.connect(NSProtocol.java:329)
	at oracle.jdbc.driver.T4CConnection.connectNetworkSessionProtocol(T4CConnection.java:3684)
	at oracle.jdbc.driver.T4CConnection.logon(T4CConnection.java:1083)
	... 14 common frames omitted
Caused by: java.net.ConnectException: Connection timed out: no further information
	at java.base/sun.nio.ch.Net.pollConnect(Native Method)
	at java.base/sun.nio.ch.Net.pollConnectNow(Net.java:672)
	at java.base/sun.nio.ch.SocketChannelImpl.finishTimedConnect(SocketChannelImpl.java:1148)
	at java.base/sun.nio.ch.SocketChannelImpl.blockingConnect(SocketChannelImpl.java:1183)
	at java.base/sun.nio.ch.SocketAdaptor.connect(SocketAdaptor.java:98)
	at oracle.net.nt.TimeoutSocketChannel.doConnect(TimeoutSocketChannel.java:291)
	at oracle.net.nt.TimeoutSocketChannel.initializeSocketChannel(TimeoutSocketChannel.java:271)
	at oracle.net.nt.TimeoutSocketChannel.connect(TimeoutSocketChannel.java:238)
	at oracle.net.nt.TimeoutSocketChannel.<init>(TimeoutSocketChannel.java:205)
	at oracle.net.nt.TcpNTAdapter.establishSocket(TcpNTAdapter.java:339)
	... 23 common frames omitted
2026-04-09 09:00:01.337 WARN  [HikariPool-1:connection-adder] com.zaxxer.hikari.pool.PoolBase - HikariPool-1 - Pool is empty, failed to create/setup connection (1c2cdf0d-fa24-428b-8419-d7a2f4a04cbf)
java.sql.SQLException: ORA-12541: Cannot connect. No listener at host rac-cluster-scan.txuyen.local port 1521. (CONNECTION_ID=ryBl+xHvQIKN18p58h45tw==)
https://docs.oracle.com/error-help/db/ora-12541/
	at oracle.jdbc.driver.T4CConnection.handleLogonNetException(T4CConnection.java:1853)
	at oracle.jdbc.driver.T4CConnection.logon(T4CConnection.java:1204)
	at oracle.jdbc.driver.PhysicalConnection.connect(PhysicalConnection.java:1189)
	at oracle.jdbc.driver.T4CDriverExtension.getConnection(T4CDriverExtension.java:106)
	at oracle.jdbc.driver.OracleDriver.connect(OracleDriver.java:887)
	at oracle.jdbc.driver.OracleDriver.connect(OracleDriver.java:694)
	at com.zaxxer.hikari.util.DriverDataSource.getConnection(DriverDataSource.java:139)
	at com.zaxxer.hikari.pool.PoolBase.newConnection(PoolBase.java:368)
	at com.zaxxer.hikari.pool.PoolBase.newPoolEntry(PoolBase.java:205)
	at com.zaxxer.hikari.pool.HikariPool.createPoolEntry(HikariPool.java:483)
	at com.zaxxer.hikari.pool.HikariPool$PoolEntryCreator.call(HikariPool.java:747)
	at com.zaxxer.hikari.pool.HikariPool$PoolEntryCreator.call(HikariPool.java:726)
	at java.base/java.util.concurrent.FutureTask.run(FutureTask.java:264)
	at java.base/java.util.concurrent.ThreadPoolExecutor.runWorker(ThreadPoolExecutor.java:1136)
	at java.base/java.util.concurrent.ThreadPoolExecutor$Worker.run(ThreadPoolExecutor.java:635)
	at java.base/java.lang.Thread.run(Thread.java:833)
Caused by: oracle.net.ns.NetException: ORA-12541: Cannot connect. No listener at host rac-cluster-scan.txuyen.local port 1521. (CONNECTION_ID=ryBl+xHvQIKN18p58h45tw==)
https://docs.oracle.com/error-help/db/ora-12541/
	at oracle.net.nt.TcpNTAdapter.handleEstablishSocketException(TcpNTAdapter.java:418)
	at oracle.net.nt.TcpNTAdapter.establishSocket(TcpNTAdapter.java:350)
	at oracle.net.nt.TcpNTAdapter.connect(TcpNTAdapter.java:228)
	at oracle.net.nt.ConnOption.connect(ConnOption.java:346)
	at oracle.net.nt.ConnStrategy.executeConnOption(ConnStrategy.java:1252)
	at oracle.net.nt.ConnStrategy.execute(ConnStrategy.java:778)
	at oracle.net.resolver.AddrResolution.resolveAndExecute(AddrResolution.java:718)
	at oracle.net.ns.NSProtocol.establishConnection(NSProtocol.java:960)
	at oracle.net.ns.NSProtocol.connect(NSProtocol.java:329)
	at oracle.jdbc.driver.T4CConnection.connectNetworkSessionProtocol(T4CConnection.java:3684)
	at oracle.jdbc.driver.T4CConnection.logon(T4CConnection.java:1083)
	... 14 common frames omitted
Caused by: java.net.ConnectException: Connection timed out: no further information
	at java.base/sun.nio.ch.Net.pollConnect(Native Method)
	at java.base/sun.nio.ch.Net.pollConnectNow(Net.java:672)
	at java.base/sun.nio.ch.SocketChannelImpl.finishTimedConnect(SocketChannelImpl.java:1148)
	at java.base/sun.nio.ch.SocketChannelImpl.blockingConnect(SocketChannelImpl.java:1183)
	at java.base/sun.nio.ch.SocketAdaptor.connect(SocketAdaptor.java:98)
	at oracle.net.nt.TimeoutSocketChannel.doConnect(TimeoutSocketChannel.java:291)
	at oracle.net.nt.TimeoutSocketChannel.initializeSocketChannel(TimeoutSocketChannel.java:271)
	at oracle.net.nt.TimeoutSocketChannel.connect(TimeoutSocketChannel.java:238)
	at oracle.net.nt.TimeoutSocketChannel.<init>(TimeoutSocketChannel.java:205)
	at oracle.net.nt.TcpNTAdapter.establishSocket(TcpNTAdapter.java:339)
	... 23 common frames omitted
2026-04-09 09:01:19.491 WARN  [HikariPool-1:connection-adder] com.zaxxer.hikari.pool.PoolBase - HikariPool-1 - Pool is empty, failed to create/setup connection (ace7ad5d-c5bc-49ae-9464-11fa0b3ee8b4)
java.sql.SQLException: ORA-12541: Cannot connect. No listener at host rac-cluster-scan.txuyen.local port 1521. (CONNECTION_ID=zuiICfLCT56Af8VFcJyMPg==)
https://docs.oracle.com/error-help/db/ora-12541/
	at oracle.jdbc.driver.T4CConnection.handleLogonNetException(T4CConnection.java:1853)
	at oracle.jdbc.driver.T4CConnection.logon(T4CConnection.java:1204)
	at oracle.jdbc.driver.PhysicalConnection.connect(PhysicalConnection.java:1189)
	at oracle.jdbc.driver.T4CDriverExtension.getConnection(T4CDriverExtension.java:106)
	at oracle.jdbc.driver.OracleDriver.connect(OracleDriver.java:887)
	at oracle.jdbc.driver.OracleDriver.connect(OracleDriver.java:694)
	at com.zaxxer.hikari.util.DriverDataSource.getConnection(DriverDataSource.java:139)
	at com.zaxxer.hikari.pool.PoolBase.newConnection(PoolBase.java:368)
	at com.zaxxer.hikari.pool.PoolBase.newPoolEntry(PoolBase.java:205)
	at com.zaxxer.hikari.pool.HikariPool.createPoolEntry(HikariPool.java:483)
	at com.zaxxer.hikari.pool.HikariPool$PoolEntryCreator.call(HikariPool.java:747)
	at com.zaxxer.hikari.pool.HikariPool$PoolEntryCreator.call(HikariPool.java:726)
	at java.base/java.util.concurrent.FutureTask.run(FutureTask.java:264)
	at java.base/java.util.concurrent.ThreadPoolExecutor.runWorker(ThreadPoolExecutor.java:1136)
	at java.base/java.util.concurrent.ThreadPoolExecutor$Worker.run(ThreadPoolExecutor.java:635)
	at java.base/java.lang.Thread.run(Thread.java:833)
Caused by: oracle.net.ns.NetException: ORA-12541: Cannot connect. No listener at host rac-cluster-scan.txuyen.local port 1521. (CONNECTION_ID=zuiICfLCT56Af8VFcJyMPg==)
https://docs.oracle.com/error-help/db/ora-12541/
	at oracle.net.nt.TcpNTAdapter.handleEstablishSocketException(TcpNTAdapter.java:418)
	at oracle.net.nt.TcpNTAdapter.establishSocket(TcpNTAdapter.java:350)
	at oracle.net.nt.TcpNTAdapter.connect(TcpNTAdapter.java:228)
	at oracle.net.nt.ConnOption.connect(ConnOption.java:346)
	at oracle.net.nt.ConnStrategy.executeConnOption(ConnStrategy.java:1252)
	at oracle.net.nt.ConnStrategy.execute(ConnStrategy.java:778)
	at oracle.net.resolver.AddrResolution.resolveAndExecute(AddrResolution.java:718)
	at oracle.net.ns.NSProtocol.establishConnection(NSProtocol.java:960)
	at oracle.net.ns.NSProtocol.connect(NSProtocol.java:329)
	at oracle.jdbc.driver.T4CConnection.connectNetworkSessionProtocol(T4CConnection.java:3684)
	at oracle.jdbc.driver.T4CConnection.logon(T4CConnection.java:1083)
	... 14 common frames omitted
Caused by: java.net.ConnectException: Connection timed out: no further information
	at java.base/sun.nio.ch.Net.pollConnect(Native Method)
	at java.base/sun.nio.ch.Net.pollConnectNow(Net.java:672)
	at java.base/sun.nio.ch.SocketChannelImpl.finishTimedConnect(SocketChannelImpl.java:1148)
	at java.base/sun.nio.ch.SocketChannelImpl.blockingConnect(SocketChannelImpl.java:1183)
	at java.base/sun.nio.ch.SocketAdaptor.connect(SocketAdaptor.java:98)
	at oracle.net.nt.TimeoutSocketChannel.doConnect(TimeoutSocketChannel.java:291)
	at oracle.net.nt.TimeoutSocketChannel.initializeSocketChannel(TimeoutSocketChannel.java:271)
	at oracle.net.nt.TimeoutSocketChannel.connect(TimeoutSocketChannel.java:238)
	at oracle.net.nt.TimeoutSocketChannel.<init>(TimeoutSocketChannel.java:205)
	at oracle.net.nt.TcpNTAdapter.establishSocket(TcpNTAdapter.java:339)
	... 23 common frames omitted
2026-04-09 09:02:37.650 WARN  [HikariPool-1:connection-adder] com.zaxxer.hikari.pool.PoolBase - HikariPool-1 - Pool is empty, failed to create/setup connection (34d3d6e4-0453-44f0-8f85-10678da16e0a)
java.sql.SQLException: ORA-12541: Cannot connect. No listener at host rac-cluster-scan.txuyen.local port 1521. (CONNECTION_ID=awMuJDakTtSMJW8904RZRA==)
https://docs.oracle.com/error-help/db/ora-12541/
	at oracle.jdbc.driver.T4CConnection.handleLogonNetException(T4CConnection.java:1853)
	at oracle.jdbc.driver.T4CConnection.logon(T4CConnection.java:1204)
	at oracle.jdbc.driver.PhysicalConnection.connect(PhysicalConnection.java:1189)
	at oracle.jdbc.driver.T4CDriverExtension.getConnection(T4CDriverExtension.java:106)
	at oracle.jdbc.driver.OracleDriver.connect(OracleDriver.java:887)
	at oracle.jdbc.driver.OracleDriver.connect(OracleDriver.java:694)
	at com.zaxxer.hikari.util.DriverDataSource.getConnection(DriverDataSource.java:139)
	at com.zaxxer.hikari.pool.PoolBase.newConnection(PoolBase.java:368)
	at com.zaxxer.hikari.pool.PoolBase.newPoolEntry(PoolBase.java:205)
	at com.zaxxer.hikari.pool.HikariPool.createPoolEntry(HikariPool.java:483)
	at com.zaxxer.hikari.pool.HikariPool$PoolEntryCreator.call(HikariPool.java:747)
	at com.zaxxer.hikari.pool.HikariPool$PoolEntryCreator.call(HikariPool.java:726)
	at java.base/java.util.concurrent.FutureTask.run(FutureTask.java:264)
	at java.base/java.util.concurrent.ThreadPoolExecutor.runWorker(ThreadPoolExecutor.java:1136)
	at java.base/java.util.concurrent.ThreadPoolExecutor$Worker.run(ThreadPoolExecutor.java:635)
	at java.base/java.lang.Thread.run(Thread.java:833)
Caused by: oracle.net.ns.NetException: ORA-12541: Cannot connect. No listener at host rac-cluster-scan.txuyen.local port 1521. (CONNECTION_ID=awMuJDakTtSMJW8904RZRA==)
https://docs.oracle.com/error-help/db/ora-12541/
	at oracle.net.nt.TcpNTAdapter.handleEstablishSocketException(TcpNTAdapter.java:418)
	at oracle.net.nt.TcpNTAdapter.establishSocket(TcpNTAdapter.java:350)
	at oracle.net.nt.TcpNTAdapter.connect(TcpNTAdapter.java:228)
	at oracle.net.nt.ConnOption.connect(ConnOption.java:346)
	at oracle.net.nt.ConnStrategy.executeConnOption(ConnStrategy.java:1252)
	at oracle.net.nt.ConnStrategy.execute(ConnStrategy.java:778)
	at oracle.net.resolver.AddrResolution.resolveAndExecute(AddrResolution.java:718)
	at oracle.net.ns.NSProtocol.establishConnection(NSProtocol.java:960)
	at oracle.net.ns.NSProtocol.connect(NSProtocol.java:329)
	at oracle.jdbc.driver.T4CConnection.connectNetworkSessionProtocol(T4CConnection.java:3684)
	at oracle.jdbc.driver.T4CConnection.logon(T4CConnection.java:1083)
	... 14 common frames omitted
Caused by: java.net.ConnectException: Connection timed out: no further information
	at java.base/sun.nio.ch.Net.pollConnect(Native Method)
	at java.base/sun.nio.ch.Net.pollConnectNow(Net.java:672)
	at java.base/sun.nio.ch.SocketChannelImpl.finishTimedConnect(SocketChannelImpl.java:1148)
	at java.base/sun.nio.ch.SocketChannelImpl.blockingConnect(SocketChannelImpl.java:1183)
	at java.base/sun.nio.ch.SocketAdaptor.connect(SocketAdaptor.java:98)
	at oracle.net.nt.TimeoutSocketChannel.doConnect(TimeoutSocketChannel.java:291)
	at oracle.net.nt.TimeoutSocketChannel.initializeSocketChannel(TimeoutSocketChannel.java:271)
	at oracle.net.nt.TimeoutSocketChannel.connect(TimeoutSocketChannel.java:238)
	at oracle.net.nt.TimeoutSocketChannel.<init>(TimeoutSocketChannel.java:205)
	at oracle.net.nt.TcpNTAdapter.establishSocket(TcpNTAdapter.java:339)
	... 23 common frames omitted
2026-04-09 09:03:55.775 WARN  [HikariPool-1:connection-adder] com.zaxxer.hikari.pool.PoolBase - HikariPool-1 - Pool is empty, failed to create/setup connection (e6751f6b-6678-42e1-83b1-12e64d872644)
java.sql.SQLException: ORA-12541: Cannot connect. No listener at host rac-cluster-scan.txuyen.local port 1521. (CONNECTION_ID=VRx5k9PKTKWv3YceHKga3g==)
https://docs.oracle.com/error-help/db/ora-12541/
	at oracle.jdbc.driver.T4CConnection.handleLogonNetException(T4CConnection.java:1853)
	at oracle.jdbc.driver.T4CConnection.logon(T4CConnection.java:1204)
	at oracle.jdbc.driver.PhysicalConnection.connect(PhysicalConnection.java:1189)
	at oracle.jdbc.driver.T4CDriverExtension.getConnection(T4CDriverExtension.java:106)
	at oracle.jdbc.driver.OracleDriver.connect(OracleDriver.java:887)
	at oracle.jdbc.driver.OracleDriver.connect(OracleDriver.java:694)
	at com.zaxxer.hikari.util.DriverDataSource.getConnection(DriverDataSource.java:139)
	at com.zaxxer.hikari.pool.PoolBase.newConnection(PoolBase.java:368)
	at com.zaxxer.hikari.pool.PoolBase.newPoolEntry(PoolBase.java:205)
	at com.zaxxer.hikari.pool.HikariPool.createPoolEntry(HikariPool.java:483)
	at com.zaxxer.hikari.pool.HikariPool$PoolEntryCreator.call(HikariPool.java:747)
	at com.zaxxer.hikari.pool.HikariPool$PoolEntryCreator.call(HikariPool.java:726)
	at java.base/java.util.concurrent.FutureTask.run(FutureTask.java:264)
	at java.base/java.util.concurrent.ThreadPoolExecutor.runWorker(ThreadPoolExecutor.java:1136)
	at java.base/java.util.concurrent.ThreadPoolExecutor$Worker.run(ThreadPoolExecutor.java:635)
	at java.base/java.lang.Thread.run(Thread.java:833)
Caused by: oracle.net.ns.NetException: ORA-12541: Cannot connect. No listener at host rac-cluster-scan.txuyen.local port 1521. (CONNECTION_ID=VRx5k9PKTKWv3YceHKga3g==)
https://docs.oracle.com/error-help/db/ora-12541/
	at oracle.net.nt.TcpNTAdapter.handleEstablishSocketException(TcpNTAdapter.java:418)
	at oracle.net.nt.TcpNTAdapter.establishSocket(TcpNTAdapter.java:350)
	at oracle.net.nt.TcpNTAdapter.connect(TcpNTAdapter.java:228)
	at oracle.net.nt.ConnOption.connect(ConnOption.java:346)
	at oracle.net.nt.ConnStrategy.executeConnOption(ConnStrategy.java:1252)
	at oracle.net.nt.ConnStrategy.execute(ConnStrategy.java:778)
	at oracle.net.resolver.AddrResolution.resolveAndExecute(AddrResolution.java:718)
	at oracle.net.ns.NSProtocol.establishConnection(NSProtocol.java:960)
	at oracle.net.ns.NSProtocol.connect(NSProtocol.java:329)
	at oracle.jdbc.driver.T4CConnection.connectNetworkSessionProtocol(T4CConnection.java:3684)
	at oracle.jdbc.driver.T4CConnection.logon(T4CConnection.java:1083)
	... 14 common frames omitted
Caused by: java.net.ConnectException: Connection timed out: no further information
	at java.base/sun.nio.ch.Net.pollConnect(Native Method)
	at java.base/sun.nio.ch.Net.pollConnectNow(Net.java:672)
	at java.base/sun.nio.ch.SocketChannelImpl.finishTimedConnect(SocketChannelImpl.java:1148)
	at java.base/sun.nio.ch.SocketChannelImpl.blockingConnect(SocketChannelImpl.java:1183)
	at java.base/sun.nio.ch.SocketAdaptor.connect(SocketAdaptor.java:98)
	at oracle.net.nt.TimeoutSocketChannel.doConnect(TimeoutSocketChannel.java:291)
	at oracle.net.nt.TimeoutSocketChannel.initializeSocketChannel(TimeoutSocketChannel.java:271)
	at oracle.net.nt.TimeoutSocketChannel.connect(TimeoutSocketChannel.java:238)
	at oracle.net.nt.TimeoutSocketChannel.<init>(TimeoutSocketChannel.java:205)
	at oracle.net.nt.TcpNTAdapter.establishSocket(TcpNTAdapter.java:339)
	... 23 common frames omitted
2026-04-09 09:05:13.946 WARN  [HikariPool-1:connection-adder] com.zaxxer.hikari.pool.PoolBase - HikariPool-1 - Pool is empty, failed to create/setup connection (4a5c361a-79e0-48d5-aee9-532ed7cd4f83)
java.sql.SQLException: ORA-12541: Cannot connect. No listener at host rac-cluster-scan.txuyen.local port 1521. (CONNECTION_ID=0q9hxaujT6SvqFMl2FqLXw==)
https://docs.oracle.com/error-help/db/ora-12541/
	at oracle.jdbc.driver.T4CConnection.handleLogonNetException(T4CConnection.java:1853)
	at oracle.jdbc.driver.T4CConnection.logon(T4CConnection.java:1204)
	at oracle.jdbc.driver.PhysicalConnection.connect(PhysicalConnection.java:1189)
	at oracle.jdbc.driver.T4CDriverExtension.getConnection(T4CDriverExtension.java:106)
	at oracle.jdbc.driver.OracleDriver.connect(OracleDriver.java:887)
	at oracle.jdbc.driver.OracleDriver.connect(OracleDriver.java:694)
	at com.zaxxer.hikari.util.DriverDataSource.getConnection(DriverDataSource.java:139)
	at com.zaxxer.hikari.pool.PoolBase.newConnection(PoolBase.java:368)
	at com.zaxxer.hikari.pool.PoolBase.newPoolEntry(PoolBase.java:205)
	at com.zaxxer.hikari.pool.HikariPool.createPoolEntry(HikariPool.java:483)
	at com.zaxxer.hikari.pool.HikariPool$PoolEntryCreator.call(HikariPool.java:747)
	at com.zaxxer.hikari.pool.HikariPool$PoolEntryCreator.call(HikariPool.java:726)
	at java.base/java.util.concurrent.FutureTask.run(FutureTask.java:264)
	at java.base/java.util.concurrent.ThreadPoolExecutor.runWorker(ThreadPoolExecutor.java:1136)
	at java.base/java.util.concurrent.ThreadPoolExecutor$Worker.run(ThreadPoolExecutor.java:635)
	at java.base/java.lang.Thread.run(Thread.java:833)
Caused by: oracle.net.ns.NetException: ORA-12541: Cannot connect. No listener at host rac-cluster-scan.txuyen.local port 1521. (CONNECTION_ID=0q9hxaujT6SvqFMl2FqLXw==)
https://docs.oracle.com/error-help/db/ora-12541/
	at oracle.net.nt.TcpNTAdapter.handleEstablishSocketException(TcpNTAdapter.java:418)
	at oracle.net.nt.TcpNTAdapter.establishSocket(TcpNTAdapter.java:350)
	at oracle.net.nt.TcpNTAdapter.connect(TcpNTAdapter.java:228)
	at oracle.net.nt.ConnOption.connect(ConnOption.java:346)
	at oracle.net.nt.ConnStrategy.executeConnOption(ConnStrategy.java:1252)
	at oracle.net.nt.ConnStrategy.execute(ConnStrategy.java:778)
	at oracle.net.resolver.AddrResolution.resolveAndExecute(AddrResolution.java:718)
	at oracle.net.ns.NSProtocol.establishConnection(NSProtocol.java:960)
	at oracle.net.ns.NSProtocol.connect(NSProtocol.java:329)
	at oracle.jdbc.driver.T4CConnection.connectNetworkSessionProtocol(T4CConnection.java:3684)
	at oracle.jdbc.driver.T4CConnection.logon(T4CConnection.java:1083)
	... 14 common frames omitted
Caused by: java.net.ConnectException: Connection timed out: no further information
	at java.base/sun.nio.ch.Net.pollConnect(Native Method)
	at java.base/sun.nio.ch.Net.pollConnectNow(Net.java:672)
	at java.base/sun.nio.ch.SocketChannelImpl.finishTimedConnect(SocketChannelImpl.java:1148)
	at java.base/sun.nio.ch.SocketChannelImpl.blockingConnect(SocketChannelImpl.java:1183)
	at java.base/sun.nio.ch.SocketAdaptor.connect(SocketAdaptor.java:98)
	at oracle.net.nt.TimeoutSocketChannel.doConnect(TimeoutSocketChannel.java:291)
	at oracle.net.nt.TimeoutSocketChannel.initializeSocketChannel(TimeoutSocketChannel.java:271)
	at oracle.net.nt.TimeoutSocketChannel.connect(TimeoutSocketChannel.java:238)
	at oracle.net.nt.TimeoutSocketChannel.<init>(TimeoutSocketChannel.java:205)
	at oracle.net.nt.TcpNTAdapter.establishSocket(TcpNTAdapter.java:339)
	... 23 common frames omitted
2026-04-09 09:06:32.091 WARN  [HikariPool-1:connection-adder] com.zaxxer.hikari.pool.PoolBase - HikariPool-1 - Pool is empty, failed to create/setup connection (2c2900f7-491a-45da-bf4e-5674ce7d3bb1)
java.sql.SQLException: ORA-12541: Cannot connect. No listener at host rac-cluster-scan.txuyen.local port 1521. (CONNECTION_ID=xgNLiaWjQkSJ9hiuyK24Cw==)
https://docs.oracle.com/error-help/db/ora-12541/
	at oracle.jdbc.driver.T4CConnection.handleLogonNetException(T4CConnection.java:1853)
	at oracle.jdbc.driver.T4CConnection.logon(T4CConnection.java:1204)
	at oracle.jdbc.driver.PhysicalConnection.connect(PhysicalConnection.java:1189)
	at oracle.jdbc.driver.T4CDriverExtension.getConnection(T4CDriverExtension.java:106)
	at oracle.jdbc.driver.OracleDriver.connect(OracleDriver.java:887)
	at oracle.jdbc.driver.OracleDriver.connect(OracleDriver.java:694)
	at com.zaxxer.hikari.util.DriverDataSource.getConnection(DriverDataSource.java:139)
	at com.zaxxer.hikari.pool.PoolBase.newConnection(PoolBase.java:368)
	at com.zaxxer.hikari.pool.PoolBase.newPoolEntry(PoolBase.java:205)
	at com.zaxxer.hikari.pool.HikariPool.createPoolEntry(HikariPool.java:483)
	at com.zaxxer.hikari.pool.HikariPool$PoolEntryCreator.call(HikariPool.java:747)
	at com.zaxxer.hikari.pool.HikariPool$PoolEntryCreator.call(HikariPool.java:726)
	at java.base/java.util.concurrent.FutureTask.run(FutureTask.java:264)
	at java.base/java.util.concurrent.ThreadPoolExecutor.runWorker(ThreadPoolExecutor.java:1136)
	at java.base/java.util.concurrent.ThreadPoolExecutor$Worker.run(ThreadPoolExecutor.java:635)
	at java.base/java.lang.Thread.run(Thread.java:833)
Caused by: oracle.net.ns.NetException: ORA-12541: Cannot connect. No listener at host rac-cluster-scan.txuyen.local port 1521. (CONNECTION_ID=xgNLiaWjQkSJ9hiuyK24Cw==)
https://docs.oracle.com/error-help/db/ora-12541/
	at oracle.net.nt.TcpNTAdapter.handleEstablishSocketException(TcpNTAdapter.java:418)
	at oracle.net.nt.TcpNTAdapter.establishSocket(TcpNTAdapter.java:350)
	at oracle.net.nt.TcpNTAdapter.connect(TcpNTAdapter.java:228)
	at oracle.net.nt.ConnOption.connect(ConnOption.java:346)
	at oracle.net.nt.ConnStrategy.executeConnOption(ConnStrategy.java:1252)
	at oracle.net.nt.ConnStrategy.execute(ConnStrategy.java:778)
	at oracle.net.resolver.AddrResolution.resolveAndExecute(AddrResolution.java:718)
	at oracle.net.ns.NSProtocol.establishConnection(NSProtocol.java:960)
	at oracle.net.ns.NSProtocol.connect(NSProtocol.java:329)
	at oracle.jdbc.driver.T4CConnection.connectNetworkSessionProtocol(T4CConnection.java:3684)
	at oracle.jdbc.driver.T4CConnection.logon(T4CConnection.java:1083)
	... 14 common frames omitted
Caused by: java.net.ConnectException: Connection timed out: no further information
	at java.base/sun.nio.ch.Net.pollConnect(Native Method)
	at java.base/sun.nio.ch.Net.pollConnectNow(Net.java:672)
	at java.base/sun.nio.ch.SocketChannelImpl.finishTimedConnect(SocketChannelImpl.java:1148)
	at java.base/sun.nio.ch.SocketChannelImpl.blockingConnect(SocketChannelImpl.java:1183)
	at java.base/sun.nio.ch.SocketAdaptor.connect(SocketAdaptor.java:98)
	at oracle.net.nt.TimeoutSocketChannel.doConnect(TimeoutSocketChannel.java:291)
	at oracle.net.nt.TimeoutSocketChannel.initializeSocketChannel(TimeoutSocketChannel.java:271)
	at oracle.net.nt.TimeoutSocketChannel.connect(TimeoutSocketChannel.java:238)
	at oracle.net.nt.TimeoutSocketChannel.<init>(TimeoutSocketChannel.java:205)
	at oracle.net.nt.TcpNTAdapter.establishSocket(TcpNTAdapter.java:339)
	... 23 common frames omitted
2026-04-09 09:07:50.254 WARN  [HikariPool-1:connection-adder] com.zaxxer.hikari.pool.PoolBase - HikariPool-1 - Pool is empty, failed to create/setup connection (b111c4d4-0f65-4f29-9984-6fe62b6c9247)
java.sql.SQLException: ORA-12541: Cannot connect. No listener at host rac-cluster-scan.txuyen.local port 1521. (CONNECTION_ID=0CDOtAXHTCifRe/Xn4TzGg==)
https://docs.oracle.com/error-help/db/ora-12541/
	at oracle.jdbc.driver.T4CConnection.handleLogonNetException(T4CConnection.java:1853)
	at oracle.jdbc.driver.T4CConnection.logon(T4CConnection.java:1204)
	at oracle.jdbc.driver.PhysicalConnection.connect(PhysicalConnection.java:1189)
	at oracle.jdbc.driver.T4CDriverExtension.getConnection(T4CDriverExtension.java:106)
	at oracle.jdbc.driver.OracleDriver.connect(OracleDriver.java:887)
	at oracle.jdbc.driver.OracleDriver.connect(OracleDriver.java:694)
	at com.zaxxer.hikari.util.DriverDataSource.getConnection(DriverDataSource.java:139)
	at com.zaxxer.hikari.pool.PoolBase.newConnection(PoolBase.java:368)
	at com.zaxxer.hikari.pool.PoolBase.newPoolEntry(PoolBase.java:205)
	at com.zaxxer.hikari.pool.HikariPool.createPoolEntry(HikariPool.java:483)
	at com.zaxxer.hikari.pool.HikariPool$PoolEntryCreator.call(HikariPool.java:747)
	at com.zaxxer.hikari.pool.HikariPool$PoolEntryCreator.call(HikariPool.java:726)
	at java.base/java.util.concurrent.FutureTask.run(FutureTask.java:264)
	at java.base/java.util.concurrent.ThreadPoolExecutor.runWorker(ThreadPoolExecutor.java:1136)
	at java.base/java.util.concurrent.ThreadPoolExecutor$Worker.run(ThreadPoolExecutor.java:635)
	at java.base/java.lang.Thread.run(Thread.java:833)
Caused by: oracle.net.ns.NetException: ORA-12541: Cannot connect. No listener at host rac-cluster-scan.txuyen.local port 1521. (CONNECTION_ID=0CDOtAXHTCifRe/Xn4TzGg==)
https://docs.oracle.com/error-help/db/ora-12541/
	at oracle.net.nt.TcpNTAdapter.handleEstablishSocketException(TcpNTAdapter.java:418)
	at oracle.net.nt.TcpNTAdapter.establishSocket(TcpNTAdapter.java:350)
	at oracle.net.nt.TcpNTAdapter.connect(TcpNTAdapter.java:228)
	at oracle.net.nt.ConnOption.connect(ConnOption.java:346)
	at oracle.net.nt.ConnStrategy.executeConnOption(ConnStrategy.java:1252)
	at oracle.net.nt.ConnStrategy.execute(ConnStrategy.java:778)
	at oracle.net.resolver.AddrResolution.resolveAndExecute(AddrResolution.java:718)
	at oracle.net.ns.NSProtocol.establishConnection(NSProtocol.java:960)
	at oracle.net.ns.NSProtocol.connect(NSProtocol.java:329)
	at oracle.jdbc.driver.T4CConnection.connectNetworkSessionProtocol(T4CConnection.java:3684)
	at oracle.jdbc.driver.T4CConnection.logon(T4CConnection.java:1083)
	... 14 common frames omitted
Caused by: java.net.ConnectException: Connection timed out: no further information
	at java.base/sun.nio.ch.Net.pollConnect(Native Method)
	at java.base/sun.nio.ch.Net.pollConnectNow(Net.java:672)
	at java.base/sun.nio.ch.SocketChannelImpl.finishTimedConnect(SocketChannelImpl.java:1148)
	at java.base/sun.nio.ch.SocketChannelImpl.blockingConnect(SocketChannelImpl.java:1183)
	at java.base/sun.nio.ch.SocketAdaptor.connect(SocketAdaptor.java:98)
	at oracle.net.nt.TimeoutSocketChannel.doConnect(TimeoutSocketChannel.java:291)
	at oracle.net.nt.TimeoutSocketChannel.initializeSocketChannel(TimeoutSocketChannel.java:271)
	at oracle.net.nt.TimeoutSocketChannel.connect(TimeoutSocketChannel.java:238)
	at oracle.net.nt.TimeoutSocketChannel.<init>(TimeoutSocketChannel.java:205)
	at oracle.net.nt.TcpNTAdapter.establishSocket(TcpNTAdapter.java:339)
	... 23 common frames omitted
2026-04-09 09:09:08.429 WARN  [HikariPool-1:connection-adder] com.zaxxer.hikari.pool.PoolBase - HikariPool-1 - Pool is empty, failed to create/setup connection (1b8726bd-9e46-43a8-9448-f3bb19931864)
java.sql.SQLException: ORA-12541: Cannot connect. No listener at host rac-cluster-scan.txuyen.local port 1521. (CONNECTION_ID=ajEgUsRzSiSMKIpjDLtpHA==)
https://docs.oracle.com/error-help/db/ora-12541/
	at oracle.jdbc.driver.T4CConnection.handleLogonNetException(T4CConnection.java:1853)
	at oracle.jdbc.driver.T4CConnection.logon(T4CConnection.java:1204)
	at oracle.jdbc.driver.PhysicalConnection.connect(PhysicalConnection.java:1189)
	at oracle.jdbc.driver.T4CDriverExtension.getConnection(T4CDriverExtension.java:106)
	at oracle.jdbc.driver.OracleDriver.connect(OracleDriver.java:887)
	at oracle.jdbc.driver.OracleDriver.connect(OracleDriver.java:694)
	at com.zaxxer.hikari.util.DriverDataSource.getConnection(DriverDataSource.java:139)
	at com.zaxxer.hikari.pool.PoolBase.newConnection(PoolBase.java:368)
	at com.zaxxer.hikari.pool.PoolBase.newPoolEntry(PoolBase.java:205)
	at com.zaxxer.hikari.pool.HikariPool.createPoolEntry(HikariPool.java:483)
	at com.zaxxer.hikari.pool.HikariPool$PoolEntryCreator.call(HikariPool.java:747)
	at com.zaxxer.hikari.pool.HikariPool$PoolEntryCreator.call(HikariPool.java:726)
	at java.base/java.util.concurrent.FutureTask.run(FutureTask.java:264)
	at java.base/java.util.concurrent.ThreadPoolExecutor.runWorker(ThreadPoolExecutor.java:1136)
	at java.base/java.util.concurrent.ThreadPoolExecutor$Worker.run(ThreadPoolExecutor.java:635)
	at java.base/java.lang.Thread.run(Thread.java:833)
Caused by: oracle.net.ns.NetException: ORA-12541: Cannot connect. No listener at host rac-cluster-scan.txuyen.local port 1521. (CONNECTION_ID=ajEgUsRzSiSMKIpjDLtpHA==)
https://docs.oracle.com/error-help/db/ora-12541/
	at oracle.net.nt.TcpNTAdapter.handleEstablishSocketException(TcpNTAdapter.java:418)
	at oracle.net.nt.TcpNTAdapter.establishSocket(TcpNTAdapter.java:350)
	at oracle.net.nt.TcpNTAdapter.connect(TcpNTAdapter.java:228)
	at oracle.net.nt.ConnOption.connect(ConnOption.java:346)
	at oracle.net.nt.ConnStrategy.executeConnOption(ConnStrategy.java:1252)
	at oracle.net.nt.ConnStrategy.execute(ConnStrategy.java:778)
	at oracle.net.resolver.AddrResolution.resolveAndExecute(AddrResolution.java:718)
	at oracle.net.ns.NSProtocol.establishConnection(NSProtocol.java:960)
	at oracle.net.ns.NSProtocol.connect(NSProtocol.java:329)
	at oracle.jdbc.driver.T4CConnection.connectNetworkSessionProtocol(T4CConnection.java:3684)
	at oracle.jdbc.driver.T4CConnection.logon(T4CConnection.java:1083)
	... 14 common frames omitted
Caused by: java.net.ConnectException: Connection timed out: no further information
	at java.base/sun.nio.ch.Net.pollConnect(Native Method)
	at java.base/sun.nio.ch.Net.pollConnectNow(Net.java:672)
	at java.base/sun.nio.ch.SocketChannelImpl.finishTimedConnect(SocketChannelImpl.java:1148)
	at java.base/sun.nio.ch.SocketChannelImpl.blockingConnect(SocketChannelImpl.java:1183)
	at java.base/sun.nio.ch.SocketAdaptor.connect(SocketAdaptor.java:98)
	at oracle.net.nt.TimeoutSocketChannel.doConnect(TimeoutSocketChannel.java:291)
	at oracle.net.nt.TimeoutSocketChannel.initializeSocketChannel(TimeoutSocketChannel.java:271)
	at oracle.net.nt.TimeoutSocketChannel.connect(TimeoutSocketChannel.java:238)
	at oracle.net.nt.TimeoutSocketChannel.<init>(TimeoutSocketChannel.java:205)
	at oracle.net.nt.TcpNTAdapter.establishSocket(TcpNTAdapter.java:339)
	... 23 common frames omitted
2026-04-09 09:10:26.582 WARN  [HikariPool-1:connection-adder] com.zaxxer.hikari.pool.PoolBase - HikariPool-1 - Pool is empty, failed to create/setup connection (fbd368cc-5d89-4ad5-bced-2b833fe21e04)
java.sql.SQLException: ORA-12541: Cannot connect. No listener at host rac-cluster-scan.txuyen.local port 1521. (CONNECTION_ID=DdZubmAzSEWcjaRxz4vhSg==)
https://docs.oracle.com/error-help/db/ora-12541/
	at oracle.jdbc.driver.T4CConnection.handleLogonNetException(T4CConnection.java:1853)
	at oracle.jdbc.driver.T4CConnection.logon(T4CConnection.java:1204)
	at oracle.jdbc.driver.PhysicalConnection.connect(PhysicalConnection.java:1189)
	at oracle.jdbc.driver.T4CDriverExtension.getConnection(T4CDriverExtension.java:106)
	at oracle.jdbc.driver.OracleDriver.connect(OracleDriver.java:887)
	at oracle.jdbc.driver.OracleDriver.connect(OracleDriver.java:694)
	at com.zaxxer.hikari.util.DriverDataSource.getConnection(DriverDataSource.java:139)
	at com.zaxxer.hikari.pool.PoolBase.newConnection(PoolBase.java:368)
	at com.zaxxer.hikari.pool.PoolBase.newPoolEntry(PoolBase.java:205)
	at com.zaxxer.hikari.pool.HikariPool.createPoolEntry(HikariPool.java:483)
	at com.zaxxer.hikari.pool.HikariPool$PoolEntryCreator.call(HikariPool.java:747)
	at com.zaxxer.hikari.pool.HikariPool$PoolEntryCreator.call(HikariPool.java:726)
	at java.base/java.util.concurrent.FutureTask.run(FutureTask.java:264)
	at java.base/java.util.concurrent.ThreadPoolExecutor.runWorker(ThreadPoolExecutor.java:1136)
	at java.base/java.util.concurrent.ThreadPoolExecutor$Worker.run(ThreadPoolExecutor.java:635)
	at java.base/java.lang.Thread.run(Thread.java:833)
Caused by: oracle.net.ns.NetException: ORA-12541: Cannot connect. No listener at host rac-cluster-scan.txuyen.local port 1521. (CONNECTION_ID=DdZubmAzSEWcjaRxz4vhSg==)
https://docs.oracle.com/error-help/db/ora-12541/
	at oracle.net.nt.TcpNTAdapter.handleEstablishSocketException(TcpNTAdapter.java:418)
	at oracle.net.nt.TcpNTAdapter.establishSocket(TcpNTAdapter.java:350)
	at oracle.net.nt.TcpNTAdapter.connect(TcpNTAdapter.java:228)
	at oracle.net.nt.ConnOption.connect(ConnOption.java:346)
	at oracle.net.nt.ConnStrategy.executeConnOption(ConnStrategy.java:1252)
	at oracle.net.nt.ConnStrategy.execute(ConnStrategy.java:778)
	at oracle.net.resolver.AddrResolution.resolveAndExecute(AddrResolution.java:718)
	at oracle.net.ns.NSProtocol.establishConnection(NSProtocol.java:960)
	at oracle.net.ns.NSProtocol.connect(NSProtocol.java:329)
	at oracle.jdbc.driver.T4CConnection.connectNetworkSessionProtocol(T4CConnection.java:3684)
	at oracle.jdbc.driver.T4CConnection.logon(T4CConnection.java:1083)
	... 14 common frames omitted
Caused by: java.net.ConnectException: Connection timed out: no further information
	at java.base/sun.nio.ch.Net.pollConnect(Native Method)
	at java.base/sun.nio.ch.Net.pollConnectNow(Net.java:672)
	at java.base/sun.nio.ch.SocketChannelImpl.finishTimedConnect(SocketChannelImpl.java:1148)
	at java.base/sun.nio.ch.SocketChannelImpl.blockingConnect(SocketChannelImpl.java:1183)
	at java.base/sun.nio.ch.SocketAdaptor.connect(SocketAdaptor.java:98)
	at oracle.net.nt.TimeoutSocketChannel.doConnect(TimeoutSocketChannel.java:291)
	at oracle.net.nt.TimeoutSocketChannel.initializeSocketChannel(TimeoutSocketChannel.java:271)
	at oracle.net.nt.TimeoutSocketChannel.connect(TimeoutSocketChannel.java:238)
	at oracle.net.nt.TimeoutSocketChannel.<init>(TimeoutSocketChannel.java:205)
	at oracle.net.nt.TcpNTAdapter.establishSocket(TcpNTAdapter.java:339)
	... 23 common frames omitted
2026-04-09 09:11:44.722 WARN  [HikariPool-1:connection-adder] com.zaxxer.hikari.pool.PoolBase - HikariPool-1 - Pool is empty, failed to create/setup connection (a84d20b0-812b-4f99-95f4-e5d5d6d6b074)
java.sql.SQLException: ORA-12541: Cannot connect. No listener at host rac-cluster-scan.txuyen.local port 1521. (CONNECTION_ID=7OGQeeNaSl6CVqHA/sTSzw==)
https://docs.oracle.com/error-help/db/ora-12541/
	at oracle.jdbc.driver.T4CConnection.handleLogonNetException(T4CConnection.java:1853)
	at oracle.jdbc.driver.T4CConnection.logon(T4CConnection.java:1204)
	at oracle.jdbc.driver.PhysicalConnection.connect(PhysicalConnection.java:1189)
	at oracle.jdbc.driver.T4CDriverExtension.getConnection(T4CDriverExtension.java:106)
	at oracle.jdbc.driver.OracleDriver.connect(OracleDriver.java:887)
	at oracle.jdbc.driver.OracleDriver.connect(OracleDriver.java:694)
	at com.zaxxer.hikari.util.DriverDataSource.getConnection(DriverDataSource.java:139)
	at com.zaxxer.hikari.pool.PoolBase.newConnection(PoolBase.java:368)
	at com.zaxxer.hikari.pool.PoolBase.newPoolEntry(PoolBase.java:205)
	at com.zaxxer.hikari.pool.HikariPool.createPoolEntry(HikariPool.java:483)
	at com.zaxxer.hikari.pool.HikariPool$PoolEntryCreator.call(HikariPool.java:747)
	at com.zaxxer.hikari.pool.HikariPool$PoolEntryCreator.call(HikariPool.java:726)
	at java.base/java.util.concurrent.FutureTask.run(FutureTask.java:264)
	at java.base/java.util.concurrent.ThreadPoolExecutor.runWorker(ThreadPoolExecutor.java:1136)
	at java.base/java.util.concurrent.ThreadPoolExecutor$Worker.run(ThreadPoolExecutor.java:635)
	at java.base/java.lang.Thread.run(Thread.java:833)
Caused by: oracle.net.ns.NetException: ORA-12541: Cannot connect. No listener at host rac-cluster-scan.txuyen.local port 1521. (CONNECTION_ID=7OGQeeNaSl6CVqHA/sTSzw==)
https://docs.oracle.com/error-help/db/ora-12541/
	at oracle.net.nt.TcpNTAdapter.handleEstablishSocketException(TcpNTAdapter.java:418)
	at oracle.net.nt.TcpNTAdapter.establishSocket(TcpNTAdapter.java:350)
	at oracle.net.nt.TcpNTAdapter.connect(TcpNTAdapter.java:228)
	at oracle.net.nt.ConnOption.connect(ConnOption.java:346)
	at oracle.net.nt.ConnStrategy.executeConnOption(ConnStrategy.java:1252)
	at oracle.net.nt.ConnStrategy.execute(ConnStrategy.java:778)
	at oracle.net.resolver.AddrResolution.resolveAndExecute(AddrResolution.java:718)
	at oracle.net.ns.NSProtocol.establishConnection(NSProtocol.java:960)
	at oracle.net.ns.NSProtocol.connect(NSProtocol.java:329)
	at oracle.jdbc.driver.T4CConnection.connectNetworkSessionProtocol(T4CConnection.java:3684)
	at oracle.jdbc.driver.T4CConnection.logon(T4CConnection.java:1083)
	... 14 common frames omitted
Caused by: java.net.ConnectException: Connection timed out: no further information
	at java.base/sun.nio.ch.Net.pollConnect(Native Method)
	at java.base/sun.nio.ch.Net.pollConnectNow(Net.java:672)
	at java.base/sun.nio.ch.SocketChannelImpl.finishTimedConnect(SocketChannelImpl.java:1148)
	at java.base/sun.nio.ch.SocketChannelImpl.blockingConnect(SocketChannelImpl.java:1183)
	at java.base/sun.nio.ch.SocketAdaptor.connect(SocketAdaptor.java:98)
	at oracle.net.nt.TimeoutSocketChannel.doConnect(TimeoutSocketChannel.java:291)
	at oracle.net.nt.TimeoutSocketChannel.initializeSocketChannel(TimeoutSocketChannel.java:271)
	at oracle.net.nt.TimeoutSocketChannel.connect(TimeoutSocketChannel.java:238)
	at oracle.net.nt.TimeoutSocketChannel.<init>(TimeoutSocketChannel.java:205)
	at oracle.net.nt.TcpNTAdapter.establishSocket(TcpNTAdapter.java:339)
	... 23 common frames omitted
2026-04-09 09:13:02.903 WARN  [HikariPool-1:connection-adder] com.zaxxer.hikari.pool.PoolBase - HikariPool-1 - Pool is empty, failed to create/setup connection (89f4f05a-6bd1-4da4-a6aa-9361e1e10667)
java.sql.SQLException: ORA-12541: Cannot connect. No listener at host rac-cluster-scan.txuyen.local port 1521. (CONNECTION_ID=AFEuAP9XTuasrhbdJHsoBA==)
https://docs.oracle.com/error-help/db/ora-12541/
	at oracle.jdbc.driver.T4CConnection.handleLogonNetException(T4CConnection.java:1853)
	at oracle.jdbc.driver.T4CConnection.logon(T4CConnection.java:1204)
	at oracle.jdbc.driver.PhysicalConnection.connect(PhysicalConnection.java:1189)
	at oracle.jdbc.driver.T4CDriverExtension.getConnection(T4CDriverExtension.java:106)
	at oracle.jdbc.driver.OracleDriver.connect(OracleDriver.java:887)
	at oracle.jdbc.driver.OracleDriver.connect(OracleDriver.java:694)
	at com.zaxxer.hikari.util.DriverDataSource.getConnection(DriverDataSource.java:139)
	at com.zaxxer.hikari.pool.PoolBase.newConnection(PoolBase.java:368)
	at com.zaxxer.hikari.pool.PoolBase.newPoolEntry(PoolBase.java:205)
	at com.zaxxer.hikari.pool.HikariPool.createPoolEntry(HikariPool.java:483)
	at com.zaxxer.hikari.pool.HikariPool$PoolEntryCreator.call(HikariPool.java:747)
	at com.zaxxer.hikari.pool.HikariPool$PoolEntryCreator.call(HikariPool.java:726)
	at java.base/java.util.concurrent.FutureTask.run(FutureTask.java:264)
	at java.base/java.util.concurrent.ThreadPoolExecutor.runWorker(ThreadPoolExecutor.java:1136)
	at java.base/java.util.concurrent.ThreadPoolExecutor$Worker.run(ThreadPoolExecutor.java:635)
	at java.base/java.lang.Thread.run(Thread.java:833)
Caused by: oracle.net.ns.NetException: ORA-12541: Cannot connect. No listener at host rac-cluster-scan.txuyen.local port 1521. (CONNECTION_ID=AFEuAP9XTuasrhbdJHsoBA==)
https://docs.oracle.com/error-help/db/ora-12541/
	at oracle.net.nt.TcpNTAdapter.handleEstablishSocketException(TcpNTAdapter.java:418)
	at oracle.net.nt.TcpNTAdapter.establishSocket(TcpNTAdapter.java:350)
	at oracle.net.nt.TcpNTAdapter.connect(TcpNTAdapter.java:228)
	at oracle.net.nt.ConnOption.connect(ConnOption.java:346)
	at oracle.net.nt.ConnStrategy.executeConnOption(ConnStrategy.java:1252)
	at oracle.net.nt.ConnStrategy.execute(ConnStrategy.java:778)
	at oracle.net.resolver.AddrResolution.resolveAndExecute(AddrResolution.java:718)
	at oracle.net.ns.NSProtocol.establishConnection(NSProtocol.java:960)
	at oracle.net.ns.NSProtocol.connect(NSProtocol.java:329)
	at oracle.jdbc.driver.T4CConnection.connectNetworkSessionProtocol(T4CConnection.java:3684)
	at oracle.jdbc.driver.T4CConnection.logon(T4CConnection.java:1083)
	... 14 common frames omitted
Caused by: java.net.ConnectException: Connection timed out: no further information
	at java.base/sun.nio.ch.Net.pollConnect(Native Method)
	at java.base/sun.nio.ch.Net.pollConnectNow(Net.java:672)
	at java.base/sun.nio.ch.SocketChannelImpl.finishTimedConnect(SocketChannelImpl.java:1148)
	at java.base/sun.nio.ch.SocketChannelImpl.blockingConnect(SocketChannelImpl.java:1183)
	at java.base/sun.nio.ch.SocketAdaptor.connect(SocketAdaptor.java:98)
	at oracle.net.nt.TimeoutSocketChannel.doConnect(TimeoutSocketChannel.java:291)
	at oracle.net.nt.TimeoutSocketChannel.initializeSocketChannel(TimeoutSocketChannel.java:271)
	at oracle.net.nt.TimeoutSocketChannel.connect(TimeoutSocketChannel.java:238)
	at oracle.net.nt.TimeoutSocketChannel.<init>(TimeoutSocketChannel.java:205)
	at oracle.net.nt.TcpNTAdapter.establishSocket(TcpNTAdapter.java:339)
	... 23 common frames omitted
2026-04-09 09:14:21.062 WARN  [HikariPool-1:connection-adder] com.zaxxer.hikari.pool.PoolBase - HikariPool-1 - Pool is empty, failed to create/setup connection (393e9525-c9a4-4ca6-937c-60e634605ed6)
java.sql.SQLException: ORA-12541: Cannot connect. No listener at host rac-cluster-scan.txuyen.local port 1521. (CONNECTION_ID=UjJtW2MOReSbH5YtrgyKFw==)
https://docs.oracle.com/error-help/db/ora-12541/
	at oracle.jdbc.driver.T4CConnection.handleLogonNetException(T4CConnection.java:1853)
	at oracle.jdbc.driver.T4CConnection.logon(T4CConnection.java:1204)
	at oracle.jdbc.driver.PhysicalConnection.connect(PhysicalConnection.java:1189)
	at oracle.jdbc.driver.T4CDriverExtension.getConnection(T4CDriverExtension.java:106)
	at oracle.jdbc.driver.OracleDriver.connect(OracleDriver.java:887)
	at oracle.jdbc.driver.OracleDriver.connect(OracleDriver.java:694)
	at com.zaxxer.hikari.util.DriverDataSource.getConnection(DriverDataSource.java:139)
	at com.zaxxer.hikari.pool.PoolBase.newConnection(PoolBase.java:368)
	at com.zaxxer.hikari.pool.PoolBase.newPoolEntry(PoolBase.java:205)
	at com.zaxxer.hikari.pool.HikariPool.createPoolEntry(HikariPool.java:483)
	at com.zaxxer.hikari.pool.HikariPool$PoolEntryCreator.call(HikariPool.java:747)
	at com.zaxxer.hikari.pool.HikariPool$PoolEntryCreator.call(HikariPool.java:726)
	at java.base/java.util.concurrent.FutureTask.run(FutureTask.java:264)
	at java.base/java.util.concurrent.ThreadPoolExecutor.runWorker(ThreadPoolExecutor.java:1136)
	at java.base/java.util.concurrent.ThreadPoolExecutor$Worker.run(ThreadPoolExecutor.java:635)
	at java.base/java.lang.Thread.run(Thread.java:833)
Caused by: oracle.net.ns.NetException: ORA-12541: Cannot connect. No listener at host rac-cluster-scan.txuyen.local port 1521. (CONNECTION_ID=UjJtW2MOReSbH5YtrgyKFw==)
https://docs.oracle.com/error-help/db/ora-12541/
	at oracle.net.nt.TcpNTAdapter.handleEstablishSocketException(TcpNTAdapter.java:418)
	at oracle.net.nt.TcpNTAdapter.establishSocket(TcpNTAdapter.java:350)
	at oracle.net.nt.TcpNTAdapter.connect(TcpNTAdapter.java:228)
	at oracle.net.nt.ConnOption.connect(ConnOption.java:346)
	at oracle.net.nt.ConnStrategy.executeConnOption(ConnStrategy.java:1252)
	at oracle.net.nt.ConnStrategy.execute(ConnStrategy.java:778)
	at oracle.net.resolver.AddrResolution.resolveAndExecute(AddrResolution.java:718)
	at oracle.net.ns.NSProtocol.establishConnection(NSProtocol.java:960)
	at oracle.net.ns.NSProtocol.connect(NSProtocol.java:329)
	at oracle.jdbc.driver.T4CConnection.connectNetworkSessionProtocol(T4CConnection.java:3684)
	at oracle.jdbc.driver.T4CConnection.logon(T4CConnection.java:1083)
	... 14 common frames omitted
Caused by: java.net.ConnectException: Connection timed out: no further information
	at java.base/sun.nio.ch.Net.pollConnect(Native Method)
	at java.base/sun.nio.ch.Net.pollConnectNow(Net.java:672)
	at java.base/sun.nio.ch.SocketChannelImpl.finishTimedConnect(SocketChannelImpl.java:1148)
	at java.base/sun.nio.ch.SocketChannelImpl.blockingConnect(SocketChannelImpl.java:1183)
	at java.base/sun.nio.ch.SocketAdaptor.connect(SocketAdaptor.java:98)
	at oracle.net.nt.TimeoutSocketChannel.doConnect(TimeoutSocketChannel.java:291)
	at oracle.net.nt.TimeoutSocketChannel.initializeSocketChannel(TimeoutSocketChannel.java:271)
	at oracle.net.nt.TimeoutSocketChannel.connect(TimeoutSocketChannel.java:238)
	at oracle.net.nt.TimeoutSocketChannel.<init>(TimeoutSocketChannel.java:205)
	at oracle.net.nt.TcpNTAdapter.establishSocket(TcpNTAdapter.java:339)
	... 23 common frames omitted
2026-04-09 09:15:39.225 WARN  [HikariPool-1:connection-adder] com.zaxxer.hikari.pool.PoolBase - HikariPool-1 - Pool is empty, failed to create/setup connection (63c04110-e1c7-48a9-af26-a6bf2fb1e605)
java.sql.SQLException: ORA-12541: Cannot connect. No listener at host rac-cluster-scan.txuyen.local port 1521. (CONNECTION_ID=ujPmPfK5QZ+AL6zXqw7cRQ==)
https://docs.oracle.com/error-help/db/ora-12541/
	at oracle.jdbc.driver.T4CConnection.handleLogonNetException(T4CConnection.java:1853)
	at oracle.jdbc.driver.T4CConnection.logon(T4CConnection.java:1204)
	at oracle.jdbc.driver.PhysicalConnection.connect(PhysicalConnection.java:1189)
	at oracle.jdbc.driver.T4CDriverExtension.getConnection(T4CDriverExtension.java:106)
	at oracle.jdbc.driver.OracleDriver.connect(OracleDriver.java:887)
	at oracle.jdbc.driver.OracleDriver.connect(OracleDriver.java:694)
	at com.zaxxer.hikari.util.DriverDataSource.getConnection(DriverDataSource.java:139)
	at com.zaxxer.hikari.pool.PoolBase.newConnection(PoolBase.java:368)
	at com.zaxxer.hikari.pool.PoolBase.newPoolEntry(PoolBase.java:205)
	at com.zaxxer.hikari.pool.HikariPool.createPoolEntry(HikariPool.java:483)
	at com.zaxxer.hikari.pool.HikariPool$PoolEntryCreator.call(HikariPool.java:747)
	at com.zaxxer.hikari.pool.HikariPool$PoolEntryCreator.call(HikariPool.java:726)
	at java.base/java.util.concurrent.FutureTask.run(FutureTask.java:264)
	at java.base/java.util.concurrent.ThreadPoolExecutor.runWorker(ThreadPoolExecutor.java:1136)
	at java.base/java.util.concurrent.ThreadPoolExecutor$Worker.run(ThreadPoolExecutor.java:635)
	at java.base/java.lang.Thread.run(Thread.java:833)
Caused by: oracle.net.ns.NetException: ORA-12541: Cannot connect. No listener at host rac-cluster-scan.txuyen.local port 1521. (CONNECTION_ID=ujPmPfK5QZ+AL6zXqw7cRQ==)
https://docs.oracle.com/error-help/db/ora-12541/
	at oracle.net.nt.TcpNTAdapter.handleEstablishSocketException(TcpNTAdapter.java:418)
	at oracle.net.nt.TcpNTAdapter.establishSocket(TcpNTAdapter.java:350)
	at oracle.net.nt.TcpNTAdapter.connect(TcpNTAdapter.java:228)
	at oracle.net.nt.ConnOption.connect(ConnOption.java:346)
	at oracle.net.nt.ConnStrategy.executeConnOption(ConnStrategy.java:1252)
	at oracle.net.nt.ConnStrategy.execute(ConnStrategy.java:778)
	at oracle.net.resolver.AddrResolution.resolveAndExecute(AddrResolution.java:718)
	at oracle.net.ns.NSProtocol.establishConnection(NSProtocol.java:960)
	at oracle.net.ns.NSProtocol.connect(NSProtocol.java:329)
	at oracle.jdbc.driver.T4CConnection.connectNetworkSessionProtocol(T4CConnection.java:3684)
	at oracle.jdbc.driver.T4CConnection.logon(T4CConnection.java:1083)
	... 14 common frames omitted
Caused by: java.net.ConnectException: Connection timed out: no further information
	at java.base/sun.nio.ch.Net.pollConnect(Native Method)
	at java.base/sun.nio.ch.Net.pollConnectNow(Net.java:672)
	at java.base/sun.nio.ch.SocketChannelImpl.finishTimedConnect(SocketChannelImpl.java:1148)
	at java.base/sun.nio.ch.SocketChannelImpl.blockingConnect(SocketChannelImpl.java:1183)
	at java.base/sun.nio.ch.SocketAdaptor.connect(SocketAdaptor.java:98)
	at oracle.net.nt.TimeoutSocketChannel.doConnect(TimeoutSocketChannel.java:291)
	at oracle.net.nt.TimeoutSocketChannel.initializeSocketChannel(TimeoutSocketChannel.java:271)
	at oracle.net.nt.TimeoutSocketChannel.connect(TimeoutSocketChannel.java:238)
	at oracle.net.nt.TimeoutSocketChannel.<init>(TimeoutSocketChannel.java:205)
	at oracle.net.nt.TcpNTAdapter.establishSocket(TcpNTAdapter.java:339)
	... 23 common frames omitted
2026-04-09 09:16:57.377 WARN  [HikariPool-1:connection-adder] com.zaxxer.hikari.pool.PoolBase - HikariPool-1 - Pool is empty, failed to create/setup connection (49aa797f-d707-47ad-8084-f724c7ce8da0)
java.sql.SQLException: ORA-12541: Cannot connect. No listener at host rac-cluster-scan.txuyen.local port 1521. (CONNECTION_ID=/q9+u85STi2u12agsPTZKw==)
https://docs.oracle.com/error-help/db/ora-12541/
	at oracle.jdbc.driver.T4CConnection.handleLogonNetException(T4CConnection.java:1853)
	at oracle.jdbc.driver.T4CConnection.logon(T4CConnection.java:1204)
	at oracle.jdbc.driver.PhysicalConnection.connect(PhysicalConnection.java:1189)
	at oracle.jdbc.driver.T4CDriverExtension.getConnection(T4CDriverExtension.java:106)
	at oracle.jdbc.driver.OracleDriver.connect(OracleDriver.java:887)
	at oracle.jdbc.driver.OracleDriver.connect(OracleDriver.java:694)
	at com.zaxxer.hikari.util.DriverDataSource.getConnection(DriverDataSource.java:139)
	at com.zaxxer.hikari.pool.PoolBase.newConnection(PoolBase.java:368)
	at com.zaxxer.hikari.pool.PoolBase.newPoolEntry(PoolBase.java:205)
	at com.zaxxer.hikari.pool.HikariPool.createPoolEntry(HikariPool.java:483)
	at com.zaxxer.hikari.pool.HikariPool$PoolEntryCreator.call(HikariPool.java:747)
	at com.zaxxer.hikari.pool.HikariPool$PoolEntryCreator.call(HikariPool.java:726)
	at java.base/java.util.concurrent.FutureTask.run(FutureTask.java:264)
	at java.base/java.util.concurrent.ThreadPoolExecutor.runWorker(ThreadPoolExecutor.java:1136)
	at java.base/java.util.concurrent.ThreadPoolExecutor$Worker.run(ThreadPoolExecutor.java:635)
	at java.base/java.lang.Thread.run(Thread.java:833)
Caused by: oracle.net.ns.NetException: ORA-12541: Cannot connect. No listener at host rac-cluster-scan.txuyen.local port 1521. (CONNECTION_ID=/q9+u85STi2u12agsPTZKw==)
https://docs.oracle.com/error-help/db/ora-12541/
	at oracle.net.nt.TcpNTAdapter.handleEstablishSocketException(TcpNTAdapter.java:418)
	at oracle.net.nt.TcpNTAdapter.establishSocket(TcpNTAdapter.java:350)
	at oracle.net.nt.TcpNTAdapter.connect(TcpNTAdapter.java:228)
	at oracle.net.nt.ConnOption.connect(ConnOption.java:346)
	at oracle.net.nt.ConnStrategy.executeConnOption(ConnStrategy.java:1252)
	at oracle.net.nt.ConnStrategy.execute(ConnStrategy.java:778)
	at oracle.net.resolver.AddrResolution.resolveAndExecute(AddrResolution.java:718)
	at oracle.net.ns.NSProtocol.establishConnection(NSProtocol.java:960)
	at oracle.net.ns.NSProtocol.connect(NSProtocol.java:329)
	at oracle.jdbc.driver.T4CConnection.connectNetworkSessionProtocol(T4CConnection.java:3684)
	at oracle.jdbc.driver.T4CConnection.logon(T4CConnection.java:1083)
	... 14 common frames omitted
Caused by: java.net.ConnectException: Connection timed out: no further information
	at java.base/sun.nio.ch.Net.pollConnect(Native Method)
	at java.base/sun.nio.ch.Net.pollConnectNow(Net.java:672)
	at java.base/sun.nio.ch.SocketChannelImpl.finishTimedConnect(SocketChannelImpl.java:1148)
	at java.base/sun.nio.ch.SocketChannelImpl.blockingConnect(SocketChannelImpl.java:1183)
	at java.base/sun.nio.ch.SocketAdaptor.connect(SocketAdaptor.java:98)
	at oracle.net.nt.TimeoutSocketChannel.doConnect(TimeoutSocketChannel.java:291)
	at oracle.net.nt.TimeoutSocketChannel.initializeSocketChannel(TimeoutSocketChannel.java:271)
	at oracle.net.nt.TimeoutSocketChannel.connect(TimeoutSocketChannel.java:238)
	at oracle.net.nt.TimeoutSocketChannel.<init>(TimeoutSocketChannel.java:205)
	at oracle.net.nt.TcpNTAdapter.establishSocket(TcpNTAdapter.java:339)
	... 23 common frames omitted
2026-04-09 09:18:15.557 WARN  [HikariPool-1:connection-adder] com.zaxxer.hikari.pool.PoolBase - HikariPool-1 - Pool is empty, failed to create/setup connection (78ea5d22-b3bb-468c-a32e-de4bf50faecf)
java.sql.SQLException: ORA-12541: Cannot connect. No listener at host rac-cluster-scan.txuyen.local port 1521. (CONNECTION_ID=R8u5tKT8SnKGCZGsOuxBbA==)
https://docs.oracle.com/error-help/db/ora-12541/
	at oracle.jdbc.driver.T4CConnection.handleLogonNetException(T4CConnection.java:1853)
	at oracle.jdbc.driver.T4CConnection.logon(T4CConnection.java:1204)
	at oracle.jdbc.driver.PhysicalConnection.connect(PhysicalConnection.java:1189)
	at oracle.jdbc.driver.T4CDriverExtension.getConnection(T4CDriverExtension.java:106)
	at oracle.jdbc.driver.OracleDriver.connect(OracleDriver.java:887)
	at oracle.jdbc.driver.OracleDriver.connect(OracleDriver.java:694)
	at com.zaxxer.hikari.util.DriverDataSource.getConnection(DriverDataSource.java:139)
	at com.zaxxer.hikari.pool.PoolBase.newConnection(PoolBase.java:368)
	at com.zaxxer.hikari.pool.PoolBase.newPoolEntry(PoolBase.java:205)
	at com.zaxxer.hikari.pool.HikariPool.createPoolEntry(HikariPool.java:483)
	at com.zaxxer.hikari.pool.HikariPool$PoolEntryCreator.call(HikariPool.java:747)
	at com.zaxxer.hikari.pool.HikariPool$PoolEntryCreator.call(HikariPool.java:726)
	at java.base/java.util.concurrent.FutureTask.run(FutureTask.java:264)
	at java.base/java.util.concurrent.ThreadPoolExecutor.runWorker(ThreadPoolExecutor.java:1136)
	at java.base/java.util.concurrent.ThreadPoolExecutor$Worker.run(ThreadPoolExecutor.java:635)
	at java.base/java.lang.Thread.run(Thread.java:833)
Caused by: oracle.net.ns.NetException: ORA-12541: Cannot connect. No listener at host rac-cluster-scan.txuyen.local port 1521. (CONNECTION_ID=R8u5tKT8SnKGCZGsOuxBbA==)
https://docs.oracle.com/error-help/db/ora-12541/
	at oracle.net.nt.TcpNTAdapter.handleEstablishSocketException(TcpNTAdapter.java:418)
	at oracle.net.nt.TcpNTAdapter.establishSocket(TcpNTAdapter.java:350)
	at oracle.net.nt.TcpNTAdapter.connect(TcpNTAdapter.java:228)
	at oracle.net.nt.ConnOption.connect(ConnOption.java:346)
	at oracle.net.nt.ConnStrategy.executeConnOption(ConnStrategy.java:1252)
	at oracle.net.nt.ConnStrategy.execute(ConnStrategy.java:778)
	at oracle.net.resolver.AddrResolution.resolveAndExecute(AddrResolution.java:718)
	at oracle.net.ns.NSProtocol.establishConnection(NSProtocol.java:960)
	at oracle.net.ns.NSProtocol.connect(NSProtocol.java:329)
	at oracle.jdbc.driver.T4CConnection.connectNetworkSessionProtocol(T4CConnection.java:3684)
	at oracle.jdbc.driver.T4CConnection.logon(T4CConnection.java:1083)
	... 14 common frames omitted
Caused by: java.net.ConnectException: Connection timed out: no further information
	at java.base/sun.nio.ch.Net.pollConnect(Native Method)
	at java.base/sun.nio.ch.Net.pollConnectNow(Net.java:672)
	at java.base/sun.nio.ch.SocketChannelImpl.finishTimedConnect(SocketChannelImpl.java:1148)
	at java.base/sun.nio.ch.SocketChannelImpl.blockingConnect(SocketChannelImpl.java:1183)
	at java.base/sun.nio.ch.SocketAdaptor.connect(SocketAdaptor.java:98)
	at oracle.net.nt.TimeoutSocketChannel.doConnect(TimeoutSocketChannel.java:291)
	at oracle.net.nt.TimeoutSocketChannel.initializeSocketChannel(TimeoutSocketChannel.java:271)
	at oracle.net.nt.TimeoutSocketChannel.connect(TimeoutSocketChannel.java:238)
	at oracle.net.nt.TimeoutSocketChannel.<init>(TimeoutSocketChannel.java:205)
	at oracle.net.nt.TcpNTAdapter.establishSocket(TcpNTAdapter.java:339)
	... 23 common frames omitted
2026-04-09 09:19:33.704 WARN  [HikariPool-1:connection-adder] com.zaxxer.hikari.pool.PoolBase - HikariPool-1 - Pool is empty, failed to create/setup connection (c41b926b-c62c-4ab3-8b17-8984cbb6f6f6)
java.sql.SQLException: ORA-12541: Cannot connect. No listener at host rac-cluster-scan.txuyen.local port 1521. (CONNECTION_ID=jIEEuDg3RsyPv2uDO8cTyg==)
https://docs.oracle.com/error-help/db/ora-12541/
	at oracle.jdbc.driver.T4CConnection.handleLogonNetException(T4CConnection.java:1853)
	at oracle.jdbc.driver.T4CConnection.logon(T4CConnection.java:1204)
	at oracle.jdbc.driver.PhysicalConnection.connect(PhysicalConnection.java:1189)
	at oracle.jdbc.driver.T4CDriverExtension.getConnection(T4CDriverExtension.java:106)
	at oracle.jdbc.driver.OracleDriver.connect(OracleDriver.java:887)
	at oracle.jdbc.driver.OracleDriver.connect(OracleDriver.java:694)
	at com.zaxxer.hikari.util.DriverDataSource.getConnection(DriverDataSource.java:139)
	at com.zaxxer.hikari.pool.PoolBase.newConnection(PoolBase.java:368)
	at com.zaxxer.hikari.pool.PoolBase.newPoolEntry(PoolBase.java:205)
	at com.zaxxer.hikari.pool.HikariPool.createPoolEntry(HikariPool.java:483)
	at com.zaxxer.hikari.pool.HikariPool$PoolEntryCreator.call(HikariPool.java:747)
	at com.zaxxer.hikari.pool.HikariPool$PoolEntryCreator.call(HikariPool.java:726)
	at java.base/java.util.concurrent.FutureTask.run(FutureTask.java:264)
	at java.base/java.util.concurrent.ThreadPoolExecutor.runWorker(ThreadPoolExecutor.java:1136)
	at java.base/java.util.concurrent.ThreadPoolExecutor$Worker.run(ThreadPoolExecutor.java:635)
	at java.base/java.lang.Thread.run(Thread.java:833)
Caused by: oracle.net.ns.NetException: ORA-12541: Cannot connect. No listener at host rac-cluster-scan.txuyen.local port 1521. (CONNECTION_ID=jIEEuDg3RsyPv2uDO8cTyg==)
https://docs.oracle.com/error-help/db/ora-12541/
	at oracle.net.nt.TcpNTAdapter.handleEstablishSocketException(TcpNTAdapter.java:418)
	at oracle.net.nt.TcpNTAdapter.establishSocket(TcpNTAdapter.java:350)
	at oracle.net.nt.TcpNTAdapter.connect(TcpNTAdapter.java:228)
	at oracle.net.nt.ConnOption.connect(ConnOption.java:346)
	at oracle.net.nt.ConnStrategy.executeConnOption(ConnStrategy.java:1252)
	at oracle.net.nt.ConnStrategy.execute(ConnStrategy.java:778)
	at oracle.net.resolver.AddrResolution.resolveAndExecute(AddrResolution.java:718)
	at oracle.net.ns.NSProtocol.establishConnection(NSProtocol.java:960)
	at oracle.net.ns.NSProtocol.connect(NSProtocol.java:329)
	at oracle.jdbc.driver.T4CConnection.connectNetworkSessionProtocol(T4CConnection.java:3684)
	at oracle.jdbc.driver.T4CConnection.logon(T4CConnection.java:1083)
	... 14 common frames omitted
Caused by: java.net.ConnectException: Connection timed out: no further information
	at java.base/sun.nio.ch.Net.pollConnect(Native Method)
	at java.base/sun.nio.ch.Net.pollConnectNow(Net.java:672)
	at java.base/sun.nio.ch.SocketChannelImpl.finishTimedConnect(SocketChannelImpl.java:1148)
	at java.base/sun.nio.ch.SocketChannelImpl.blockingConnect(SocketChannelImpl.java:1183)
	at java.base/sun.nio.ch.SocketAdaptor.connect(SocketAdaptor.java:98)
	at oracle.net.nt.TimeoutSocketChannel.doConnect(TimeoutSocketChannel.java:291)
	at oracle.net.nt.TimeoutSocketChannel.initializeSocketChannel(TimeoutSocketChannel.java:271)
	at oracle.net.nt.TimeoutSocketChannel.connect(TimeoutSocketChannel.java:238)
	at oracle.net.nt.TimeoutSocketChannel.<init>(TimeoutSocketChannel.java:205)
	at oracle.net.nt.TcpNTAdapter.establishSocket(TcpNTAdapter.java:339)
	... 23 common frames omitted
2026-04-09 09:20:51.854 WARN  [HikariPool-1:connection-adder] com.zaxxer.hikari.pool.PoolBase - HikariPool-1 - Pool is empty, failed to create/setup connection (0a3223bd-8cfe-4dd6-859f-ddca54dbd379)
java.sql.SQLException: ORA-12541: Cannot connect. No listener at host rac-cluster-scan.txuyen.local port 1521. (CONNECTION_ID=yLJDaI8kTJa+cVuheqchXw==)
https://docs.oracle.com/error-help/db/ora-12541/
	at oracle.jdbc.driver.T4CConnection.handleLogonNetException(T4CConnection.java:1853)
	at oracle.jdbc.driver.T4CConnection.logon(T4CConnection.java:1204)
	at oracle.jdbc.driver.PhysicalConnection.connect(PhysicalConnection.java:1189)
	at oracle.jdbc.driver.T4CDriverExtension.getConnection(T4CDriverExtension.java:106)
	at oracle.jdbc.driver.OracleDriver.connect(OracleDriver.java:887)
	at oracle.jdbc.driver.OracleDriver.connect(OracleDriver.java:694)
	at com.zaxxer.hikari.util.DriverDataSource.getConnection(DriverDataSource.java:139)
	at com.zaxxer.hikari.pool.PoolBase.newConnection(PoolBase.java:368)
	at com.zaxxer.hikari.pool.PoolBase.newPoolEntry(PoolBase.java:205)
	at com.zaxxer.hikari.pool.HikariPool.createPoolEntry(HikariPool.java:483)
	at com.zaxxer.hikari.pool.HikariPool$PoolEntryCreator.call(HikariPool.java:747)
	at com.zaxxer.hikari.pool.HikariPool$PoolEntryCreator.call(HikariPool.java:726)
	at java.base/java.util.concurrent.FutureTask.run(FutureTask.java:264)
	at java.base/java.util.concurrent.ThreadPoolExecutor.runWorker(ThreadPoolExecutor.java:1136)
	at java.base/java.util.concurrent.ThreadPoolExecutor$Worker.run(ThreadPoolExecutor.java:635)
	at java.base/java.lang.Thread.run(Thread.java:833)
Caused by: oracle.net.ns.NetException: ORA-12541: Cannot connect. No listener at host rac-cluster-scan.txuyen.local port 1521. (CONNECTION_ID=yLJDaI8kTJa+cVuheqchXw==)
https://docs.oracle.com/error-help/db/ora-12541/
	at oracle.net.nt.TcpNTAdapter.handleEstablishSocketException(TcpNTAdapter.java:418)
	at oracle.net.nt.TcpNTAdapter.establishSocket(TcpNTAdapter.java:350)
	at oracle.net.nt.TcpNTAdapter.connect(TcpNTAdapter.java:228)
	at oracle.net.nt.ConnOption.connect(ConnOption.java:346)
	at oracle.net.nt.ConnStrategy.executeConnOption(ConnStrategy.java:1252)
	at oracle.net.nt.ConnStrategy.execute(ConnStrategy.java:778)
	at oracle.net.resolver.AddrResolution.resolveAndExecute(AddrResolution.java:718)
	at oracle.net.ns.NSProtocol.establishConnection(NSProtocol.java:960)
	at oracle.net.ns.NSProtocol.connect(NSProtocol.java:329)
	at oracle.jdbc.driver.T4CConnection.connectNetworkSessionProtocol(T4CConnection.java:3684)
	at oracle.jdbc.driver.T4CConnection.logon(T4CConnection.java:1083)
	... 14 common frames omitted
Caused by: java.net.ConnectException: Connection timed out: no further information
	at java.base/sun.nio.ch.Net.pollConnect(Native Method)
	at java.base/sun.nio.ch.Net.pollConnectNow(Net.java:672)
	at java.base/sun.nio.ch.SocketChannelImpl.finishTimedConnect(SocketChannelImpl.java:1148)
	at java.base/sun.nio.ch.SocketChannelImpl.blockingConnect(SocketChannelImpl.java:1183)
	at java.base/sun.nio.ch.SocketAdaptor.connect(SocketAdaptor.java:98)
	at oracle.net.nt.TimeoutSocketChannel.doConnect(TimeoutSocketChannel.java:291)
	at oracle.net.nt.TimeoutSocketChannel.initializeSocketChannel(TimeoutSocketChannel.java:271)
	at oracle.net.nt.TimeoutSocketChannel.connect(TimeoutSocketChannel.java:238)
	at oracle.net.nt.TimeoutSocketChannel.<init>(TimeoutSocketChannel.java:205)
	at oracle.net.nt.TcpNTAdapter.establishSocket(TcpNTAdapter.java:339)
	... 23 common frames omitted
2026-04-09 09:22:10.011 WARN  [HikariPool-1:connection-adder] com.zaxxer.hikari.pool.PoolBase - HikariPool-1 - Pool is empty, failed to create/setup connection (dd00e741-c244-4a28-bf8d-614ff2259daf)
java.sql.SQLException: ORA-12541: Cannot connect. No listener at host rac-cluster-scan.txuyen.local port 1521. (CONNECTION_ID=pv2j2szDQS+LVVFldbcRbw==)
https://docs.oracle.com/error-help/db/ora-12541/
	at oracle.jdbc.driver.T4CConnection.handleLogonNetException(T4CConnection.java:1853)
	at oracle.jdbc.driver.T4CConnection.logon(T4CConnection.java:1204)
	at oracle.jdbc.driver.PhysicalConnection.connect(PhysicalConnection.java:1189)
	at oracle.jdbc.driver.T4CDriverExtension.getConnection(T4CDriverExtension.java:106)
	at oracle.jdbc.driver.OracleDriver.connect(OracleDriver.java:887)
	at oracle.jdbc.driver.OracleDriver.connect(OracleDriver.java:694)
	at com.zaxxer.hikari.util.DriverDataSource.getConnection(DriverDataSource.java:139)
	at com.zaxxer.hikari.pool.PoolBase.newConnection(PoolBase.java:368)
	at com.zaxxer.hikari.pool.PoolBase.newPoolEntry(PoolBase.java:205)
	at com.zaxxer.hikari.pool.HikariPool.createPoolEntry(HikariPool.java:483)
	at com.zaxxer.hikari.pool.HikariPool$PoolEntryCreator.call(HikariPool.java:747)
	at com.zaxxer.hikari.pool.HikariPool$PoolEntryCreator.call(HikariPool.java:726)
	at java.base/java.util.concurrent.FutureTask.run(FutureTask.java:264)
	at java.base/java.util.concurrent.ThreadPoolExecutor.runWorker(ThreadPoolExecutor.java:1136)
	at java.base/java.util.concurrent.ThreadPoolExecutor$Worker.run(ThreadPoolExecutor.java:635)
	at java.base/java.lang.Thread.run(Thread.java:833)
Caused by: oracle.net.ns.NetException: ORA-12541: Cannot connect. No listener at host rac-cluster-scan.txuyen.local port 1521. (CONNECTION_ID=pv2j2szDQS+LVVFldbcRbw==)
https://docs.oracle.com/error-help/db/ora-12541/
	at oracle.net.nt.TcpNTAdapter.handleEstablishSocketException(TcpNTAdapter.java:418)
	at oracle.net.nt.TcpNTAdapter.establishSocket(TcpNTAdapter.java:350)
	at oracle.net.nt.TcpNTAdapter.connect(TcpNTAdapter.java:228)
	at oracle.net.nt.ConnOption.connect(ConnOption.java:346)
	at oracle.net.nt.ConnStrategy.executeConnOption(ConnStrategy.java:1252)
	at oracle.net.nt.ConnStrategy.execute(ConnStrategy.java:778)
	at oracle.net.resolver.AddrResolution.resolveAndExecute(AddrResolution.java:718)
	at oracle.net.ns.NSProtocol.establishConnection(NSProtocol.java:960)
	at oracle.net.ns.NSProtocol.connect(NSProtocol.java:329)
	at oracle.jdbc.driver.T4CConnection.connectNetworkSessionProtocol(T4CConnection.java:3684)
	at oracle.jdbc.driver.T4CConnection.logon(T4CConnection.java:1083)
	... 14 common frames omitted
Caused by: java.net.ConnectException: Connection timed out: no further information
	at java.base/sun.nio.ch.Net.pollConnect(Native Method)
	at java.base/sun.nio.ch.Net.pollConnectNow(Net.java:672)
	at java.base/sun.nio.ch.SocketChannelImpl.finishTimedConnect(SocketChannelImpl.java:1148)
	at java.base/sun.nio.ch.SocketChannelImpl.blockingConnect(SocketChannelImpl.java:1183)
	at java.base/sun.nio.ch.SocketAdaptor.connect(SocketAdaptor.java:98)
	at oracle.net.nt.TimeoutSocketChannel.doConnect(TimeoutSocketChannel.java:291)
	at oracle.net.nt.TimeoutSocketChannel.initializeSocketChannel(TimeoutSocketChannel.java:271)
	at oracle.net.nt.TimeoutSocketChannel.connect(TimeoutSocketChannel.java:238)
	at oracle.net.nt.TimeoutSocketChannel.<init>(TimeoutSocketChannel.java:205)
	at oracle.net.nt.TcpNTAdapter.establishSocket(TcpNTAdapter.java:339)
	... 23 common frames omitted
2026-04-09 09:23:28.164 WARN  [HikariPool-1:connection-adder] com.zaxxer.hikari.pool.PoolBase - HikariPool-1 - Pool is empty, failed to create/setup connection (cf565675-4842-442b-85d0-254337c8ff19)
java.sql.SQLException: ORA-12541: Cannot connect. No listener at host rac-cluster-scan.txuyen.local port 1521. (CONNECTION_ID=t8iBrJmkQsuQD1sSIqXICg==)
https://docs.oracle.com/error-help/db/ora-12541/
	at oracle.jdbc.driver.T4CConnection.handleLogonNetException(T4CConnection.java:1853)
	at oracle.jdbc.driver.T4CConnection.logon(T4CConnection.java:1204)
	at oracle.jdbc.driver.PhysicalConnection.connect(PhysicalConnection.java:1189)
	at oracle.jdbc.driver.T4CDriverExtension.getConnection(T4CDriverExtension.java:106)
	at oracle.jdbc.driver.OracleDriver.connect(OracleDriver.java:887)
	at oracle.jdbc.driver.OracleDriver.connect(OracleDriver.java:694)
	at com.zaxxer.hikari.util.DriverDataSource.getConnection(DriverDataSource.java:139)
	at com.zaxxer.hikari.pool.PoolBase.newConnection(PoolBase.java:368)
	at com.zaxxer.hikari.pool.PoolBase.newPoolEntry(PoolBase.java:205)
	at com.zaxxer.hikari.pool.HikariPool.createPoolEntry(HikariPool.java:483)
	at com.zaxxer.hikari.pool.HikariPool$PoolEntryCreator.call(HikariPool.java:747)
	at com.zaxxer.hikari.pool.HikariPool$PoolEntryCreator.call(HikariPool.java:726)
	at java.base/java.util.concurrent.FutureTask.run(FutureTask.java:264)
	at java.base/java.util.concurrent.ThreadPoolExecutor.runWorker(ThreadPoolExecutor.java:1136)
	at java.base/java.util.concurrent.ThreadPoolExecutor$Worker.run(ThreadPoolExecutor.java:635)
	at java.base/java.lang.Thread.run(Thread.java:833)
Caused by: oracle.net.ns.NetException: ORA-12541: Cannot connect. No listener at host rac-cluster-scan.txuyen.local port 1521. (CONNECTION_ID=t8iBrJmkQsuQD1sSIqXICg==)
https://docs.oracle.com/error-help/db/ora-12541/
	at oracle.net.nt.TcpNTAdapter.handleEstablishSocketException(TcpNTAdapter.java:418)
	at oracle.net.nt.TcpNTAdapter.establishSocket(TcpNTAdapter.java:350)
	at oracle.net.nt.TcpNTAdapter.connect(TcpNTAdapter.java:228)
	at oracle.net.nt.ConnOption.connect(ConnOption.java:346)
	at oracle.net.nt.ConnStrategy.executeConnOption(ConnStrategy.java:1252)
	at oracle.net.nt.ConnStrategy.execute(ConnStrategy.java:778)
	at oracle.net.resolver.AddrResolution.resolveAndExecute(AddrResolution.java:718)
	at oracle.net.ns.NSProtocol.establishConnection(NSProtocol.java:960)
	at oracle.net.ns.NSProtocol.connect(NSProtocol.java:329)
	at oracle.jdbc.driver.T4CConnection.connectNetworkSessionProtocol(T4CConnection.java:3684)
	at oracle.jdbc.driver.T4CConnection.logon(T4CConnection.java:1083)
	... 14 common frames omitted
Caused by: java.net.ConnectException: Connection timed out: no further information
	at java.base/sun.nio.ch.Net.pollConnect(Native Method)
	at java.base/sun.nio.ch.Net.pollConnectNow(Net.java:672)
	at java.base/sun.nio.ch.SocketChannelImpl.finishTimedConnect(SocketChannelImpl.java:1148)
	at java.base/sun.nio.ch.SocketChannelImpl.blockingConnect(SocketChannelImpl.java:1183)
	at java.base/sun.nio.ch.SocketAdaptor.connect(SocketAdaptor.java:98)
	at oracle.net.nt.TimeoutSocketChannel.doConnect(TimeoutSocketChannel.java:291)
	at oracle.net.nt.TimeoutSocketChannel.initializeSocketChannel(TimeoutSocketChannel.java:271)
	at oracle.net.nt.TimeoutSocketChannel.connect(TimeoutSocketChannel.java:238)
	at oracle.net.nt.TimeoutSocketChannel.<init>(TimeoutSocketChannel.java:205)
	at oracle.net.nt.TcpNTAdapter.establishSocket(TcpNTAdapter.java:339)
	... 23 common frames omitted
2026-04-09 09:24:46.309 WARN  [HikariPool-1:connection-adder] com.zaxxer.hikari.pool.PoolBase - HikariPool-1 - Pool is empty, failed to create/setup connection (e01b9ffc-a76d-4cd2-ab22-b4ab261dfeec)
java.sql.SQLException: ORA-12541: Cannot connect. No listener at host rac-cluster-scan.txuyen.local port 1521. (CONNECTION_ID=UCNVnOqkSpKvquUGPGBe1g==)
https://docs.oracle.com/error-help/db/ora-12541/
	at oracle.jdbc.driver.T4CConnection.handleLogonNetException(T4CConnection.java:1853)
	at oracle.jdbc.driver.T4CConnection.logon(T4CConnection.java:1204)
	at oracle.jdbc.driver.PhysicalConnection.connect(PhysicalConnection.java:1189)
	at oracle.jdbc.driver.T4CDriverExtension.getConnection(T4CDriverExtension.java:106)
	at oracle.jdbc.driver.OracleDriver.connect(OracleDriver.java:887)
	at oracle.jdbc.driver.OracleDriver.connect(OracleDriver.java:694)
	at com.zaxxer.hikari.util.DriverDataSource.getConnection(DriverDataSource.java:139)
	at com.zaxxer.hikari.pool.PoolBase.newConnection(PoolBase.java:368)
	at com.zaxxer.hikari.pool.PoolBase.newPoolEntry(PoolBase.java:205)
	at com.zaxxer.hikari.pool.HikariPool.createPoolEntry(HikariPool.java:483)
	at com.zaxxer.hikari.pool.HikariPool$PoolEntryCreator.call(HikariPool.java:747)
	at com.zaxxer.hikari.pool.HikariPool$PoolEntryCreator.call(HikariPool.java:726)
	at java.base/java.util.concurrent.FutureTask.run(FutureTask.java:264)
	at java.base/java.util.concurrent.ThreadPoolExecutor.runWorker(ThreadPoolExecutor.java:1136)
	at java.base/java.util.concurrent.ThreadPoolExecutor$Worker.run(ThreadPoolExecutor.java:635)
	at java.base/java.lang.Thread.run(Thread.java:833)
Caused by: oracle.net.ns.NetException: ORA-12541: Cannot connect. No listener at host rac-cluster-scan.txuyen.local port 1521. (CONNECTION_ID=UCNVnOqkSpKvquUGPGBe1g==)
https://docs.oracle.com/error-help/db/ora-12541/
	at oracle.net.nt.TcpNTAdapter.handleEstablishSocketException(TcpNTAdapter.java:418)
	at oracle.net.nt.TcpNTAdapter.establishSocket(TcpNTAdapter.java:350)
	at oracle.net.nt.TcpNTAdapter.connect(TcpNTAdapter.java:228)
	at oracle.net.nt.ConnOption.connect(ConnOption.java:346)
	at oracle.net.nt.ConnStrategy.executeConnOption(ConnStrategy.java:1252)
	at oracle.net.nt.ConnStrategy.execute(ConnStrategy.java:778)
	at oracle.net.resolver.AddrResolution.resolveAndExecute(AddrResolution.java:718)
	at oracle.net.ns.NSProtocol.establishConnection(NSProtocol.java:960)
	at oracle.net.ns.NSProtocol.connect(NSProtocol.java:329)
	at oracle.jdbc.driver.T4CConnection.connectNetworkSessionProtocol(T4CConnection.java:3684)
	at oracle.jdbc.driver.T4CConnection.logon(T4CConnection.java:1083)
	... 14 common frames omitted
Caused by: java.net.ConnectException: Connection timed out: no further information
	at java.base/sun.nio.ch.Net.pollConnect(Native Method)
	at java.base/sun.nio.ch.Net.pollConnectNow(Net.java:672)
	at java.base/sun.nio.ch.SocketChannelImpl.finishTimedConnect(SocketChannelImpl.java:1148)
	at java.base/sun.nio.ch.SocketChannelImpl.blockingConnect(SocketChannelImpl.java:1183)
	at java.base/sun.nio.ch.SocketAdaptor.connect(SocketAdaptor.java:98)
	at oracle.net.nt.TimeoutSocketChannel.doConnect(TimeoutSocketChannel.java:291)
	at oracle.net.nt.TimeoutSocketChannel.initializeSocketChannel(TimeoutSocketChannel.java:271)
	at oracle.net.nt.TimeoutSocketChannel.connect(TimeoutSocketChannel.java:238)
	at oracle.net.nt.TimeoutSocketChannel.<init>(TimeoutSocketChannel.java:205)
	at oracle.net.nt.TcpNTAdapter.establishSocket(TcpNTAdapter.java:339)
	... 23 common frames omitted
2026-04-09 09:26:04.485 WARN  [HikariPool-1:connection-adder] com.zaxxer.hikari.pool.PoolBase - HikariPool-1 - Pool is empty, failed to create/setup connection (d115ca49-f048-4d6b-8ba3-ccb6cc6671ef)
java.sql.SQLException: ORA-12541: Cannot connect. No listener at host rac-cluster-scan.txuyen.local port 1521. (CONNECTION_ID=UVaqZDaSQlyc9faudxl4yw==)
https://docs.oracle.com/error-help/db/ora-12541/
	at oracle.jdbc.driver.T4CConnection.handleLogonNetException(T4CConnection.java:1853)
	at oracle.jdbc.driver.T4CConnection.logon(T4CConnection.java:1204)
	at oracle.jdbc.driver.PhysicalConnection.connect(PhysicalConnection.java:1189)
	at oracle.jdbc.driver.T4CDriverExtension.getConnection(T4CDriverExtension.java:106)
	at oracle.jdbc.driver.OracleDriver.connect(OracleDriver.java:887)
	at oracle.jdbc.driver.OracleDriver.connect(OracleDriver.java:694)
	at com.zaxxer.hikari.util.DriverDataSource.getConnection(DriverDataSource.java:139)
	at com.zaxxer.hikari.pool.PoolBase.newConnection(PoolBase.java:368)
	at com.zaxxer.hikari.pool.PoolBase.newPoolEntry(PoolBase.java:205)
	at com.zaxxer.hikari.pool.HikariPool.createPoolEntry(HikariPool.java:483)
	at com.zaxxer.hikari.pool.HikariPool$PoolEntryCreator.call(HikariPool.java:747)
	at com.zaxxer.hikari.pool.HikariPool$PoolEntryCreator.call(HikariPool.java:726)
	at java.base/java.util.concurrent.FutureTask.run(FutureTask.java:264)
	at java.base/java.util.concurrent.ThreadPoolExecutor.runWorker(ThreadPoolExecutor.java:1136)
	at java.base/java.util.concurrent.ThreadPoolExecutor$Worker.run(ThreadPoolExecutor.java:635)
	at java.base/java.lang.Thread.run(Thread.java:833)
Caused by: oracle.net.ns.NetException: ORA-12541: Cannot connect. No listener at host rac-cluster-scan.txuyen.local port 1521. (CONNECTION_ID=UVaqZDaSQlyc9faudxl4yw==)
https://docs.oracle.com/error-help/db/ora-12541/
	at oracle.net.nt.TcpNTAdapter.handleEstablishSocketException(TcpNTAdapter.java:418)
	at oracle.net.nt.TcpNTAdapter.establishSocket(TcpNTAdapter.java:350)
	at oracle.net.nt.TcpNTAdapter.connect(TcpNTAdapter.java:228)
	at oracle.net.nt.ConnOption.connect(ConnOption.java:346)
	at oracle.net.nt.ConnStrategy.executeConnOption(ConnStrategy.java:1252)
	at oracle.net.nt.ConnStrategy.execute(ConnStrategy.java:778)
	at oracle.net.resolver.AddrResolution.resolveAndExecute(AddrResolution.java:718)
	at oracle.net.ns.NSProtocol.establishConnection(NSProtocol.java:960)
	at oracle.net.ns.NSProtocol.connect(NSProtocol.java:329)
	at oracle.jdbc.driver.T4CConnection.connectNetworkSessionProtocol(T4CConnection.java:3684)
	at oracle.jdbc.driver.T4CConnection.logon(T4CConnection.java:1083)
	... 14 common frames omitted
Caused by: java.net.ConnectException: Connection timed out: no further information
	at java.base/sun.nio.ch.Net.pollConnect(Native Method)
	at java.base/sun.nio.ch.Net.pollConnectNow(Net.java:672)
	at java.base/sun.nio.ch.SocketChannelImpl.finishTimedConnect(SocketChannelImpl.java:1148)
	at java.base/sun.nio.ch.SocketChannelImpl.blockingConnect(SocketChannelImpl.java:1183)
	at java.base/sun.nio.ch.SocketAdaptor.connect(SocketAdaptor.java:98)
	at oracle.net.nt.TimeoutSocketChannel.doConnect(TimeoutSocketChannel.java:291)
	at oracle.net.nt.TimeoutSocketChannel.initializeSocketChannel(TimeoutSocketChannel.java:271)
	at oracle.net.nt.TimeoutSocketChannel.connect(TimeoutSocketChannel.java:238)
	at oracle.net.nt.TimeoutSocketChannel.<init>(TimeoutSocketChannel.java:205)
	at oracle.net.nt.TcpNTAdapter.establishSocket(TcpNTAdapter.java:339)
	... 23 common frames omitted
2026-04-09 09:27:22.646 WARN  [HikariPool-1:connection-adder] com.zaxxer.hikari.pool.PoolBase - HikariPool-1 - Pool is empty, failed to create/setup connection (165438e7-f699-4bed-9bea-4e61673ace3e)
java.sql.SQLException: ORA-12541: Cannot connect. No listener at host rac-cluster-scan.txuyen.local port 1521. (CONNECTION_ID=dcQycF8gSYWXktb3zh8qDA==)
https://docs.oracle.com/error-help/db/ora-12541/
	at oracle.jdbc.driver.T4CConnection.handleLogonNetException(T4CConnection.java:1853)
	at oracle.jdbc.driver.T4CConnection.logon(T4CConnection.java:1204)
	at oracle.jdbc.driver.PhysicalConnection.connect(PhysicalConnection.java:1189)
	at oracle.jdbc.driver.T4CDriverExtension.getConnection(T4CDriverExtension.java:106)
	at oracle.jdbc.driver.OracleDriver.connect(OracleDriver.java:887)
	at oracle.jdbc.driver.OracleDriver.connect(OracleDriver.java:694)
	at com.zaxxer.hikari.util.DriverDataSource.getConnection(DriverDataSource.java:139)
	at com.zaxxer.hikari.pool.PoolBase.newConnection(PoolBase.java:368)
	at com.zaxxer.hikari.pool.PoolBase.newPoolEntry(PoolBase.java:205)
	at com.zaxxer.hikari.pool.HikariPool.createPoolEntry(HikariPool.java:483)
	at com.zaxxer.hikari.pool.HikariPool$PoolEntryCreator.call(HikariPool.java:747)
	at com.zaxxer.hikari.pool.HikariPool$PoolEntryCreator.call(HikariPool.java:726)
	at java.base/java.util.concurrent.FutureTask.run(FutureTask.java:264)
	at java.base/java.util.concurrent.ThreadPoolExecutor.runWorker(ThreadPoolExecutor.java:1136)
	at java.base/java.util.concurrent.ThreadPoolExecutor$Worker.run(ThreadPoolExecutor.java:635)
	at java.base/java.lang.Thread.run(Thread.java:833)
Caused by: oracle.net.ns.NetException: ORA-12541: Cannot connect. No listener at host rac-cluster-scan.txuyen.local port 1521. (CONNECTION_ID=dcQycF8gSYWXktb3zh8qDA==)
https://docs.oracle.com/error-help/db/ora-12541/
	at oracle.net.nt.TcpNTAdapter.handleEstablishSocketException(TcpNTAdapter.java:418)
	at oracle.net.nt.TcpNTAdapter.establishSocket(TcpNTAdapter.java:350)
	at oracle.net.nt.TcpNTAdapter.connect(TcpNTAdapter.java:228)
	at oracle.net.nt.ConnOption.connect(ConnOption.java:346)
	at oracle.net.nt.ConnStrategy.executeConnOption(ConnStrategy.java:1252)
	at oracle.net.nt.ConnStrategy.execute(ConnStrategy.java:778)
	at oracle.net.resolver.AddrResolution.resolveAndExecute(AddrResolution.java:718)
	at oracle.net.ns.NSProtocol.establishConnection(NSProtocol.java:960)
	at oracle.net.ns.NSProtocol.connect(NSProtocol.java:329)
	at oracle.jdbc.driver.T4CConnection.connectNetworkSessionProtocol(T4CConnection.java:3684)
	at oracle.jdbc.driver.T4CConnection.logon(T4CConnection.java:1083)
	... 14 common frames omitted
Caused by: java.net.ConnectException: Connection timed out: no further information
	at java.base/sun.nio.ch.Net.pollConnect(Native Method)
	at java.base/sun.nio.ch.Net.pollConnectNow(Net.java:672)
	at java.base/sun.nio.ch.SocketChannelImpl.finishTimedConnect(SocketChannelImpl.java:1148)
	at java.base/sun.nio.ch.SocketChannelImpl.blockingConnect(SocketChannelImpl.java:1183)
	at java.base/sun.nio.ch.SocketAdaptor.connect(SocketAdaptor.java:98)
	at oracle.net.nt.TimeoutSocketChannel.doConnect(TimeoutSocketChannel.java:291)
	at oracle.net.nt.TimeoutSocketChannel.initializeSocketChannel(TimeoutSocketChannel.java:271)
	at oracle.net.nt.TimeoutSocketChannel.connect(TimeoutSocketChannel.java:238)
	at oracle.net.nt.TimeoutSocketChannel.<init>(TimeoutSocketChannel.java:205)
	at oracle.net.nt.TcpNTAdapter.establishSocket(TcpNTAdapter.java:339)
	... 23 common frames omitted
2026-04-09 09:28:40.807 WARN  [HikariPool-1:connection-adder] com.zaxxer.hikari.pool.PoolBase - HikariPool-1 - Pool is empty, failed to create/setup connection (1580cb27-8657-42da-990c-cfb07b9ec9b7)
java.sql.SQLException: ORA-12541: Cannot connect. No listener at host rac-cluster-scan.txuyen.local port 1521. (CONNECTION_ID=jY82yiHbSpu24Sw6QLmPzg==)
https://docs.oracle.com/error-help/db/ora-12541/
	at oracle.jdbc.driver.T4CConnection.handleLogonNetException(T4CConnection.java:1853)
	at oracle.jdbc.driver.T4CConnection.logon(T4CConnection.java:1204)
	at oracle.jdbc.driver.PhysicalConnection.connect(PhysicalConnection.java:1189)
	at oracle.jdbc.driver.T4CDriverExtension.getConnection(T4CDriverExtension.java:106)
	at oracle.jdbc.driver.OracleDriver.connect(OracleDriver.java:887)
	at oracle.jdbc.driver.OracleDriver.connect(OracleDriver.java:694)
	at com.zaxxer.hikari.util.DriverDataSource.getConnection(DriverDataSource.java:139)
	at com.zaxxer.hikari.pool.PoolBase.newConnection(PoolBase.java:368)
	at com.zaxxer.hikari.pool.PoolBase.newPoolEntry(PoolBase.java:205)
	at com.zaxxer.hikari.pool.HikariPool.createPoolEntry(HikariPool.java:483)
	at com.zaxxer.hikari.pool.HikariPool$PoolEntryCreator.call(HikariPool.java:747)
	at com.zaxxer.hikari.pool.HikariPool$PoolEntryCreator.call(HikariPool.java:726)
	at java.base/java.util.concurrent.FutureTask.run(FutureTask.java:264)
	at java.base/java.util.concurrent.ThreadPoolExecutor.runWorker(ThreadPoolExecutor.java:1136)
	at java.base/java.util.concurrent.ThreadPoolExecutor$Worker.run(ThreadPoolExecutor.java:635)
	at java.base/java.lang.Thread.run(Thread.java:833)
Caused by: oracle.net.ns.NetException: ORA-12541: Cannot connect. No listener at host rac-cluster-scan.txuyen.local port 1521. (CONNECTION_ID=jY82yiHbSpu24Sw6QLmPzg==)
https://docs.oracle.com/error-help/db/ora-12541/
	at oracle.net.nt.TcpNTAdapter.handleEstablishSocketException(TcpNTAdapter.java:418)
	at oracle.net.nt.TcpNTAdapter.establishSocket(TcpNTAdapter.java:350)
	at oracle.net.nt.TcpNTAdapter.connect(TcpNTAdapter.java:228)
	at oracle.net.nt.ConnOption.connect(ConnOption.java:346)
	at oracle.net.nt.ConnStrategy.executeConnOption(ConnStrategy.java:1252)
	at oracle.net.nt.ConnStrategy.execute(ConnStrategy.java:778)
	at oracle.net.resolver.AddrResolution.resolveAndExecute(AddrResolution.java:718)
	at oracle.net.ns.NSProtocol.establishConnection(NSProtocol.java:960)
	at oracle.net.ns.NSProtocol.connect(NSProtocol.java:329)
	at oracle.jdbc.driver.T4CConnection.connectNetworkSessionProtocol(T4CConnection.java:3684)
	at oracle.jdbc.driver.T4CConnection.logon(T4CConnection.java:1083)
	... 14 common frames omitted
Caused by: java.net.ConnectException: Connection timed out: no further information
	at java.base/sun.nio.ch.Net.pollConnect(Native Method)
	at java.base/sun.nio.ch.Net.pollConnectNow(Net.java:672)
	at java.base/sun.nio.ch.SocketChannelImpl.finishTimedConnect(SocketChannelImpl.java:1148)
	at java.base/sun.nio.ch.SocketChannelImpl.blockingConnect(SocketChannelImpl.java:1183)
	at java.base/sun.nio.ch.SocketAdaptor.connect(SocketAdaptor.java:98)
	at oracle.net.nt.TimeoutSocketChannel.doConnect(TimeoutSocketChannel.java:291)
	at oracle.net.nt.TimeoutSocketChannel.initializeSocketChannel(TimeoutSocketChannel.java:271)
	at oracle.net.nt.TimeoutSocketChannel.connect(TimeoutSocketChannel.java:238)
	at oracle.net.nt.TimeoutSocketChannel.<init>(TimeoutSocketChannel.java:205)
	at oracle.net.nt.TcpNTAdapter.establishSocket(TcpNTAdapter.java:339)
	... 23 common frames omitted
2026-04-09 09:29:58.984 WARN  [HikariPool-1:connection-adder] com.zaxxer.hikari.pool.PoolBase - HikariPool-1 - Pool is empty, failed to create/setup connection (1919072e-34e9-43b5-bf30-fadb4119af0e)
java.sql.SQLException: ORA-12541: Cannot connect. No listener at host rac-cluster-scan.txuyen.local port 1521. (CONNECTION_ID=zMxiJEJGThKNq2axsWCMfg==)
https://docs.oracle.com/error-help/db/ora-12541/
	at oracle.jdbc.driver.T4CConnection.handleLogonNetException(T4CConnection.java:1853)
	at oracle.jdbc.driver.T4CConnection.logon(T4CConnection.java:1204)
	at oracle.jdbc.driver.PhysicalConnection.connect(PhysicalConnection.java:1189)
	at oracle.jdbc.driver.T4CDriverExtension.getConnection(T4CDriverExtension.java:106)
	at oracle.jdbc.driver.OracleDriver.connect(OracleDriver.java:887)
	at oracle.jdbc.driver.OracleDriver.connect(OracleDriver.java:694)
	at com.zaxxer.hikari.util.DriverDataSource.getConnection(DriverDataSource.java:139)
	at com.zaxxer.hikari.pool.PoolBase.newConnection(PoolBase.java:368)
	at com.zaxxer.hikari.pool.PoolBase.newPoolEntry(PoolBase.java:205)
	at com.zaxxer.hikari.pool.HikariPool.createPoolEntry(HikariPool.java:483)
	at com.zaxxer.hikari.pool.HikariPool$PoolEntryCreator.call(HikariPool.java:747)
	at com.zaxxer.hikari.pool.HikariPool$PoolEntryCreator.call(HikariPool.java:726)
	at java.base/java.util.concurrent.FutureTask.run(FutureTask.java:264)
	at java.base/java.util.concurrent.ThreadPoolExecutor.runWorker(ThreadPoolExecutor.java:1136)
	at java.base/java.util.concurrent.ThreadPoolExecutor$Worker.run(ThreadPoolExecutor.java:635)
	at java.base/java.lang.Thread.run(Thread.java:833)
Caused by: oracle.net.ns.NetException: ORA-12541: Cannot connect. No listener at host rac-cluster-scan.txuyen.local port 1521. (CONNECTION_ID=zMxiJEJGThKNq2axsWCMfg==)
https://docs.oracle.com/error-help/db/ora-12541/
	at oracle.net.nt.TcpNTAdapter.handleEstablishSocketException(TcpNTAdapter.java:418)
	at oracle.net.nt.TcpNTAdapter.establishSocket(TcpNTAdapter.java:350)
	at oracle.net.nt.TcpNTAdapter.connect(TcpNTAdapter.java:228)
	at oracle.net.nt.ConnOption.connect(ConnOption.java:346)
	at oracle.net.nt.ConnStrategy.executeConnOption(ConnStrategy.java:1252)
	at oracle.net.nt.ConnStrategy.execute(ConnStrategy.java:778)
	at oracle.net.resolver.AddrResolution.resolveAndExecute(AddrResolution.java:718)
	at oracle.net.ns.NSProtocol.establishConnection(NSProtocol.java:960)
	at oracle.net.ns.NSProtocol.connect(NSProtocol.java:329)
	at oracle.jdbc.driver.T4CConnection.connectNetworkSessionProtocol(T4CConnection.java:3684)
	at oracle.jdbc.driver.T4CConnection.logon(T4CConnection.java:1083)
	... 14 common frames omitted
Caused by: java.net.ConnectException: Connection timed out: no further information
	at java.base/sun.nio.ch.Net.pollConnect(Native Method)
	at java.base/sun.nio.ch.Net.pollConnectNow(Net.java:672)
	at java.base/sun.nio.ch.SocketChannelImpl.finishTimedConnect(SocketChannelImpl.java:1148)
	at java.base/sun.nio.ch.SocketChannelImpl.blockingConnect(SocketChannelImpl.java:1183)
	at java.base/sun.nio.ch.SocketAdaptor.connect(SocketAdaptor.java:98)
	at oracle.net.nt.TimeoutSocketChannel.doConnect(TimeoutSocketChannel.java:291)
	at oracle.net.nt.TimeoutSocketChannel.initializeSocketChannel(TimeoutSocketChannel.java:271)
	at oracle.net.nt.TimeoutSocketChannel.connect(TimeoutSocketChannel.java:238)
	at oracle.net.nt.TimeoutSocketChannel.<init>(TimeoutSocketChannel.java:205)
	at oracle.net.nt.TcpNTAdapter.establishSocket(TcpNTAdapter.java:339)
	... 23 common frames omitted
2026-04-09 09:31:17.151 WARN  [HikariPool-1:connection-adder] com.zaxxer.hikari.pool.PoolBase - HikariPool-1 - Pool is empty, failed to create/setup connection (84981439-633b-4b61-b382-451f06ad78e0)
java.sql.SQLException: ORA-12541: Cannot connect. No listener at host rac-cluster-scan.txuyen.local port 1521. (CONNECTION_ID=snXp81UqSA+DLHpp9gJzpg==)
https://docs.oracle.com/error-help/db/ora-12541/
	at oracle.jdbc.driver.T4CConnection.handleLogonNetException(T4CConnection.java:1853)
	at oracle.jdbc.driver.T4CConnection.logon(T4CConnection.java:1204)
	at oracle.jdbc.driver.PhysicalConnection.connect(PhysicalConnection.java:1189)
	at oracle.jdbc.driver.T4CDriverExtension.getConnection(T4CDriverExtension.java:106)
	at oracle.jdbc.driver.OracleDriver.connect(OracleDriver.java:887)
	at oracle.jdbc.driver.OracleDriver.connect(OracleDriver.java:694)
	at com.zaxxer.hikari.util.DriverDataSource.getConnection(DriverDataSource.java:139)
	at com.zaxxer.hikari.pool.PoolBase.newConnection(PoolBase.java:368)
	at com.zaxxer.hikari.pool.PoolBase.newPoolEntry(PoolBase.java:205)
	at com.zaxxer.hikari.pool.HikariPool.createPoolEntry(HikariPool.java:483)
	at com.zaxxer.hikari.pool.HikariPool$PoolEntryCreator.call(HikariPool.java:747)
	at com.zaxxer.hikari.pool.HikariPool$PoolEntryCreator.call(HikariPool.java:726)
	at java.base/java.util.concurrent.FutureTask.run(FutureTask.java:264)
	at java.base/java.util.concurrent.ThreadPoolExecutor.runWorker(ThreadPoolExecutor.java:1136)
	at java.base/java.util.concurrent.ThreadPoolExecutor$Worker.run(ThreadPoolExecutor.java:635)
	at java.base/java.lang.Thread.run(Thread.java:833)
Caused by: oracle.net.ns.NetException: ORA-12541: Cannot connect. No listener at host rac-cluster-scan.txuyen.local port 1521. (CONNECTION_ID=snXp81UqSA+DLHpp9gJzpg==)
https://docs.oracle.com/error-help/db/ora-12541/
	at oracle.net.nt.TcpNTAdapter.handleEstablishSocketException(TcpNTAdapter.java:418)
	at oracle.net.nt.TcpNTAdapter.establishSocket(TcpNTAdapter.java:350)
	at oracle.net.nt.TcpNTAdapter.connect(TcpNTAdapter.java:228)
	at oracle.net.nt.ConnOption.connect(ConnOption.java:346)
	at oracle.net.nt.ConnStrategy.executeConnOption(ConnStrategy.java:1252)
	at oracle.net.nt.ConnStrategy.execute(ConnStrategy.java:778)
	at oracle.net.resolver.AddrResolution.resolveAndExecute(AddrResolution.java:718)
	at oracle.net.ns.NSProtocol.establishConnection(NSProtocol.java:960)
	at oracle.net.ns.NSProtocol.connect(NSProtocol.java:329)
	at oracle.jdbc.driver.T4CConnection.connectNetworkSessionProtocol(T4CConnection.java:3684)
	at oracle.jdbc.driver.T4CConnection.logon(T4CConnection.java:1083)
	... 14 common frames omitted
Caused by: java.net.ConnectException: Connection timed out: no further information
	at java.base/sun.nio.ch.Net.pollConnect(Native Method)
	at java.base/sun.nio.ch.Net.pollConnectNow(Net.java:672)
	at java.base/sun.nio.ch.SocketChannelImpl.finishTimedConnect(SocketChannelImpl.java:1148)
	at java.base/sun.nio.ch.SocketChannelImpl.blockingConnect(SocketChannelImpl.java:1183)
	at java.base/sun.nio.ch.SocketAdaptor.connect(SocketAdaptor.java:98)
	at oracle.net.nt.TimeoutSocketChannel.doConnect(TimeoutSocketChannel.java:291)
	at oracle.net.nt.TimeoutSocketChannel.initializeSocketChannel(TimeoutSocketChannel.java:271)
	at oracle.net.nt.TimeoutSocketChannel.connect(TimeoutSocketChannel.java:238)
	at oracle.net.nt.TimeoutSocketChannel.<init>(TimeoutSocketChannel.java:205)
	at oracle.net.nt.TcpNTAdapter.establishSocket(TcpNTAdapter.java:339)
	... 23 common frames omitted
2026-04-09 09:32:35.302 WARN  [HikariPool-1:connection-adder] com.zaxxer.hikari.pool.PoolBase - HikariPool-1 - Pool is empty, failed to create/setup connection (21b20e7f-dc7b-4fb3-bcb8-6f198360f25a)
java.sql.SQLException: ORA-12541: Cannot connect. No listener at host rac-cluster-scan.txuyen.local port 1521. (CONNECTION_ID=tDKR8qhYRVik8U+37C3h/w==)
https://docs.oracle.com/error-help/db/ora-12541/
	at oracle.jdbc.driver.T4CConnection.handleLogonNetException(T4CConnection.java:1853)
	at oracle.jdbc.driver.T4CConnection.logon(T4CConnection.java:1204)
	at oracle.jdbc.driver.PhysicalConnection.connect(PhysicalConnection.java:1189)
	at oracle.jdbc.driver.T4CDriverExtension.getConnection(T4CDriverExtension.java:106)
	at oracle.jdbc.driver.OracleDriver.connect(OracleDriver.java:887)
	at oracle.jdbc.driver.OracleDriver.connect(OracleDriver.java:694)
	at com.zaxxer.hikari.util.DriverDataSource.getConnection(DriverDataSource.java:139)
	at com.zaxxer.hikari.pool.PoolBase.newConnection(PoolBase.java:368)
	at com.zaxxer.hikari.pool.PoolBase.newPoolEntry(PoolBase.java:205)
	at com.zaxxer.hikari.pool.HikariPool.createPoolEntry(HikariPool.java:483)
	at com.zaxxer.hikari.pool.HikariPool$PoolEntryCreator.call(HikariPool.java:747)
	at com.zaxxer.hikari.pool.HikariPool$PoolEntryCreator.call(HikariPool.java:726)
	at java.base/java.util.concurrent.FutureTask.run(FutureTask.java:264)
	at java.base/java.util.concurrent.ThreadPoolExecutor.runWorker(ThreadPoolExecutor.java:1136)
	at java.base/java.util.concurrent.ThreadPoolExecutor$Worker.run(ThreadPoolExecutor.java:635)
	at java.base/java.lang.Thread.run(Thread.java:833)
Caused by: oracle.net.ns.NetException: ORA-12541: Cannot connect. No listener at host rac-cluster-scan.txuyen.local port 1521. (CONNECTION_ID=tDKR8qhYRVik8U+37C3h/w==)
https://docs.oracle.com/error-help/db/ora-12541/
	at oracle.net.nt.TcpNTAdapter.handleEstablishSocketException(TcpNTAdapter.java:418)
	at oracle.net.nt.TcpNTAdapter.establishSocket(TcpNTAdapter.java:350)
	at oracle.net.nt.TcpNTAdapter.connect(TcpNTAdapter.java:228)
	at oracle.net.nt.ConnOption.connect(ConnOption.java:346)
	at oracle.net.nt.ConnStrategy.executeConnOption(ConnStrategy.java:1252)
	at oracle.net.nt.ConnStrategy.execute(ConnStrategy.java:778)
	at oracle.net.resolver.AddrResolution.resolveAndExecute(AddrResolution.java:718)
	at oracle.net.ns.NSProtocol.establishConnection(NSProtocol.java:960)
	at oracle.net.ns.NSProtocol.connect(NSProtocol.java:329)
	at oracle.jdbc.driver.T4CConnection.connectNetworkSessionProtocol(T4CConnection.java:3684)
	at oracle.jdbc.driver.T4CConnection.logon(T4CConnection.java:1083)
	... 14 common frames omitted
Caused by: java.net.ConnectException: Connection timed out: no further information
	at java.base/sun.nio.ch.Net.pollConnect(Native Method)
	at java.base/sun.nio.ch.Net.pollConnectNow(Net.java:672)
	at java.base/sun.nio.ch.SocketChannelImpl.finishTimedConnect(SocketChannelImpl.java:1148)
	at java.base/sun.nio.ch.SocketChannelImpl.blockingConnect(SocketChannelImpl.java:1183)
	at java.base/sun.nio.ch.SocketAdaptor.connect(SocketAdaptor.java:98)
	at oracle.net.nt.TimeoutSocketChannel.doConnect(TimeoutSocketChannel.java:291)
	at oracle.net.nt.TimeoutSocketChannel.initializeSocketChannel(TimeoutSocketChannel.java:271)
	at oracle.net.nt.TimeoutSocketChannel.connect(TimeoutSocketChannel.java:238)
	at oracle.net.nt.TimeoutSocketChannel.<init>(TimeoutSocketChannel.java:205)
	at oracle.net.nt.TcpNTAdapter.establishSocket(TcpNTAdapter.java:339)
	... 23 common frames omitted
2026-04-09 09:33:53.457 WARN  [HikariPool-1:connection-adder] com.zaxxer.hikari.pool.PoolBase - HikariPool-1 - Pool is empty, failed to create/setup connection (f47bf5d1-f6d4-4f8d-ad75-55e72aaded8a)
java.sql.SQLException: ORA-12541: Cannot connect. No listener at host rac-cluster-scan.txuyen.local port 1521. (CONNECTION_ID=VCjjn4gbQ2+0NGE3pUGNoQ==)
https://docs.oracle.com/error-help/db/ora-12541/
	at oracle.jdbc.driver.T4CConnection.handleLogonNetException(T4CConnection.java:1853)
	at oracle.jdbc.driver.T4CConnection.logon(T4CConnection.java:1204)
	at oracle.jdbc.driver.PhysicalConnection.connect(PhysicalConnection.java:1189)
	at oracle.jdbc.driver.T4CDriverExtension.getConnection(T4CDriverExtension.java:106)
	at oracle.jdbc.driver.OracleDriver.connect(OracleDriver.java:887)
	at oracle.jdbc.driver.OracleDriver.connect(OracleDriver.java:694)
	at com.zaxxer.hikari.util.DriverDataSource.getConnection(DriverDataSource.java:139)
	at com.zaxxer.hikari.pool.PoolBase.newConnection(PoolBase.java:368)
	at com.zaxxer.hikari.pool.PoolBase.newPoolEntry(PoolBase.java:205)
	at com.zaxxer.hikari.pool.HikariPool.createPoolEntry(HikariPool.java:483)
	at com.zaxxer.hikari.pool.HikariPool$PoolEntryCreator.call(HikariPool.java:747)
	at com.zaxxer.hikari.pool.HikariPool$PoolEntryCreator.call(HikariPool.java:726)
	at java.base/java.util.concurrent.FutureTask.run(FutureTask.java:264)
	at java.base/java.util.concurrent.ThreadPoolExecutor.runWorker(ThreadPoolExecutor.java:1136)
	at java.base/java.util.concurrent.ThreadPoolExecutor$Worker.run(ThreadPoolExecutor.java:635)
	at java.base/java.lang.Thread.run(Thread.java:833)
Caused by: oracle.net.ns.NetException: ORA-12541: Cannot connect. No listener at host rac-cluster-scan.txuyen.local port 1521. (CONNECTION_ID=VCjjn4gbQ2+0NGE3pUGNoQ==)
https://docs.oracle.com/error-help/db/ora-12541/
	at oracle.net.nt.TcpNTAdapter.handleEstablishSocketException(TcpNTAdapter.java:418)
	at oracle.net.nt.TcpNTAdapter.establishSocket(TcpNTAdapter.java:350)
	at oracle.net.nt.TcpNTAdapter.connect(TcpNTAdapter.java:228)
	at oracle.net.nt.ConnOption.connect(ConnOption.java:346)
	at oracle.net.nt.ConnStrategy.executeConnOption(ConnStrategy.java:1252)
	at oracle.net.nt.ConnStrategy.execute(ConnStrategy.java:778)
	at oracle.net.resolver.AddrResolution.resolveAndExecute(AddrResolution.java:718)
	at oracle.net.ns.NSProtocol.establishConnection(NSProtocol.java:960)
	at oracle.net.ns.NSProtocol.connect(NSProtocol.java:329)
	at oracle.jdbc.driver.T4CConnection.connectNetworkSessionProtocol(T4CConnection.java:3684)
	at oracle.jdbc.driver.T4CConnection.logon(T4CConnection.java:1083)
	... 14 common frames omitted
Caused by: java.net.ConnectException: Connection timed out: no further information
	at java.base/sun.nio.ch.Net.pollConnect(Native Method)
	at java.base/sun.nio.ch.Net.pollConnectNow(Net.java:672)
	at java.base/sun.nio.ch.SocketChannelImpl.finishTimedConnect(SocketChannelImpl.java:1148)
	at java.base/sun.nio.ch.SocketChannelImpl.blockingConnect(SocketChannelImpl.java:1183)
	at java.base/sun.nio.ch.SocketAdaptor.connect(SocketAdaptor.java:98)
	at oracle.net.nt.TimeoutSocketChannel.doConnect(TimeoutSocketChannel.java:291)
	at oracle.net.nt.TimeoutSocketChannel.initializeSocketChannel(TimeoutSocketChannel.java:271)
	at oracle.net.nt.TimeoutSocketChannel.connect(TimeoutSocketChannel.java:238)
	at oracle.net.nt.TimeoutSocketChannel.<init>(TimeoutSocketChannel.java:205)
	at oracle.net.nt.TcpNTAdapter.establishSocket(TcpNTAdapter.java:339)
	... 23 common frames omitted
2026-04-09 09:35:11.659 WARN  [HikariPool-1:connection-adder] com.zaxxer.hikari.pool.PoolBase - HikariPool-1 - Pool is empty, failed to create/setup connection (91ccc6a9-708e-48d9-a013-84ee09ee0d93)
java.sql.SQLException: ORA-12541: Cannot connect. No listener at host rac-cluster-scan.txuyen.local port 1521. (CONNECTION_ID=2hCa6cISRkqhCd+8fIbW+w==)
https://docs.oracle.com/error-help/db/ora-12541/
	at oracle.jdbc.driver.T4CConnection.handleLogonNetException(T4CConnection.java:1853)
	at oracle.jdbc.driver.T4CConnection.logon(T4CConnection.java:1204)
	at oracle.jdbc.driver.PhysicalConnection.connect(PhysicalConnection.java:1189)
	at oracle.jdbc.driver.T4CDriverExtension.getConnection(T4CDriverExtension.java:106)
	at oracle.jdbc.driver.OracleDriver.connect(OracleDriver.java:887)
	at oracle.jdbc.driver.OracleDriver.connect(OracleDriver.java:694)
	at com.zaxxer.hikari.util.DriverDataSource.getConnection(DriverDataSource.java:139)
	at com.zaxxer.hikari.pool.PoolBase.newConnection(PoolBase.java:368)
	at com.zaxxer.hikari.pool.PoolBase.newPoolEntry(PoolBase.java:205)
	at com.zaxxer.hikari.pool.HikariPool.createPoolEntry(HikariPool.java:483)
	at com.zaxxer.hikari.pool.HikariPool$PoolEntryCreator.call(HikariPool.java:747)
	at com.zaxxer.hikari.pool.HikariPool$PoolEntryCreator.call(HikariPool.java:726)
	at java.base/java.util.concurrent.FutureTask.run(FutureTask.java:264)
	at java.base/java.util.concurrent.ThreadPoolExecutor.runWorker(ThreadPoolExecutor.java:1136)
	at java.base/java.util.concurrent.ThreadPoolExecutor$Worker.run(ThreadPoolExecutor.java:635)
	at java.base/java.lang.Thread.run(Thread.java:833)
Caused by: oracle.net.ns.NetException: ORA-12541: Cannot connect. No listener at host rac-cluster-scan.txuyen.local port 1521. (CONNECTION_ID=2hCa6cISRkqhCd+8fIbW+w==)
https://docs.oracle.com/error-help/db/ora-12541/
	at oracle.net.nt.TcpNTAdapter.handleEstablishSocketException(TcpNTAdapter.java:418)
	at oracle.net.nt.TcpNTAdapter.establishSocket(TcpNTAdapter.java:350)
	at oracle.net.nt.TcpNTAdapter.connect(TcpNTAdapter.java:228)
	at oracle.net.nt.ConnOption.connect(ConnOption.java:346)
	at oracle.net.nt.ConnStrategy.executeConnOption(ConnStrategy.java:1252)
	at oracle.net.nt.ConnStrategy.execute(ConnStrategy.java:778)
	at oracle.net.resolver.AddrResolution.resolveAndExecute(AddrResolution.java:718)
	at oracle.net.ns.NSProtocol.establishConnection(NSProtocol.java:960)
	at oracle.net.ns.NSProtocol.connect(NSProtocol.java:329)
	at oracle.jdbc.driver.T4CConnection.connectNetworkSessionProtocol(T4CConnection.java:3684)
	at oracle.jdbc.driver.T4CConnection.logon(T4CConnection.java:1083)
	... 14 common frames omitted
Caused by: java.net.ConnectException: Connection timed out: no further information
	at java.base/sun.nio.ch.Net.pollConnect(Native Method)
	at java.base/sun.nio.ch.Net.pollConnectNow(Net.java:672)
	at java.base/sun.nio.ch.SocketChannelImpl.finishTimedConnect(SocketChannelImpl.java:1148)
	at java.base/sun.nio.ch.SocketChannelImpl.blockingConnect(SocketChannelImpl.java:1183)
	at java.base/sun.nio.ch.SocketAdaptor.connect(SocketAdaptor.java:98)
	at oracle.net.nt.TimeoutSocketChannel.doConnect(TimeoutSocketChannel.java:291)
	at oracle.net.nt.TimeoutSocketChannel.initializeSocketChannel(TimeoutSocketChannel.java:271)
	at oracle.net.nt.TimeoutSocketChannel.connect(TimeoutSocketChannel.java:238)
	at oracle.net.nt.TimeoutSocketChannel.<init>(TimeoutSocketChannel.java:205)
	at oracle.net.nt.TcpNTAdapter.establishSocket(TcpNTAdapter.java:339)
	... 23 common frames omitted
2026-04-09 09:36:29.801 WARN  [HikariPool-1:connection-adder] com.zaxxer.hikari.pool.PoolBase - HikariPool-1 - Pool is empty, failed to create/setup connection (a9732ea4-3294-4211-8d68-1f0bc03589ee)
java.sql.SQLException: ORA-12541: Cannot connect. No listener at host rac-cluster-scan.txuyen.local port 1521. (CONNECTION_ID=HfAhMTSHTle3uwE7YnbmXw==)
https://docs.oracle.com/error-help/db/ora-12541/
	at oracle.jdbc.driver.T4CConnection.handleLogonNetException(T4CConnection.java:1853)
	at oracle.jdbc.driver.T4CConnection.logon(T4CConnection.java:1204)
	at oracle.jdbc.driver.PhysicalConnection.connect(PhysicalConnection.java:1189)
	at oracle.jdbc.driver.T4CDriverExtension.getConnection(T4CDriverExtension.java:106)
	at oracle.jdbc.driver.OracleDriver.connect(OracleDriver.java:887)
	at oracle.jdbc.driver.OracleDriver.connect(OracleDriver.java:694)
	at com.zaxxer.hikari.util.DriverDataSource.getConnection(DriverDataSource.java:139)
	at com.zaxxer.hikari.pool.PoolBase.newConnection(PoolBase.java:368)
	at com.zaxxer.hikari.pool.PoolBase.newPoolEntry(PoolBase.java:205)
	at com.zaxxer.hikari.pool.HikariPool.createPoolEntry(HikariPool.java:483)
	at com.zaxxer.hikari.pool.HikariPool$PoolEntryCreator.call(HikariPool.java:747)
	at com.zaxxer.hikari.pool.HikariPool$PoolEntryCreator.call(HikariPool.java:726)
	at java.base/java.util.concurrent.FutureTask.run(FutureTask.java:264)
	at java.base/java.util.concurrent.ThreadPoolExecutor.runWorker(ThreadPoolExecutor.java:1136)
	at java.base/java.util.concurrent.ThreadPoolExecutor$Worker.run(ThreadPoolExecutor.java:635)
	at java.base/java.lang.Thread.run(Thread.java:833)
Caused by: oracle.net.ns.NetException: ORA-12541: Cannot connect. No listener at host rac-cluster-scan.txuyen.local port 1521. (CONNECTION_ID=HfAhMTSHTle3uwE7YnbmXw==)
https://docs.oracle.com/error-help/db/ora-12541/
	at oracle.net.nt.TcpNTAdapter.handleEstablishSocketException(TcpNTAdapter.java:418)
	at oracle.net.nt.TcpNTAdapter.establishSocket(TcpNTAdapter.java:350)
	at oracle.net.nt.TcpNTAdapter.connect(TcpNTAdapter.java:228)
	at oracle.net.nt.ConnOption.connect(ConnOption.java:346)
	at oracle.net.nt.ConnStrategy.executeConnOption(ConnStrategy.java:1252)
	at oracle.net.nt.ConnStrategy.execute(ConnStrategy.java:778)
	at oracle.net.resolver.AddrResolution.resolveAndExecute(AddrResolution.java:718)
	at oracle.net.ns.NSProtocol.establishConnection(NSProtocol.java:960)
	at oracle.net.ns.NSProtocol.connect(NSProtocol.java:329)
	at oracle.jdbc.driver.T4CConnection.connectNetworkSessionProtocol(T4CConnection.java:3684)
	at oracle.jdbc.driver.T4CConnection.logon(T4CConnection.java:1083)
	... 14 common frames omitted
Caused by: java.net.ConnectException: Connection timed out: no further information
	at java.base/sun.nio.ch.Net.pollConnect(Native Method)
	at java.base/sun.nio.ch.Net.pollConnectNow(Net.java:672)
	at java.base/sun.nio.ch.SocketChannelImpl.finishTimedConnect(SocketChannelImpl.java:1148)
	at java.base/sun.nio.ch.SocketChannelImpl.blockingConnect(SocketChannelImpl.java:1183)
	at java.base/sun.nio.ch.SocketAdaptor.connect(SocketAdaptor.java:98)
	at oracle.net.nt.TimeoutSocketChannel.doConnect(TimeoutSocketChannel.java:291)
	at oracle.net.nt.TimeoutSocketChannel.initializeSocketChannel(TimeoutSocketChannel.java:271)
	at oracle.net.nt.TimeoutSocketChannel.connect(TimeoutSocketChannel.java:238)
	at oracle.net.nt.TimeoutSocketChannel.<init>(TimeoutSocketChannel.java:205)
	at oracle.net.nt.TcpNTAdapter.establishSocket(TcpNTAdapter.java:339)
	... 23 common frames omitted
2026-04-09 09:37:47.951 WARN  [HikariPool-1:connection-adder] com.zaxxer.hikari.pool.PoolBase - HikariPool-1 - Pool is empty, failed to create/setup connection (4e172c1b-3999-4936-9d94-eaec39d39693)
java.sql.SQLException: ORA-12541: Cannot connect. No listener at host rac-cluster-scan.txuyen.local port 1521. (CONNECTION_ID=xClDiVjgQXu+hhUphqs8HA==)
https://docs.oracle.com/error-help/db/ora-12541/
	at oracle.jdbc.driver.T4CConnection.handleLogonNetException(T4CConnection.java:1853)
	at oracle.jdbc.driver.T4CConnection.logon(T4CConnection.java:1204)
	at oracle.jdbc.driver.PhysicalConnection.connect(PhysicalConnection.java:1189)
	at oracle.jdbc.driver.T4CDriverExtension.getConnection(T4CDriverExtension.java:106)
	at oracle.jdbc.driver.OracleDriver.connect(OracleDriver.java:887)
	at oracle.jdbc.driver.OracleDriver.connect(OracleDriver.java:694)
	at com.zaxxer.hikari.util.DriverDataSource.getConnection(DriverDataSource.java:139)
	at com.zaxxer.hikari.pool.PoolBase.newConnection(PoolBase.java:368)
	at com.zaxxer.hikari.pool.PoolBase.newPoolEntry(PoolBase.java:205)
	at com.zaxxer.hikari.pool.HikariPool.createPoolEntry(HikariPool.java:483)
	at com.zaxxer.hikari.pool.HikariPool$PoolEntryCreator.call(HikariPool.java:747)
	at com.zaxxer.hikari.pool.HikariPool$PoolEntryCreator.call(HikariPool.java:726)
	at java.base/java.util.concurrent.FutureTask.run(FutureTask.java:264)
	at java.base/java.util.concurrent.ThreadPoolExecutor.runWorker(ThreadPoolExecutor.java:1136)
	at java.base/java.util.concurrent.ThreadPoolExecutor$Worker.run(ThreadPoolExecutor.java:635)
	at java.base/java.lang.Thread.run(Thread.java:833)
Caused by: oracle.net.ns.NetException: ORA-12541: Cannot connect. No listener at host rac-cluster-scan.txuyen.local port 1521. (CONNECTION_ID=xClDiVjgQXu+hhUphqs8HA==)
https://docs.oracle.com/error-help/db/ora-12541/
	at oracle.net.nt.TcpNTAdapter.handleEstablishSocketException(TcpNTAdapter.java:418)
	at oracle.net.nt.TcpNTAdapter.establishSocket(TcpNTAdapter.java:350)
	at oracle.net.nt.TcpNTAdapter.connect(TcpNTAdapter.java:228)
	at oracle.net.nt.ConnOption.connect(ConnOption.java:346)
	at oracle.net.nt.ConnStrategy.executeConnOption(ConnStrategy.java:1252)
	at oracle.net.nt.ConnStrategy.execute(ConnStrategy.java:778)
	at oracle.net.resolver.AddrResolution.resolveAndExecute(AddrResolution.java:718)
	at oracle.net.ns.NSProtocol.establishConnection(NSProtocol.java:960)
	at oracle.net.ns.NSProtocol.connect(NSProtocol.java:329)
	at oracle.jdbc.driver.T4CConnection.connectNetworkSessionProtocol(T4CConnection.java:3684)
	at oracle.jdbc.driver.T4CConnection.logon(T4CConnection.java:1083)
	... 14 common frames omitted
Caused by: java.net.ConnectException: Connection timed out: no further information
	at java.base/sun.nio.ch.Net.pollConnect(Native Method)
	at java.base/sun.nio.ch.Net.pollConnectNow(Net.java:672)
	at java.base/sun.nio.ch.SocketChannelImpl.finishTimedConnect(SocketChannelImpl.java:1148)
	at java.base/sun.nio.ch.SocketChannelImpl.blockingConnect(SocketChannelImpl.java:1183)
	at java.base/sun.nio.ch.SocketAdaptor.connect(SocketAdaptor.java:98)
	at oracle.net.nt.TimeoutSocketChannel.doConnect(TimeoutSocketChannel.java:291)
	at oracle.net.nt.TimeoutSocketChannel.initializeSocketChannel(TimeoutSocketChannel.java:271)
	at oracle.net.nt.TimeoutSocketChannel.connect(TimeoutSocketChannel.java:238)
	at oracle.net.nt.TimeoutSocketChannel.<init>(TimeoutSocketChannel.java:205)
	at oracle.net.nt.TcpNTAdapter.establishSocket(TcpNTAdapter.java:339)
	... 23 common frames omitted
2026-04-09 09:39:06.101 WARN  [HikariPool-1:connection-adder] com.zaxxer.hikari.pool.PoolBase - HikariPool-1 - Pool is empty, failed to create/setup connection (ace017e6-797f-4aec-bb59-4dfa2e69ce9c)
java.sql.SQLException: ORA-12541: Cannot connect. No listener at host rac-cluster-scan.txuyen.local port 1521. (CONNECTION_ID=7K8zu4BzRk2y12+Lm74P/Q==)
https://docs.oracle.com/error-help/db/ora-12541/
	at oracle.jdbc.driver.T4CConnection.handleLogonNetException(T4CConnection.java:1853)
	at oracle.jdbc.driver.T4CConnection.logon(T4CConnection.java:1204)
	at oracle.jdbc.driver.PhysicalConnection.connect(PhysicalConnection.java:1189)
	at oracle.jdbc.driver.T4CDriverExtension.getConnection(T4CDriverExtension.java:106)
	at oracle.jdbc.driver.OracleDriver.connect(OracleDriver.java:887)
	at oracle.jdbc.driver.OracleDriver.connect(OracleDriver.java:694)
	at com.zaxxer.hikari.util.DriverDataSource.getConnection(DriverDataSource.java:139)
	at com.zaxxer.hikari.pool.PoolBase.newConnection(PoolBase.java:368)
	at com.zaxxer.hikari.pool.PoolBase.newPoolEntry(PoolBase.java:205)
	at com.zaxxer.hikari.pool.HikariPool.createPoolEntry(HikariPool.java:483)
	at com.zaxxer.hikari.pool.HikariPool$PoolEntryCreator.call(HikariPool.java:747)
	at com.zaxxer.hikari.pool.HikariPool$PoolEntryCreator.call(HikariPool.java:726)
	at java.base/java.util.concurrent.FutureTask.run(FutureTask.java:264)
	at java.base/java.util.concurrent.ThreadPoolExecutor.runWorker(ThreadPoolExecutor.java:1136)
	at java.base/java.util.concurrent.ThreadPoolExecutor$Worker.run(ThreadPoolExecutor.java:635)
	at java.base/java.lang.Thread.run(Thread.java:833)
Caused by: oracle.net.ns.NetException: ORA-12541: Cannot connect. No listener at host rac-cluster-scan.txuyen.local port 1521. (CONNECTION_ID=7K8zu4BzRk2y12+Lm74P/Q==)
https://docs.oracle.com/error-help/db/ora-12541/
	at oracle.net.nt.TcpNTAdapter.handleEstablishSocketException(TcpNTAdapter.java:418)
	at oracle.net.nt.TcpNTAdapter.establishSocket(TcpNTAdapter.java:350)
	at oracle.net.nt.TcpNTAdapter.connect(TcpNTAdapter.java:228)
	at oracle.net.nt.ConnOption.connect(ConnOption.java:346)
	at oracle.net.nt.ConnStrategy.executeConnOption(ConnStrategy.java:1252)
	at oracle.net.nt.ConnStrategy.execute(ConnStrategy.java:778)
	at oracle.net.resolver.AddrResolution.resolveAndExecute(AddrResolution.java:718)
	at oracle.net.ns.NSProtocol.establishConnection(NSProtocol.java:960)
	at oracle.net.ns.NSProtocol.connect(NSProtocol.java:329)
	at oracle.jdbc.driver.T4CConnection.connectNetworkSessionProtocol(T4CConnection.java:3684)
	at oracle.jdbc.driver.T4CConnection.logon(T4CConnection.java:1083)
	... 14 common frames omitted
Caused by: java.net.ConnectException: Connection timed out: no further information
	at java.base/sun.nio.ch.Net.pollConnect(Native Method)
	at java.base/sun.nio.ch.Net.pollConnectNow(Net.java:672)
	at java.base/sun.nio.ch.SocketChannelImpl.finishTimedConnect(SocketChannelImpl.java:1148)
	at java.base/sun.nio.ch.SocketChannelImpl.blockingConnect(SocketChannelImpl.java:1183)
	at java.base/sun.nio.ch.SocketAdaptor.connect(SocketAdaptor.java:98)
	at oracle.net.nt.TimeoutSocketChannel.doConnect(TimeoutSocketChannel.java:291)
	at oracle.net.nt.TimeoutSocketChannel.initializeSocketChannel(TimeoutSocketChannel.java:271)
	at oracle.net.nt.TimeoutSocketChannel.connect(TimeoutSocketChannel.java:238)
	at oracle.net.nt.TimeoutSocketChannel.<init>(TimeoutSocketChannel.java:205)
	at oracle.net.nt.TcpNTAdapter.establishSocket(TcpNTAdapter.java:339)
	... 23 common frames omitted
2026-04-09 09:40:24.242 WARN  [HikariPool-1:connection-adder] com.zaxxer.hikari.pool.PoolBase - HikariPool-1 - Pool is empty, failed to create/setup connection (ad73149d-ffa8-4ee2-87cb-55748a6edf63)
java.sql.SQLException: ORA-12541: Cannot connect. No listener at host rac-cluster-scan.txuyen.local port 1521. (CONNECTION_ID=GRcXCY2iSMms4JMpUO92nw==)
https://docs.oracle.com/error-help/db/ora-12541/
	at oracle.jdbc.driver.T4CConnection.handleLogonNetException(T4CConnection.java:1853)
	at oracle.jdbc.driver.T4CConnection.logon(T4CConnection.java:1204)
	at oracle.jdbc.driver.PhysicalConnection.connect(PhysicalConnection.java:1189)
	at oracle.jdbc.driver.T4CDriverExtension.getConnection(T4CDriverExtension.java:106)
	at oracle.jdbc.driver.OracleDriver.connect(OracleDriver.java:887)
	at oracle.jdbc.driver.OracleDriver.connect(OracleDriver.java:694)
	at com.zaxxer.hikari.util.DriverDataSource.getConnection(DriverDataSource.java:139)
	at com.zaxxer.hikari.pool.PoolBase.newConnection(PoolBase.java:368)
	at com.zaxxer.hikari.pool.PoolBase.newPoolEntry(PoolBase.java:205)
	at com.zaxxer.hikari.pool.HikariPool.createPoolEntry(HikariPool.java:483)
	at com.zaxxer.hikari.pool.HikariPool$PoolEntryCreator.call(HikariPool.java:747)
	at com.zaxxer.hikari.pool.HikariPool$PoolEntryCreator.call(HikariPool.java:726)
	at java.base/java.util.concurrent.FutureTask.run(FutureTask.java:264)
	at java.base/java.util.concurrent.ThreadPoolExecutor.runWorker(ThreadPoolExecutor.java:1136)
	at java.base/java.util.concurrent.ThreadPoolExecutor$Worker.run(ThreadPoolExecutor.java:635)
	at java.base/java.lang.Thread.run(Thread.java:833)
Caused by: oracle.net.ns.NetException: ORA-12541: Cannot connect. No listener at host rac-cluster-scan.txuyen.local port 1521. (CONNECTION_ID=GRcXCY2iSMms4JMpUO92nw==)
https://docs.oracle.com/error-help/db/ora-12541/
	at oracle.net.nt.TcpNTAdapter.handleEstablishSocketException(TcpNTAdapter.java:418)
	at oracle.net.nt.TcpNTAdapter.establishSocket(TcpNTAdapter.java:350)
	at oracle.net.nt.TcpNTAdapter.connect(TcpNTAdapter.java:228)
	at oracle.net.nt.ConnOption.connect(ConnOption.java:346)
	at oracle.net.nt.ConnStrategy.executeConnOption(ConnStrategy.java:1252)
	at oracle.net.nt.ConnStrategy.execute(ConnStrategy.java:778)
	at oracle.net.resolver.AddrResolution.resolveAndExecute(AddrResolution.java:718)
	at oracle.net.ns.NSProtocol.establishConnection(NSProtocol.java:960)
	at oracle.net.ns.NSProtocol.connect(NSProtocol.java:329)
	at oracle.jdbc.driver.T4CConnection.connectNetworkSessionProtocol(T4CConnection.java:3684)
	at oracle.jdbc.driver.T4CConnection.logon(T4CConnection.java:1083)
	... 14 common frames omitted
Caused by: java.net.ConnectException: Connection timed out: no further information
	at java.base/sun.nio.ch.Net.pollConnect(Native Method)
	at java.base/sun.nio.ch.Net.pollConnectNow(Net.java:672)
	at java.base/sun.nio.ch.SocketChannelImpl.finishTimedConnect(SocketChannelImpl.java:1148)
	at java.base/sun.nio.ch.SocketChannelImpl.blockingConnect(SocketChannelImpl.java:1183)
	at java.base/sun.nio.ch.SocketAdaptor.connect(SocketAdaptor.java:98)
	at oracle.net.nt.TimeoutSocketChannel.doConnect(TimeoutSocketChannel.java:291)
	at oracle.net.nt.TimeoutSocketChannel.initializeSocketChannel(TimeoutSocketChannel.java:271)
	at oracle.net.nt.TimeoutSocketChannel.connect(TimeoutSocketChannel.java:238)
	at oracle.net.nt.TimeoutSocketChannel.<init>(TimeoutSocketChannel.java:205)
	at oracle.net.nt.TcpNTAdapter.establishSocket(TcpNTAdapter.java:339)
	... 23 common frames omitted
2026-04-09 09:41:42.394 WARN  [HikariPool-1:connection-adder] com.zaxxer.hikari.pool.PoolBase - HikariPool-1 - Pool is empty, failed to create/setup connection (97eb81f3-6112-40b5-8e20-4bfd98c22e44)
java.sql.SQLException: ORA-12541: Cannot connect. No listener at host rac-cluster-scan.txuyen.local port 1521. (CONNECTION_ID=QxDPpFr5QeGPgIGFFqeiYg==)
https://docs.oracle.com/error-help/db/ora-12541/
	at oracle.jdbc.driver.T4CConnection.handleLogonNetException(T4CConnection.java:1853)
	at oracle.jdbc.driver.T4CConnection.logon(T4CConnection.java:1204)
	at oracle.jdbc.driver.PhysicalConnection.connect(PhysicalConnection.java:1189)
	at oracle.jdbc.driver.T4CDriverExtension.getConnection(T4CDriverExtension.java:106)
	at oracle.jdbc.driver.OracleDriver.connect(OracleDriver.java:887)
	at oracle.jdbc.driver.OracleDriver.connect(OracleDriver.java:694)
	at com.zaxxer.hikari.util.DriverDataSource.getConnection(DriverDataSource.java:139)
	at com.zaxxer.hikari.pool.PoolBase.newConnection(PoolBase.java:368)
	at com.zaxxer.hikari.pool.PoolBase.newPoolEntry(PoolBase.java:205)
	at com.zaxxer.hikari.pool.HikariPool.createPoolEntry(HikariPool.java:483)
	at com.zaxxer.hikari.pool.HikariPool$PoolEntryCreator.call(HikariPool.java:747)
	at com.zaxxer.hikari.pool.HikariPool$PoolEntryCreator.call(HikariPool.java:726)
	at java.base/java.util.concurrent.FutureTask.run(FutureTask.java:264)
	at java.base/java.util.concurrent.ThreadPoolExecutor.runWorker(ThreadPoolExecutor.java:1136)
	at java.base/java.util.concurrent.ThreadPoolExecutor$Worker.run(ThreadPoolExecutor.java:635)
	at java.base/java.lang.Thread.run(Thread.java:833)
Caused by: oracle.net.ns.NetException: ORA-12541: Cannot connect. No listener at host rac-cluster-scan.txuyen.local port 1521. (CONNECTION_ID=QxDPpFr5QeGPgIGFFqeiYg==)
https://docs.oracle.com/error-help/db/ora-12541/
	at oracle.net.nt.TcpNTAdapter.handleEstablishSocketException(TcpNTAdapter.java:418)
	at oracle.net.nt.TcpNTAdapter.establishSocket(TcpNTAdapter.java:350)
	at oracle.net.nt.TcpNTAdapter.connect(TcpNTAdapter.java:228)
	at oracle.net.nt.ConnOption.connect(ConnOption.java:346)
	at oracle.net.nt.ConnStrategy.executeConnOption(ConnStrategy.java:1252)
	at oracle.net.nt.ConnStrategy.execute(ConnStrategy.java:778)
	at oracle.net.resolver.AddrResolution.resolveAndExecute(AddrResolution.java:718)
	at oracle.net.ns.NSProtocol.establishConnection(NSProtocol.java:960)
	at oracle.net.ns.NSProtocol.connect(NSProtocol.java:329)
	at oracle.jdbc.driver.T4CConnection.connectNetworkSessionProtocol(T4CConnection.java:3684)
	at oracle.jdbc.driver.T4CConnection.logon(T4CConnection.java:1083)
	... 14 common frames omitted
Caused by: java.net.ConnectException: Connection timed out: no further information
	at java.base/sun.nio.ch.Net.pollConnect(Native Method)
	at java.base/sun.nio.ch.Net.pollConnectNow(Net.java:672)
	at java.base/sun.nio.ch.SocketChannelImpl.finishTimedConnect(SocketChannelImpl.java:1148)
	at java.base/sun.nio.ch.SocketChannelImpl.blockingConnect(SocketChannelImpl.java:1183)
	at java.base/sun.nio.ch.SocketAdaptor.connect(SocketAdaptor.java:98)
	at oracle.net.nt.TimeoutSocketChannel.doConnect(TimeoutSocketChannel.java:291)
	at oracle.net.nt.TimeoutSocketChannel.initializeSocketChannel(TimeoutSocketChannel.java:271)
	at oracle.net.nt.TimeoutSocketChannel.connect(TimeoutSocketChannel.java:238)
	at oracle.net.nt.TimeoutSocketChannel.<init>(TimeoutSocketChannel.java:205)
	at oracle.net.nt.TcpNTAdapter.establishSocket(TcpNTAdapter.java:339)
	... 23 common frames omitted
2026-04-09 09:43:00.531 WARN  [HikariPool-1:connection-adder] com.zaxxer.hikari.pool.PoolBase - HikariPool-1 - Pool is empty, failed to create/setup connection (d93851ab-30a5-45c6-9fcc-96571a01e5df)
java.sql.SQLException: ORA-12541: Cannot connect. No listener at host rac-cluster-scan.txuyen.local port 1521. (CONNECTION_ID=n9MT3zcJSeaFbo+0OoBtDw==)
https://docs.oracle.com/error-help/db/ora-12541/
	at oracle.jdbc.driver.T4CConnection.handleLogonNetException(T4CConnection.java:1853)
	at oracle.jdbc.driver.T4CConnection.logon(T4CConnection.java:1204)
	at oracle.jdbc.driver.PhysicalConnection.connect(PhysicalConnection.java:1189)
	at oracle.jdbc.driver.T4CDriverExtension.getConnection(T4CDriverExtension.java:106)
	at oracle.jdbc.driver.OracleDriver.connect(OracleDriver.java:887)
	at oracle.jdbc.driver.OracleDriver.connect(OracleDriver.java:694)
	at com.zaxxer.hikari.util.DriverDataSource.getConnection(DriverDataSource.java:139)
	at com.zaxxer.hikari.pool.PoolBase.newConnection(PoolBase.java:368)
	at com.zaxxer.hikari.pool.PoolBase.newPoolEntry(PoolBase.java:205)
	at com.zaxxer.hikari.pool.HikariPool.createPoolEntry(HikariPool.java:483)
	at com.zaxxer.hikari.pool.HikariPool$PoolEntryCreator.call(HikariPool.java:747)
	at com.zaxxer.hikari.pool.HikariPool$PoolEntryCreator.call(HikariPool.java:726)
	at java.base/java.util.concurrent.FutureTask.run(FutureTask.java:264)
	at java.base/java.util.concurrent.ThreadPoolExecutor.runWorker(ThreadPoolExecutor.java:1136)
	at java.base/java.util.concurrent.ThreadPoolExecutor$Worker.run(ThreadPoolExecutor.java:635)
	at java.base/java.lang.Thread.run(Thread.java:833)
Caused by: oracle.net.ns.NetException: ORA-12541: Cannot connect. No listener at host rac-cluster-scan.txuyen.local port 1521. (CONNECTION_ID=n9MT3zcJSeaFbo+0OoBtDw==)
https://docs.oracle.com/error-help/db/ora-12541/
	at oracle.net.nt.TcpNTAdapter.handleEstablishSocketException(TcpNTAdapter.java:418)
	at oracle.net.nt.TcpNTAdapter.establishSocket(TcpNTAdapter.java:350)
	at oracle.net.nt.TcpNTAdapter.connect(TcpNTAdapter.java:228)
	at oracle.net.nt.ConnOption.connect(ConnOption.java:346)
	at oracle.net.nt.ConnStrategy.executeConnOption(ConnStrategy.java:1252)
	at oracle.net.nt.ConnStrategy.execute(ConnStrategy.java:778)
	at oracle.net.resolver.AddrResolution.resolveAndExecute(AddrResolution.java:718)
	at oracle.net.ns.NSProtocol.establishConnection(NSProtocol.java:960)
	at oracle.net.ns.NSProtocol.connect(NSProtocol.java:329)
	at oracle.jdbc.driver.T4CConnection.connectNetworkSessionProtocol(T4CConnection.java:3684)
	at oracle.jdbc.driver.T4CConnection.logon(T4CConnection.java:1083)
	... 14 common frames omitted
Caused by: java.net.ConnectException: Connection timed out: no further information
	at java.base/sun.nio.ch.Net.pollConnect(Native Method)
	at java.base/sun.nio.ch.Net.pollConnectNow(Net.java:672)
	at java.base/sun.nio.ch.SocketChannelImpl.finishTimedConnect(SocketChannelImpl.java:1148)
	at java.base/sun.nio.ch.SocketChannelImpl.blockingConnect(SocketChannelImpl.java:1183)
	at java.base/sun.nio.ch.SocketAdaptor.connect(SocketAdaptor.java:98)
	at oracle.net.nt.TimeoutSocketChannel.doConnect(TimeoutSocketChannel.java:291)
	at oracle.net.nt.TimeoutSocketChannel.initializeSocketChannel(TimeoutSocketChannel.java:271)
	at oracle.net.nt.TimeoutSocketChannel.connect(TimeoutSocketChannel.java:238)
	at oracle.net.nt.TimeoutSocketChannel.<init>(TimeoutSocketChannel.java:205)
	at oracle.net.nt.TcpNTAdapter.establishSocket(TcpNTAdapter.java:339)
	... 23 common frames omitted
2026-04-09 09:44:18.686 WARN  [HikariPool-1:connection-adder] com.zaxxer.hikari.pool.PoolBase - HikariPool-1 - Pool is empty, failed to create/setup connection (defe9044-8985-411c-8c37-1a638f434d83)
java.sql.SQLException: ORA-12541: Cannot connect. No listener at host rac-cluster-scan.txuyen.local port 1521. (CONNECTION_ID=b17bZqJXQPS4wDSzqkFeBA==)
https://docs.oracle.com/error-help/db/ora-12541/
	at oracle.jdbc.driver.T4CConnection.handleLogonNetException(T4CConnection.java:1853)
	at oracle.jdbc.driver.T4CConnection.logon(T4CConnection.java:1204)
	at oracle.jdbc.driver.PhysicalConnection.connect(PhysicalConnection.java:1189)
	at oracle.jdbc.driver.T4CDriverExtension.getConnection(T4CDriverExtension.java:106)
	at oracle.jdbc.driver.OracleDriver.connect(OracleDriver.java:887)
	at oracle.jdbc.driver.OracleDriver.connect(OracleDriver.java:694)
	at com.zaxxer.hikari.util.DriverDataSource.getConnection(DriverDataSource.java:139)
	at com.zaxxer.hikari.pool.PoolBase.newConnection(PoolBase.java:368)
	at com.zaxxer.hikari.pool.PoolBase.newPoolEntry(PoolBase.java:205)
	at com.zaxxer.hikari.pool.HikariPool.createPoolEntry(HikariPool.java:483)
	at com.zaxxer.hikari.pool.HikariPool$PoolEntryCreator.call(HikariPool.java:747)
	at com.zaxxer.hikari.pool.HikariPool$PoolEntryCreator.call(HikariPool.java:726)
	at java.base/java.util.concurrent.FutureTask.run(FutureTask.java:264)
	at java.base/java.util.concurrent.ThreadPoolExecutor.runWorker(ThreadPoolExecutor.java:1136)
	at java.base/java.util.concurrent.ThreadPoolExecutor$Worker.run(ThreadPoolExecutor.java:635)
	at java.base/java.lang.Thread.run(Thread.java:833)
Caused by: oracle.net.ns.NetException: ORA-12541: Cannot connect. No listener at host rac-cluster-scan.txuyen.local port 1521. (CONNECTION_ID=b17bZqJXQPS4wDSzqkFeBA==)
https://docs.oracle.com/error-help/db/ora-12541/
	at oracle.net.nt.TcpNTAdapter.handleEstablishSocketException(TcpNTAdapter.java:418)
	at oracle.net.nt.TcpNTAdapter.establishSocket(TcpNTAdapter.java:350)
	at oracle.net.nt.TcpNTAdapter.connect(TcpNTAdapter.java:228)
	at oracle.net.nt.ConnOption.connect(ConnOption.java:346)
	at oracle.net.nt.ConnStrategy.executeConnOption(ConnStrategy.java:1252)
	at oracle.net.nt.ConnStrategy.execute(ConnStrategy.java:778)
	at oracle.net.resolver.AddrResolution.resolveAndExecute(AddrResolution.java:718)
	at oracle.net.ns.NSProtocol.establishConnection(NSProtocol.java:960)
	at oracle.net.ns.NSProtocol.connect(NSProtocol.java:329)
	at oracle.jdbc.driver.T4CConnection.connectNetworkSessionProtocol(T4CConnection.java:3684)
	at oracle.jdbc.driver.T4CConnection.logon(T4CConnection.java:1083)
	... 14 common frames omitted
Caused by: java.net.ConnectException: Connection timed out: no further information
	at java.base/sun.nio.ch.Net.pollConnect(Native Method)
	at java.base/sun.nio.ch.Net.pollConnectNow(Net.java:672)
	at java.base/sun.nio.ch.SocketChannelImpl.finishTimedConnect(SocketChannelImpl.java:1148)
	at java.base/sun.nio.ch.SocketChannelImpl.blockingConnect(SocketChannelImpl.java:1183)
	at java.base/sun.nio.ch.SocketAdaptor.connect(SocketAdaptor.java:98)
	at oracle.net.nt.TimeoutSocketChannel.doConnect(TimeoutSocketChannel.java:291)
	at oracle.net.nt.TimeoutSocketChannel.initializeSocketChannel(TimeoutSocketChannel.java:271)
	at oracle.net.nt.TimeoutSocketChannel.connect(TimeoutSocketChannel.java:238)
	at oracle.net.nt.TimeoutSocketChannel.<init>(TimeoutSocketChannel.java:205)
	at oracle.net.nt.TcpNTAdapter.establishSocket(TcpNTAdapter.java:339)
	... 23 common frames omitted
2026-04-09 09:45:36.865 WARN  [HikariPool-1:connection-adder] com.zaxxer.hikari.pool.PoolBase - HikariPool-1 - Pool is empty, failed to create/setup connection (82e67e9c-10a7-4fc1-89ea-00e11fab2065)
java.sql.SQLException: ORA-12541: Cannot connect. No listener at host rac-cluster-scan.txuyen.local port 1521. (CONNECTION_ID=M2oyvoMzQdiEYTooSiTKuQ==)
https://docs.oracle.com/error-help/db/ora-12541/
	at oracle.jdbc.driver.T4CConnection.handleLogonNetException(T4CConnection.java:1853)
	at oracle.jdbc.driver.T4CConnection.logon(T4CConnection.java:1204)
	at oracle.jdbc.driver.PhysicalConnection.connect(PhysicalConnection.java:1189)
	at oracle.jdbc.driver.T4CDriverExtension.getConnection(T4CDriverExtension.java:106)
	at oracle.jdbc.driver.OracleDriver.connect(OracleDriver.java:887)
	at oracle.jdbc.driver.OracleDriver.connect(OracleDriver.java:694)
	at com.zaxxer.hikari.util.DriverDataSource.getConnection(DriverDataSource.java:139)
	at com.zaxxer.hikari.pool.PoolBase.newConnection(PoolBase.java:368)
	at com.zaxxer.hikari.pool.PoolBase.newPoolEntry(PoolBase.java:205)
	at com.zaxxer.hikari.pool.HikariPool.createPoolEntry(HikariPool.java:483)
	at com.zaxxer.hikari.pool.HikariPool$PoolEntryCreator.call(HikariPool.java:747)
	at com.zaxxer.hikari.pool.HikariPool$PoolEntryCreator.call(HikariPool.java:726)
	at java.base/java.util.concurrent.FutureTask.run(FutureTask.java:264)
	at java.base/java.util.concurrent.ThreadPoolExecutor.runWorker(ThreadPoolExecutor.java:1136)
	at java.base/java.util.concurrent.ThreadPoolExecutor$Worker.run(ThreadPoolExecutor.java:635)
	at java.base/java.lang.Thread.run(Thread.java:833)
Caused by: oracle.net.ns.NetException: ORA-12541: Cannot connect. No listener at host rac-cluster-scan.txuyen.local port 1521. (CONNECTION_ID=M2oyvoMzQdiEYTooSiTKuQ==)
https://docs.oracle.com/error-help/db/ora-12541/
	at oracle.net.nt.TcpNTAdapter.handleEstablishSocketException(TcpNTAdapter.java:418)
	at oracle.net.nt.TcpNTAdapter.establishSocket(TcpNTAdapter.java:350)
	at oracle.net.nt.TcpNTAdapter.connect(TcpNTAdapter.java:228)
	at oracle.net.nt.ConnOption.connect(ConnOption.java:346)
	at oracle.net.nt.ConnStrategy.executeConnOption(ConnStrategy.java:1252)
	at oracle.net.nt.ConnStrategy.execute(ConnStrategy.java:778)
	at oracle.net.resolver.AddrResolution.resolveAndExecute(AddrResolution.java:718)
	at oracle.net.ns.NSProtocol.establishConnection(NSProtocol.java:960)
	at oracle.net.ns.NSProtocol.connect(NSProtocol.java:329)
	at oracle.jdbc.driver.T4CConnection.connectNetworkSessionProtocol(T4CConnection.java:3684)
	at oracle.jdbc.driver.T4CConnection.logon(T4CConnection.java:1083)
	... 14 common frames omitted
Caused by: java.net.ConnectException: Connection timed out: no further information
	at java.base/sun.nio.ch.Net.pollConnect(Native Method)
	at java.base/sun.nio.ch.Net.pollConnectNow(Net.java:672)
	at java.base/sun.nio.ch.SocketChannelImpl.finishTimedConnect(SocketChannelImpl.java:1148)
	at java.base/sun.nio.ch.SocketChannelImpl.blockingConnect(SocketChannelImpl.java:1183)
	at java.base/sun.nio.ch.SocketAdaptor.connect(SocketAdaptor.java:98)
	at oracle.net.nt.TimeoutSocketChannel.doConnect(TimeoutSocketChannel.java:291)
	at oracle.net.nt.TimeoutSocketChannel.initializeSocketChannel(TimeoutSocketChannel.java:271)
	at oracle.net.nt.TimeoutSocketChannel.connect(TimeoutSocketChannel.java:238)
	at oracle.net.nt.TimeoutSocketChannel.<init>(TimeoutSocketChannel.java:205)
	at oracle.net.nt.TcpNTAdapter.establishSocket(TcpNTAdapter.java:339)
	... 23 common frames omitted
2026-04-09 09:46:43.026 WARN  [HikariPool-1:connection-adder] com.zaxxer.hikari.pool.PoolBase - HikariPool-1 - Pool is empty, failed to create/setup connection (10241dbd-85e7-4edf-b963-bd9c4fa6e32a)
java.sql.SQLRecoverableException: ORA-12514: Cannot connect to database. Service pdb.txuyen.local is not registered with the listener at host rac-cluster-scan.txuyen.local port 1521. (CONNECTION_ID=RMQFgwn9Tb2TbyZCaJ7vzg==)
https://docs.oracle.com/error-help/db/ora-12514/
	at oracle.jdbc.driver.T4CConnection.handleLogonNetException(T4CConnection.java:1853)
	at oracle.jdbc.driver.T4CConnection.logon(T4CConnection.java:1204)
	at oracle.jdbc.driver.PhysicalConnection.connect(PhysicalConnection.java:1189)
	at oracle.jdbc.driver.T4CDriverExtension.getConnection(T4CDriverExtension.java:106)
	at oracle.jdbc.driver.OracleDriver.connect(OracleDriver.java:887)
	at oracle.jdbc.driver.OracleDriver.connect(OracleDriver.java:694)
	at com.zaxxer.hikari.util.DriverDataSource.getConnection(DriverDataSource.java:139)
	at com.zaxxer.hikari.pool.PoolBase.newConnection(PoolBase.java:368)
	at com.zaxxer.hikari.pool.PoolBase.newPoolEntry(PoolBase.java:205)
	at com.zaxxer.hikari.pool.HikariPool.createPoolEntry(HikariPool.java:483)
	at com.zaxxer.hikari.pool.HikariPool$PoolEntryCreator.call(HikariPool.java:747)
	at com.zaxxer.hikari.pool.HikariPool$PoolEntryCreator.call(HikariPool.java:726)
	at java.base/java.util.concurrent.FutureTask.run(FutureTask.java:264)
	at java.base/java.util.concurrent.ThreadPoolExecutor.runWorker(ThreadPoolExecutor.java:1136)
	at java.base/java.util.concurrent.ThreadPoolExecutor$Worker.run(ThreadPoolExecutor.java:635)
	at java.base/java.lang.Thread.run(Thread.java:833)
Caused by: oracle.net.ns.NetException: ORA-12514: Cannot connect to database. Service pdb.txuyen.local is not registered with the listener at host rac-cluster-scan.txuyen.local port 1521. (CONNECTION_ID=RMQFgwn9Tb2TbyZCaJ7vzg==)
https://docs.oracle.com/error-help/db/ora-12514/
	at oracle.net.ns.NSProtocolNIO.createRefusePacketException(NSProtocolNIO.java:916)
	at oracle.net.ns.NSProtocolNIO.handleConnectPacketResponse(NSProtocolNIO.java:462)
	at oracle.net.ns.NSProtocolNIO.negotiateConnection(NSProtocolNIO.java:270)
	at oracle.net.ns.NSProtocol.connect(NSProtocol.java:353)
	at oracle.jdbc.driver.T4CConnection.connectNetworkSessionProtocol(T4CConnection.java:3684)
	at oracle.jdbc.driver.T4CConnection.logon(T4CConnection.java:1083)
	... 14 common frames omitted
2026-04-09 09:47:48.202 WARN  [HikariPool-1:connection-adder] com.zaxxer.hikari.pool.PoolBase - HikariPool-1 - Pool is empty, failed to create/setup connection (434a2286-5557-4eed-a43a-722e506ba494)
java.sql.SQLRecoverableException: ORA-12514: Cannot connect to database. Service pdb.txuyen.local is not registered with the listener at host rac-cluster-scan.txuyen.local port 1521. (CONNECTION_ID=fNAmeRbBQraGk9qaatsUJQ==)
https://docs.oracle.com/error-help/db/ora-12514/
	at oracle.jdbc.driver.T4CConnection.handleLogonNetException(T4CConnection.java:1853)
	at oracle.jdbc.driver.T4CConnection.logon(T4CConnection.java:1204)
	at oracle.jdbc.driver.PhysicalConnection.connect(PhysicalConnection.java:1189)
	at oracle.jdbc.driver.T4CDriverExtension.getConnection(T4CDriverExtension.java:106)
	at oracle.jdbc.driver.OracleDriver.connect(OracleDriver.java:887)
	at oracle.jdbc.driver.OracleDriver.connect(OracleDriver.java:694)
	at com.zaxxer.hikari.util.DriverDataSource.getConnection(DriverDataSource.java:139)
	at com.zaxxer.hikari.pool.PoolBase.newConnection(PoolBase.java:368)
	at com.zaxxer.hikari.pool.PoolBase.newPoolEntry(PoolBase.java:205)
	at com.zaxxer.hikari.pool.HikariPool.createPoolEntry(HikariPool.java:483)
	at com.zaxxer.hikari.pool.HikariPool$PoolEntryCreator.call(HikariPool.java:747)
	at com.zaxxer.hikari.pool.HikariPool$PoolEntryCreator.call(HikariPool.java:726)
	at java.base/java.util.concurrent.FutureTask.run(FutureTask.java:264)
	at java.base/java.util.concurrent.ThreadPoolExecutor.runWorker(ThreadPoolExecutor.java:1136)
	at java.base/java.util.concurrent.ThreadPoolExecutor$Worker.run(ThreadPoolExecutor.java:635)
	at java.base/java.lang.Thread.run(Thread.java:833)
Caused by: oracle.net.ns.NetException: ORA-12514: Cannot connect to database. Service pdb.txuyen.local is not registered with the listener at host rac-cluster-scan.txuyen.local port 1521. (CONNECTION_ID=fNAmeRbBQraGk9qaatsUJQ==)
https://docs.oracle.com/error-help/db/ora-12514/
	at oracle.net.ns.NSProtocolNIO.createRefusePacketException(NSProtocolNIO.java:916)
	at oracle.net.ns.NSProtocolNIO.handleConnectPacketResponse(NSProtocolNIO.java:462)
	at oracle.net.ns.NSProtocolNIO.negotiateConnection(NSProtocolNIO.java:270)
	at oracle.net.ns.NSProtocol.connect(NSProtocol.java:353)
	at oracle.jdbc.driver.T4CConnection.connectNetworkSessionProtocol(T4CConnection.java:3684)
	at oracle.jdbc.driver.T4CConnection.logon(T4CConnection.java:1083)
	... 14 common frames omitted
2026-04-09 09:48:53.378 WARN  [HikariPool-1:connection-adder] com.zaxxer.hikari.pool.PoolBase - HikariPool-1 - Pool is empty, failed to create/setup connection (274b71d5-221e-4283-aa06-cc1ae00b7376)
java.sql.SQLRecoverableException: ORA-12514: Cannot connect to database. Service pdb.txuyen.local is not registered with the listener at host rac-cluster-scan.txuyen.local port 1521. (CONNECTION_ID=xXUNwBoQSG+5u+OTJrmcsA==)
https://docs.oracle.com/error-help/db/ora-12514/
	at oracle.jdbc.driver.T4CConnection.handleLogonNetException(T4CConnection.java:1853)
	at oracle.jdbc.driver.T4CConnection.logon(T4CConnection.java:1204)
	at oracle.jdbc.driver.PhysicalConnection.connect(PhysicalConnection.java:1189)
	at oracle.jdbc.driver.T4CDriverExtension.getConnection(T4CDriverExtension.java:106)
	at oracle.jdbc.driver.OracleDriver.connect(OracleDriver.java:887)
	at oracle.jdbc.driver.OracleDriver.connect(OracleDriver.java:694)
	at com.zaxxer.hikari.util.DriverDataSource.getConnection(DriverDataSource.java:139)
	at com.zaxxer.hikari.pool.PoolBase.newConnection(PoolBase.java:368)
	at com.zaxxer.hikari.pool.PoolBase.newPoolEntry(PoolBase.java:205)
	at com.zaxxer.hikari.pool.HikariPool.createPoolEntry(HikariPool.java:483)
	at com.zaxxer.hikari.pool.HikariPool$PoolEntryCreator.call(HikariPool.java:747)
	at com.zaxxer.hikari.pool.HikariPool$PoolEntryCreator.call(HikariPool.java:726)
	at java.base/java.util.concurrent.FutureTask.run(FutureTask.java:264)
	at java.base/java.util.concurrent.ThreadPoolExecutor.runWorker(ThreadPoolExecutor.java:1136)
	at java.base/java.util.concurrent.ThreadPoolExecutor$Worker.run(ThreadPoolExecutor.java:635)
	at java.base/java.lang.Thread.run(Thread.java:833)
Caused by: oracle.net.ns.NetException: ORA-12514: Cannot connect to database. Service pdb.txuyen.local is not registered with the listener at host rac-cluster-scan.txuyen.local port 1521. (CONNECTION_ID=xXUNwBoQSG+5u+OTJrmcsA==)
https://docs.oracle.com/error-help/db/ora-12514/
	at oracle.net.ns.NSProtocolNIO.createRefusePacketException(NSProtocolNIO.java:916)
	at oracle.net.ns.NSProtocolNIO.handleConnectPacketResponse(NSProtocolNIO.java:462)
	at oracle.net.ns.NSProtocolNIO.negotiateConnection(NSProtocolNIO.java:270)
	at oracle.net.ns.NSProtocol.connect(NSProtocol.java:353)
	at oracle.jdbc.driver.T4CConnection.connectNetworkSessionProtocol(T4CConnection.java:3684)
	at oracle.jdbc.driver.T4CConnection.logon(T4CConnection.java:1083)
	... 14 common frames omitted
2026-04-09 09:49:58.542 WARN  [HikariPool-1:connection-adder] com.zaxxer.hikari.pool.PoolBase - HikariPool-1 - Pool is empty, failed to create/setup connection (e30481fd-0485-4b28-83df-c5cf0387b11c)
java.sql.SQLRecoverableException: ORA-12514: Cannot connect to database. Service pdb.txuyen.local is not registered with the listener at host rac-cluster-scan.txuyen.local port 1521. (CONNECTION_ID=NUMxt8c5TIW7Sv8DVBsfqg==)
https://docs.oracle.com/error-help/db/ora-12514/
	at oracle.jdbc.driver.T4CConnection.handleLogonNetException(T4CConnection.java:1853)
	at oracle.jdbc.driver.T4CConnection.logon(T4CConnection.java:1204)
	at oracle.jdbc.driver.PhysicalConnection.connect(PhysicalConnection.java:1189)
	at oracle.jdbc.driver.T4CDriverExtension.getConnection(T4CDriverExtension.java:106)
	at oracle.jdbc.driver.OracleDriver.connect(OracleDriver.java:887)
	at oracle.jdbc.driver.OracleDriver.connect(OracleDriver.java:694)
	at com.zaxxer.hikari.util.DriverDataSource.getConnection(DriverDataSource.java:139)
	at com.zaxxer.hikari.pool.PoolBase.newConnection(PoolBase.java:368)
	at com.zaxxer.hikari.pool.PoolBase.newPoolEntry(PoolBase.java:205)
	at com.zaxxer.hikari.pool.HikariPool.createPoolEntry(HikariPool.java:483)
	at com.zaxxer.hikari.pool.HikariPool$PoolEntryCreator.call(HikariPool.java:747)
	at com.zaxxer.hikari.pool.HikariPool$PoolEntryCreator.call(HikariPool.java:726)
	at java.base/java.util.concurrent.FutureTask.run(FutureTask.java:264)
	at java.base/java.util.concurrent.ThreadPoolExecutor.runWorker(ThreadPoolExecutor.java:1136)
	at java.base/java.util.concurrent.ThreadPoolExecutor$Worker.run(ThreadPoolExecutor.java:635)
	at java.base/java.lang.Thread.run(Thread.java:833)
Caused by: oracle.net.ns.NetException: ORA-12514: Cannot connect to database. Service pdb.txuyen.local is not registered with the listener at host rac-cluster-scan.txuyen.local port 1521. (CONNECTION_ID=NUMxt8c5TIW7Sv8DVBsfqg==)
https://docs.oracle.com/error-help/db/ora-12514/
	at oracle.net.ns.NSProtocolNIO.createRefusePacketException(NSProtocolNIO.java:916)
	at oracle.net.ns.NSProtocolNIO.handleConnectPacketResponse(NSProtocolNIO.java:462)
	at oracle.net.ns.NSProtocolNIO.negotiateConnection(NSProtocolNIO.java:270)
	at oracle.net.ns.NSProtocol.connect(NSProtocol.java:353)
	at oracle.jdbc.driver.T4CConnection.connectNetworkSessionProtocol(T4CConnection.java:3684)
	at oracle.jdbc.driver.T4CConnection.logon(T4CConnection.java:1083)
	... 14 common frames omitted
2026-04-09 09:51:03.697 WARN  [HikariPool-1:connection-adder] com.zaxxer.hikari.pool.PoolBase - HikariPool-1 - Pool is empty, failed to create/setup connection (8c23d9c1-5bed-46cc-8d40-bc0e6197c671)
java.sql.SQLRecoverableException: ORA-12514: Cannot connect to database. Service pdb.txuyen.local is not registered with the listener at host rac-cluster-scan.txuyen.local port 1521. (CONNECTION_ID=S0KQ9u51RCi2yNvxPcPbhQ==)
https://docs.oracle.com/error-help/db/ora-12514/
	at oracle.jdbc.driver.T4CConnection.handleLogonNetException(T4CConnection.java:1853)
	at oracle.jdbc.driver.T4CConnection.logon(T4CConnection.java:1204)
	at oracle.jdbc.driver.PhysicalConnection.connect(PhysicalConnection.java:1189)
	at oracle.jdbc.driver.T4CDriverExtension.getConnection(T4CDriverExtension.java:106)
	at oracle.jdbc.driver.OracleDriver.connect(OracleDriver.java:887)
	at oracle.jdbc.driver.OracleDriver.connect(OracleDriver.java:694)
	at com.zaxxer.hikari.util.DriverDataSource.getConnection(DriverDataSource.java:139)
	at com.zaxxer.hikari.pool.PoolBase.newConnection(PoolBase.java:368)
	at com.zaxxer.hikari.pool.PoolBase.newPoolEntry(PoolBase.java:205)
	at com.zaxxer.hikari.pool.HikariPool.createPoolEntry(HikariPool.java:483)
	at com.zaxxer.hikari.pool.HikariPool$PoolEntryCreator.call(HikariPool.java:747)
	at com.zaxxer.hikari.pool.HikariPool$PoolEntryCreator.call(HikariPool.java:726)
	at java.base/java.util.concurrent.FutureTask.run(FutureTask.java:264)
	at java.base/java.util.concurrent.ThreadPoolExecutor.runWorker(ThreadPoolExecutor.java:1136)
	at java.base/java.util.concurrent.ThreadPoolExecutor$Worker.run(ThreadPoolExecutor.java:635)
	at java.base/java.lang.Thread.run(Thread.java:833)
Caused by: oracle.net.ns.NetException: ORA-12514: Cannot connect to database. Service pdb.txuyen.local is not registered with the listener at host rac-cluster-scan.txuyen.local port 1521. (CONNECTION_ID=S0KQ9u51RCi2yNvxPcPbhQ==)
https://docs.oracle.com/error-help/db/ora-12514/
	at oracle.net.ns.NSProtocolNIO.createRefusePacketException(NSProtocolNIO.java:916)
	at oracle.net.ns.NSProtocolNIO.handleConnectPacketResponse(NSProtocolNIO.java:462)
	at oracle.net.ns.NSProtocolNIO.negotiateConnection(NSProtocolNIO.java:270)
	at oracle.net.ns.NSProtocol.connect(NSProtocol.java:353)
	at oracle.jdbc.driver.T4CConnection.connectNetworkSessionProtocol(T4CConnection.java:3684)
	at oracle.jdbc.driver.T4CConnection.logon(T4CConnection.java:1083)
	... 14 common frames omitted
2026-04-09 09:52:08.899 WARN  [HikariPool-1:connection-adder] com.zaxxer.hikari.pool.PoolBase - HikariPool-1 - Pool is empty, failed to create/setup connection (0170cc9c-082a-463e-9e38-8d4bb303ed53)
java.sql.SQLRecoverableException: ORA-12514: Cannot connect to database. Service pdb.txuyen.local is not registered with the listener at host rac-cluster-scan.txuyen.local port 1521. (CONNECTION_ID=JWjlup63SLSfTmLfYzPKog==)
https://docs.oracle.com/error-help/db/ora-12514/
	at oracle.jdbc.driver.T4CConnection.handleLogonNetException(T4CConnection.java:1853)
	at oracle.jdbc.driver.T4CConnection.logon(T4CConnection.java:1204)
	at oracle.jdbc.driver.PhysicalConnection.connect(PhysicalConnection.java:1189)
	at oracle.jdbc.driver.T4CDriverExtension.getConnection(T4CDriverExtension.java:106)
	at oracle.jdbc.driver.OracleDriver.connect(OracleDriver.java:887)
	at oracle.jdbc.driver.OracleDriver.connect(OracleDriver.java:694)
	at com.zaxxer.hikari.util.DriverDataSource.getConnection(DriverDataSource.java:139)
	at com.zaxxer.hikari.pool.PoolBase.newConnection(PoolBase.java:368)
	at com.zaxxer.hikari.pool.PoolBase.newPoolEntry(PoolBase.java:205)
	at com.zaxxer.hikari.pool.HikariPool.createPoolEntry(HikariPool.java:483)
	at com.zaxxer.hikari.pool.HikariPool$PoolEntryCreator.call(HikariPool.java:747)
	at com.zaxxer.hikari.pool.HikariPool$PoolEntryCreator.call(HikariPool.java:726)
	at java.base/java.util.concurrent.FutureTask.run(FutureTask.java:264)
	at java.base/java.util.concurrent.ThreadPoolExecutor.runWorker(ThreadPoolExecutor.java:1136)
	at java.base/java.util.concurrent.ThreadPoolExecutor$Worker.run(ThreadPoolExecutor.java:635)
	at java.base/java.lang.Thread.run(Thread.java:833)
Caused by: oracle.net.ns.NetException: ORA-12514: Cannot connect to database. Service pdb.txuyen.local is not registered with the listener at host rac-cluster-scan.txuyen.local port 1521. (CONNECTION_ID=JWjlup63SLSfTmLfYzPKog==)
https://docs.oracle.com/error-help/db/ora-12514/
	at oracle.net.ns.NSProtocolNIO.createRefusePacketException(NSProtocolNIO.java:916)
	at oracle.net.ns.NSProtocolNIO.handleConnectPacketResponse(NSProtocolNIO.java:462)
	at oracle.net.ns.NSProtocolNIO.negotiateConnection(NSProtocolNIO.java:270)
	at oracle.net.ns.NSProtocol.connect(NSProtocol.java:353)
	at oracle.jdbc.driver.T4CConnection.connectNetworkSessionProtocol(T4CConnection.java:3684)
	at oracle.jdbc.driver.T4CConnection.logon(T4CConnection.java:1083)
	... 14 common frames omitted
2026-04-09 09:53:14.075 WARN  [HikariPool-1:connection-adder] com.zaxxer.hikari.pool.PoolBase - HikariPool-1 - Pool is empty, failed to create/setup connection (5f59a69c-79e2-4b14-96ce-8eba7dd87f50)
java.sql.SQLRecoverableException: ORA-12514: Cannot connect to database. Service pdb.txuyen.local is not registered with the listener at host rac-cluster-scan.txuyen.local port 1521. (CONNECTION_ID=9cagN6Y9T2CJmhE/6kKkeA==)
https://docs.oracle.com/error-help/db/ora-12514/
	at oracle.jdbc.driver.T4CConnection.handleLogonNetException(T4CConnection.java:1853)
	at oracle.jdbc.driver.T4CConnection.logon(T4CConnection.java:1204)
	at oracle.jdbc.driver.PhysicalConnection.connect(PhysicalConnection.java:1189)
	at oracle.jdbc.driver.T4CDriverExtension.getConnection(T4CDriverExtension.java:106)
	at oracle.jdbc.driver.OracleDriver.connect(OracleDriver.java:887)
	at oracle.jdbc.driver.OracleDriver.connect(OracleDriver.java:694)
	at com.zaxxer.hikari.util.DriverDataSource.getConnection(DriverDataSource.java:139)
	at com.zaxxer.hikari.pool.PoolBase.newConnection(PoolBase.java:368)
	at com.zaxxer.hikari.pool.PoolBase.newPoolEntry(PoolBase.java:205)
	at com.zaxxer.hikari.pool.HikariPool.createPoolEntry(HikariPool.java:483)
	at com.zaxxer.hikari.pool.HikariPool$PoolEntryCreator.call(HikariPool.java:747)
	at com.zaxxer.hikari.pool.HikariPool$PoolEntryCreator.call(HikariPool.java:726)
	at java.base/java.util.concurrent.FutureTask.run(FutureTask.java:264)
	at java.base/java.util.concurrent.ThreadPoolExecutor.runWorker(ThreadPoolExecutor.java:1136)
	at java.base/java.util.concurrent.ThreadPoolExecutor$Worker.run(ThreadPoolExecutor.java:635)
	at java.base/java.lang.Thread.run(Thread.java:833)
Caused by: oracle.net.ns.NetException: ORA-12514: Cannot connect to database. Service pdb.txuyen.local is not registered with the listener at host rac-cluster-scan.txuyen.local port 1521. (CONNECTION_ID=9cagN6Y9T2CJmhE/6kKkeA==)
https://docs.oracle.com/error-help/db/ora-12514/
	at oracle.net.ns.NSProtocolNIO.createRefusePacketException(NSProtocolNIO.java:916)
	at oracle.net.ns.NSProtocolNIO.handleConnectPacketResponse(NSProtocolNIO.java:462)
	at oracle.net.ns.NSProtocolNIO.negotiateConnection(NSProtocolNIO.java:270)
	at oracle.net.ns.NSProtocol.connect(NSProtocol.java:353)
	at oracle.jdbc.driver.T4CConnection.connectNetworkSessionProtocol(T4CConnection.java:3684)
	at oracle.jdbc.driver.T4CConnection.logon(T4CConnection.java:1083)
	... 14 common frames omitted
2026-04-09 17:39:32.626 WARN  [HikariPool-1:housekeeper] com.zaxxer.hikari.pool.HikariPool - HikariPool-1 - Thread starvation or clock leap detected (housekeeper delta=5h38m8s220ms640µs800ns).
2026-04-09 17:39:37.640 WARN  [HikariPool-1:housekeeper] com.zaxxer.hikari.pool.PoolBase - HikariPool-1 - Failed to validate connection oracle.jdbc.driver.T4CConnection@2f11e96c (ORA-17008: Closed connection
https://docs.oracle.com/error-help/db/ora-17008/). Possibly consider using a shorter maxLifetime value.
2026-04-09 17:47:29.571 WARN  [HikariPool-1:housekeeper] com.zaxxer.hikari.pool.PoolBase - HikariPool-1 - Failed to validate connection oracle.jdbc.driver.T4CConnection@f1b7923 (ORA-17008: Closed connection
https://docs.oracle.com/error-help/db/ora-17008/). Possibly consider using a shorter maxLifetime value.
2026-04-09 17:47:38.791 WARN  [HikariPool-1:housekeeper] com.zaxxer.hikari.pool.PoolBase - HikariPool-1 - Failed to validate connection oracle.jdbc.driver.T4CConnection@5c710ad7 (ORA-17008: Closed connection
https://docs.oracle.com/error-help/db/ora-17008/). Possibly consider using a shorter maxLifetime value.
2026-04-09 21:35:05.205 WARN  [main] org.hibernate.orm.deprecation - HHH90000025: OracleDialect does not need to be specified explicitly using 'hibernate.dialect' (remove the property setting and it will be selected by default)
2026-04-09 21:35:09.698 WARN  [main] o.s.b.a.o.j.JpaBaseConfiguration$JpaWebConfiguration - spring.jpa.open-in-view is enabled by default. Therefore, database queries may be performed during view rendering. Explicitly configure spring.jpa.open-in-view to disable this warning
2026-04-09 21:49:19.495 WARN  [main] org.hibernate.orm.deprecation - HHH90000025: OracleDialect does not need to be specified explicitly using 'hibernate.dialect' (remove the property setting and it will be selected by default)
2026-04-09 21:49:21.386 WARN  [main] o.s.b.a.o.j.JpaBaseConfiguration$JpaWebConfiguration - spring.jpa.open-in-view is enabled by default. Therefore, database queries may be performed during view rendering. Explicitly configure spring.jpa.open-in-view to disable this warning
2026-04-09 21:49:23.415 WARN  [lettuce-nioEventLoop-6-1] io.lettuce.core.RedisClient - Cannot connect Redis Sentinel at redis://redis-sentinel.redis.svc.cluster.local:26379?timeout=500000000ns: java.util.concurrent.CompletionException: java.net.UnknownHostException: No such host is known (redis-sentinel.redis.svc.cluster.local)
2026-04-09 21:49:23.421 WARN  [boundedElastic-1] o.s.b.a.d.r.RedisReactiveHealthIndicator - Redis health check failed
org.springframework.data.redis.RedisConnectionFailureException: Unable to connect to Redis
	at org.springframework.data.redis.connection.lettuce.LettuceConnectionFactory$ExceptionTranslatingConnectionProvider.translateException(LettuceConnectionFactory.java:1858)
	at org.springframework.data.redis.connection.lettuce.LettuceConnectionFactory$ExceptionTranslatingConnectionProvider.getConnection(LettuceConnectionFactory.java:1789)
	at org.springframework.data.redis.connection.lettuce.LettuceConnectionFactory$SharedConnection.getNativeConnection(LettuceConnectionFactory.java:1586)
	at org.springframework.data.redis.connection.lettuce.LettuceConnectionFactory$SharedConnection.lambda$getConnection$0(LettuceConnectionFactory.java:1566)
	at org.springframework.data.redis.connection.lettuce.LettuceConnectionFactory.doInLock(LettuceConnectionFactory.java:1527)
	at org.springframework.data.redis.connection.lettuce.LettuceConnectionFactory$SharedConnection.getConnection(LettuceConnectionFactory.java:1563)
	at org.springframework.data.redis.connection.lettuce.LettuceConnectionFactory.getSharedReactiveConnection(LettuceConnectionFactory.java:1274)
	at org.springframework.data.redis.connection.lettuce.LettuceConnectionFactory.getReactiveConnection(LettuceConnectionFactory.java:1149)
	at org.springframework.data.redis.connection.lettuce.LettuceConnectionFactory.getReactiveConnection(LettuceConnectionFactory.java:120)
	at reactor.core.publisher.MonoSupplier.call(MonoSupplier.java:67)
	at reactor.core.publisher.FluxSubscribeOnCallable$CallableSubscribeOnSubscription.run(FluxSubscribeOnCallable.java:228)
	at reactor.core.scheduler.SchedulerTask.call(SchedulerTask.java:68)
	at reactor.core.scheduler.SchedulerTask.call(SchedulerTask.java:28)
	at java.base/java.util.concurrent.FutureTask.run(FutureTask.java:264)
	at java.base/java.util.concurrent.ScheduledThreadPoolExecutor$ScheduledFutureTask.run(ScheduledThreadPoolExecutor.java:304)
	at java.base/java.util.concurrent.ThreadPoolExecutor.runWorker(ThreadPoolExecutor.java:1136)
	at java.base/java.util.concurrent.ThreadPoolExecutor$Worker.run(ThreadPoolExecutor.java:635)
	at java.base/java.lang.Thread.run(Thread.java:833)
Caused by: org.springframework.data.redis.connection.PoolException: Could not prepare the pool
	at org.springframework.data.redis.connection.lettuce.LettucePoolingConnectionProvider.lambda$getConnection$1(LettucePoolingConnectionProvider.java:101)
	at java.base/java.util.concurrent.ConcurrentHashMap.computeIfAbsent(ConcurrentHashMap.java:1708)
	at org.springframework.data.redis.connection.lettuce.LettucePoolingConnectionProvider.getConnection(LettucePoolingConnectionProvider.java:93)
	at org.springframework.data.redis.connection.lettuce.LettuceConnectionFactory$ExceptionTranslatingConnectionProvider.getConnection(LettuceConnectionFactory.java:1787)
	... 16 common frames omitted
Caused by: io.lettuce.core.RedisConnectionException: Cannot connect to a Redis Sentinel: [redis://redis-sentinel.redis.svc.cluster.local:26379?timeout=500000000ns]
	at io.lettuce.core.RedisConnectionException.create(RedisConnectionException.java:57)
	at io.lettuce.core.RedisConnectionException.create(RedisConnectionException.java:41)
	at io.lettuce.core.AbstractRedisClient.getConnection(AbstractRedisClient.java:354)
	at io.lettuce.core.RedisClient.connect(RedisClient.java:220)
	at org.springframework.data.redis.connection.lettuce.StandaloneConnectionProvider.lambda$getConnection$1(StandaloneConnectionProvider.java:112)
	at java.base/java.util.Optional.orElseGet(Optional.java:364)
	at org.springframework.data.redis.connection.lettuce.StandaloneConnectionProvider.getConnection(StandaloneConnectionProvider.java:112)
	at org.springframework.data.redis.connection.lettuce.LettucePoolingConnectionProvider.lambda$getConnection$0(LettucePoolingConnectionProvider.java:96)
	at io.lettuce.core.support.ConnectionPoolSupport$RedisPooledObjectFactory.create(ConnectionPoolSupport.java:270)
	at io.lettuce.core.support.ConnectionPoolSupport$RedisPooledObjectFactory.create(ConnectionPoolSupport.java:257)
	at org.apache.commons.pool2.BasePooledObjectFactory.makeObject(BasePooledObjectFactory.java:68)
	at org.apache.commons.pool2.impl.GenericObjectPool.create(GenericObjectPool.java:557)
	at org.apache.commons.pool2.impl.GenericObjectPool.ensureIdle(GenericObjectPool.java:630)
	at org.apache.commons.pool2.impl.GenericObjectPool.ensureMinIdle(GenericObjectPool.java:652)
	at org.apache.commons.pool2.impl.GenericObjectPool.preparePool(GenericObjectPool.java:970)
	at org.springframework.data.redis.connection.lettuce.LettucePoolingConnectionProvider.lambda$getConnection$1(LettucePoolingConnectionProvider.java:99)
	... 19 common frames omitted
Caused by: io.lettuce.core.RedisConnectionException: Cannot connect Redis Sentinel at redis://redis-sentinel.redis.svc.cluster.local:26379?timeout=500000000ns
	at io.lettuce.core.RedisClient.lambda$connectSentinelAsync$6(RedisClient.java:533)
	at reactor.core.publisher.Mono.lambda$onErrorMap$29(Mono.java:3862)
	at reactor.core.publisher.FluxOnErrorResume$ResumeSubscriber.onError(FluxOnErrorResume.java:94)
	at reactor.core.publisher.FluxOnErrorResume$ResumeSubscriber.onError(FluxOnErrorResume.java:106)
	at reactor.core.publisher.Operators.error(Operators.java:198)
	at reactor.core.publisher.MonoError.subscribe(MonoError.java:53)
	at reactor.core.publisher.Mono.subscribe(Mono.java:4576)
	at reactor.core.publisher.FluxOnErrorResume$ResumeSubscriber.onError(FluxOnErrorResume.java:103)
	at reactor.core.publisher.MonoCompletionStage$MonoCompletionStageSubscription.apply(MonoCompletionStage.java:115)
	at reactor.core.publisher.MonoCompletionStage$MonoCompletionStageSubscription.apply(MonoCompletionStage.java:67)
	at java.base/java.util.concurrent.CompletableFuture.uniHandle(CompletableFuture.java:934)
	at java.base/java.util.concurrent.CompletableFuture$UniHandle.tryFire(CompletableFuture.java:911)
	at java.base/java.util.concurrent.CompletableFuture.postComplete(CompletableFuture.java:510)
	at java.base/java.util.concurrent.CompletableFuture.completeExceptionally(CompletableFuture.java:2162)
	at io.lettuce.core.AbstractRedisClient.lambda$initializeChannelAsync0$6(AbstractRedisClient.java:458)
	at io.netty.util.concurrent.DefaultPromise.notifyListener0(DefaultPromise.java:603)
	at io.netty.util.concurrent.DefaultPromise.notifyListenersNow(DefaultPromise.java:570)
	at io.netty.util.concurrent.DefaultPromise.notifyListeners(DefaultPromise.java:505)
	at io.netty.util.concurrent.DefaultPromise.setValue0(DefaultPromise.java:649)
	at io.netty.util.concurrent.DefaultPromise.setFailure0(DefaultPromise.java:642)
	at io.netty.util.concurrent.DefaultPromise.setFailure(DefaultPromise.java:123)
	at io.netty.channel.DefaultChannelPromise.setFailure(DefaultChannelPromise.java:89)
	at io.netty.bootstrap.Bootstrap.doResolveAndConnect0(Bootstrap.java:228)
	at io.netty.bootstrap.Bootstrap.access$000(Bootstrap.java:47)
	at io.netty.bootstrap.Bootstrap$1.operationComplete(Bootstrap.java:189)
	at io.netty.bootstrap.Bootstrap$1.operationComplete(Bootstrap.java:175)
	at io.netty.util.concurrent.DefaultPromise.notifyListener0(DefaultPromise.java:603)
	at io.netty.util.concurrent.DefaultPromise.notifyListenersNow(DefaultPromise.java:570)
	at io.netty.util.concurrent.DefaultPromise.notifyListeners(DefaultPromise.java:505)
	at io.netty.util.concurrent.DefaultPromise.setValue0(DefaultPromise.java:649)
	at io.netty.util.concurrent.DefaultPromise.setSuccess0(DefaultPromise.java:638)
	at io.netty.util.concurrent.DefaultPromise.trySuccess(DefaultPromise.java:118)
	at io.netty.channel.DefaultChannelPromise.trySuccess(DefaultChannelPromise.java:84)
	at io.netty.channel.AbstractChannel$AbstractUnsafe.safeSetSuccess(AbstractChannel.java:988)
	at io.netty.channel.AbstractChannel$AbstractUnsafe.register0(AbstractChannel.java:515)
	at io.netty.channel.AbstractChannel$AbstractUnsafe.access$200(AbstractChannel.java:428)
	at io.netty.channel.AbstractChannel$AbstractUnsafe$1.run(AbstractChannel.java:485)
	at io.netty.util.concurrent.AbstractEventExecutor.runTask(AbstractEventExecutor.java:173)
	at io.netty.util.concurrent.AbstractEventExecutor.safeExecute(AbstractEventExecutor.java:166)
	at io.netty.util.concurrent.SingleThreadEventExecutor.runAllTasks(SingleThreadEventExecutor.java:472)
	at io.netty.channel.nio.NioEventLoop.run(NioEventLoop.java:569)
	at io.netty.util.concurrent.SingleThreadEventExecutor$4.run(SingleThreadEventExecutor.java:998)
	at io.netty.util.internal.ThreadExecutorMap$2.run(ThreadExecutorMap.java:74)
	at io.netty.util.concurrent.FastThreadLocalRunnable.run(FastThreadLocalRunnable.java:30)
	... 1 common frames omitted
Caused by: java.net.UnknownHostException: No such host is known (redis-sentinel.redis.svc.cluster.local)
	at java.base/java.net.Inet6AddressImpl.lookupAllHostAddr(Native Method)
	at java.base/java.net.Inet6AddressImpl.lookupAllHostAddr(Inet6AddressImpl.java:52)
	at java.base/java.net.InetAddress$PlatformResolver.lookupByName(InetAddress.java:1048)
	at java.base/java.net.InetAddress.getAddressesFromNameService(InetAddress.java:1648)
	at java.base/java.net.InetAddress$NameServiceAddresses.get(InetAddress.java:997)
	at java.base/java.net.InetAddress.getAllByName0(InetAddress.java:1638)
	at java.base/java.net.InetAddress.getAllByName(InetAddress.java:1504)
	at java.base/java.net.InetAddress.getByName(InetAddress.java:1393)
	at io.netty.util.internal.SocketUtils$8.run(SocketUtils.java:156)
	at io.netty.util.internal.SocketUtils$8.run(SocketUtils.java:153)
	at java.base/java.security.AccessController.doPrivileged(AccessController.java:569)
	at io.netty.util.internal.SocketUtils.addressByName(SocketUtils.java:153)
	at io.netty.resolver.DefaultNameResolver.doResolve(DefaultNameResolver.java:41)
	at io.netty.resolver.SimpleNameResolver.resolve(SimpleNameResolver.java:61)
	at io.netty.resolver.SimpleNameResolver.resolve(SimpleNameResolver.java:53)
	at io.netty.resolver.InetSocketAddressResolver.doResolve(InetSocketAddressResolver.java:55)
	at io.netty.resolver.InetSocketAddressResolver.doResolve(InetSocketAddressResolver.java:31)
	at io.netty.resolver.AbstractAddressResolver.resolve(AbstractAddressResolver.java:106)
	at io.netty.bootstrap.Bootstrap.doResolveAndConnect0(Bootstrap.java:220)
	... 22 common frames omitted
2026-04-09 21:54:22.197 WARN  [HikariPool-1:housekeeper] com.zaxxer.hikari.pool.PoolBase - HikariPool-1 - Failed to validate connection oracle.jdbc.driver.T4CConnection@25486253 (ORA-17008: Closed connection
https://docs.oracle.com/error-help/db/ora-17008/). Possibly consider using a shorter maxLifetime value.
2026-04-09 22:12:36.198 WARN  [main] org.hibernate.orm.deprecation - HHH90000025: OracleDialect does not need to be specified explicitly using 'hibernate.dialect' (remove the property setting and it will be selected by default)
2026-04-09 22:12:38.928 WARN  [main] o.s.b.a.o.j.JpaBaseConfiguration$JpaWebConfiguration - spring.jpa.open-in-view is enabled by default. Therefore, database queries may be performed during view rendering. Explicitly configure spring.jpa.open-in-view to disable this warning
2026-04-09 22:23:44.063 WARN  [HikariPool-1:housekeeper] com.zaxxer.hikari.pool.HikariPool - HikariPool-1 - Thread starvation or clock leap detected (housekeeper delta=10m38s359ms385µs300ns).
2026-04-09 22:23:44.100 WARN  [org.springframework.jms.JmsListenerEndpointContainer#0-1] o.s.j.l.DefaultMessageListenerContainer - Setup of JMS message listener invoker failed for destination 'hr.create.user.queue' - trying to recover. Cause: java.io.EOFException
2026-04-09 22:24:00.782 WARN  [main] org.hibernate.orm.deprecation - HHH90000025: OracleDialect does not need to be specified explicitly using 'hibernate.dialect' (remove the property setting and it will be selected by default)
2026-04-09 22:24:02.882 WARN  [main] o.s.b.a.o.j.JpaBaseConfiguration$JpaWebConfiguration - spring.jpa.open-in-view is enabled by default. Therefore, database queries may be performed during view rendering. Explicitly configure spring.jpa.open-in-view to disable this warning
2026-04-09 22:24:05.298 WARN  [lettuce-nioEventLoop-6-1] io.lettuce.core.RedisClient - Cannot connect Redis Sentinel at redis://redis-sentinel.redis.svc.cluster.local:26379?timeout=500000000ns: java.util.concurrent.CompletionException: java.net.UnknownHostException: No such host is known (redis-sentinel.redis.svc.cluster.local)
2026-04-09 22:24:05.311 WARN  [boundedElastic-1] o.s.b.a.d.r.RedisReactiveHealthIndicator - Redis health check failed
org.springframework.data.redis.RedisConnectionFailureException: Unable to connect to Redis
	at org.springframework.data.redis.connection.lettuce.LettuceConnectionFactory$ExceptionTranslatingConnectionProvider.translateException(LettuceConnectionFactory.java:1858)
	Suppressed: reactor.core.publisher.FluxOnAssembly$OnAssemblyException: 
Assembly trace from producer [reactor.core.publisher.MonoSubscribeOnCallable] :
	reactor.core.publisher.Mono.subscribeOn(Mono.java:4625)
	org.springframework.boot.actuate.data.redis.RedisReactiveHealthIndicator.getConnection(RedisReactiveHealthIndicator.java:57)
Error has been observed at the following site(s):
	*__Mono.subscribeOn ⇢ at org.springframework.boot.actuate.data.redis.RedisReactiveHealthIndicator.getConnection(RedisReactiveHealthIndicator.java:57)
	|_     Mono.flatMap ⇢ at org.springframework.boot.actuate.data.redis.RedisReactiveHealthIndicator.doHealthCheck(RedisReactiveHealthIndicator.java:52)
Original Stack Trace:
		at org.springframework.data.redis.connection.lettuce.LettuceConnectionFactory$ExceptionTranslatingConnectionProvider.translateException(LettuceConnectionFactory.java:1858)
		at org.springframework.data.redis.connection.lettuce.LettuceConnectionFactory$ExceptionTranslatingConnectionProvider.getConnection(LettuceConnectionFactory.java:1789)
		at org.springframework.data.redis.connection.lettuce.LettuceConnectionFactory$SharedConnection.getNativeConnection(LettuceConnectionFactory.java:1586)
		at org.springframework.data.redis.connection.lettuce.LettuceConnectionFactory$SharedConnection.lambda$getConnection$0(LettuceConnectionFactory.java:1566)
		at org.springframework.data.redis.connection.lettuce.LettuceConnectionFactory.doInLock(LettuceConnectionFactory.java:1527)
		at org.springframework.data.redis.connection.lettuce.LettuceConnectionFactory$SharedConnection.getConnection(LettuceConnectionFactory.java:1563)
		at org.springframework.data.redis.connection.lettuce.LettuceConnectionFactory.getSharedReactiveConnection(LettuceConnectionFactory.java:1274)
		at org.springframework.data.redis.connection.lettuce.LettuceConnectionFactory.getReactiveConnection(LettuceConnectionFactory.java:1149)
		at org.springframework.data.redis.connection.lettuce.LettuceConnectionFactory.getReactiveConnection(LettuceConnectionFactory.java:120)
		at reactor.core.publisher.MonoSupplier.call(MonoSupplier.java:67)
		at reactor.core.publisher.FluxSubscribeOnCallable$CallableSubscribeOnSubscription.run(FluxSubscribeOnCallable.java:228)
		at reactor.core.scheduler.SchedulerTask.call(SchedulerTask.java:68)
		at reactor.core.scheduler.SchedulerTask.call(SchedulerTask.java:28)
		at java.base/java.util.concurrent.FutureTask.run$$$capture(FutureTask.java:264)
		at java.base/java.util.concurrent.FutureTask.run(FutureTask.java)
		at java.base/java.util.concurrent.ScheduledThreadPoolExecutor$ScheduledFutureTask.run(ScheduledThreadPoolExecutor.java:304)
		at java.base/java.util.concurrent.ThreadPoolExecutor.runWorker(ThreadPoolExecutor.java:1136)
		at java.base/java.util.concurrent.ThreadPoolExecutor$Worker.run(ThreadPoolExecutor.java:635)
		at java.base/java.lang.Thread.run(Thread.java:833)
Caused by: org.springframework.data.redis.connection.PoolException: Could not prepare the pool
	at org.springframework.data.redis.connection.lettuce.LettucePoolingConnectionProvider.lambda$getConnection$1(LettucePoolingConnectionProvider.java:101)
	at java.base/java.util.concurrent.ConcurrentHashMap.computeIfAbsent(ConcurrentHashMap.java:1708)
	at org.springframework.data.redis.connection.lettuce.LettucePoolingConnectionProvider.getConnection(LettucePoolingConnectionProvider.java:93)
	at org.springframework.data.redis.connection.lettuce.LettuceConnectionFactory$ExceptionTranslatingConnectionProvider.getConnection(LettuceConnectionFactory.java:1787)
	at org.springframework.data.redis.connection.lettuce.LettuceConnectionFactory$SharedConnection.getNativeConnection(LettuceConnectionFactory.java:1586)
	at org.springframework.data.redis.connection.lettuce.LettuceConnectionFactory$SharedConnection.lambda$getConnection$0(LettuceConnectionFactory.java:1566)
	at org.springframework.data.redis.connection.lettuce.LettuceConnectionFactory.doInLock(LettuceConnectionFactory.java:1527)
	at org.springframework.data.redis.connection.lettuce.LettuceConnectionFactory$SharedConnection.getConnection(LettuceConnectionFactory.java:1563)
	at org.springframework.data.redis.connection.lettuce.LettuceConnectionFactory.getSharedReactiveConnection(LettuceConnectionFactory.java:1274)
	at org.springframework.data.redis.connection.lettuce.LettuceConnectionFactory.getReactiveConnection(LettuceConnectionFactory.java:1149)
	at org.springframework.data.redis.connection.lettuce.LettuceConnectionFactory.getReactiveConnection(LettuceConnectionFactory.java:120)
	at reactor.core.publisher.MonoSupplier.call(MonoSupplier.java:67)
	at reactor.core.publisher.MonoCallableOnAssembly.call(MonoCallableOnAssembly.java:91)
	at reactor.core.publisher.FluxSubscribeOnCallable$CallableSubscribeOnSubscription.run(FluxSubscribeOnCallable.java:228)
	at reactor.core.scheduler.SchedulerTask.call(SchedulerTask.java:68)
	at reactor.core.scheduler.SchedulerTask.call(SchedulerTask.java:28)
	at java.base/java.util.concurrent.FutureTask.run$$$capture(FutureTask.java:264)
	at java.base/java.util.concurrent.FutureTask.run(FutureTask.java)
	at java.base/java.util.concurrent.ScheduledThreadPoolExecutor$ScheduledFutureTask.run(ScheduledThreadPoolExecutor.java:304)
	at java.base/java.util.concurrent.ThreadPoolExecutor.runWorker(ThreadPoolExecutor.java:1136)
	at java.base/java.util.concurrent.ThreadPoolExecutor$Worker.run(ThreadPoolExecutor.java:635)
	at java.base/java.lang.Thread.run(Thread.java:833)
Caused by: io.lettuce.core.RedisConnectionException: Cannot connect to a Redis Sentinel: [redis://redis-sentinel.redis.svc.cluster.local:26379?timeout=500000000ns]
	at io.lettuce.core.RedisConnectionException.create(RedisConnectionException.java:57)
	at io.lettuce.core.RedisConnectionException.create(RedisConnectionException.java:41)
	at io.lettuce.core.AbstractRedisClient.getConnection(AbstractRedisClient.java:354)
	at io.lettuce.core.RedisClient.connect(RedisClient.java:220)
	at org.springframework.data.redis.connection.lettuce.StandaloneConnectionProvider.lambda$getConnection$1(StandaloneConnectionProvider.java:112)
	at java.base/java.util.Optional.orElseGet(Optional.java:364)
	at org.springframework.data.redis.connection.lettuce.StandaloneConnectionProvider.getConnection(StandaloneConnectionProvider.java:112)
	at org.springframework.data.redis.connection.lettuce.LettucePoolingConnectionProvider.lambda$getConnection$0(LettucePoolingConnectionProvider.java:96)
	at io.lettuce.core.support.ConnectionPoolSupport$RedisPooledObjectFactory.create(ConnectionPoolSupport.java:270)
	at io.lettuce.core.support.ConnectionPoolSupport$RedisPooledObjectFactory.create(ConnectionPoolSupport.java:257)
	at org.apache.commons.pool2.BasePooledObjectFactory.makeObject(BasePooledObjectFactory.java:68)
	at org.apache.commons.pool2.impl.GenericObjectPool.create(GenericObjectPool.java:557)
	at org.apache.commons.pool2.impl.GenericObjectPool.ensureIdle(GenericObjectPool.java:630)
	at org.apache.commons.pool2.impl.GenericObjectPool.ensureMinIdle(GenericObjectPool.java:652)
	at org.apache.commons.pool2.impl.GenericObjectPool.preparePool(GenericObjectPool.java:970)
	at org.springframework.data.redis.connection.lettuce.LettucePoolingConnectionProvider.lambda$getConnection$1(LettucePoolingConnectionProvider.java:99)
	... 21 common frames omitted
Caused by: io.lettuce.core.RedisConnectionException: Cannot connect Redis Sentinel at redis://redis-sentinel.redis.svc.cluster.local:26379?timeout=500000000ns
	at io.lettuce.core.RedisClient.lambda$connectSentinelAsync$6(RedisClient.java:533)
	Suppressed: reactor.core.publisher.FluxOnAssembly$OnAssemblyException: 
Assembly trace from producer [reactor.core.publisher.MonoError] :

Error has been observed at the following site(s):
	*__Mono.onErrorMap ⇢ at io.lettuce.core.RedisClient.connectSentinelAsync(RedisClient.java:533)
	|_  Mono.doOnError ⇢ at io.lettuce.core.RedisClient.connectSentinelAsync(RedisClient.java:534)
Original Stack Trace:
		at io.lettuce.core.RedisClient.lambda$connectSentinelAsync$6(RedisClient.java:533)
		at reactor.core.publisher.Mono.lambda$onErrorMap$29(Mono.java:3862)
		at reactor.core.publisher.FluxOnErrorResume$ResumeSubscriber.onError(FluxOnErrorResume.java:94)
		at reactor.core.publisher.FluxOnErrorResume$ResumeSubscriber.onError(FluxOnErrorResume.java:106)
		at reactor.core.publisher.Operators.error(Operators.java:198)
		at reactor.core.publisher.MonoError.subscribe(MonoError.java:53)
		at reactor.core.publisher.Mono.subscribe(Mono.java:4576)
		at reactor.core.publisher.FluxOnErrorResume$ResumeSubscriber.onError(FluxOnErrorResume.java:103)
		at reactor.core.publisher.MonoCompletionStage$MonoCompletionStageSubscription.apply(MonoCompletionStage.java:115)
		at reactor.core.publisher.MonoCompletionStage$MonoCompletionStageSubscription.apply(MonoCompletionStage.java:67)
		at java.base/java.util.concurrent.CompletableFuture.uniHandle(CompletableFuture.java:934)
		at java.base/java.util.concurrent.CompletableFuture$UniHandle.tryFire(CompletableFuture.java:911)
		at java.base/java.util.concurrent.CompletableFuture.postComplete(CompletableFuture.java:510)
		at java.base/java.util.concurrent.CompletableFuture.completeExceptionally(CompletableFuture.java:2162)
		at io.lettuce.core.AbstractRedisClient.lambda$initializeChannelAsync0$6(AbstractRedisClient.java:458)
		at io.netty.util.concurrent.DefaultPromise.notifyListener0(DefaultPromise.java:603)
		at io.netty.util.concurrent.DefaultPromise.notifyListenersNow(DefaultPromise.java:570)
		at io.netty.util.concurrent.DefaultPromise.notifyListeners(DefaultPromise.java:505)
		at io.netty.util.concurrent.DefaultPromise.setValue0(DefaultPromise.java:649)
		at io.netty.util.concurrent.DefaultPromise.setFailure0(DefaultPromise.java:642)
		at io.netty.util.concurrent.DefaultPromise.setFailure(DefaultPromise.java:123)
		at io.netty.channel.DefaultChannelPromise.setFailure(DefaultChannelPromise.java:89)
		at io.netty.bootstrap.Bootstrap.doResolveAndConnect0(Bootstrap.java:228)
		at io.netty.bootstrap.Bootstrap.access$000(Bootstrap.java:47)
		at io.netty.bootstrap.Bootstrap$1.operationComplete(Bootstrap.java:189)
		at io.netty.bootstrap.Bootstrap$1.operationComplete(Bootstrap.java:175)
		at io.netty.util.concurrent.DefaultPromise.notifyListener0(DefaultPromise.java:603)
		at io.netty.util.concurrent.DefaultPromise.notifyListenersNow(DefaultPromise.java:570)
		at io.netty.util.concurrent.DefaultPromise.notifyListeners(DefaultPromise.java:505)
		at io.netty.util.concurrent.DefaultPromise.setValue0(DefaultPromise.java:649)
		at io.netty.util.concurrent.DefaultPromise.setSuccess0(DefaultPromise.java:638)
		at io.netty.util.concurrent.DefaultPromise.trySuccess(DefaultPromise.java:118)
		at io.netty.channel.DefaultChannelPromise.trySuccess(DefaultChannelPromise.java:84)
		at io.netty.channel.AbstractChannel$AbstractUnsafe.safeSetSuccess(AbstractChannel.java:988)
		at io.netty.channel.AbstractChannel$AbstractUnsafe.register0(AbstractChannel.java:515)
		at io.netty.channel.AbstractChannel$AbstractUnsafe.access$200(AbstractChannel.java:428)
		at io.netty.channel.AbstractChannel$AbstractUnsafe$1.run(AbstractChannel.java:485)
		at io.netty.util.concurrent.AbstractEventExecutor.runTask$$$capture(AbstractEventExecutor.java:173)
		at io.netty.util.concurrent.AbstractEventExecutor.runTask(AbstractEventExecutor.java)
		at io.netty.util.concurrent.AbstractEventExecutor.safeExecute$$$capture(AbstractEventExecutor.java:166)
		at io.netty.util.concurrent.AbstractEventExecutor.safeExecute(AbstractEventExecutor.java)
		at io.netty.util.concurrent.SingleThreadEventExecutor.runAllTasks(SingleThreadEventExecutor.java:472)
		at io.netty.channel.nio.NioEventLoop.run(NioEventLoop.java:569)
		at io.netty.util.concurrent.SingleThreadEventExecutor$4.run(SingleThreadEventExecutor.java:998)
		at io.netty.util.internal.ThreadExecutorMap$2.run(ThreadExecutorMap.java:74)
		at io.netty.util.concurrent.FastThreadLocalRunnable.run(FastThreadLocalRunnable.java:30)
		at java.base/java.lang.Thread.run(Thread.java:833)
Caused by: java.net.UnknownHostException: No such host is known (redis-sentinel.redis.svc.cluster.local)
	at java.base/java.net.Inet6AddressImpl.lookupAllHostAddr(Native Method)
	Suppressed: reactor.core.publisher.FluxOnAssembly$OnAssemblyException: 
Assembly trace from producer [reactor.core.publisher.MonoCompletionStage] :
	reactor.core.publisher.Mono.toFuture(Mono.java:5153)
	io.lettuce.core.RedisClient.connectSentinelAsync(RedisClient.java:562)
Error has been observed at the following site(s):
	*______________________________________________Mono.toFuture ⇢ at io.lettuce.core.RedisClient.connectSentinelAsync(RedisClient.java:562)
	*___________________________________Mono.fromCompletionStage ⇢ at io.lettuce.core.RedisClient.connectSentinelAsync(RedisClient.java:531)
	|_                                           Mono.onErrorMap ⇢ at io.lettuce.core.RedisClient.connectSentinelAsync(RedisClient.java:532)
	*__MonoCompletionStage$MonoCompletionStageSubscription.apply ⇢ at java.base/java.util.concurrent.CompletableFuture.uniHandle(CompletableFuture.java:934)
Original Stack Trace:
		at java.base/java.net.Inet6AddressImpl.lookupAllHostAddr(Native Method)
		at java.base/java.net.Inet6AddressImpl.lookupAllHostAddr(Inet6AddressImpl.java:52)
		at java.base/java.net.InetAddress$PlatformResolver.lookupByName(InetAddress.java:1048)
		at java.base/java.net.InetAddress.getAddressesFromNameService(InetAddress.java:1648)
		at java.base/java.net.InetAddress$NameServiceAddresses.get(InetAddress.java:997)
		at java.base/java.net.InetAddress.getAllByName0(InetAddress.java:1638)
		at java.base/java.net.InetAddress.getAllByName(InetAddress.java:1504)
		at java.base/java.net.InetAddress.getByName(InetAddress.java:1393)
		at io.netty.util.internal.SocketUtils$8.run(SocketUtils.java:156)
		at io.netty.util.internal.SocketUtils$8.run(SocketUtils.java:153)
		at java.base/java.security.AccessController.doPrivileged(AccessController.java:569)
		at io.netty.util.internal.SocketUtils.addressByName(SocketUtils.java:153)
		at io.netty.resolver.DefaultNameResolver.doResolve(DefaultNameResolver.java:41)
		at io.netty.resolver.SimpleNameResolver.resolve(SimpleNameResolver.java:61)
		at io.netty.resolver.SimpleNameResolver.resolve(SimpleNameResolver.java:53)
		at io.netty.resolver.InetSocketAddressResolver.doResolve(InetSocketAddressResolver.java:55)
		at io.netty.resolver.InetSocketAddressResolver.doResolve(InetSocketAddressResolver.java:31)
		at io.netty.resolver.AbstractAddressResolver.resolve(AbstractAddressResolver.java:106)
		at io.netty.bootstrap.Bootstrap.doResolveAndConnect0(Bootstrap.java:220)
		at io.netty.bootstrap.Bootstrap.access$000(Bootstrap.java:47)
		at io.netty.bootstrap.Bootstrap$1.operationComplete(Bootstrap.java:189)
		at io.netty.bootstrap.Bootstrap$1.operationComplete(Bootstrap.java:175)
		at io.netty.util.concurrent.DefaultPromise.notifyListener0(DefaultPromise.java:603)
		at io.netty.util.concurrent.DefaultPromise.notifyListenersNow(DefaultPromise.java:570)
		at io.netty.util.concurrent.DefaultPromise.notifyListeners(DefaultPromise.java:505)
		at io.netty.util.concurrent.DefaultPromise.setValue0(DefaultPromise.java:649)
		at io.netty.util.concurrent.DefaultPromise.setSuccess0(DefaultPromise.java:638)
		at io.netty.util.concurrent.DefaultPromise.trySuccess(DefaultPromise.java:118)
		at io.netty.channel.DefaultChannelPromise.trySuccess(DefaultChannelPromise.java:84)
		at io.netty.channel.AbstractChannel$AbstractUnsafe.safeSetSuccess(AbstractChannel.java:988)
		at io.netty.channel.AbstractChannel$AbstractUnsafe.register0(AbstractChannel.java:515)
		at io.netty.channel.AbstractChannel$AbstractUnsafe.access$200(AbstractChannel.java:428)
		at io.netty.channel.AbstractChannel$AbstractUnsafe$1.run(AbstractChannel.java:485)
		at io.netty.util.concurrent.AbstractEventExecutor.runTask$$$capture(AbstractEventExecutor.java:173)
		at io.netty.util.concurrent.AbstractEventExecutor.runTask(AbstractEventExecutor.java)
		at io.netty.util.concurrent.AbstractEventExecutor.safeExecute$$$capture(AbstractEventExecutor.java:166)
		at io.netty.util.concurrent.AbstractEventExecutor.safeExecute(AbstractEventExecutor.java)
		at io.netty.util.concurrent.SingleThreadEventExecutor.runAllTasks(SingleThreadEventExecutor.java:472)
		at io.netty.channel.nio.NioEventLoop.run(NioEventLoop.java:569)
		at io.netty.util.concurrent.SingleThreadEventExecutor$4.run(SingleThreadEventExecutor.java:998)
		at io.netty.util.internal.ThreadExecutorMap$2.run(ThreadExecutorMap.java:74)
		at io.netty.util.concurrent.FastThreadLocalRunnable.run(FastThreadLocalRunnable.java:30)
		at java.base/java.lang.Thread.run(Thread.java:833)
2026-04-09 22:37:11.290 WARN  [HikariPool-1:housekeeper] com.zaxxer.hikari.pool.HikariPool - HikariPool-1 - Thread starvation or clock leap detected (housekeeper delta=12m40s991ms414µs500ns).
2026-04-09 22:37:11.307 WARN  [org.springframework.jms.JmsListenerEndpointContainer#0-1] o.s.j.l.DefaultMessageListenerContainer - Setup of JMS message listener invoker failed for destination 'hr.create.user.queue' - trying to recover. Cause: java.io.EOFException
2026-04-09 22:37:16.292 WARN  [HikariPool-1:housekeeper] com.zaxxer.hikari.pool.PoolBase - HikariPool-1 - Failed to validate connection oracle.jdbc.driver.T4CConnection@7ad2590f (ORA-17008: Closed connection
https://docs.oracle.com/error-help/db/ora-17008/). Possibly consider using a shorter maxLifetime value.
2026-04-09 22:37:28.083 WARN  [main] org.hibernate.orm.deprecation - HHH90000025: OracleDialect does not need to be specified explicitly using 'hibernate.dialect' (remove the property setting and it will be selected by default)
2026-04-09 22:37:30.171 WARN  [main] o.s.b.a.o.j.JpaBaseConfiguration$JpaWebConfiguration - spring.jpa.open-in-view is enabled by default. Therefore, database queries may be performed during view rendering. Explicitly configure spring.jpa.open-in-view to disable this warning
2026-04-09 22:37:32.591 WARN  [lettuce-nioEventLoop-6-1] io.lettuce.core.RedisClient - Cannot connect Redis Sentinel at redis://redis-sentinel.redis.svc.cluster.local:26379?timeout=500000000ns: java.util.concurrent.CompletionException: java.net.UnknownHostException: No such host is known (redis-sentinel.redis.svc.cluster.local)
2026-04-09 22:37:32.601 WARN  [boundedElastic-1] o.s.b.a.d.r.RedisReactiveHealthIndicator - Redis health check failed
org.springframework.data.redis.RedisConnectionFailureException: Unable to connect to Redis
	at org.springframework.data.redis.connection.lettuce.LettuceConnectionFactory$ExceptionTranslatingConnectionProvider.translateException(LettuceConnectionFactory.java:1858)
	Suppressed: reactor.core.publisher.FluxOnAssembly$OnAssemblyException: 
Assembly trace from producer [reactor.core.publisher.MonoSubscribeOnCallable] :
	reactor.core.publisher.Mono.subscribeOn(Mono.java:4625)
	org.springframework.boot.actuate.data.redis.RedisReactiveHealthIndicator.getConnection(RedisReactiveHealthIndicator.java:57)
Error has been observed at the following site(s):
	*__Mono.subscribeOn ⇢ at org.springframework.boot.actuate.data.redis.RedisReactiveHealthIndicator.getConnection(RedisReactiveHealthIndicator.java:57)
	|_     Mono.flatMap ⇢ at org.springframework.boot.actuate.data.redis.RedisReactiveHealthIndicator.doHealthCheck(RedisReactiveHealthIndicator.java:52)
Original Stack Trace:
		at org.springframework.data.redis.connection.lettuce.LettuceConnectionFactory$ExceptionTranslatingConnectionProvider.translateException(LettuceConnectionFactory.java:1858)
		at org.springframework.data.redis.connection.lettuce.LettuceConnectionFactory$ExceptionTranslatingConnectionProvider.getConnection(LettuceConnectionFactory.java:1789)
		at org.springframework.data.redis.connection.lettuce.LettuceConnectionFactory$SharedConnection.getNativeConnection(LettuceConnectionFactory.java:1586)
		at org.springframework.data.redis.connection.lettuce.LettuceConnectionFactory$SharedConnection.lambda$getConnection$0(LettuceConnectionFactory.java:1566)
		at org.springframework.data.redis.connection.lettuce.LettuceConnectionFactory.doInLock(LettuceConnectionFactory.java:1527)
		at org.springframework.data.redis.connection.lettuce.LettuceConnectionFactory$SharedConnection.getConnection(LettuceConnectionFactory.java:1563)
		at org.springframework.data.redis.connection.lettuce.LettuceConnectionFactory.getSharedReactiveConnection(LettuceConnectionFactory.java:1274)
		at org.springframework.data.redis.connection.lettuce.LettuceConnectionFactory.getReactiveConnection(LettuceConnectionFactory.java:1149)
		at org.springframework.data.redis.connection.lettuce.LettuceConnectionFactory.getReactiveConnection(LettuceConnectionFactory.java:120)
		at reactor.core.publisher.MonoSupplier.call(MonoSupplier.java:67)
		at reactor.core.publisher.FluxSubscribeOnCallable$CallableSubscribeOnSubscription.run(FluxSubscribeOnCallable.java:228)
		at reactor.core.scheduler.SchedulerTask.call(SchedulerTask.java:68)
		at reactor.core.scheduler.SchedulerTask.call(SchedulerTask.java:28)
		at java.base/java.util.concurrent.FutureTask.run$$$capture(FutureTask.java:264)
		at java.base/java.util.concurrent.FutureTask.run(FutureTask.java)
		at java.base/java.util.concurrent.ScheduledThreadPoolExecutor$ScheduledFutureTask.run(ScheduledThreadPoolExecutor.java:304)
		at java.base/java.util.concurrent.ThreadPoolExecutor.runWorker(ThreadPoolExecutor.java:1136)
		at java.base/java.util.concurrent.ThreadPoolExecutor$Worker.run(ThreadPoolExecutor.java:635)
		at java.base/java.lang.Thread.run(Thread.java:833)
Caused by: org.springframework.data.redis.connection.PoolException: Could not prepare the pool
	at org.springframework.data.redis.connection.lettuce.LettucePoolingConnectionProvider.lambda$getConnection$1(LettucePoolingConnectionProvider.java:101)
	at java.base/java.util.concurrent.ConcurrentHashMap.computeIfAbsent(ConcurrentHashMap.java:1708)
	at org.springframework.data.redis.connection.lettuce.LettucePoolingConnectionProvider.getConnection(LettucePoolingConnectionProvider.java:93)
	at org.springframework.data.redis.connection.lettuce.LettuceConnectionFactory$ExceptionTranslatingConnectionProvider.getConnection(LettuceConnectionFactory.java:1787)
	at org.springframework.data.redis.connection.lettuce.LettuceConnectionFactory$SharedConnection.getNativeConnection(LettuceConnectionFactory.java:1586)
	at org.springframework.data.redis.connection.lettuce.LettuceConnectionFactory$SharedConnection.lambda$getConnection$0(LettuceConnectionFactory.java:1566)
	at org.springframework.data.redis.connection.lettuce.LettuceConnectionFactory.doInLock(LettuceConnectionFactory.java:1527)
	at org.springframework.data.redis.connection.lettuce.LettuceConnectionFactory$SharedConnection.getConnection(LettuceConnectionFactory.java:1563)
	at org.springframework.data.redis.connection.lettuce.LettuceConnectionFactory.getSharedReactiveConnection(LettuceConnectionFactory.java:1274)
	at org.springframework.data.redis.connection.lettuce.LettuceConnectionFactory.getReactiveConnection(LettuceConnectionFactory.java:1149)
	at org.springframework.data.redis.connection.lettuce.LettuceConnectionFactory.getReactiveConnection(LettuceConnectionFactory.java:120)
	at reactor.core.publisher.MonoSupplier.call(MonoSupplier.java:67)
	at reactor.core.publisher.MonoCallableOnAssembly.call(MonoCallableOnAssembly.java:91)
	at reactor.core.publisher.FluxSubscribeOnCallable$CallableSubscribeOnSubscription.run(FluxSubscribeOnCallable.java:228)
	at reactor.core.scheduler.SchedulerTask.call(SchedulerTask.java:68)
	at reactor.core.scheduler.SchedulerTask.call(SchedulerTask.java:28)
	at java.base/java.util.concurrent.FutureTask.run$$$capture(FutureTask.java:264)
	at java.base/java.util.concurrent.FutureTask.run(FutureTask.java)
	at java.base/java.util.concurrent.ScheduledThreadPoolExecutor$ScheduledFutureTask.run(ScheduledThreadPoolExecutor.java:304)
	at java.base/java.util.concurrent.ThreadPoolExecutor.runWorker(ThreadPoolExecutor.java:1136)
	at java.base/java.util.concurrent.ThreadPoolExecutor$Worker.run(ThreadPoolExecutor.java:635)
	at java.base/java.lang.Thread.run(Thread.java:833)
Caused by: io.lettuce.core.RedisConnectionException: Cannot connect to a Redis Sentinel: [redis://redis-sentinel.redis.svc.cluster.local:26379?timeout=500000000ns]
	at io.lettuce.core.RedisConnectionException.create(RedisConnectionException.java:57)
	at io.lettuce.core.RedisConnectionException.create(RedisConnectionException.java:41)
	at io.lettuce.core.AbstractRedisClient.getConnection(AbstractRedisClient.java:354)
	at io.lettuce.core.RedisClient.connect(RedisClient.java:220)
	at org.springframework.data.redis.connection.lettuce.StandaloneConnectionProvider.lambda$getConnection$1(StandaloneConnectionProvider.java:112)
	at java.base/java.util.Optional.orElseGet(Optional.java:364)
	at org.springframework.data.redis.connection.lettuce.StandaloneConnectionProvider.getConnection(StandaloneConnectionProvider.java:112)
	at org.springframework.data.redis.connection.lettuce.LettucePoolingConnectionProvider.lambda$getConnection$0(LettucePoolingConnectionProvider.java:96)
	at io.lettuce.core.support.ConnectionPoolSupport$RedisPooledObjectFactory.create(ConnectionPoolSupport.java:270)
	at io.lettuce.core.support.ConnectionPoolSupport$RedisPooledObjectFactory.create(ConnectionPoolSupport.java:257)
	at org.apache.commons.pool2.BasePooledObjectFactory.makeObject(BasePooledObjectFactory.java:68)
	at org.apache.commons.pool2.impl.GenericObjectPool.create(GenericObjectPool.java:557)
	at org.apache.commons.pool2.impl.GenericObjectPool.ensureIdle(GenericObjectPool.java:630)
	at org.apache.commons.pool2.impl.GenericObjectPool.ensureMinIdle(GenericObjectPool.java:652)
	at org.apache.commons.pool2.impl.GenericObjectPool.preparePool(GenericObjectPool.java:970)
	at org.springframework.data.redis.connection.lettuce.LettucePoolingConnectionProvider.lambda$getConnection$1(LettucePoolingConnectionProvider.java:99)
	... 21 common frames omitted
Caused by: io.lettuce.core.RedisConnectionException: Cannot connect Redis Sentinel at redis://redis-sentinel.redis.svc.cluster.local:26379?timeout=500000000ns
	at io.lettuce.core.RedisClient.lambda$connectSentinelAsync$6(RedisClient.java:533)
	Suppressed: reactor.core.publisher.FluxOnAssembly$OnAssemblyException: 
Assembly trace from producer [reactor.core.publisher.MonoError] :

Error has been observed at the following site(s):
	*__Mono.onErrorMap ⇢ at io.lettuce.core.RedisClient.connectSentinelAsync(RedisClient.java:533)
	|_  Mono.doOnError ⇢ at io.lettuce.core.RedisClient.connectSentinelAsync(RedisClient.java:534)
Original Stack Trace:
		at io.lettuce.core.RedisClient.lambda$connectSentinelAsync$6(RedisClient.java:533)
		at reactor.core.publisher.Mono.lambda$onErrorMap$29(Mono.java:3862)
		at reactor.core.publisher.FluxOnErrorResume$ResumeSubscriber.onError(FluxOnErrorResume.java:94)
		at reactor.core.publisher.FluxOnErrorResume$ResumeSubscriber.onError(FluxOnErrorResume.java:106)
		at reactor.core.publisher.Operators.error(Operators.java:198)
		at reactor.core.publisher.MonoError.subscribe(MonoError.java:53)
		at reactor.core.publisher.Mono.subscribe(Mono.java:4576)
		at reactor.core.publisher.FluxOnErrorResume$ResumeSubscriber.onError(FluxOnErrorResume.java:103)
		at reactor.core.publisher.MonoCompletionStage$MonoCompletionStageSubscription.apply(MonoCompletionStage.java:115)
		at reactor.core.publisher.MonoCompletionStage$MonoCompletionStageSubscription.apply(MonoCompletionStage.java:67)
		at java.base/java.util.concurrent.CompletableFuture.uniHandle(CompletableFuture.java:934)
		at java.base/java.util.concurrent.CompletableFuture$UniHandle.tryFire(CompletableFuture.java:911)
		at java.base/java.util.concurrent.CompletableFuture.postComplete(CompletableFuture.java:510)
		at java.base/java.util.concurrent.CompletableFuture.completeExceptionally(CompletableFuture.java:2162)
		at io.lettuce.core.AbstractRedisClient.lambda$initializeChannelAsync0$6(AbstractRedisClient.java:458)
		at io.netty.util.concurrent.DefaultPromise.notifyListener0(DefaultPromise.java:603)
		at io.netty.util.concurrent.DefaultPromise.notifyListenersNow(DefaultPromise.java:570)
		at io.netty.util.concurrent.DefaultPromise.notifyListeners(DefaultPromise.java:505)
		at io.netty.util.concurrent.DefaultPromise.setValue0(DefaultPromise.java:649)
		at io.netty.util.concurrent.DefaultPromise.setFailure0(DefaultPromise.java:642)
		at io.netty.util.concurrent.DefaultPromise.setFailure(DefaultPromise.java:123)
		at io.netty.channel.DefaultChannelPromise.setFailure(DefaultChannelPromise.java:89)
		at io.netty.bootstrap.Bootstrap.doResolveAndConnect0(Bootstrap.java:228)
		at io.netty.bootstrap.Bootstrap.access$000(Bootstrap.java:47)
		at io.netty.bootstrap.Bootstrap$1.operationComplete(Bootstrap.java:189)
		at io.netty.bootstrap.Bootstrap$1.operationComplete(Bootstrap.java:175)
		at io.netty.util.concurrent.DefaultPromise.notifyListener0(DefaultPromise.java:603)
		at io.netty.util.concurrent.DefaultPromise.notifyListenersNow(DefaultPromise.java:570)
		at io.netty.util.concurrent.DefaultPromise.notifyListeners(DefaultPromise.java:505)
		at io.netty.util.concurrent.DefaultPromise.setValue0(DefaultPromise.java:649)
		at io.netty.util.concurrent.DefaultPromise.setSuccess0(DefaultPromise.java:638)
		at io.netty.util.concurrent.DefaultPromise.trySuccess(DefaultPromise.java:118)
		at io.netty.channel.DefaultChannelPromise.trySuccess(DefaultChannelPromise.java:84)
		at io.netty.channel.AbstractChannel$AbstractUnsafe.safeSetSuccess(AbstractChannel.java:988)
		at io.netty.channel.AbstractChannel$AbstractUnsafe.register0(AbstractChannel.java:515)
		at io.netty.channel.AbstractChannel$AbstractUnsafe.access$200(AbstractChannel.java:428)
		at io.netty.channel.AbstractChannel$AbstractUnsafe$1.run(AbstractChannel.java:485)
		at io.netty.util.concurrent.AbstractEventExecutor.runTask$$$capture(AbstractEventExecutor.java:173)
		at io.netty.util.concurrent.AbstractEventExecutor.runTask(AbstractEventExecutor.java)
		at io.netty.util.concurrent.AbstractEventExecutor.safeExecute$$$capture(AbstractEventExecutor.java:166)
		at io.netty.util.concurrent.AbstractEventExecutor.safeExecute(AbstractEventExecutor.java)
		at io.netty.util.concurrent.SingleThreadEventExecutor.runAllTasks(SingleThreadEventExecutor.java:472)
		at io.netty.channel.nio.NioEventLoop.run(NioEventLoop.java:569)
		at io.netty.util.concurrent.SingleThreadEventExecutor$4.run(SingleThreadEventExecutor.java:998)
		at io.netty.util.internal.ThreadExecutorMap$2.run(ThreadExecutorMap.java:74)
		at io.netty.util.concurrent.FastThreadLocalRunnable.run(FastThreadLocalRunnable.java:30)
		at java.base/java.lang.Thread.run(Thread.java:833)
Caused by: java.net.UnknownHostException: No such host is known (redis-sentinel.redis.svc.cluster.local)
	at java.base/java.net.Inet6AddressImpl.lookupAllHostAddr(Native Method)
	Suppressed: reactor.core.publisher.FluxOnAssembly$OnAssemblyException: 
Assembly trace from producer [reactor.core.publisher.MonoCompletionStage] :
	reactor.core.publisher.Mono.toFuture(Mono.java:5153)
	io.lettuce.core.RedisClient.connectSentinelAsync(RedisClient.java:562)
Error has been observed at the following site(s):
	*______________________________________________Mono.toFuture ⇢ at io.lettuce.core.RedisClient.connectSentinelAsync(RedisClient.java:562)
	*___________________________________Mono.fromCompletionStage ⇢ at io.lettuce.core.RedisClient.connectSentinelAsync(RedisClient.java:531)
	|_                                           Mono.onErrorMap ⇢ at io.lettuce.core.RedisClient.connectSentinelAsync(RedisClient.java:532)
	*__MonoCompletionStage$MonoCompletionStageSubscription.apply ⇢ at java.base/java.util.concurrent.CompletableFuture.uniHandle(CompletableFuture.java:934)
Original Stack Trace:
		at java.base/java.net.Inet6AddressImpl.lookupAllHostAddr(Native Method)
		at java.base/java.net.Inet6AddressImpl.lookupAllHostAddr(Inet6AddressImpl.java:52)
		at java.base/java.net.InetAddress$PlatformResolver.lookupByName(InetAddress.java:1048)
		at java.base/java.net.InetAddress.getAddressesFromNameService(InetAddress.java:1648)
		at java.base/java.net.InetAddress$NameServiceAddresses.get(InetAddress.java:997)
		at java.base/java.net.InetAddress.getAllByName0(InetAddress.java:1638)
		at java.base/java.net.InetAddress.getAllByName(InetAddress.java:1504)
		at java.base/java.net.InetAddress.getByName(InetAddress.java:1393)
		at io.netty.util.internal.SocketUtils$8.run(SocketUtils.java:156)
		at io.netty.util.internal.SocketUtils$8.run(SocketUtils.java:153)
		at java.base/java.security.AccessController.doPrivileged(AccessController.java:569)
		at io.netty.util.internal.SocketUtils.addressByName(SocketUtils.java:153)
		at io.netty.resolver.DefaultNameResolver.doResolve(DefaultNameResolver.java:41)
		at io.netty.resolver.SimpleNameResolver.resolve(SimpleNameResolver.java:61)
		at io.netty.resolver.SimpleNameResolver.resolve(SimpleNameResolver.java:53)
		at io.netty.resolver.InetSocketAddressResolver.doResolve(InetSocketAddressResolver.java:55)
		at io.netty.resolver.InetSocketAddressResolver.doResolve(InetSocketAddressResolver.java:31)
		at io.netty.resolver.AbstractAddressResolver.resolve(AbstractAddressResolver.java:106)
		at io.netty.bootstrap.Bootstrap.doResolveAndConnect0(Bootstrap.java:220)
		at io.netty.bootstrap.Bootstrap.access$000(Bootstrap.java:47)
		at io.netty.bootstrap.Bootstrap$1.operationComplete(Bootstrap.java:189)
		at io.netty.bootstrap.Bootstrap$1.operationComplete(Bootstrap.java:175)
		at io.netty.util.concurrent.DefaultPromise.notifyListener0(DefaultPromise.java:603)
		at io.netty.util.concurrent.DefaultPromise.notifyListenersNow(DefaultPromise.java:570)
		at io.netty.util.concurrent.DefaultPromise.notifyListeners(DefaultPromise.java:505)
		at io.netty.util.concurrent.DefaultPromise.setValue0(DefaultPromise.java:649)
		at io.netty.util.concurrent.DefaultPromise.setSuccess0(DefaultPromise.java:638)
		at io.netty.util.concurrent.DefaultPromise.trySuccess(DefaultPromise.java:118)
		at io.netty.channel.DefaultChannelPromise.trySuccess(DefaultChannelPromise.java:84)
		at io.netty.channel.AbstractChannel$AbstractUnsafe.safeSetSuccess(AbstractChannel.java:988)
		at io.netty.channel.AbstractChannel$AbstractUnsafe.register0(AbstractChannel.java:515)
		at io.netty.channel.AbstractChannel$AbstractUnsafe.access$200(AbstractChannel.java:428)
		at io.netty.channel.AbstractChannel$AbstractUnsafe$1.run(AbstractChannel.java:485)
		at io.netty.util.concurrent.AbstractEventExecutor.runTask$$$capture(AbstractEventExecutor.java:173)
		at io.netty.util.concurrent.AbstractEventExecutor.runTask(AbstractEventExecutor.java)
		at io.netty.util.concurrent.AbstractEventExecutor.safeExecute$$$capture(AbstractEventExecutor.java:166)
		at io.netty.util.concurrent.AbstractEventExecutor.safeExecute(AbstractEventExecutor.java)
		at io.netty.util.concurrent.SingleThreadEventExecutor.runAllTasks(SingleThreadEventExecutor.java:472)
		at io.netty.channel.nio.NioEventLoop.run(NioEventLoop.java:569)
		at io.netty.util.concurrent.SingleThreadEventExecutor$4.run(SingleThreadEventExecutor.java:998)
		at io.netty.util.internal.ThreadExecutorMap$2.run(ThreadExecutorMap.java:74)
		at io.netty.util.concurrent.FastThreadLocalRunnable.run(FastThreadLocalRunnable.java:30)
		at java.base/java.lang.Thread.run(Thread.java:833)
2026-04-09 22:48:09.964 WARN  [HikariPool-1:housekeeper] com.zaxxer.hikari.pool.HikariPool - HikariPool-1 - Thread starvation or clock leap detected (housekeeper delta=9m42s325ms83µs900ns).
2026-04-09 22:48:09.977 WARN  [org.springframework.jms.JmsListenerEndpointContainer#0-1] o.s.j.l.DefaultMessageListenerContainer - Setup of JMS message listener invoker failed for destination 'hr.create.user.queue' - trying to recover. Cause: java.io.EOFException
2026-04-09 22:48:14.966 WARN  [HikariPool-1:housekeeper] com.zaxxer.hikari.pool.PoolBase - HikariPool-1 - Failed to validate connection oracle.jdbc.driver.T4CConnection@6e296cf2 (ORA-17008: Closed connection
https://docs.oracle.com/error-help/db/ora-17008/). Possibly consider using a shorter maxLifetime value.
2026-04-09 22:49:28.187 WARN  [main] org.hibernate.orm.deprecation - HHH90000025: OracleDialect does not need to be specified explicitly using 'hibernate.dialect' (remove the property setting and it will be selected by default)
2026-04-09 22:49:30.414 WARN  [main] o.s.b.a.o.j.JpaBaseConfiguration$JpaWebConfiguration - spring.jpa.open-in-view is enabled by default. Therefore, database queries may be performed during view rendering. Explicitly configure spring.jpa.open-in-view to disable this warning
2026-04-09 22:49:54.777 WARN  [lettuce-nioEventLoop-6-1] io.lettuce.core.RedisClient - Cannot connect Redis Sentinel at redis://redis-sentinel.redis.svc.cluster.local:26379?timeout=500000000ns: java.util.concurrent.CompletionException: java.net.UnknownHostException: No such host is known (redis-sentinel.redis.svc.cluster.local)
2026-04-09 22:49:54.788 WARN  [boundedElastic-1] o.s.b.a.d.r.RedisReactiveHealthIndicator - Redis health check failed
org.springframework.data.redis.RedisConnectionFailureException: Unable to connect to Redis
	at org.springframework.data.redis.connection.lettuce.LettuceConnectionFactory$ExceptionTranslatingConnectionProvider.translateException(LettuceConnectionFactory.java:1858)
	Suppressed: reactor.core.publisher.FluxOnAssembly$OnAssemblyException: 
Assembly trace from producer [reactor.core.publisher.MonoSubscribeOnCallable] :
	reactor.core.publisher.Mono.subscribeOn(Mono.java:4625)
	org.springframework.boot.actuate.data.redis.RedisReactiveHealthIndicator.getConnection(RedisReactiveHealthIndicator.java:57)
Error has been observed at the following site(s):
	*__Mono.subscribeOn ⇢ at org.springframework.boot.actuate.data.redis.RedisReactiveHealthIndicator.getConnection(RedisReactiveHealthIndicator.java:57)
	|_     Mono.flatMap ⇢ at org.springframework.boot.actuate.data.redis.RedisReactiveHealthIndicator.doHealthCheck(RedisReactiveHealthIndicator.java:52)
Original Stack Trace:
		at org.springframework.data.redis.connection.lettuce.LettuceConnectionFactory$ExceptionTranslatingConnectionProvider.translateException(LettuceConnectionFactory.java:1858)
		at org.springframework.data.redis.connection.lettuce.LettuceConnectionFactory$ExceptionTranslatingConnectionProvider.getConnection(LettuceConnectionFactory.java:1789)
		at org.springframework.data.redis.connection.lettuce.LettuceConnectionFactory$SharedConnection.getNativeConnection(LettuceConnectionFactory.java:1586)
		at org.springframework.data.redis.connection.lettuce.LettuceConnectionFactory$SharedConnection.lambda$getConnection$0(LettuceConnectionFactory.java:1566)
		at org.springframework.data.redis.connection.lettuce.LettuceConnectionFactory.doInLock(LettuceConnectionFactory.java:1527)
		at org.springframework.data.redis.connection.lettuce.LettuceConnectionFactory$SharedConnection.getConnection(LettuceConnectionFactory.java:1563)
		at org.springframework.data.redis.connection.lettuce.LettuceConnectionFactory.getSharedReactiveConnection(LettuceConnectionFactory.java:1274)
		at org.springframework.data.redis.connection.lettuce.LettuceConnectionFactory.getReactiveConnection(LettuceConnectionFactory.java:1149)
		at org.springframework.data.redis.connection.lettuce.LettuceConnectionFactory.getReactiveConnection(LettuceConnectionFactory.java:120)
		at reactor.core.publisher.MonoSupplier.call(MonoSupplier.java:67)
		at reactor.core.publisher.FluxSubscribeOnCallable$CallableSubscribeOnSubscription.run(FluxSubscribeOnCallable.java:228)
		at reactor.core.scheduler.SchedulerTask.call(SchedulerTask.java:68)
		at reactor.core.scheduler.SchedulerTask.call(SchedulerTask.java:28)
		at java.base/java.util.concurrent.FutureTask.run$$$capture(FutureTask.java:264)
		at java.base/java.util.concurrent.FutureTask.run(FutureTask.java)
		at java.base/java.util.concurrent.ScheduledThreadPoolExecutor$ScheduledFutureTask.run(ScheduledThreadPoolExecutor.java:304)
		at java.base/java.util.concurrent.ThreadPoolExecutor.runWorker(ThreadPoolExecutor.java:1136)
		at java.base/java.util.concurrent.ThreadPoolExecutor$Worker.run(ThreadPoolExecutor.java:635)
		at java.base/java.lang.Thread.run(Thread.java:833)
Caused by: org.springframework.data.redis.connection.PoolException: Could not prepare the pool
	at org.springframework.data.redis.connection.lettuce.LettucePoolingConnectionProvider.lambda$getConnection$1(LettucePoolingConnectionProvider.java:101)
	at java.base/java.util.concurrent.ConcurrentHashMap.computeIfAbsent(ConcurrentHashMap.java:1708)
	at org.springframework.data.redis.connection.lettuce.LettucePoolingConnectionProvider.getConnection(LettucePoolingConnectionProvider.java:93)
	at org.springframework.data.redis.connection.lettuce.LettuceConnectionFactory$ExceptionTranslatingConnectionProvider.getConnection(LettuceConnectionFactory.java:1787)
	at org.springframework.data.redis.connection.lettuce.LettuceConnectionFactory$SharedConnection.getNativeConnection(LettuceConnectionFactory.java:1586)
	at org.springframework.data.redis.connection.lettuce.LettuceConnectionFactory$SharedConnection.lambda$getConnection$0(LettuceConnectionFactory.java:1566)
	at org.springframework.data.redis.connection.lettuce.LettuceConnectionFactory.doInLock(LettuceConnectionFactory.java:1527)
	at org.springframework.data.redis.connection.lettuce.LettuceConnectionFactory$SharedConnection.getConnection(LettuceConnectionFactory.java:1563)
	at org.springframework.data.redis.connection.lettuce.LettuceConnectionFactory.getSharedReactiveConnection(LettuceConnectionFactory.java:1274)
	at org.springframework.data.redis.connection.lettuce.LettuceConnectionFactory.getReactiveConnection(LettuceConnectionFactory.java:1149)
	at org.springframework.data.redis.connection.lettuce.LettuceConnectionFactory.getReactiveConnection(LettuceConnectionFactory.java:120)
	at reactor.core.publisher.MonoSupplier.call(MonoSupplier.java:67)
	at reactor.core.publisher.MonoCallableOnAssembly.call(MonoCallableOnAssembly.java:91)
	at reactor.core.publisher.FluxSubscribeOnCallable$CallableSubscribeOnSubscription.run(FluxSubscribeOnCallable.java:228)
	at reactor.core.scheduler.SchedulerTask.call(SchedulerTask.java:68)
	at reactor.core.scheduler.SchedulerTask.call(SchedulerTask.java:28)
	at java.base/java.util.concurrent.FutureTask.run$$$capture(FutureTask.java:264)
	at java.base/java.util.concurrent.FutureTask.run(FutureTask.java)
	at java.base/java.util.concurrent.ScheduledThreadPoolExecutor$ScheduledFutureTask.run(ScheduledThreadPoolExecutor.java:304)
	at java.base/java.util.concurrent.ThreadPoolExecutor.runWorker(ThreadPoolExecutor.java:1136)
	at java.base/java.util.concurrent.ThreadPoolExecutor$Worker.run(ThreadPoolExecutor.java:635)
	at java.base/java.lang.Thread.run(Thread.java:833)
Caused by: io.lettuce.core.RedisConnectionException: Cannot connect to a Redis Sentinel: [redis://redis-sentinel.redis.svc.cluster.local:26379?timeout=500000000ns]
	at io.lettuce.core.RedisConnectionException.create(RedisConnectionException.java:57)
	at io.lettuce.core.RedisConnectionException.create(RedisConnectionException.java:41)
	at io.lettuce.core.AbstractRedisClient.getConnection(AbstractRedisClient.java:354)
	at io.lettuce.core.RedisClient.connect(RedisClient.java:220)
	at org.springframework.data.redis.connection.lettuce.StandaloneConnectionProvider.lambda$getConnection$1(StandaloneConnectionProvider.java:112)
	at java.base/java.util.Optional.orElseGet(Optional.java:364)
	at org.springframework.data.redis.connection.lettuce.StandaloneConnectionProvider.getConnection(StandaloneConnectionProvider.java:112)
	at org.springframework.data.redis.connection.lettuce.LettucePoolingConnectionProvider.lambda$getConnection$0(LettucePoolingConnectionProvider.java:96)
	at io.lettuce.core.support.ConnectionPoolSupport$RedisPooledObjectFactory.create(ConnectionPoolSupport.java:270)
	at io.lettuce.core.support.ConnectionPoolSupport$RedisPooledObjectFactory.create(ConnectionPoolSupport.java:257)
	at org.apache.commons.pool2.BasePooledObjectFactory.makeObject(BasePooledObjectFactory.java:68)
	at org.apache.commons.pool2.impl.GenericObjectPool.create(GenericObjectPool.java:557)
	at org.apache.commons.pool2.impl.GenericObjectPool.ensureIdle(GenericObjectPool.java:630)
	at org.apache.commons.pool2.impl.GenericObjectPool.ensureMinIdle(GenericObjectPool.java:652)
	at org.apache.commons.pool2.impl.GenericObjectPool.preparePool(GenericObjectPool.java:970)
	at org.springframework.data.redis.connection.lettuce.LettucePoolingConnectionProvider.lambda$getConnection$1(LettucePoolingConnectionProvider.java:99)
	... 21 common frames omitted
Caused by: io.lettuce.core.RedisConnectionException: Cannot connect Redis Sentinel at redis://redis-sentinel.redis.svc.cluster.local:26379?timeout=500000000ns
	at io.lettuce.core.RedisClient.lambda$connectSentinelAsync$6(RedisClient.java:533)
	Suppressed: reactor.core.publisher.FluxOnAssembly$OnAssemblyException: 
Assembly trace from producer [reactor.core.publisher.MonoError] :

Error has been observed at the following site(s):
	*__Mono.onErrorMap ⇢ at io.lettuce.core.RedisClient.connectSentinelAsync(RedisClient.java:533)
	|_  Mono.doOnError ⇢ at io.lettuce.core.RedisClient.connectSentinelAsync(RedisClient.java:534)
Original Stack Trace:
		at io.lettuce.core.RedisClient.lambda$connectSentinelAsync$6(RedisClient.java:533)
		at reactor.core.publisher.Mono.lambda$onErrorMap$29(Mono.java:3862)
		at reactor.core.publisher.FluxOnErrorResume$ResumeSubscriber.onError(FluxOnErrorResume.java:94)
		at reactor.core.publisher.FluxOnErrorResume$ResumeSubscriber.onError(FluxOnErrorResume.java:106)
		at reactor.core.publisher.Operators.error(Operators.java:198)
		at reactor.core.publisher.MonoError.subscribe(MonoError.java:53)
		at reactor.core.publisher.Mono.subscribe(Mono.java:4576)
		at reactor.core.publisher.FluxOnErrorResume$ResumeSubscriber.onError(FluxOnErrorResume.java:103)
		at reactor.core.publisher.MonoCompletionStage$MonoCompletionStageSubscription.apply(MonoCompletionStage.java:115)
		at reactor.core.publisher.MonoCompletionStage$MonoCompletionStageSubscription.apply(MonoCompletionStage.java:67)
		at java.base/java.util.concurrent.CompletableFuture.uniHandle(CompletableFuture.java:934)
		at java.base/java.util.concurrent.CompletableFuture$UniHandle.tryFire(CompletableFuture.java:911)
		at java.base/java.util.concurrent.CompletableFuture.postComplete(CompletableFuture.java:510)
		at java.base/java.util.concurrent.CompletableFuture.completeExceptionally(CompletableFuture.java:2162)
		at io.lettuce.core.AbstractRedisClient.lambda$initializeChannelAsync0$6(AbstractRedisClient.java:458)
		at io.netty.util.concurrent.DefaultPromise.notifyListener0(DefaultPromise.java:603)
		at io.netty.util.concurrent.DefaultPromise.notifyListenersNow(DefaultPromise.java:570)
		at io.netty.util.concurrent.DefaultPromise.notifyListeners(DefaultPromise.java:505)
		at io.netty.util.concurrent.DefaultPromise.setValue0(DefaultPromise.java:649)
		at io.netty.util.concurrent.DefaultPromise.setFailure0(DefaultPromise.java:642)
		at io.netty.util.concurrent.DefaultPromise.setFailure(DefaultPromise.java:123)
		at io.netty.channel.DefaultChannelPromise.setFailure(DefaultChannelPromise.java:89)
		at io.netty.bootstrap.Bootstrap.doResolveAndConnect0(Bootstrap.java:228)
		at io.netty.bootstrap.Bootstrap.access$000(Bootstrap.java:47)
		at io.netty.bootstrap.Bootstrap$1.operationComplete(Bootstrap.java:189)
		at io.netty.bootstrap.Bootstrap$1.operationComplete(Bootstrap.java:175)
		at io.netty.util.concurrent.DefaultPromise.notifyListener0(DefaultPromise.java:603)
		at io.netty.util.concurrent.DefaultPromise.notifyListenersNow(DefaultPromise.java:570)
		at io.netty.util.concurrent.DefaultPromise.notifyListeners(DefaultPromise.java:505)
		at io.netty.util.concurrent.DefaultPromise.setValue0(DefaultPromise.java:649)
		at io.netty.util.concurrent.DefaultPromise.setSuccess0(DefaultPromise.java:638)
		at io.netty.util.concurrent.DefaultPromise.trySuccess(DefaultPromise.java:118)
		at io.netty.channel.DefaultChannelPromise.trySuccess(DefaultChannelPromise.java:84)
		at io.netty.channel.AbstractChannel$AbstractUnsafe.safeSetSuccess(AbstractChannel.java:988)
		at io.netty.channel.AbstractChannel$AbstractUnsafe.register0(AbstractChannel.java:515)
		at io.netty.channel.AbstractChannel$AbstractUnsafe.access$200(AbstractChannel.java:428)
		at io.netty.channel.AbstractChannel$AbstractUnsafe$1.run(AbstractChannel.java:485)
		at io.netty.util.concurrent.AbstractEventExecutor.runTask$$$capture(AbstractEventExecutor.java:173)
		at io.netty.util.concurrent.AbstractEventExecutor.runTask(AbstractEventExecutor.java)
		at io.netty.util.concurrent.AbstractEventExecutor.safeExecute$$$capture(AbstractEventExecutor.java:166)
		at io.netty.util.concurrent.AbstractEventExecutor.safeExecute(AbstractEventExecutor.java)
		at io.netty.util.concurrent.SingleThreadEventExecutor.runAllTasks(SingleThreadEventExecutor.java:472)
		at io.netty.channel.nio.NioEventLoop.run(NioEventLoop.java:569)
		at io.netty.util.concurrent.SingleThreadEventExecutor$4.run(SingleThreadEventExecutor.java:998)
		at io.netty.util.internal.ThreadExecutorMap$2.run(ThreadExecutorMap.java:74)
		at io.netty.util.concurrent.FastThreadLocalRunnable.run(FastThreadLocalRunnable.java:30)
		at java.base/java.lang.Thread.run(Thread.java:833)
Caused by: java.net.UnknownHostException: No such host is known (redis-sentinel.redis.svc.cluster.local)
	at java.base/java.net.Inet6AddressImpl.lookupAllHostAddr(Native Method)
	Suppressed: reactor.core.publisher.FluxOnAssembly$OnAssemblyException: 
Assembly trace from producer [reactor.core.publisher.MonoCompletionStage] :
	reactor.core.publisher.Mono.toFuture(Mono.java:5153)
	io.lettuce.core.RedisClient.connectSentinelAsync(RedisClient.java:562)
Error has been observed at the following site(s):
	*______________________________________________Mono.toFuture ⇢ at io.lettuce.core.RedisClient.connectSentinelAsync(RedisClient.java:562)
	*___________________________________Mono.fromCompletionStage ⇢ at io.lettuce.core.RedisClient.connectSentinelAsync(RedisClient.java:531)
	|_                                           Mono.onErrorMap ⇢ at io.lettuce.core.RedisClient.connectSentinelAsync(RedisClient.java:532)
	*__MonoCompletionStage$MonoCompletionStageSubscription.apply ⇢ at java.base/java.util.concurrent.CompletableFuture.uniHandle(CompletableFuture.java:934)
Original Stack Trace:
		at java.base/java.net.Inet6AddressImpl.lookupAllHostAddr(Native Method)
		at java.base/java.net.Inet6AddressImpl.lookupAllHostAddr(Inet6AddressImpl.java:52)
		at java.base/java.net.InetAddress$PlatformResolver.lookupByName(InetAddress.java:1048)
		at java.base/java.net.InetAddress.getAddressesFromNameService(InetAddress.java:1648)
		at java.base/java.net.InetAddress$NameServiceAddresses.get(InetAddress.java:997)
		at java.base/java.net.InetAddress.getAllByName0(InetAddress.java:1638)
		at java.base/java.net.InetAddress.getAllByName(InetAddress.java:1504)
		at java.base/java.net.InetAddress.getByName(InetAddress.java:1393)
		at io.netty.util.internal.SocketUtils$8.run(SocketUtils.java:156)
		at io.netty.util.internal.SocketUtils$8.run(SocketUtils.java:153)
		at java.base/java.security.AccessController.doPrivileged(AccessController.java:569)
		at io.netty.util.internal.SocketUtils.addressByName(SocketUtils.java:153)
		at io.netty.resolver.DefaultNameResolver.doResolve(DefaultNameResolver.java:41)
		at io.netty.resolver.SimpleNameResolver.resolve(SimpleNameResolver.java:61)
		at io.netty.resolver.SimpleNameResolver.resolve(SimpleNameResolver.java:53)
		at io.netty.resolver.InetSocketAddressResolver.doResolve(InetSocketAddressResolver.java:55)
		at io.netty.resolver.InetSocketAddressResolver.doResolve(InetSocketAddressResolver.java:31)
		at io.netty.resolver.AbstractAddressResolver.resolve(AbstractAddressResolver.java:106)
		at io.netty.bootstrap.Bootstrap.doResolveAndConnect0(Bootstrap.java:220)
		at io.netty.bootstrap.Bootstrap.access$000(Bootstrap.java:47)
		at io.netty.bootstrap.Bootstrap$1.operationComplete(Bootstrap.java:189)
		at io.netty.bootstrap.Bootstrap$1.operationComplete(Bootstrap.java:175)
		at io.netty.util.concurrent.DefaultPromise.notifyListener0(DefaultPromise.java:603)
		at io.netty.util.concurrent.DefaultPromise.notifyListenersNow(DefaultPromise.java:570)
		at io.netty.util.concurrent.DefaultPromise.notifyListeners(DefaultPromise.java:505)
		at io.netty.util.concurrent.DefaultPromise.setValue0(DefaultPromise.java:649)
		at io.netty.util.concurrent.DefaultPromise.setSuccess0(DefaultPromise.java:638)
		at io.netty.util.concurrent.DefaultPromise.trySuccess(DefaultPromise.java:118)
		at io.netty.channel.DefaultChannelPromise.trySuccess(DefaultChannelPromise.java:84)
		at io.netty.channel.AbstractChannel$AbstractUnsafe.safeSetSuccess(AbstractChannel.java:988)
		at io.netty.channel.AbstractChannel$AbstractUnsafe.register0(AbstractChannel.java:515)
		at io.netty.channel.AbstractChannel$AbstractUnsafe.access$200(AbstractChannel.java:428)
		at io.netty.channel.AbstractChannel$AbstractUnsafe$1.run(AbstractChannel.java:485)
		at io.netty.util.concurrent.AbstractEventExecutor.runTask$$$capture(AbstractEventExecutor.java:173)
		at io.netty.util.concurrent.AbstractEventExecutor.runTask(AbstractEventExecutor.java)
		at io.netty.util.concurrent.AbstractEventExecutor.safeExecute$$$capture(AbstractEventExecutor.java:166)
		at io.netty.util.concurrent.AbstractEventExecutor.safeExecute(AbstractEventExecutor.java)
		at io.netty.util.concurrent.SingleThreadEventExecutor.runAllTasks(SingleThreadEventExecutor.java:472)
		at io.netty.channel.nio.NioEventLoop.run(NioEventLoop.java:569)
		at io.netty.util.concurrent.SingleThreadEventExecutor$4.run(SingleThreadEventExecutor.java:998)
		at io.netty.util.internal.ThreadExecutorMap$2.run(ThreadExecutorMap.java:74)
		at io.netty.util.concurrent.FastThreadLocalRunnable.run(FastThreadLocalRunnable.java:30)
		at java.base/java.lang.Thread.run(Thread.java:833)
2026-04-09 22:54:45.368 WARN  [HikariPool-1:housekeeper] com.zaxxer.hikari.pool.HikariPool - HikariPool-1 - Thread starvation or clock leap detected (housekeeper delta=4m41s80ms146µs100ns).
2026-04-09 22:54:45.384 WARN  [org.springframework.jms.JmsListenerEndpointContainer#0-1] o.s.j.l.DefaultMessageListenerContainer - Setup of JMS message listener invoker failed for destination 'hr.create.user.queue' - trying to recover. Cause: java.io.EOFException
2026-04-09 22:54:50.379 WARN  [HikariPool-1:housekeeper] com.zaxxer.hikari.pool.PoolBase - HikariPool-1 - Failed to validate connection oracle.jdbc.driver.T4CConnection@66a05698 (ORA-17008: Closed connection
https://docs.oracle.com/error-help/db/ora-17008/). Possibly consider using a shorter maxLifetime value.
2026-04-09 22:54:55.393 WARN  [HikariPool-1:housekeeper] com.zaxxer.hikari.pool.PoolBase - HikariPool-1 - Failed to validate connection oracle.jdbc.driver.T4CConnection@1146df09 (ORA-17008: Closed connection
https://docs.oracle.com/error-help/db/ora-17008/). Possibly consider using a shorter maxLifetime value.
2026-04-09 23:02:10.252 WARN  [main] org.hibernate.orm.deprecation - HHH90000025: OracleDialect does not need to be specified explicitly using 'hibernate.dialect' (remove the property setting and it will be selected by default)
2026-04-09 23:02:12.474 WARN  [main] o.s.b.a.o.j.JpaBaseConfiguration$JpaWebConfiguration - spring.jpa.open-in-view is enabled by default. Therefore, database queries may be performed during view rendering. Explicitly configure spring.jpa.open-in-view to disable this warning
2026-04-09 23:02:30.181 WARN  [lettuce-nioEventLoop-6-1] io.lettuce.core.RedisClient - Cannot connect Redis Sentinel at redis://redis-sentinel.redis.svc.cluster.local:26379?timeout=500000000ns: java.util.concurrent.CompletionException: java.net.UnknownHostException: No such host is known (redis-sentinel.redis.svc.cluster.local)
2026-04-09 23:02:30.195 WARN  [boundedElastic-1] o.s.b.a.d.r.RedisReactiveHealthIndicator - Redis health check failed
org.springframework.data.redis.RedisConnectionFailureException: Unable to connect to Redis
	at org.springframework.data.redis.connection.lettuce.LettuceConnectionFactory$ExceptionTranslatingConnectionProvider.translateException(LettuceConnectionFactory.java:1858)
	Suppressed: reactor.core.publisher.FluxOnAssembly$OnAssemblyException: 
Assembly trace from producer [reactor.core.publisher.MonoSubscribeOnCallable] :
	reactor.core.publisher.Mono.subscribeOn(Mono.java:4625)
	org.springframework.boot.actuate.data.redis.RedisReactiveHealthIndicator.getConnection(RedisReactiveHealthIndicator.java:57)
Error has been observed at the following site(s):
	*__Mono.subscribeOn ⇢ at org.springframework.boot.actuate.data.redis.RedisReactiveHealthIndicator.getConnection(RedisReactiveHealthIndicator.java:57)
	|_     Mono.flatMap ⇢ at org.springframework.boot.actuate.data.redis.RedisReactiveHealthIndicator.doHealthCheck(RedisReactiveHealthIndicator.java:52)
Original Stack Trace:
		at org.springframework.data.redis.connection.lettuce.LettuceConnectionFactory$ExceptionTranslatingConnectionProvider.translateException(LettuceConnectionFactory.java:1858)
		at org.springframework.data.redis.connection.lettuce.LettuceConnectionFactory$ExceptionTranslatingConnectionProvider.getConnection(LettuceConnectionFactory.java:1789)
		at org.springframework.data.redis.connection.lettuce.LettuceConnectionFactory$SharedConnection.getNativeConnection(LettuceConnectionFactory.java:1586)
		at org.springframework.data.redis.connection.lettuce.LettuceConnectionFactory$SharedConnection.lambda$getConnection$0(LettuceConnectionFactory.java:1566)
		at org.springframework.data.redis.connection.lettuce.LettuceConnectionFactory.doInLock(LettuceConnectionFactory.java:1527)
		at org.springframework.data.redis.connection.lettuce.LettuceConnectionFactory$SharedConnection.getConnection(LettuceConnectionFactory.java:1563)
		at org.springframework.data.redis.connection.lettuce.LettuceConnectionFactory.getSharedReactiveConnection(LettuceConnectionFactory.java:1274)
		at org.springframework.data.redis.connection.lettuce.LettuceConnectionFactory.getReactiveConnection(LettuceConnectionFactory.java:1149)
		at org.springframework.data.redis.connection.lettuce.LettuceConnectionFactory.getReactiveConnection(LettuceConnectionFactory.java:120)
		at reactor.core.publisher.MonoSupplier.call(MonoSupplier.java:67)
		at reactor.core.publisher.FluxSubscribeOnCallable$CallableSubscribeOnSubscription.run(FluxSubscribeOnCallable.java:228)
		at reactor.core.scheduler.SchedulerTask.call(SchedulerTask.java:68)
		at reactor.core.scheduler.SchedulerTask.call(SchedulerTask.java:28)
		at java.base/java.util.concurrent.FutureTask.run$$$capture(FutureTask.java:264)
		at java.base/java.util.concurrent.FutureTask.run(FutureTask.java)
		at java.base/java.util.concurrent.ScheduledThreadPoolExecutor$ScheduledFutureTask.run(ScheduledThreadPoolExecutor.java:304)
		at java.base/java.util.concurrent.ThreadPoolExecutor.runWorker(ThreadPoolExecutor.java:1136)
		at java.base/java.util.concurrent.ThreadPoolExecutor$Worker.run(ThreadPoolExecutor.java:635)
		at java.base/java.lang.Thread.run(Thread.java:833)
Caused by: org.springframework.data.redis.connection.PoolException: Could not prepare the pool
	at org.springframework.data.redis.connection.lettuce.LettucePoolingConnectionProvider.lambda$getConnection$1(LettucePoolingConnectionProvider.java:101)
	at java.base/java.util.concurrent.ConcurrentHashMap.computeIfAbsent(ConcurrentHashMap.java:1708)
	at org.springframework.data.redis.connection.lettuce.LettucePoolingConnectionProvider.getConnection(LettucePoolingConnectionProvider.java:93)
	at org.springframework.data.redis.connection.lettuce.LettuceConnectionFactory$ExceptionTranslatingConnectionProvider.getConnection(LettuceConnectionFactory.java:1787)
	at org.springframework.data.redis.connection.lettuce.LettuceConnectionFactory$SharedConnection.getNativeConnection(LettuceConnectionFactory.java:1586)
	at org.springframework.data.redis.connection.lettuce.LettuceConnectionFactory$SharedConnection.lambda$getConnection$0(LettuceConnectionFactory.java:1566)
	at org.springframework.data.redis.connection.lettuce.LettuceConnectionFactory.doInLock(LettuceConnectionFactory.java:1527)
	at org.springframework.data.redis.connection.lettuce.LettuceConnectionFactory$SharedConnection.getConnection(LettuceConnectionFactory.java:1563)
	at org.springframework.data.redis.connection.lettuce.LettuceConnectionFactory.getSharedReactiveConnection(LettuceConnectionFactory.java:1274)
	at org.springframework.data.redis.connection.lettuce.LettuceConnectionFactory.getReactiveConnection(LettuceConnectionFactory.java:1149)
	at org.springframework.data.redis.connection.lettuce.LettuceConnectionFactory.getReactiveConnection(LettuceConnectionFactory.java:120)
	at reactor.core.publisher.MonoSupplier.call(MonoSupplier.java:67)
	at reactor.core.publisher.MonoCallableOnAssembly.call(MonoCallableOnAssembly.java:91)
	at reactor.core.publisher.FluxSubscribeOnCallable$CallableSubscribeOnSubscription.run(FluxSubscribeOnCallable.java:228)
	at reactor.core.scheduler.SchedulerTask.call(SchedulerTask.java:68)
	at reactor.core.scheduler.SchedulerTask.call(SchedulerTask.java:28)
	at java.base/java.util.concurrent.FutureTask.run$$$capture(FutureTask.java:264)
	at java.base/java.util.concurrent.FutureTask.run(FutureTask.java)
	at java.base/java.util.concurrent.ScheduledThreadPoolExecutor$ScheduledFutureTask.run(ScheduledThreadPoolExecutor.java:304)
	at java.base/java.util.concurrent.ThreadPoolExecutor.runWorker(ThreadPoolExecutor.java:1136)
	at java.base/java.util.concurrent.ThreadPoolExecutor$Worker.run(ThreadPoolExecutor.java:635)
	at java.base/java.lang.Thread.run(Thread.java:833)
Caused by: io.lettuce.core.RedisConnectionException: Cannot connect to a Redis Sentinel: [redis://redis-sentinel.redis.svc.cluster.local:26379?timeout=500000000ns]
	at io.lettuce.core.RedisConnectionException.create(RedisConnectionException.java:57)
	at io.lettuce.core.RedisConnectionException.create(RedisConnectionException.java:41)
	at io.lettuce.core.AbstractRedisClient.getConnection(AbstractRedisClient.java:354)
	at io.lettuce.core.RedisClient.connect(RedisClient.java:220)
	at org.springframework.data.redis.connection.lettuce.StandaloneConnectionProvider.lambda$getConnection$1(StandaloneConnectionProvider.java:112)
	at java.base/java.util.Optional.orElseGet(Optional.java:364)
	at org.springframework.data.redis.connection.lettuce.StandaloneConnectionProvider.getConnection(StandaloneConnectionProvider.java:112)
	at org.springframework.data.redis.connection.lettuce.LettucePoolingConnectionProvider.lambda$getConnection$0(LettucePoolingConnectionProvider.java:96)
	at io.lettuce.core.support.ConnectionPoolSupport$RedisPooledObjectFactory.create(ConnectionPoolSupport.java:270)
	at io.lettuce.core.support.ConnectionPoolSupport$RedisPooledObjectFactory.create(ConnectionPoolSupport.java:257)
	at org.apache.commons.pool2.BasePooledObjectFactory.makeObject(BasePooledObjectFactory.java:68)
	at org.apache.commons.pool2.impl.GenericObjectPool.create(GenericObjectPool.java:557)
	at org.apache.commons.pool2.impl.GenericObjectPool.ensureIdle(GenericObjectPool.java:630)
	at org.apache.commons.pool2.impl.GenericObjectPool.ensureMinIdle(GenericObjectPool.java:652)
	at org.apache.commons.pool2.impl.GenericObjectPool.preparePool(GenericObjectPool.java:970)
	at org.springframework.data.redis.connection.lettuce.LettucePoolingConnectionProvider.lambda$getConnection$1(LettucePoolingConnectionProvider.java:99)
	... 21 common frames omitted
Caused by: io.lettuce.core.RedisConnectionException: Cannot connect Redis Sentinel at redis://redis-sentinel.redis.svc.cluster.local:26379?timeout=500000000ns
	at io.lettuce.core.RedisClient.lambda$connectSentinelAsync$6(RedisClient.java:533)
	Suppressed: reactor.core.publisher.FluxOnAssembly$OnAssemblyException: 
Assembly trace from producer [reactor.core.publisher.MonoError] :

Error has been observed at the following site(s):
	*__Mono.onErrorMap ⇢ at io.lettuce.core.RedisClient.connectSentinelAsync(RedisClient.java:533)
	|_  Mono.doOnError ⇢ at io.lettuce.core.RedisClient.connectSentinelAsync(RedisClient.java:534)
Original Stack Trace:
		at io.lettuce.core.RedisClient.lambda$connectSentinelAsync$6(RedisClient.java:533)
		at reactor.core.publisher.Mono.lambda$onErrorMap$29(Mono.java:3862)
		at reactor.core.publisher.FluxOnErrorResume$ResumeSubscriber.onError(FluxOnErrorResume.java:94)
		at reactor.core.publisher.FluxOnErrorResume$ResumeSubscriber.onError(FluxOnErrorResume.java:106)
		at reactor.core.publisher.Operators.error(Operators.java:198)
		at reactor.core.publisher.MonoError.subscribe(MonoError.java:53)
		at reactor.core.publisher.Mono.subscribe(Mono.java:4576)
		at reactor.core.publisher.FluxOnErrorResume$ResumeSubscriber.onError(FluxOnErrorResume.java:103)
		at reactor.core.publisher.MonoCompletionStage$MonoCompletionStageSubscription.apply(MonoCompletionStage.java:115)
		at reactor.core.publisher.MonoCompletionStage$MonoCompletionStageSubscription.apply(MonoCompletionStage.java:67)
		at java.base/java.util.concurrent.CompletableFuture.uniHandle(CompletableFuture.java:934)
		at java.base/java.util.concurrent.CompletableFuture$UniHandle.tryFire(CompletableFuture.java:911)
		at java.base/java.util.concurrent.CompletableFuture.postComplete(CompletableFuture.java:510)
		at java.base/java.util.concurrent.CompletableFuture.completeExceptionally(CompletableFuture.java:2162)
		at io.lettuce.core.AbstractRedisClient.lambda$initializeChannelAsync0$6(AbstractRedisClient.java:458)
		at io.netty.util.concurrent.DefaultPromise.notifyListener0(DefaultPromise.java:603)
		at io.netty.util.concurrent.DefaultPromise.notifyListenersNow(DefaultPromise.java:570)
		at io.netty.util.concurrent.DefaultPromise.notifyListeners(DefaultPromise.java:505)
		at io.netty.util.concurrent.DefaultPromise.setValue0(DefaultPromise.java:649)
		at io.netty.util.concurrent.DefaultPromise.setFailure0(DefaultPromise.java:642)
		at io.netty.util.concurrent.DefaultPromise.setFailure(DefaultPromise.java:123)
		at io.netty.channel.DefaultChannelPromise.setFailure(DefaultChannelPromise.java:89)
		at io.netty.bootstrap.Bootstrap.doResolveAndConnect0(Bootstrap.java:228)
		at io.netty.bootstrap.Bootstrap.access$000(Bootstrap.java:47)
		at io.netty.bootstrap.Bootstrap$1.operationComplete(Bootstrap.java:189)
		at io.netty.bootstrap.Bootstrap$1.operationComplete(Bootstrap.java:175)
		at io.netty.util.concurrent.DefaultPromise.notifyListener0(DefaultPromise.java:603)
		at io.netty.util.concurrent.DefaultPromise.notifyListenersNow(DefaultPromise.java:570)
		at io.netty.util.concurrent.DefaultPromise.notifyListeners(DefaultPromise.java:505)
		at io.netty.util.concurrent.DefaultPromise.setValue0(DefaultPromise.java:649)
		at io.netty.util.concurrent.DefaultPromise.setSuccess0(DefaultPromise.java:638)
		at io.netty.util.concurrent.DefaultPromise.trySuccess(DefaultPromise.java:118)
		at io.netty.channel.DefaultChannelPromise.trySuccess(DefaultChannelPromise.java:84)
		at io.netty.channel.AbstractChannel$AbstractUnsafe.safeSetSuccess(AbstractChannel.java:988)
		at io.netty.channel.AbstractChannel$AbstractUnsafe.register0(AbstractChannel.java:515)
		at io.netty.channel.AbstractChannel$AbstractUnsafe.access$200(AbstractChannel.java:428)
		at io.netty.channel.AbstractChannel$AbstractUnsafe$1.run(AbstractChannel.java:485)
		at io.netty.util.concurrent.AbstractEventExecutor.runTask$$$capture(AbstractEventExecutor.java:173)
		at io.netty.util.concurrent.AbstractEventExecutor.runTask(AbstractEventExecutor.java)
		at io.netty.util.concurrent.AbstractEventExecutor.safeExecute$$$capture(AbstractEventExecutor.java:166)
		at io.netty.util.concurrent.AbstractEventExecutor.safeExecute(AbstractEventExecutor.java)
		at io.netty.util.concurrent.SingleThreadEventExecutor.runAllTasks(SingleThreadEventExecutor.java:472)
		at io.netty.channel.nio.NioEventLoop.run(NioEventLoop.java:569)
		at io.netty.util.concurrent.SingleThreadEventExecutor$4.run(SingleThreadEventExecutor.java:998)
		at io.netty.util.internal.ThreadExecutorMap$2.run(ThreadExecutorMap.java:74)
		at io.netty.util.concurrent.FastThreadLocalRunnable.run(FastThreadLocalRunnable.java:30)
		at java.base/java.lang.Thread.run(Thread.java:833)
Caused by: java.net.UnknownHostException: No such host is known (redis-sentinel.redis.svc.cluster.local)
	at java.base/java.net.Inet6AddressImpl.lookupAllHostAddr(Native Method)
	Suppressed: reactor.core.publisher.FluxOnAssembly$OnAssemblyException: 
Assembly trace from producer [reactor.core.publisher.MonoCompletionStage] :
	reactor.core.publisher.Mono.toFuture(Mono.java:5153)
	io.lettuce.core.RedisClient.connectSentinelAsync(RedisClient.java:562)
Error has been observed at the following site(s):
	*______________________________________________Mono.toFuture ⇢ at io.lettuce.core.RedisClient.connectSentinelAsync(RedisClient.java:562)
	*___________________________________Mono.fromCompletionStage ⇢ at io.lettuce.core.RedisClient.connectSentinelAsync(RedisClient.java:531)
	|_                                           Mono.onErrorMap ⇢ at io.lettuce.core.RedisClient.connectSentinelAsync(RedisClient.java:532)
	*__MonoCompletionStage$MonoCompletionStageSubscription.apply ⇢ at java.base/java.util.concurrent.CompletableFuture.uniHandle(CompletableFuture.java:934)
Original Stack Trace:
		at java.base/java.net.Inet6AddressImpl.lookupAllHostAddr(Native Method)
		at java.base/java.net.Inet6AddressImpl.lookupAllHostAddr(Inet6AddressImpl.java:52)
		at java.base/java.net.InetAddress$PlatformResolver.lookupByName(InetAddress.java:1048)
		at java.base/java.net.InetAddress.getAddressesFromNameService(InetAddress.java:1648)
		at java.base/java.net.InetAddress$NameServiceAddresses.get(InetAddress.java:997)
		at java.base/java.net.InetAddress.getAllByName0(InetAddress.java:1638)
		at java.base/java.net.InetAddress.getAllByName(InetAddress.java:1504)
		at java.base/java.net.InetAddress.getByName(InetAddress.java:1393)
		at io.netty.util.internal.SocketUtils$8.run(SocketUtils.java:156)
		at io.netty.util.internal.SocketUtils$8.run(SocketUtils.java:153)
		at java.base/java.security.AccessController.doPrivileged(AccessController.java:569)
		at io.netty.util.internal.SocketUtils.addressByName(SocketUtils.java:153)
		at io.netty.resolver.DefaultNameResolver.doResolve(DefaultNameResolver.java:41)
		at io.netty.resolver.SimpleNameResolver.resolve(SimpleNameResolver.java:61)
		at io.netty.resolver.SimpleNameResolver.resolve(SimpleNameResolver.java:53)
		at io.netty.resolver.InetSocketAddressResolver.doResolve(InetSocketAddressResolver.java:55)
		at io.netty.resolver.InetSocketAddressResolver.doResolve(InetSocketAddressResolver.java:31)
		at io.netty.resolver.AbstractAddressResolver.resolve(AbstractAddressResolver.java:106)
		at io.netty.bootstrap.Bootstrap.doResolveAndConnect0(Bootstrap.java:220)
		at io.netty.bootstrap.Bootstrap.access$000(Bootstrap.java:47)
		at io.netty.bootstrap.Bootstrap$1.operationComplete(Bootstrap.java:189)
		at io.netty.bootstrap.Bootstrap$1.operationComplete(Bootstrap.java:175)
		at io.netty.util.concurrent.DefaultPromise.notifyListener0(DefaultPromise.java:603)
		at io.netty.util.concurrent.DefaultPromise.notifyListenersNow(DefaultPromise.java:570)
		at io.netty.util.concurrent.DefaultPromise.notifyListeners(DefaultPromise.java:505)
		at io.netty.util.concurrent.DefaultPromise.setValue0(DefaultPromise.java:649)
		at io.netty.util.concurrent.DefaultPromise.setSuccess0(DefaultPromise.java:638)
		at io.netty.util.concurrent.DefaultPromise.trySuccess(DefaultPromise.java:118)
		at io.netty.channel.DefaultChannelPromise.trySuccess(DefaultChannelPromise.java:84)
		at io.netty.channel.AbstractChannel$AbstractUnsafe.safeSetSuccess(AbstractChannel.java:988)
		at io.netty.channel.AbstractChannel$AbstractUnsafe.register0(AbstractChannel.java:515)
		at io.netty.channel.AbstractChannel$AbstractUnsafe.access$200(AbstractChannel.java:428)
		at io.netty.channel.AbstractChannel$AbstractUnsafe$1.run(AbstractChannel.java:485)
		at io.netty.util.concurrent.AbstractEventExecutor.runTask$$$capture(AbstractEventExecutor.java:173)
		at io.netty.util.concurrent.AbstractEventExecutor.runTask(AbstractEventExecutor.java)
		at io.netty.util.concurrent.AbstractEventExecutor.safeExecute$$$capture(AbstractEventExecutor.java:166)
		at io.netty.util.concurrent.AbstractEventExecutor.safeExecute(AbstractEventExecutor.java)
		at io.netty.util.concurrent.SingleThreadEventExecutor.runAllTasks(SingleThreadEventExecutor.java:472)
		at io.netty.channel.nio.NioEventLoop.run(NioEventLoop.java:569)
		at io.netty.util.concurrent.SingleThreadEventExecutor$4.run(SingleThreadEventExecutor.java:998)
		at io.netty.util.internal.ThreadExecutorMap$2.run(ThreadExecutorMap.java:74)
		at io.netty.util.concurrent.FastThreadLocalRunnable.run(FastThreadLocalRunnable.java:30)
		at java.base/java.lang.Thread.run(Thread.java:833)
2026-04-09 23:03:15.764 WARN  [org.springframework.jms.JmsListenerEndpointContainer#0-1] o.s.j.l.DefaultMessageListenerContainer - Setup of JMS message listener invoker failed for destination 'hr.create.user.queue' - trying to recover. Cause: java.io.EOFException
2026-04-09 23:03:29.209 WARN  [main] org.hibernate.orm.deprecation - HHH90000025: OracleDialect does not need to be specified explicitly using 'hibernate.dialect' (remove the property setting and it will be selected by default)
2026-04-09 23:03:31.756 WARN  [main] o.s.b.a.o.j.JpaBaseConfiguration$JpaWebConfiguration - spring.jpa.open-in-view is enabled by default. Therefore, database queries may be performed during view rendering. Explicitly configure spring.jpa.open-in-view to disable this warning
2026-04-09 23:03:34.280 WARN  [lettuce-nioEventLoop-6-1] io.lettuce.core.RedisClient - Cannot connect Redis Sentinel at redis://redis-sentinel.redis.svc.cluster.local:26379?timeout=500000000ns: java.util.concurrent.CompletionException: java.net.UnknownHostException: No such host is known (redis-sentinel.redis.svc.cluster.local)
2026-04-09 23:03:34.289 WARN  [boundedElastic-1] o.s.b.a.d.r.RedisReactiveHealthIndicator - Redis health check failed
org.springframework.data.redis.RedisConnectionFailureException: Unable to connect to Redis
	at org.springframework.data.redis.connection.lettuce.LettuceConnectionFactory$ExceptionTranslatingConnectionProvider.translateException(LettuceConnectionFactory.java:1858)
	Suppressed: reactor.core.publisher.FluxOnAssembly$OnAssemblyException: 
Assembly trace from producer [reactor.core.publisher.MonoSubscribeOnCallable] :
	reactor.core.publisher.Mono.subscribeOn(Mono.java:4625)
	org.springframework.boot.actuate.data.redis.RedisReactiveHealthIndicator.getConnection(RedisReactiveHealthIndicator.java:57)
Error has been observed at the following site(s):
	*__Mono.subscribeOn ⇢ at org.springframework.boot.actuate.data.redis.RedisReactiveHealthIndicator.getConnection(RedisReactiveHealthIndicator.java:57)
	|_     Mono.flatMap ⇢ at org.springframework.boot.actuate.data.redis.RedisReactiveHealthIndicator.doHealthCheck(RedisReactiveHealthIndicator.java:52)
Original Stack Trace:
		at org.springframework.data.redis.connection.lettuce.LettuceConnectionFactory$ExceptionTranslatingConnectionProvider.translateException(LettuceConnectionFactory.java:1858)
		at org.springframework.data.redis.connection.lettuce.LettuceConnectionFactory$ExceptionTranslatingConnectionProvider.getConnection(LettuceConnectionFactory.java:1789)
		at org.springframework.data.redis.connection.lettuce.LettuceConnectionFactory$SharedConnection.getNativeConnection(LettuceConnectionFactory.java:1586)
		at org.springframework.data.redis.connection.lettuce.LettuceConnectionFactory$SharedConnection.lambda$getConnection$0(LettuceConnectionFactory.java:1566)
		at org.springframework.data.redis.connection.lettuce.LettuceConnectionFactory.doInLock(LettuceConnectionFactory.java:1527)
		at org.springframework.data.redis.connection.lettuce.LettuceConnectionFactory$SharedConnection.getConnection(LettuceConnectionFactory.java:1563)
		at org.springframework.data.redis.connection.lettuce.LettuceConnectionFactory.getSharedReactiveConnection(LettuceConnectionFactory.java:1274)
		at org.springframework.data.redis.connection.lettuce.LettuceConnectionFactory.getReactiveConnection(LettuceConnectionFactory.java:1149)
		at org.springframework.data.redis.connection.lettuce.LettuceConnectionFactory.getReactiveConnection(LettuceConnectionFactory.java:120)
		at reactor.core.publisher.MonoSupplier.call(MonoSupplier.java:67)
		at reactor.core.publisher.FluxSubscribeOnCallable$CallableSubscribeOnSubscription.run(FluxSubscribeOnCallable.java:228)
		at reactor.core.scheduler.SchedulerTask.call(SchedulerTask.java:68)
		at reactor.core.scheduler.SchedulerTask.call(SchedulerTask.java:28)
		at java.base/java.util.concurrent.FutureTask.run$$$capture(FutureTask.java:264)
		at java.base/java.util.concurrent.FutureTask.run(FutureTask.java)
		at java.base/java.util.concurrent.ScheduledThreadPoolExecutor$ScheduledFutureTask.run(ScheduledThreadPoolExecutor.java:304)
		at java.base/java.util.concurrent.ThreadPoolExecutor.runWorker(ThreadPoolExecutor.java:1136)
		at java.base/java.util.concurrent.ThreadPoolExecutor$Worker.run(ThreadPoolExecutor.java:635)
		at java.base/java.lang.Thread.run(Thread.java:833)
Caused by: org.springframework.data.redis.connection.PoolException: Could not prepare the pool
	at org.springframework.data.redis.connection.lettuce.LettucePoolingConnectionProvider.lambda$getConnection$1(LettucePoolingConnectionProvider.java:101)
	at java.base/java.util.concurrent.ConcurrentHashMap.computeIfAbsent(ConcurrentHashMap.java:1708)
	at org.springframework.data.redis.connection.lettuce.LettucePoolingConnectionProvider.getConnection(LettucePoolingConnectionProvider.java:93)
	at org.springframework.data.redis.connection.lettuce.LettuceConnectionFactory$ExceptionTranslatingConnectionProvider.getConnection(LettuceConnectionFactory.java:1787)
	at org.springframework.data.redis.connection.lettuce.LettuceConnectionFactory$SharedConnection.getNativeConnection(LettuceConnectionFactory.java:1586)
	at org.springframework.data.redis.connection.lettuce.LettuceConnectionFactory$SharedConnection.lambda$getConnection$0(LettuceConnectionFactory.java:1566)
	at org.springframework.data.redis.connection.lettuce.LettuceConnectionFactory.doInLock(LettuceConnectionFactory.java:1527)
	at org.springframework.data.redis.connection.lettuce.LettuceConnectionFactory$SharedConnection.getConnection(LettuceConnectionFactory.java:1563)
	at org.springframework.data.redis.connection.lettuce.LettuceConnectionFactory.getSharedReactiveConnection(LettuceConnectionFactory.java:1274)
	at org.springframework.data.redis.connection.lettuce.LettuceConnectionFactory.getReactiveConnection(LettuceConnectionFactory.java:1149)
	at org.springframework.data.redis.connection.lettuce.LettuceConnectionFactory.getReactiveConnection(LettuceConnectionFactory.java:120)
	at reactor.core.publisher.MonoSupplier.call(MonoSupplier.java:67)
	at reactor.core.publisher.MonoCallableOnAssembly.call(MonoCallableOnAssembly.java:91)
	at reactor.core.publisher.FluxSubscribeOnCallable$CallableSubscribeOnSubscription.run(FluxSubscribeOnCallable.java:228)
	at reactor.core.scheduler.SchedulerTask.call(SchedulerTask.java:68)
	at reactor.core.scheduler.SchedulerTask.call(SchedulerTask.java:28)
	at java.base/java.util.concurrent.FutureTask.run$$$capture(FutureTask.java:264)
	at java.base/java.util.concurrent.FutureTask.run(FutureTask.java)
	at java.base/java.util.concurrent.ScheduledThreadPoolExecutor$ScheduledFutureTask.run(ScheduledThreadPoolExecutor.java:304)
	at java.base/java.util.concurrent.ThreadPoolExecutor.runWorker(ThreadPoolExecutor.java:1136)
	at java.base/java.util.concurrent.ThreadPoolExecutor$Worker.run(ThreadPoolExecutor.java:635)
	at java.base/java.lang.Thread.run(Thread.java:833)
Caused by: io.lettuce.core.RedisConnectionException: Cannot connect to a Redis Sentinel: [redis://redis-sentinel.redis.svc.cluster.local:26379?timeout=500000000ns]
	at io.lettuce.core.RedisConnectionException.create(RedisConnectionException.java:57)
	at io.lettuce.core.RedisConnectionException.create(RedisConnectionException.java:41)
	at io.lettuce.core.AbstractRedisClient.getConnection(AbstractRedisClient.java:354)
	at io.lettuce.core.RedisClient.connect(RedisClient.java:220)
	at org.springframework.data.redis.connection.lettuce.StandaloneConnectionProvider.lambda$getConnection$1(StandaloneConnectionProvider.java:112)
	at java.base/java.util.Optional.orElseGet(Optional.java:364)
	at org.springframework.data.redis.connection.lettuce.StandaloneConnectionProvider.getConnection(StandaloneConnectionProvider.java:112)
	at org.springframework.data.redis.connection.lettuce.LettucePoolingConnectionProvider.lambda$getConnection$0(LettucePoolingConnectionProvider.java:96)
	at io.lettuce.core.support.ConnectionPoolSupport$RedisPooledObjectFactory.create(ConnectionPoolSupport.java:270)
	at io.lettuce.core.support.ConnectionPoolSupport$RedisPooledObjectFactory.create(ConnectionPoolSupport.java:257)
	at org.apache.commons.pool2.BasePooledObjectFactory.makeObject(BasePooledObjectFactory.java:68)
	at org.apache.commons.pool2.impl.GenericObjectPool.create(GenericObjectPool.java:557)
	at org.apache.commons.pool2.impl.GenericObjectPool.ensureIdle(GenericObjectPool.java:630)
	at org.apache.commons.pool2.impl.GenericObjectPool.ensureMinIdle(GenericObjectPool.java:652)
	at org.apache.commons.pool2.impl.GenericObjectPool.preparePool(GenericObjectPool.java:970)
	at org.springframework.data.redis.connection.lettuce.LettucePoolingConnectionProvider.lambda$getConnection$1(LettucePoolingConnectionProvider.java:99)
	... 21 common frames omitted
Caused by: io.lettuce.core.RedisConnectionException: Cannot connect Redis Sentinel at redis://redis-sentinel.redis.svc.cluster.local:26379?timeout=500000000ns
	at io.lettuce.core.RedisClient.lambda$connectSentinelAsync$6(RedisClient.java:533)
	Suppressed: reactor.core.publisher.FluxOnAssembly$OnAssemblyException: 
Assembly trace from producer [reactor.core.publisher.MonoError] :

Error has been observed at the following site(s):
	*__Mono.onErrorMap ⇢ at io.lettuce.core.RedisClient.connectSentinelAsync(RedisClient.java:533)
	|_  Mono.doOnError ⇢ at io.lettuce.core.RedisClient.connectSentinelAsync(RedisClient.java:534)
Original Stack Trace:
		at io.lettuce.core.RedisClient.lambda$connectSentinelAsync$6(RedisClient.java:533)
		at reactor.core.publisher.Mono.lambda$onErrorMap$29(Mono.java:3862)
		at reactor.core.publisher.FluxOnErrorResume$ResumeSubscriber.onError(FluxOnErrorResume.java:94)
		at reactor.core.publisher.FluxOnErrorResume$ResumeSubscriber.onError(FluxOnErrorResume.java:106)
		at reactor.core.publisher.Operators.error(Operators.java:198)
		at reactor.core.publisher.MonoError.subscribe(MonoError.java:53)
		at reactor.core.publisher.Mono.subscribe(Mono.java:4576)
		at reactor.core.publisher.FluxOnErrorResume$ResumeSubscriber.onError(FluxOnErrorResume.java:103)
		at reactor.core.publisher.MonoCompletionStage$MonoCompletionStageSubscription.apply(MonoCompletionStage.java:115)
		at reactor.core.publisher.MonoCompletionStage$MonoCompletionStageSubscription.apply(MonoCompletionStage.java:67)
		at java.base/java.util.concurrent.CompletableFuture.uniHandle(CompletableFuture.java:934)
		at java.base/java.util.concurrent.CompletableFuture$UniHandle.tryFire(CompletableFuture.java:911)
		at java.base/java.util.concurrent.CompletableFuture.postComplete(CompletableFuture.java:510)
		at java.base/java.util.concurrent.CompletableFuture.completeExceptionally(CompletableFuture.java:2162)
		at io.lettuce.core.AbstractRedisClient.lambda$initializeChannelAsync0$6(AbstractRedisClient.java:458)
		at io.netty.util.concurrent.DefaultPromise.notifyListener0(DefaultPromise.java:603)
		at io.netty.util.concurrent.DefaultPromise.notifyListenersNow(DefaultPromise.java:570)
		at io.netty.util.concurrent.DefaultPromise.notifyListeners(DefaultPromise.java:505)
		at io.netty.util.concurrent.DefaultPromise.setValue0(DefaultPromise.java:649)
		at io.netty.util.concurrent.DefaultPromise.setFailure0(DefaultPromise.java:642)
		at io.netty.util.concurrent.DefaultPromise.setFailure(DefaultPromise.java:123)
		at io.netty.channel.DefaultChannelPromise.setFailure(DefaultChannelPromise.java:89)
		at io.netty.bootstrap.Bootstrap.doResolveAndConnect0(Bootstrap.java:228)
		at io.netty.bootstrap.Bootstrap.access$000(Bootstrap.java:47)
		at io.netty.bootstrap.Bootstrap$1.operationComplete(Bootstrap.java:189)
		at io.netty.bootstrap.Bootstrap$1.operationComplete(Bootstrap.java:175)
		at io.netty.util.concurrent.DefaultPromise.notifyListener0(DefaultPromise.java:603)
		at io.netty.util.concurrent.DefaultPromise.notifyListenersNow(DefaultPromise.java:570)
		at io.netty.util.concurrent.DefaultPromise.notifyListeners(DefaultPromise.java:505)
		at io.netty.util.concurrent.DefaultPromise.setValue0(DefaultPromise.java:649)
		at io.netty.util.concurrent.DefaultPromise.setSuccess0(DefaultPromise.java:638)
		at io.netty.util.concurrent.DefaultPromise.trySuccess(DefaultPromise.java:118)
		at io.netty.channel.DefaultChannelPromise.trySuccess(DefaultChannelPromise.java:84)
		at io.netty.channel.AbstractChannel$AbstractUnsafe.safeSetSuccess(AbstractChannel.java:988)
		at io.netty.channel.AbstractChannel$AbstractUnsafe.register0(AbstractChannel.java:515)
		at io.netty.channel.AbstractChannel$AbstractUnsafe.access$200(AbstractChannel.java:428)
		at io.netty.channel.AbstractChannel$AbstractUnsafe$1.run(AbstractChannel.java:485)
		at io.netty.util.concurrent.AbstractEventExecutor.runTask$$$capture(AbstractEventExecutor.java:173)
		at io.netty.util.concurrent.AbstractEventExecutor.runTask(AbstractEventExecutor.java)
		at io.netty.util.concurrent.AbstractEventExecutor.safeExecute$$$capture(AbstractEventExecutor.java:166)
		at io.netty.util.concurrent.AbstractEventExecutor.safeExecute(AbstractEventExecutor.java)
		at io.netty.util.concurrent.SingleThreadEventExecutor.runAllTasks(SingleThreadEventExecutor.java:472)
		at io.netty.channel.nio.NioEventLoop.run(NioEventLoop.java:569)
		at io.netty.util.concurrent.SingleThreadEventExecutor$4.run(SingleThreadEventExecutor.java:998)
		at io.netty.util.internal.ThreadExecutorMap$2.run(ThreadExecutorMap.java:74)
		at io.netty.util.concurrent.FastThreadLocalRunnable.run(FastThreadLocalRunnable.java:30)
		at java.base/java.lang.Thread.run(Thread.java:833)
Caused by: java.net.UnknownHostException: No such host is known (redis-sentinel.redis.svc.cluster.local)
	at java.base/java.net.Inet6AddressImpl.lookupAllHostAddr(Native Method)
	Suppressed: reactor.core.publisher.FluxOnAssembly$OnAssemblyException: 
Assembly trace from producer [reactor.core.publisher.MonoCompletionStage] :
	reactor.core.publisher.Mono.toFuture(Mono.java:5153)
	io.lettuce.core.RedisClient.connectSentinelAsync(RedisClient.java:562)
Error has been observed at the following site(s):
	*______________________________________________Mono.toFuture ⇢ at io.lettuce.core.RedisClient.connectSentinelAsync(RedisClient.java:562)
	*___________________________________Mono.fromCompletionStage ⇢ at io.lettuce.core.RedisClient.connectSentinelAsync(RedisClient.java:531)
	|_                                           Mono.onErrorMap ⇢ at io.lettuce.core.RedisClient.connectSentinelAsync(RedisClient.java:532)
	*__MonoCompletionStage$MonoCompletionStageSubscription.apply ⇢ at java.base/java.util.concurrent.CompletableFuture.uniHandle(CompletableFuture.java:934)
Original Stack Trace:
		at java.base/java.net.Inet6AddressImpl.lookupAllHostAddr(Native Method)
		at java.base/java.net.Inet6AddressImpl.lookupAllHostAddr(Inet6AddressImpl.java:52)
		at java.base/java.net.InetAddress$PlatformResolver.lookupByName(InetAddress.java:1048)
		at java.base/java.net.InetAddress.getAddressesFromNameService(InetAddress.java:1648)
		at java.base/java.net.InetAddress$NameServiceAddresses.get(InetAddress.java:997)
		at java.base/java.net.InetAddress.getAllByName0(InetAddress.java:1638)
		at java.base/java.net.InetAddress.getAllByName(InetAddress.java:1504)
		at java.base/java.net.InetAddress.getByName(InetAddress.java:1393)
		at io.netty.util.internal.SocketUtils$8.run(SocketUtils.java:156)
		at io.netty.util.internal.SocketUtils$8.run(SocketUtils.java:153)
		at java.base/java.security.AccessController.doPrivileged(AccessController.java:569)
		at io.netty.util.internal.SocketUtils.addressByName(SocketUtils.java:153)
		at io.netty.resolver.DefaultNameResolver.doResolve(DefaultNameResolver.java:41)
		at io.netty.resolver.SimpleNameResolver.resolve(SimpleNameResolver.java:61)
		at io.netty.resolver.SimpleNameResolver.resolve(SimpleNameResolver.java:53)
		at io.netty.resolver.InetSocketAddressResolver.doResolve(InetSocketAddressResolver.java:55)
		at io.netty.resolver.InetSocketAddressResolver.doResolve(InetSocketAddressResolver.java:31)
		at io.netty.resolver.AbstractAddressResolver.resolve(AbstractAddressResolver.java:106)
		at io.netty.bootstrap.Bootstrap.doResolveAndConnect0(Bootstrap.java:220)
		at io.netty.bootstrap.Bootstrap.access$000(Bootstrap.java:47)
		at io.netty.bootstrap.Bootstrap$1.operationComplete(Bootstrap.java:189)
		at io.netty.bootstrap.Bootstrap$1.operationComplete(Bootstrap.java:175)
		at io.netty.util.concurrent.DefaultPromise.notifyListener0(DefaultPromise.java:603)
		at io.netty.util.concurrent.DefaultPromise.notifyListenersNow(DefaultPromise.java:570)
		at io.netty.util.concurrent.DefaultPromise.notifyListeners(DefaultPromise.java:505)
		at io.netty.util.concurrent.DefaultPromise.setValue0(DefaultPromise.java:649)
		at io.netty.util.concurrent.DefaultPromise.setSuccess0(DefaultPromise.java:638)
		at io.netty.util.concurrent.DefaultPromise.trySuccess(DefaultPromise.java:118)
		at io.netty.channel.DefaultChannelPromise.trySuccess(DefaultChannelPromise.java:84)
		at io.netty.channel.AbstractChannel$AbstractUnsafe.safeSetSuccess(AbstractChannel.java:988)
		at io.netty.channel.AbstractChannel$AbstractUnsafe.register0(AbstractChannel.java:515)
		at io.netty.channel.AbstractChannel$AbstractUnsafe.access$200(AbstractChannel.java:428)
		at io.netty.channel.AbstractChannel$AbstractUnsafe$1.run(AbstractChannel.java:485)
		at io.netty.util.concurrent.AbstractEventExecutor.runTask$$$capture(AbstractEventExecutor.java:173)
		at io.netty.util.concurrent.AbstractEventExecutor.runTask(AbstractEventExecutor.java)
		at io.netty.util.concurrent.AbstractEventExecutor.safeExecute$$$capture(AbstractEventExecutor.java:166)
		at io.netty.util.concurrent.AbstractEventExecutor.safeExecute(AbstractEventExecutor.java)
		at io.netty.util.concurrent.SingleThreadEventExecutor.runAllTasks(SingleThreadEventExecutor.java:472)
		at io.netty.channel.nio.NioEventLoop.run(NioEventLoop.java:569)
		at io.netty.util.concurrent.SingleThreadEventExecutor$4.run(SingleThreadEventExecutor.java:998)
		at io.netty.util.internal.ThreadExecutorMap$2.run(ThreadExecutorMap.java:74)
		at io.netty.util.concurrent.FastThreadLocalRunnable.run(FastThreadLocalRunnable.java:30)
		at java.base/java.lang.Thread.run(Thread.java:833)
2026-04-09 23:07:13.445 WARN  [HikariPool-1:housekeeper] com.zaxxer.hikari.pool.HikariPool - HikariPool-1 - Thread starvation or clock leap detected (housekeeper delta=3m11s814ms229µs900ns).
2026-04-09 23:07:13.460 WARN  [org.springframework.jms.JmsListenerEndpointContainer#0-1] o.s.j.l.DefaultMessageListenerContainer - Setup of JMS message listener invoker failed for destination 'hr.create.user.queue' - trying to recover. Cause: java.io.EOFException
2026-04-09 23:07:41.957 WARN  [main] org.hibernate.orm.deprecation - HHH90000025: OracleDialect does not need to be specified explicitly using 'hibernate.dialect' (remove the property setting and it will be selected by default)
2026-04-09 23:07:44.298 WARN  [main] o.s.b.a.o.j.JpaBaseConfiguration$JpaWebConfiguration - spring.jpa.open-in-view is enabled by default. Therefore, database queries may be performed during view rendering. Explicitly configure spring.jpa.open-in-view to disable this warning
2026-04-09 23:12:17.221 WARN  [main] org.hibernate.orm.deprecation - HHH90000025: OracleDialect does not need to be specified explicitly using 'hibernate.dialect' (remove the property setting and it will be selected by default)
2026-04-09 23:12:19.246 WARN  [main] o.s.b.a.o.j.JpaBaseConfiguration$JpaWebConfiguration - spring.jpa.open-in-view is enabled by default. Therefore, database queries may be performed during view rendering. Explicitly configure spring.jpa.open-in-view to disable this warning
2026-04-09 23:12:21.875 WARN  [lettuce-nioEventLoop-6-1] io.lettuce.core.RedisClient - Cannot connect Redis Sentinel at redis://redis-sentinel.redis.svc.cluster.local:26379?timeout=500000000ns: java.util.concurrent.CompletionException: java.net.UnknownHostException: No such host is known (redis-sentinel.redis.svc.cluster.local)
2026-04-09 23:12:21.884 WARN  [boundedElastic-1] o.s.b.a.d.r.RedisReactiveHealthIndicator - Redis health check failed
org.springframework.data.redis.RedisConnectionFailureException: Unable to connect to Redis
	at org.springframework.data.redis.connection.lettuce.LettuceConnectionFactory$ExceptionTranslatingConnectionProvider.translateException(LettuceConnectionFactory.java:1858)
	Suppressed: reactor.core.publisher.FluxOnAssembly$OnAssemblyException: 
Assembly trace from producer [reactor.core.publisher.MonoSubscribeOnCallable] :
	reactor.core.publisher.Mono.subscribeOn(Mono.java:4625)
	org.springframework.boot.actuate.data.redis.RedisReactiveHealthIndicator.getConnection(RedisReactiveHealthIndicator.java:57)
Error has been observed at the following site(s):
	*__Mono.subscribeOn ⇢ at org.springframework.boot.actuate.data.redis.RedisReactiveHealthIndicator.getConnection(RedisReactiveHealthIndicator.java:57)
	|_     Mono.flatMap ⇢ at org.springframework.boot.actuate.data.redis.RedisReactiveHealthIndicator.doHealthCheck(RedisReactiveHealthIndicator.java:52)
Original Stack Trace:
		at org.springframework.data.redis.connection.lettuce.LettuceConnectionFactory$ExceptionTranslatingConnectionProvider.translateException(LettuceConnectionFactory.java:1858)
		at org.springframework.data.redis.connection.lettuce.LettuceConnectionFactory$ExceptionTranslatingConnectionProvider.getConnection(LettuceConnectionFactory.java:1789)
		at org.springframework.data.redis.connection.lettuce.LettuceConnectionFactory$SharedConnection.getNativeConnection(LettuceConnectionFactory.java:1586)
		at org.springframework.data.redis.connection.lettuce.LettuceConnectionFactory$SharedConnection.lambda$getConnection$0(LettuceConnectionFactory.java:1566)
		at org.springframework.data.redis.connection.lettuce.LettuceConnectionFactory.doInLock(LettuceConnectionFactory.java:1527)
		at org.springframework.data.redis.connection.lettuce.LettuceConnectionFactory$SharedConnection.getConnection(LettuceConnectionFactory.java:1563)
		at org.springframework.data.redis.connection.lettuce.LettuceConnectionFactory.getSharedReactiveConnection(LettuceConnectionFactory.java:1274)
		at org.springframework.data.redis.connection.lettuce.LettuceConnectionFactory.getReactiveConnection(LettuceConnectionFactory.java:1149)
		at org.springframework.data.redis.connection.lettuce.LettuceConnectionFactory.getReactiveConnection(LettuceConnectionFactory.java:120)
		at reactor.core.publisher.MonoSupplier.call(MonoSupplier.java:67)
		at reactor.core.publisher.FluxSubscribeOnCallable$CallableSubscribeOnSubscription.run(FluxSubscribeOnCallable.java:228)
		at reactor.core.scheduler.SchedulerTask.call(SchedulerTask.java:68)
		at reactor.core.scheduler.SchedulerTask.call(SchedulerTask.java:28)
		at java.base/java.util.concurrent.FutureTask.run$$$capture(FutureTask.java:264)
		at java.base/java.util.concurrent.FutureTask.run(FutureTask.java)
		at java.base/java.util.concurrent.ScheduledThreadPoolExecutor$ScheduledFutureTask.run(ScheduledThreadPoolExecutor.java:304)
		at java.base/java.util.concurrent.ThreadPoolExecutor.runWorker(ThreadPoolExecutor.java:1136)
		at java.base/java.util.concurrent.ThreadPoolExecutor$Worker.run(ThreadPoolExecutor.java:635)
		at java.base/java.lang.Thread.run(Thread.java:833)
Caused by: org.springframework.data.redis.connection.PoolException: Could not prepare the pool
	at org.springframework.data.redis.connection.lettuce.LettucePoolingConnectionProvider.lambda$getConnection$1(LettucePoolingConnectionProvider.java:101)
	at java.base/java.util.concurrent.ConcurrentHashMap.computeIfAbsent(ConcurrentHashMap.java:1708)
	at org.springframework.data.redis.connection.lettuce.LettucePoolingConnectionProvider.getConnection(LettucePoolingConnectionProvider.java:93)
	at org.springframework.data.redis.connection.lettuce.LettuceConnectionFactory$ExceptionTranslatingConnectionProvider.getConnection(LettuceConnectionFactory.java:1787)
	at org.springframework.data.redis.connection.lettuce.LettuceConnectionFactory$SharedConnection.getNativeConnection(LettuceConnectionFactory.java:1586)
	at org.springframework.data.redis.connection.lettuce.LettuceConnectionFactory$SharedConnection.lambda$getConnection$0(LettuceConnectionFactory.java:1566)
	at org.springframework.data.redis.connection.lettuce.LettuceConnectionFactory.doInLock(LettuceConnectionFactory.java:1527)
	at org.springframework.data.redis.connection.lettuce.LettuceConnectionFactory$SharedConnection.getConnection(LettuceConnectionFactory.java:1563)
	at org.springframework.data.redis.connection.lettuce.LettuceConnectionFactory.getSharedReactiveConnection(LettuceConnectionFactory.java:1274)
	at org.springframework.data.redis.connection.lettuce.LettuceConnectionFactory.getReactiveConnection(LettuceConnectionFactory.java:1149)
	at org.springframework.data.redis.connection.lettuce.LettuceConnectionFactory.getReactiveConnection(LettuceConnectionFactory.java:120)
	at reactor.core.publisher.MonoSupplier.call(MonoSupplier.java:67)
	at reactor.core.publisher.MonoCallableOnAssembly.call(MonoCallableOnAssembly.java:91)
	at reactor.core.publisher.FluxSubscribeOnCallable$CallableSubscribeOnSubscription.run(FluxSubscribeOnCallable.java:228)
	at reactor.core.scheduler.SchedulerTask.call(SchedulerTask.java:68)
	at reactor.core.scheduler.SchedulerTask.call(SchedulerTask.java:28)
	at java.base/java.util.concurrent.FutureTask.run$$$capture(FutureTask.java:264)
	at java.base/java.util.concurrent.FutureTask.run(FutureTask.java)
	at java.base/java.util.concurrent.ScheduledThreadPoolExecutor$ScheduledFutureTask.run(ScheduledThreadPoolExecutor.java:304)
	at java.base/java.util.concurrent.ThreadPoolExecutor.runWorker(ThreadPoolExecutor.java:1136)
	at java.base/java.util.concurrent.ThreadPoolExecutor$Worker.run(ThreadPoolExecutor.java:635)
	at java.base/java.lang.Thread.run(Thread.java:833)
Caused by: io.lettuce.core.RedisConnectionException: Cannot connect to a Redis Sentinel: [redis://redis-sentinel.redis.svc.cluster.local:26379?timeout=500000000ns]
	at io.lettuce.core.RedisConnectionException.create(RedisConnectionException.java:57)
	at io.lettuce.core.RedisConnectionException.create(RedisConnectionException.java:41)
	at io.lettuce.core.AbstractRedisClient.getConnection(AbstractRedisClient.java:354)
	at io.lettuce.core.RedisClient.connect(RedisClient.java:220)
	at org.springframework.data.redis.connection.lettuce.StandaloneConnectionProvider.lambda$getConnection$1(StandaloneConnectionProvider.java:112)
	at java.base/java.util.Optional.orElseGet(Optional.java:364)
	at org.springframework.data.redis.connection.lettuce.StandaloneConnectionProvider.getConnection(StandaloneConnectionProvider.java:112)
	at org.springframework.data.redis.connection.lettuce.LettucePoolingConnectionProvider.lambda$getConnection$0(LettucePoolingConnectionProvider.java:96)
	at io.lettuce.core.support.ConnectionPoolSupport$RedisPooledObjectFactory.create(ConnectionPoolSupport.java:270)
	at io.lettuce.core.support.ConnectionPoolSupport$RedisPooledObjectFactory.create(ConnectionPoolSupport.java:257)
	at org.apache.commons.pool2.BasePooledObjectFactory.makeObject(BasePooledObjectFactory.java:68)
	at org.apache.commons.pool2.impl.GenericObjectPool.create(GenericObjectPool.java:557)
	at org.apache.commons.pool2.impl.GenericObjectPool.ensureIdle(GenericObjectPool.java:630)
	at org.apache.commons.pool2.impl.GenericObjectPool.ensureMinIdle(GenericObjectPool.java:652)
	at org.apache.commons.pool2.impl.GenericObjectPool.preparePool(GenericObjectPool.java:970)
	at org.springframework.data.redis.connection.lettuce.LettucePoolingConnectionProvider.lambda$getConnection$1(LettucePoolingConnectionProvider.java:99)
	... 21 common frames omitted
Caused by: io.lettuce.core.RedisConnectionException: Cannot connect Redis Sentinel at redis://redis-sentinel.redis.svc.cluster.local:26379?timeout=500000000ns
	at io.lettuce.core.RedisClient.lambda$connectSentinelAsync$6(RedisClient.java:533)
	Suppressed: reactor.core.publisher.FluxOnAssembly$OnAssemblyException: 
Assembly trace from producer [reactor.core.publisher.MonoError] :

Error has been observed at the following site(s):
	*__Mono.onErrorMap ⇢ at io.lettuce.core.RedisClient.connectSentinelAsync(RedisClient.java:533)
	|_  Mono.doOnError ⇢ at io.lettuce.core.RedisClient.connectSentinelAsync(RedisClient.java:534)
Original Stack Trace:
		at io.lettuce.core.RedisClient.lambda$connectSentinelAsync$6(RedisClient.java:533)
		at reactor.core.publisher.Mono.lambda$onErrorMap$29(Mono.java:3862)
		at reactor.core.publisher.FluxOnErrorResume$ResumeSubscriber.onError(FluxOnErrorResume.java:94)
		at reactor.core.publisher.FluxOnErrorResume$ResumeSubscriber.onError(FluxOnErrorResume.java:106)
		at reactor.core.publisher.Operators.error(Operators.java:198)
		at reactor.core.publisher.MonoError.subscribe(MonoError.java:53)
		at reactor.core.publisher.Mono.subscribe(Mono.java:4576)
		at reactor.core.publisher.FluxOnErrorResume$ResumeSubscriber.onError(FluxOnErrorResume.java:103)
		at reactor.core.publisher.MonoCompletionStage$MonoCompletionStageSubscription.apply(MonoCompletionStage.java:115)
		at reactor.core.publisher.MonoCompletionStage$MonoCompletionStageSubscription.apply(MonoCompletionStage.java:67)
		at java.base/java.util.concurrent.CompletableFuture.uniHandle(CompletableFuture.java:934)
		at java.base/java.util.concurrent.CompletableFuture$UniHandle.tryFire(CompletableFuture.java:911)
		at java.base/java.util.concurrent.CompletableFuture.postComplete(CompletableFuture.java:510)
		at java.base/java.util.concurrent.CompletableFuture.completeExceptionally(CompletableFuture.java:2162)
		at io.lettuce.core.AbstractRedisClient.lambda$initializeChannelAsync0$6(AbstractRedisClient.java:458)
		at io.netty.util.concurrent.DefaultPromise.notifyListener0(DefaultPromise.java:603)
		at io.netty.util.concurrent.DefaultPromise.notifyListenersNow(DefaultPromise.java:570)
		at io.netty.util.concurrent.DefaultPromise.notifyListeners(DefaultPromise.java:505)
		at io.netty.util.concurrent.DefaultPromise.setValue0(DefaultPromise.java:649)
		at io.netty.util.concurrent.DefaultPromise.setFailure0(DefaultPromise.java:642)
		at io.netty.util.concurrent.DefaultPromise.setFailure(DefaultPromise.java:123)
		at io.netty.channel.DefaultChannelPromise.setFailure(DefaultChannelPromise.java:89)
		at io.netty.bootstrap.Bootstrap.doResolveAndConnect0(Bootstrap.java:228)
		at io.netty.bootstrap.Bootstrap.access$000(Bootstrap.java:47)
		at io.netty.bootstrap.Bootstrap$1.operationComplete(Bootstrap.java:189)
		at io.netty.bootstrap.Bootstrap$1.operationComplete(Bootstrap.java:175)
		at io.netty.util.concurrent.DefaultPromise.notifyListener0(DefaultPromise.java:603)
		at io.netty.util.concurrent.DefaultPromise.notifyListenersNow(DefaultPromise.java:570)
		at io.netty.util.concurrent.DefaultPromise.notifyListeners(DefaultPromise.java:505)
		at io.netty.util.concurrent.DefaultPromise.setValue0(DefaultPromise.java:649)
		at io.netty.util.concurrent.DefaultPromise.setSuccess0(DefaultPromise.java:638)
		at io.netty.util.concurrent.DefaultPromise.trySuccess(DefaultPromise.java:118)
		at io.netty.channel.DefaultChannelPromise.trySuccess(DefaultChannelPromise.java:84)
		at io.netty.channel.AbstractChannel$AbstractUnsafe.safeSetSuccess(AbstractChannel.java:988)
		at io.netty.channel.AbstractChannel$AbstractUnsafe.register0(AbstractChannel.java:515)
		at io.netty.channel.AbstractChannel$AbstractUnsafe.access$200(AbstractChannel.java:428)
		at io.netty.channel.AbstractChannel$AbstractUnsafe$1.run(AbstractChannel.java:485)
		at io.netty.util.concurrent.AbstractEventExecutor.runTask$$$capture(AbstractEventExecutor.java:173)
		at io.netty.util.concurrent.AbstractEventExecutor.runTask(AbstractEventExecutor.java)
		at io.netty.util.concurrent.AbstractEventExecutor.safeExecute$$$capture(AbstractEventExecutor.java:166)
		at io.netty.util.concurrent.AbstractEventExecutor.safeExecute(AbstractEventExecutor.java)
		at io.netty.util.concurrent.SingleThreadEventExecutor.runAllTasks(SingleThreadEventExecutor.java:472)
		at io.netty.channel.nio.NioEventLoop.run(NioEventLoop.java:569)
		at io.netty.util.concurrent.SingleThreadEventExecutor$4.run(SingleThreadEventExecutor.java:998)
		at io.netty.util.internal.ThreadExecutorMap$2.run(ThreadExecutorMap.java:74)
		at io.netty.util.concurrent.FastThreadLocalRunnable.run(FastThreadLocalRunnable.java:30)
		at java.base/java.lang.Thread.run(Thread.java:833)
Caused by: java.net.UnknownHostException: No such host is known (redis-sentinel.redis.svc.cluster.local)
	at java.base/java.net.Inet6AddressImpl.lookupAllHostAddr(Native Method)
	Suppressed: reactor.core.publisher.FluxOnAssembly$OnAssemblyException: 
Assembly trace from producer [reactor.core.publisher.MonoCompletionStage] :
	reactor.core.publisher.Mono.toFuture(Mono.java:5153)
	io.lettuce.core.RedisClient.connectSentinelAsync(RedisClient.java:562)
Error has been observed at the following site(s):
	*______________________________________________Mono.toFuture ⇢ at io.lettuce.core.RedisClient.connectSentinelAsync(RedisClient.java:562)
	*___________________________________Mono.fromCompletionStage ⇢ at io.lettuce.core.RedisClient.connectSentinelAsync(RedisClient.java:531)
	|_                                           Mono.onErrorMap ⇢ at io.lettuce.core.RedisClient.connectSentinelAsync(RedisClient.java:532)
	*__MonoCompletionStage$MonoCompletionStageSubscription.apply ⇢ at java.base/java.util.concurrent.CompletableFuture.uniHandle(CompletableFuture.java:934)
Original Stack Trace:
		at java.base/java.net.Inet6AddressImpl.lookupAllHostAddr(Native Method)
		at java.base/java.net.Inet6AddressImpl.lookupAllHostAddr(Inet6AddressImpl.java:52)
		at java.base/java.net.InetAddress$PlatformResolver.lookupByName(InetAddress.java:1048)
		at java.base/java.net.InetAddress.getAddressesFromNameService(InetAddress.java:1648)
		at java.base/java.net.InetAddress$NameServiceAddresses.get(InetAddress.java:997)
		at java.base/java.net.InetAddress.getAllByName0(InetAddress.java:1638)
		at java.base/java.net.InetAddress.getAllByName(InetAddress.java:1504)
		at java.base/java.net.InetAddress.getByName(InetAddress.java:1393)
		at io.netty.util.internal.SocketUtils$8.run(SocketUtils.java:156)
		at io.netty.util.internal.SocketUtils$8.run(SocketUtils.java:153)
		at java.base/java.security.AccessController.doPrivileged(AccessController.java:569)
		at io.netty.util.internal.SocketUtils.addressByName(SocketUtils.java:153)
		at io.netty.resolver.DefaultNameResolver.doResolve(DefaultNameResolver.java:41)
		at io.netty.resolver.SimpleNameResolver.resolve(SimpleNameResolver.java:61)
		at io.netty.resolver.SimpleNameResolver.resolve(SimpleNameResolver.java:53)
		at io.netty.resolver.InetSocketAddressResolver.doResolve(InetSocketAddressResolver.java:55)
		at io.netty.resolver.InetSocketAddressResolver.doResolve(InetSocketAddressResolver.java:31)
		at io.netty.resolver.AbstractAddressResolver.resolve(AbstractAddressResolver.java:106)
		at io.netty.bootstrap.Bootstrap.doResolveAndConnect0(Bootstrap.java:220)
		at io.netty.bootstrap.Bootstrap.access$000(Bootstrap.java:47)
		at io.netty.bootstrap.Bootstrap$1.operationComplete(Bootstrap.java:189)
		at io.netty.bootstrap.Bootstrap$1.operationComplete(Bootstrap.java:175)
		at io.netty.util.concurrent.DefaultPromise.notifyListener0(DefaultPromise.java:603)
		at io.netty.util.concurrent.DefaultPromise.notifyListenersNow(DefaultPromise.java:570)
		at io.netty.util.concurrent.DefaultPromise.notifyListeners(DefaultPromise.java:505)
		at io.netty.util.concurrent.DefaultPromise.setValue0(DefaultPromise.java:649)
		at io.netty.util.concurrent.DefaultPromise.setSuccess0(DefaultPromise.java:638)
		at io.netty.util.concurrent.DefaultPromise.trySuccess(DefaultPromise.java:118)
		at io.netty.channel.DefaultChannelPromise.trySuccess(DefaultChannelPromise.java:84)
		at io.netty.channel.AbstractChannel$AbstractUnsafe.safeSetSuccess(AbstractChannel.java:988)
		at io.netty.channel.AbstractChannel$AbstractUnsafe.register0(AbstractChannel.java:515)
		at io.netty.channel.AbstractChannel$AbstractUnsafe.access$200(AbstractChannel.java:428)
		at io.netty.channel.AbstractChannel$AbstractUnsafe$1.run(AbstractChannel.java:485)
		at io.netty.util.concurrent.AbstractEventExecutor.runTask$$$capture(AbstractEventExecutor.java:173)
		at io.netty.util.concurrent.AbstractEventExecutor.runTask(AbstractEventExecutor.java)
		at io.netty.util.concurrent.AbstractEventExecutor.safeExecute$$$capture(AbstractEventExecutor.java:166)
		at io.netty.util.concurrent.AbstractEventExecutor.safeExecute(AbstractEventExecutor.java)
		at io.netty.util.concurrent.SingleThreadEventExecutor.runAllTasks(SingleThreadEventExecutor.java:472)
		at io.netty.channel.nio.NioEventLoop.run(NioEventLoop.java:569)
		at io.netty.util.concurrent.SingleThreadEventExecutor$4.run(SingleThreadEventExecutor.java:998)
		at io.netty.util.internal.ThreadExecutorMap$2.run(ThreadExecutorMap.java:74)
		at io.netty.util.concurrent.FastThreadLocalRunnable.run(FastThreadLocalRunnable.java:30)
		at java.base/java.lang.Thread.run(Thread.java:833)
2026-04-09 23:14:24.617 WARN  [HikariPool-1:housekeeper] com.zaxxer.hikari.pool.HikariPool - HikariPool-1 - Thread starvation or clock leap detected (housekeeper delta=1m35s195ms769µs).
2026-04-09 23:14:24.629 WARN  [org.springframework.jms.JmsListenerEndpointContainer#0-1] o.s.j.l.DefaultMessageListenerContainer - Setup of JMS message listener invoker failed for destination 'hr.create.user.queue' - trying to recover. Cause: java.io.EOFException
2026-04-09 23:15:29.567 WARN  [main] org.hibernate.orm.deprecation - HHH90000025: OracleDialect does not need to be specified explicitly using 'hibernate.dialect' (remove the property setting and it will be selected by default)
2026-04-09 23:15:31.525 WARN  [main] o.s.b.a.o.j.JpaBaseConfiguration$JpaWebConfiguration - spring.jpa.open-in-view is enabled by default. Therefore, database queries may be performed during view rendering. Explicitly configure spring.jpa.open-in-view to disable this warning
2026-04-09 23:15:48.678 WARN  [lettuce-nioEventLoop-6-1] io.lettuce.core.RedisClient - Cannot connect Redis Sentinel at redis://redis-sentinel.redis.svc.cluster.local:26379?timeout=500000000ns: java.util.concurrent.CompletionException: java.net.UnknownHostException: No such host is known (redis-sentinel.redis.svc.cluster.local)
2026-04-09 23:15:48.689 WARN  [boundedElastic-1] o.s.b.a.d.r.RedisReactiveHealthIndicator - Redis health check failed
org.springframework.data.redis.RedisConnectionFailureException: Unable to connect to Redis
	at org.springframework.data.redis.connection.lettuce.LettuceConnectionFactory$ExceptionTranslatingConnectionProvider.translateException(LettuceConnectionFactory.java:1858)
	Suppressed: reactor.core.publisher.FluxOnAssembly$OnAssemblyException: 
Assembly trace from producer [reactor.core.publisher.MonoSubscribeOnCallable] :
	reactor.core.publisher.Mono.subscribeOn(Mono.java:4625)
	org.springframework.boot.actuate.data.redis.RedisReactiveHealthIndicator.getConnection(RedisReactiveHealthIndicator.java:57)
Error has been observed at the following site(s):
	*__Mono.subscribeOn ⇢ at org.springframework.boot.actuate.data.redis.RedisReactiveHealthIndicator.getConnection(RedisReactiveHealthIndicator.java:57)
	|_     Mono.flatMap ⇢ at org.springframework.boot.actuate.data.redis.RedisReactiveHealthIndicator.doHealthCheck(RedisReactiveHealthIndicator.java:52)
Original Stack Trace:
		at org.springframework.data.redis.connection.lettuce.LettuceConnectionFactory$ExceptionTranslatingConnectionProvider.translateException(LettuceConnectionFactory.java:1858)
		at org.springframework.data.redis.connection.lettuce.LettuceConnectionFactory$ExceptionTranslatingConnectionProvider.getConnection(LettuceConnectionFactory.java:1789)
		at org.springframework.data.redis.connection.lettuce.LettuceConnectionFactory$SharedConnection.getNativeConnection(LettuceConnectionFactory.java:1586)
		at org.springframework.data.redis.connection.lettuce.LettuceConnectionFactory$SharedConnection.lambda$getConnection$0(LettuceConnectionFactory.java:1566)
		at org.springframework.data.redis.connection.lettuce.LettuceConnectionFactory.doInLock(LettuceConnectionFactory.java:1527)
		at org.springframework.data.redis.connection.lettuce.LettuceConnectionFactory$SharedConnection.getConnection(LettuceConnectionFactory.java:1563)
		at org.springframework.data.redis.connection.lettuce.LettuceConnectionFactory.getSharedReactiveConnection(LettuceConnectionFactory.java:1274)
		at org.springframework.data.redis.connection.lettuce.LettuceConnectionFactory.getReactiveConnection(LettuceConnectionFactory.java:1149)
		at org.springframework.data.redis.connection.lettuce.LettuceConnectionFactory.getReactiveConnection(LettuceConnectionFactory.java:120)
		at reactor.core.publisher.MonoSupplier.call(MonoSupplier.java:67)
		at reactor.core.publisher.FluxSubscribeOnCallable$CallableSubscribeOnSubscription.run(FluxSubscribeOnCallable.java:228)
		at reactor.core.scheduler.SchedulerTask.call(SchedulerTask.java:68)
		at reactor.core.scheduler.SchedulerTask.call(SchedulerTask.java:28)
		at java.base/java.util.concurrent.FutureTask.run$$$capture(FutureTask.java:264)
		at java.base/java.util.concurrent.FutureTask.run(FutureTask.java)
		at java.base/java.util.concurrent.ScheduledThreadPoolExecutor$ScheduledFutureTask.run(ScheduledThreadPoolExecutor.java:304)
		at java.base/java.util.concurrent.ThreadPoolExecutor.runWorker(ThreadPoolExecutor.java:1136)
		at java.base/java.util.concurrent.ThreadPoolExecutor$Worker.run(ThreadPoolExecutor.java:635)
		at java.base/java.lang.Thread.run(Thread.java:833)
Caused by: org.springframework.data.redis.connection.PoolException: Could not prepare the pool
	at org.springframework.data.redis.connection.lettuce.LettucePoolingConnectionProvider.lambda$getConnection$1(LettucePoolingConnectionProvider.java:101)
	at java.base/java.util.concurrent.ConcurrentHashMap.computeIfAbsent(ConcurrentHashMap.java:1708)
	at org.springframework.data.redis.connection.lettuce.LettucePoolingConnectionProvider.getConnection(LettucePoolingConnectionProvider.java:93)
	at org.springframework.data.redis.connection.lettuce.LettuceConnectionFactory$ExceptionTranslatingConnectionProvider.getConnection(LettuceConnectionFactory.java:1787)
	at org.springframework.data.redis.connection.lettuce.LettuceConnectionFactory$SharedConnection.getNativeConnection(LettuceConnectionFactory.java:1586)
	at org.springframework.data.redis.connection.lettuce.LettuceConnectionFactory$SharedConnection.lambda$getConnection$0(LettuceConnectionFactory.java:1566)
	at org.springframework.data.redis.connection.lettuce.LettuceConnectionFactory.doInLock(LettuceConnectionFactory.java:1527)
	at org.springframework.data.redis.connection.lettuce.LettuceConnectionFactory$SharedConnection.getConnection(LettuceConnectionFactory.java:1563)
	at org.springframework.data.redis.connection.lettuce.LettuceConnectionFactory.getSharedReactiveConnection(LettuceConnectionFactory.java:1274)
	at org.springframework.data.redis.connection.lettuce.LettuceConnectionFactory.getReactiveConnection(LettuceConnectionFactory.java:1149)
	at org.springframework.data.redis.connection.lettuce.LettuceConnectionFactory.getReactiveConnection(LettuceConnectionFactory.java:120)
	at reactor.core.publisher.MonoSupplier.call(MonoSupplier.java:67)
	at reactor.core.publisher.MonoCallableOnAssembly.call(MonoCallableOnAssembly.java:91)
	at reactor.core.publisher.FluxSubscribeOnCallable$CallableSubscribeOnSubscription.run(FluxSubscribeOnCallable.java:228)
	at reactor.core.scheduler.SchedulerTask.call(SchedulerTask.java:68)
	at reactor.core.scheduler.SchedulerTask.call(SchedulerTask.java:28)
	at java.base/java.util.concurrent.FutureTask.run$$$capture(FutureTask.java:264)
	at java.base/java.util.concurrent.FutureTask.run(FutureTask.java)
	at java.base/java.util.concurrent.ScheduledThreadPoolExecutor$ScheduledFutureTask.run(ScheduledThreadPoolExecutor.java:304)
	at java.base/java.util.concurrent.ThreadPoolExecutor.runWorker(ThreadPoolExecutor.java:1136)
	at java.base/java.util.concurrent.ThreadPoolExecutor$Worker.run(ThreadPoolExecutor.java:635)
	at java.base/java.lang.Thread.run(Thread.java:833)
Caused by: io.lettuce.core.RedisConnectionException: Cannot connect to a Redis Sentinel: [redis://redis-sentinel.redis.svc.cluster.local:26379?timeout=500000000ns]
	at io.lettuce.core.RedisConnectionException.create(RedisConnectionException.java:57)
	at io.lettuce.core.RedisConnectionException.create(RedisConnectionException.java:41)
	at io.lettuce.core.AbstractRedisClient.getConnection(AbstractRedisClient.java:354)
	at io.lettuce.core.RedisClient.connect(RedisClient.java:220)
	at org.springframework.data.redis.connection.lettuce.StandaloneConnectionProvider.lambda$getConnection$1(StandaloneConnectionProvider.java:112)
	at java.base/java.util.Optional.orElseGet(Optional.java:364)
	at org.springframework.data.redis.connection.lettuce.StandaloneConnectionProvider.getConnection(StandaloneConnectionProvider.java:112)
	at org.springframework.data.redis.connection.lettuce.LettucePoolingConnectionProvider.lambda$getConnection$0(LettucePoolingConnectionProvider.java:96)
	at io.lettuce.core.support.ConnectionPoolSupport$RedisPooledObjectFactory.create(ConnectionPoolSupport.java:270)
	at io.lettuce.core.support.ConnectionPoolSupport$RedisPooledObjectFactory.create(ConnectionPoolSupport.java:257)
	at org.apache.commons.pool2.BasePooledObjectFactory.makeObject(BasePooledObjectFactory.java:68)
	at org.apache.commons.pool2.impl.GenericObjectPool.create(GenericObjectPool.java:557)
	at org.apache.commons.pool2.impl.GenericObjectPool.ensureIdle(GenericObjectPool.java:630)
	at org.apache.commons.pool2.impl.GenericObjectPool.ensureMinIdle(GenericObjectPool.java:652)
	at org.apache.commons.pool2.impl.GenericObjectPool.preparePool(GenericObjectPool.java:970)
	at org.springframework.data.redis.connection.lettuce.LettucePoolingConnectionProvider.lambda$getConnection$1(LettucePoolingConnectionProvider.java:99)
	... 21 common frames omitted
Caused by: io.lettuce.core.RedisConnectionException: Cannot connect Redis Sentinel at redis://redis-sentinel.redis.svc.cluster.local:26379?timeout=500000000ns
	at io.lettuce.core.RedisClient.lambda$connectSentinelAsync$6(RedisClient.java:533)
	Suppressed: reactor.core.publisher.FluxOnAssembly$OnAssemblyException: 
Assembly trace from producer [reactor.core.publisher.MonoError] :

Error has been observed at the following site(s):
	*__Mono.onErrorMap ⇢ at io.lettuce.core.RedisClient.connectSentinelAsync(RedisClient.java:533)
	|_  Mono.doOnError ⇢ at io.lettuce.core.RedisClient.connectSentinelAsync(RedisClient.java:534)
Original Stack Trace:
		at io.lettuce.core.RedisClient.lambda$connectSentinelAsync$6(RedisClient.java:533)
		at reactor.core.publisher.Mono.lambda$onErrorMap$29(Mono.java:3862)
		at reactor.core.publisher.FluxOnErrorResume$ResumeSubscriber.onError(FluxOnErrorResume.java:94)
		at reactor.core.publisher.FluxOnErrorResume$ResumeSubscriber.onError(FluxOnErrorResume.java:106)
		at reactor.core.publisher.Operators.error(Operators.java:198)
		at reactor.core.publisher.MonoError.subscribe(MonoError.java:53)
		at reactor.core.publisher.Mono.subscribe(Mono.java:4576)
		at reactor.core.publisher.FluxOnErrorResume$ResumeSubscriber.onError(FluxOnErrorResume.java:103)
		at reactor.core.publisher.MonoCompletionStage$MonoCompletionStageSubscription.apply(MonoCompletionStage.java:115)
		at reactor.core.publisher.MonoCompletionStage$MonoCompletionStageSubscription.apply(MonoCompletionStage.java:67)
		at java.base/java.util.concurrent.CompletableFuture.uniHandle(CompletableFuture.java:934)
		at java.base/java.util.concurrent.CompletableFuture$UniHandle.tryFire(CompletableFuture.java:911)
		at java.base/java.util.concurrent.CompletableFuture.postComplete(CompletableFuture.java:510)
		at java.base/java.util.concurrent.CompletableFuture.completeExceptionally(CompletableFuture.java:2162)
		at io.lettuce.core.AbstractRedisClient.lambda$initializeChannelAsync0$6(AbstractRedisClient.java:458)
		at io.netty.util.concurrent.DefaultPromise.notifyListener0(DefaultPromise.java:603)
		at io.netty.util.concurrent.DefaultPromise.notifyListenersNow(DefaultPromise.java:570)
		at io.netty.util.concurrent.DefaultPromise.notifyListeners(DefaultPromise.java:505)
		at io.netty.util.concurrent.DefaultPromise.setValue0(DefaultPromise.java:649)
		at io.netty.util.concurrent.DefaultPromise.setFailure0(DefaultPromise.java:642)
		at io.netty.util.concurrent.DefaultPromise.setFailure(DefaultPromise.java:123)
		at io.netty.channel.DefaultChannelPromise.setFailure(DefaultChannelPromise.java:89)
		at io.netty.bootstrap.Bootstrap.doResolveAndConnect0(Bootstrap.java:228)
		at io.netty.bootstrap.Bootstrap.access$000(Bootstrap.java:47)
		at io.netty.bootstrap.Bootstrap$1.operationComplete(Bootstrap.java:189)
		at io.netty.bootstrap.Bootstrap$1.operationComplete(Bootstrap.java:175)
		at io.netty.util.concurrent.DefaultPromise.notifyListener0(DefaultPromise.java:603)
		at io.netty.util.concurrent.DefaultPromise.notifyListenersNow(DefaultPromise.java:570)
		at io.netty.util.concurrent.DefaultPromise.notifyListeners(DefaultPromise.java:505)
		at io.netty.util.concurrent.DefaultPromise.setValue0(DefaultPromise.java:649)
		at io.netty.util.concurrent.DefaultPromise.setSuccess0(DefaultPromise.java:638)
		at io.netty.util.concurrent.DefaultPromise.trySuccess(DefaultPromise.java:118)
		at io.netty.channel.DefaultChannelPromise.trySuccess(DefaultChannelPromise.java:84)
		at io.netty.channel.AbstractChannel$AbstractUnsafe.safeSetSuccess(AbstractChannel.java:988)
		at io.netty.channel.AbstractChannel$AbstractUnsafe.register0(AbstractChannel.java:515)
		at io.netty.channel.AbstractChannel$AbstractUnsafe.access$200(AbstractChannel.java:428)
		at io.netty.channel.AbstractChannel$AbstractUnsafe$1.run(AbstractChannel.java:485)
		at io.netty.util.concurrent.AbstractEventExecutor.runTask$$$capture(AbstractEventExecutor.java:173)
		at io.netty.util.concurrent.AbstractEventExecutor.runTask(AbstractEventExecutor.java)
		at io.netty.util.concurrent.AbstractEventExecutor.safeExecute$$$capture(AbstractEventExecutor.java:166)
		at io.netty.util.concurrent.AbstractEventExecutor.safeExecute(AbstractEventExecutor.java)
		at io.netty.util.concurrent.SingleThreadEventExecutor.runAllTasks(SingleThreadEventExecutor.java:472)
		at io.netty.channel.nio.NioEventLoop.run(NioEventLoop.java:569)
		at io.netty.util.concurrent.SingleThreadEventExecutor$4.run(SingleThreadEventExecutor.java:998)
		at io.netty.util.internal.ThreadExecutorMap$2.run(ThreadExecutorMap.java:74)
		at io.netty.util.concurrent.FastThreadLocalRunnable.run(FastThreadLocalRunnable.java:30)
		at java.base/java.lang.Thread.run(Thread.java:833)
Caused by: java.net.UnknownHostException: No such host is known (redis-sentinel.redis.svc.cluster.local)
	at java.base/java.net.Inet6AddressImpl.lookupAllHostAddr(Native Method)
	Suppressed: reactor.core.publisher.FluxOnAssembly$OnAssemblyException: 
Assembly trace from producer [reactor.core.publisher.MonoCompletionStage] :
	reactor.core.publisher.Mono.toFuture(Mono.java:5153)
	io.lettuce.core.RedisClient.connectSentinelAsync(RedisClient.java:562)
Error has been observed at the following site(s):
	*______________________________________________Mono.toFuture ⇢ at io.lettuce.core.RedisClient.connectSentinelAsync(RedisClient.java:562)
	*___________________________________Mono.fromCompletionStage ⇢ at io.lettuce.core.RedisClient.connectSentinelAsync(RedisClient.java:531)
	|_                                           Mono.onErrorMap ⇢ at io.lettuce.core.RedisClient.connectSentinelAsync(RedisClient.java:532)
	*__MonoCompletionStage$MonoCompletionStageSubscription.apply ⇢ at java.base/java.util.concurrent.CompletableFuture.uniHandle(CompletableFuture.java:934)
Original Stack Trace:
		at java.base/java.net.Inet6AddressImpl.lookupAllHostAddr(Native Method)
		at java.base/java.net.Inet6AddressImpl.lookupAllHostAddr(Inet6AddressImpl.java:52)
		at java.base/java.net.InetAddress$PlatformResolver.lookupByName(InetAddress.java:1048)
		at java.base/java.net.InetAddress.getAddressesFromNameService(InetAddress.java:1648)
		at java.base/java.net.InetAddress$NameServiceAddresses.get(InetAddress.java:997)
		at java.base/java.net.InetAddress.getAllByName0(InetAddress.java:1638)
		at java.base/java.net.InetAddress.getAllByName(InetAddress.java:1504)
		at java.base/java.net.InetAddress.getByName(InetAddress.java:1393)
		at io.netty.util.internal.SocketUtils$8.run(SocketUtils.java:156)
		at io.netty.util.internal.SocketUtils$8.run(SocketUtils.java:153)
		at java.base/java.security.AccessController.doPrivileged(AccessController.java:569)
		at io.netty.util.internal.SocketUtils.addressByName(SocketUtils.java:153)
		at io.netty.resolver.DefaultNameResolver.doResolve(DefaultNameResolver.java:41)
		at io.netty.resolver.SimpleNameResolver.resolve(SimpleNameResolver.java:61)
		at io.netty.resolver.SimpleNameResolver.resolve(SimpleNameResolver.java:53)
		at io.netty.resolver.InetSocketAddressResolver.doResolve(InetSocketAddressResolver.java:55)
		at io.netty.resolver.InetSocketAddressResolver.doResolve(InetSocketAddressResolver.java:31)
		at io.netty.resolver.AbstractAddressResolver.resolve(AbstractAddressResolver.java:106)
		at io.netty.bootstrap.Bootstrap.doResolveAndConnect0(Bootstrap.java:220)
		at io.netty.bootstrap.Bootstrap.access$000(Bootstrap.java:47)
		at io.netty.bootstrap.Bootstrap$1.operationComplete(Bootstrap.java:189)
		at io.netty.bootstrap.Bootstrap$1.operationComplete(Bootstrap.java:175)
		at io.netty.util.concurrent.DefaultPromise.notifyListener0(DefaultPromise.java:603)
		at io.netty.util.concurrent.DefaultPromise.notifyListenersNow(DefaultPromise.java:570)
		at io.netty.util.concurrent.DefaultPromise.notifyListeners(DefaultPromise.java:505)
		at io.netty.util.concurrent.DefaultPromise.setValue0(DefaultPromise.java:649)
		at io.netty.util.concurrent.DefaultPromise.setSuccess0(DefaultPromise.java:638)
		at io.netty.util.concurrent.DefaultPromise.trySuccess(DefaultPromise.java:118)
		at io.netty.channel.DefaultChannelPromise.trySuccess(DefaultChannelPromise.java:84)
		at io.netty.channel.AbstractChannel$AbstractUnsafe.safeSetSuccess(AbstractChannel.java:988)
		at io.netty.channel.AbstractChannel$AbstractUnsafe.register0(AbstractChannel.java:515)
		at io.netty.channel.AbstractChannel$AbstractUnsafe.access$200(AbstractChannel.java:428)
		at io.netty.channel.AbstractChannel$AbstractUnsafe$1.run(AbstractChannel.java:485)
		at io.netty.util.concurrent.AbstractEventExecutor.runTask$$$capture(AbstractEventExecutor.java:173)
		at io.netty.util.concurrent.AbstractEventExecutor.runTask(AbstractEventExecutor.java)
		at io.netty.util.concurrent.AbstractEventExecutor.safeExecute$$$capture(AbstractEventExecutor.java:166)
		at io.netty.util.concurrent.AbstractEventExecutor.safeExecute(AbstractEventExecutor.java)
		at io.netty.util.concurrent.SingleThreadEventExecutor.runAllTasks(SingleThreadEventExecutor.java:472)
		at io.netty.channel.nio.NioEventLoop.run(NioEventLoop.java:569)
		at io.netty.util.concurrent.SingleThreadEventExecutor$4.run(SingleThreadEventExecutor.java:998)
		at io.netty.util.internal.ThreadExecutorMap$2.run(ThreadExecutorMap.java:74)
		at io.netty.util.concurrent.FastThreadLocalRunnable.run(FastThreadLocalRunnable.java:30)
		at java.base/java.lang.Thread.run(Thread.java:833)
2026-04-09 23:19:50.399 WARN  [HikariPool-1:housekeeper] com.zaxxer.hikari.pool.HikariPool - HikariPool-1 - Thread starvation or clock leap detected (housekeeper delta=3m50s222ms981µs900ns).
2026-04-09 23:19:50.412 WARN  [org.springframework.jms.JmsListenerEndpointContainer#0-1] o.s.j.l.DefaultMessageListenerContainer - Setup of JMS message listener invoker failed for destination 'hr.create.user.queue' - trying to recover. Cause: java.io.EOFException
2026-04-09 23:34:06.769 WARN  [main] org.hibernate.orm.deprecation - HHH90000025: OracleDialect does not need to be specified explicitly using 'hibernate.dialect' (remove the property setting and it will be selected by default)
2026-04-09 23:34:09.375 WARN  [main] o.s.b.a.o.j.JpaBaseConfiguration$JpaWebConfiguration - spring.jpa.open-in-view is enabled by default. Therefore, database queries may be performed during view rendering. Explicitly configure spring.jpa.open-in-view to disable this warning
2026-04-09 23:34:27.273 WARN  [lettuce-nioEventLoop-6-1] io.lettuce.core.RedisClient - Cannot connect Redis Sentinel at redis://redis-sentinel.redis.svc.cluster.local:26379?timeout=500000000ns: java.util.concurrent.CompletionException: java.net.UnknownHostException: No such host is known (redis-sentinel.redis.svc.cluster.local)
2026-04-09 23:34:27.280 WARN  [boundedElastic-1] o.s.b.a.d.r.RedisReactiveHealthIndicator - Redis health check failed
org.springframework.data.redis.RedisConnectionFailureException: Unable to connect to Redis
	at org.springframework.data.redis.connection.lettuce.LettuceConnectionFactory$ExceptionTranslatingConnectionProvider.translateException(LettuceConnectionFactory.java:1858)
	at org.springframework.data.redis.connection.lettuce.LettuceConnectionFactory$ExceptionTranslatingConnectionProvider.getConnection(LettuceConnectionFactory.java:1789)
	at org.springframework.data.redis.connection.lettuce.LettuceConnectionFactory$SharedConnection.getNativeConnection(LettuceConnectionFactory.java:1586)
	at org.springframework.data.redis.connection.lettuce.LettuceConnectionFactory$SharedConnection.lambda$getConnection$0(LettuceConnectionFactory.java:1566)
	at org.springframework.data.redis.connection.lettuce.LettuceConnectionFactory.doInLock(LettuceConnectionFactory.java:1527)
	at org.springframework.data.redis.connection.lettuce.LettuceConnectionFactory$SharedConnection.getConnection(LettuceConnectionFactory.java:1563)
	at org.springframework.data.redis.connection.lettuce.LettuceConnectionFactory.getSharedReactiveConnection(LettuceConnectionFactory.java:1274)
	at org.springframework.data.redis.connection.lettuce.LettuceConnectionFactory.getReactiveConnection(LettuceConnectionFactory.java:1149)
	at org.springframework.data.redis.connection.lettuce.LettuceConnectionFactory.getReactiveConnection(LettuceConnectionFactory.java:120)
	at reactor.core.publisher.MonoSupplier.call(MonoSupplier.java:67)
	at reactor.core.publisher.FluxSubscribeOnCallable$CallableSubscribeOnSubscription.run(FluxSubscribeOnCallable.java:228)
	at reactor.core.scheduler.SchedulerTask.call(SchedulerTask.java:68)
	at reactor.core.scheduler.SchedulerTask.call(SchedulerTask.java:28)
	at java.base/java.util.concurrent.FutureTask.run(FutureTask.java:264)
	at java.base/java.util.concurrent.ScheduledThreadPoolExecutor$ScheduledFutureTask.run(ScheduledThreadPoolExecutor.java:304)
	at java.base/java.util.concurrent.ThreadPoolExecutor.runWorker(ThreadPoolExecutor.java:1136)
	at java.base/java.util.concurrent.ThreadPoolExecutor$Worker.run(ThreadPoolExecutor.java:635)
	at java.base/java.lang.Thread.run(Thread.java:833)
Caused by: org.springframework.data.redis.connection.PoolException: Could not prepare the pool
	at org.springframework.data.redis.connection.lettuce.LettucePoolingConnectionProvider.lambda$getConnection$1(LettucePoolingConnectionProvider.java:101)
	at java.base/java.util.concurrent.ConcurrentHashMap.computeIfAbsent(ConcurrentHashMap.java:1708)
	at org.springframework.data.redis.connection.lettuce.LettucePoolingConnectionProvider.getConnection(LettucePoolingConnectionProvider.java:93)
	at org.springframework.data.redis.connection.lettuce.LettuceConnectionFactory$ExceptionTranslatingConnectionProvider.getConnection(LettuceConnectionFactory.java:1787)
	... 16 common frames omitted
Caused by: io.lettuce.core.RedisConnectionException: Cannot connect to a Redis Sentinel: [redis://redis-sentinel.redis.svc.cluster.local:26379?timeout=500000000ns]
	at io.lettuce.core.RedisConnectionException.create(RedisConnectionException.java:57)
	at io.lettuce.core.RedisConnectionException.create(RedisConnectionException.java:41)
	at io.lettuce.core.AbstractRedisClient.getConnection(AbstractRedisClient.java:354)
	at io.lettuce.core.RedisClient.connect(RedisClient.java:220)
	at org.springframework.data.redis.connection.lettuce.StandaloneConnectionProvider.lambda$getConnection$1(StandaloneConnectionProvider.java:112)
	at java.base/java.util.Optional.orElseGet(Optional.java:364)
	at org.springframework.data.redis.connection.lettuce.StandaloneConnectionProvider.getConnection(StandaloneConnectionProvider.java:112)
	at org.springframework.data.redis.connection.lettuce.LettucePoolingConnectionProvider.lambda$getConnection$0(LettucePoolingConnectionProvider.java:96)
	at io.lettuce.core.support.ConnectionPoolSupport$RedisPooledObjectFactory.create(ConnectionPoolSupport.java:270)
	at io.lettuce.core.support.ConnectionPoolSupport$RedisPooledObjectFactory.create(ConnectionPoolSupport.java:257)
	at org.apache.commons.pool2.BasePooledObjectFactory.makeObject(BasePooledObjectFactory.java:68)
	at org.apache.commons.pool2.impl.GenericObjectPool.create(GenericObjectPool.java:557)
	at org.apache.commons.pool2.impl.GenericObjectPool.ensureIdle(GenericObjectPool.java:630)
	at org.apache.commons.pool2.impl.GenericObjectPool.ensureMinIdle(GenericObjectPool.java:652)
	at org.apache.commons.pool2.impl.GenericObjectPool.preparePool(GenericObjectPool.java:970)
	at org.springframework.data.redis.connection.lettuce.LettucePoolingConnectionProvider.lambda$getConnection$1(LettucePoolingConnectionProvider.java:99)
	... 19 common frames omitted
Caused by: io.lettuce.core.RedisConnectionException: Cannot connect Redis Sentinel at redis://redis-sentinel.redis.svc.cluster.local:26379?timeout=500000000ns
	at io.lettuce.core.RedisClient.lambda$connectSentinelAsync$6(RedisClient.java:533)
	at reactor.core.publisher.Mono.lambda$onErrorMap$29(Mono.java:3862)
	at reactor.core.publisher.FluxOnErrorResume$ResumeSubscriber.onError(FluxOnErrorResume.java:94)
	at reactor.core.publisher.FluxOnErrorResume$ResumeSubscriber.onError(FluxOnErrorResume.java:106)
	at reactor.core.publisher.Operators.error(Operators.java:198)
	at reactor.core.publisher.MonoError.subscribe(MonoError.java:53)
	at reactor.core.publisher.Mono.subscribe(Mono.java:4576)
	at reactor.core.publisher.FluxOnErrorResume$ResumeSubscriber.onError(FluxOnErrorResume.java:103)
	at reactor.core.publisher.MonoCompletionStage$MonoCompletionStageSubscription.apply(MonoCompletionStage.java:115)
	at reactor.core.publisher.MonoCompletionStage$MonoCompletionStageSubscription.apply(MonoCompletionStage.java:67)
	at java.base/java.util.concurrent.CompletableFuture.uniHandle(CompletableFuture.java:934)
	at java.base/java.util.concurrent.CompletableFuture$UniHandle.tryFire(CompletableFuture.java:911)
	at java.base/java.util.concurrent.CompletableFuture.postComplete(CompletableFuture.java:510)
	at java.base/java.util.concurrent.CompletableFuture.completeExceptionally(CompletableFuture.java:2162)
	at io.lettuce.core.AbstractRedisClient.lambda$initializeChannelAsync0$6(AbstractRedisClient.java:458)
	at io.netty.util.concurrent.DefaultPromise.notifyListener0(DefaultPromise.java:603)
	at io.netty.util.concurrent.DefaultPromise.notifyListenersNow(DefaultPromise.java:570)
	at io.netty.util.concurrent.DefaultPromise.notifyListeners(DefaultPromise.java:505)
	at io.netty.util.concurrent.DefaultPromise.setValue0(DefaultPromise.java:649)
	at io.netty.util.concurrent.DefaultPromise.setFailure0(DefaultPromise.java:642)
	at io.netty.util.concurrent.DefaultPromise.setFailure(DefaultPromise.java:123)
	at io.netty.channel.DefaultChannelPromise.setFailure(DefaultChannelPromise.java:89)
	at io.netty.bootstrap.Bootstrap.doResolveAndConnect0(Bootstrap.java:228)
	at io.netty.bootstrap.Bootstrap.access$000(Bootstrap.java:47)
	at io.netty.bootstrap.Bootstrap$1.operationComplete(Bootstrap.java:189)
	at io.netty.bootstrap.Bootstrap$1.operationComplete(Bootstrap.java:175)
	at io.netty.util.concurrent.DefaultPromise.notifyListener0(DefaultPromise.java:603)
	at io.netty.util.concurrent.DefaultPromise.notifyListenersNow(DefaultPromise.java:570)
	at io.netty.util.concurrent.DefaultPromise.notifyListeners(DefaultPromise.java:505)
	at io.netty.util.concurrent.DefaultPromise.setValue0(DefaultPromise.java:649)
	at io.netty.util.concurrent.DefaultPromise.setSuccess0(DefaultPromise.java:638)
	at io.netty.util.concurrent.DefaultPromise.trySuccess(DefaultPromise.java:118)
	at io.netty.channel.DefaultChannelPromise.trySuccess(DefaultChannelPromise.java:84)
	at io.netty.channel.AbstractChannel$AbstractUnsafe.safeSetSuccess(AbstractChannel.java:988)
	at io.netty.channel.AbstractChannel$AbstractUnsafe.register0(AbstractChannel.java:515)
	at io.netty.channel.AbstractChannel$AbstractUnsafe.access$200(AbstractChannel.java:428)
	at io.netty.channel.AbstractChannel$AbstractUnsafe$1.run(AbstractChannel.java:485)
	at io.netty.util.concurrent.AbstractEventExecutor.runTask(AbstractEventExecutor.java:173)
	at io.netty.util.concurrent.AbstractEventExecutor.safeExecute(AbstractEventExecutor.java:166)
	at io.netty.util.concurrent.SingleThreadEventExecutor.runAllTasks(SingleThreadEventExecutor.java:472)
	at io.netty.channel.nio.NioEventLoop.run(NioEventLoop.java:569)
	at io.netty.util.concurrent.SingleThreadEventExecutor$4.run(SingleThreadEventExecutor.java:998)
	at io.netty.util.internal.ThreadExecutorMap$2.run(ThreadExecutorMap.java:74)
	at io.netty.util.concurrent.FastThreadLocalRunnable.run(FastThreadLocalRunnable.java:30)
	... 1 common frames omitted
Caused by: java.net.UnknownHostException: No such host is known (redis-sentinel.redis.svc.cluster.local)
	at java.base/java.net.Inet6AddressImpl.lookupAllHostAddr(Native Method)
	at java.base/java.net.Inet6AddressImpl.lookupAllHostAddr(Inet6AddressImpl.java:52)
	at java.base/java.net.InetAddress$PlatformResolver.lookupByName(InetAddress.java:1048)
	at java.base/java.net.InetAddress.getAddressesFromNameService(InetAddress.java:1648)
	at java.base/java.net.InetAddress$NameServiceAddresses.get(InetAddress.java:997)
	at java.base/java.net.InetAddress.getAllByName0(InetAddress.java:1638)
	at java.base/java.net.InetAddress.getAllByName(InetAddress.java:1504)
	at java.base/java.net.InetAddress.getByName(InetAddress.java:1393)
	at io.netty.util.internal.SocketUtils$8.run(SocketUtils.java:156)
	at io.netty.util.internal.SocketUtils$8.run(SocketUtils.java:153)
	at java.base/java.security.AccessController.doPrivileged(AccessController.java:569)
	at io.netty.util.internal.SocketUtils.addressByName(SocketUtils.java:153)
	at io.netty.resolver.DefaultNameResolver.doResolve(DefaultNameResolver.java:41)
	at io.netty.resolver.SimpleNameResolver.resolve(SimpleNameResolver.java:61)
	at io.netty.resolver.SimpleNameResolver.resolve(SimpleNameResolver.java:53)
	at io.netty.resolver.InetSocketAddressResolver.doResolve(InetSocketAddressResolver.java:55)
	at io.netty.resolver.InetSocketAddressResolver.doResolve(InetSocketAddressResolver.java:31)
	at io.netty.resolver.AbstractAddressResolver.resolve(AbstractAddressResolver.java:106)
	at io.netty.bootstrap.Bootstrap.doResolveAndConnect0(Bootstrap.java:220)
	... 22 common frames omitted
2026-04-09 23:36:07.240 WARN  [HikariPool-1:housekeeper] com.zaxxer.hikari.pool.PoolBase - HikariPool-1 - Failed to validate connection oracle.jdbc.driver.T4CConnection@1bc2dc3c (ORA-17008: Closed connection
https://docs.oracle.com/error-help/db/ora-17008/). Possibly consider using a shorter maxLifetime value.
2026-04-09 23:36:37.547 WARN  [main] org.hibernate.orm.deprecation - HHH90000025: OracleDialect does not need to be specified explicitly using 'hibernate.dialect' (remove the property setting and it will be selected by default)
2026-04-09 23:36:39.558 WARN  [main] o.s.b.a.o.j.JpaBaseConfiguration$JpaWebConfiguration - spring.jpa.open-in-view is enabled by default. Therefore, database queries may be performed during view rendering. Explicitly configure spring.jpa.open-in-view to disable this warning
2026-04-09 23:36:42.167 WARN  [lettuce-nioEventLoop-6-1] io.lettuce.core.RedisClient - Cannot connect Redis Sentinel at redis://redis-sentinel.redis.svc.cluster.local:26379?timeout=500000000ns: java.util.concurrent.CompletionException: java.net.UnknownHostException: No such host is known (redis-sentinel.redis.svc.cluster.local)
2026-04-09 23:36:42.181 WARN  [boundedElastic-1] o.s.b.a.d.r.RedisReactiveHealthIndicator - Redis health check failed
org.springframework.data.redis.RedisConnectionFailureException: Unable to connect to Redis
	at org.springframework.data.redis.connection.lettuce.LettuceConnectionFactory$ExceptionTranslatingConnectionProvider.translateException(LettuceConnectionFactory.java:1858)
	Suppressed: reactor.core.publisher.FluxOnAssembly$OnAssemblyException: 
Assembly trace from producer [reactor.core.publisher.MonoSubscribeOnCallable] :
	reactor.core.publisher.Mono.subscribeOn(Mono.java:4625)
	org.springframework.boot.actuate.data.redis.RedisReactiveHealthIndicator.getConnection(RedisReactiveHealthIndicator.java:57)
Error has been observed at the following site(s):
	*__Mono.subscribeOn ⇢ at org.springframework.boot.actuate.data.redis.RedisReactiveHealthIndicator.getConnection(RedisReactiveHealthIndicator.java:57)
	|_     Mono.flatMap ⇢ at org.springframework.boot.actuate.data.redis.RedisReactiveHealthIndicator.doHealthCheck(RedisReactiveHealthIndicator.java:52)
Original Stack Trace:
		at org.springframework.data.redis.connection.lettuce.LettuceConnectionFactory$ExceptionTranslatingConnectionProvider.translateException(LettuceConnectionFactory.java:1858)
		at org.springframework.data.redis.connection.lettuce.LettuceConnectionFactory$ExceptionTranslatingConnectionProvider.getConnection(LettuceConnectionFactory.java:1789)
		at org.springframework.data.redis.connection.lettuce.LettuceConnectionFactory$SharedConnection.getNativeConnection(LettuceConnectionFactory.java:1586)
		at org.springframework.data.redis.connection.lettuce.LettuceConnectionFactory$SharedConnection.lambda$getConnection$0(LettuceConnectionFactory.java:1566)
		at org.springframework.data.redis.connection.lettuce.LettuceConnectionFactory.doInLock(LettuceConnectionFactory.java:1527)
		at org.springframework.data.redis.connection.lettuce.LettuceConnectionFactory$SharedConnection.getConnection(LettuceConnectionFactory.java:1563)
		at org.springframework.data.redis.connection.lettuce.LettuceConnectionFactory.getSharedReactiveConnection(LettuceConnectionFactory.java:1274)
		at org.springframework.data.redis.connection.lettuce.LettuceConnectionFactory.getReactiveConnection(LettuceConnectionFactory.java:1149)
		at org.springframework.data.redis.connection.lettuce.LettuceConnectionFactory.getReactiveConnection(LettuceConnectionFactory.java:120)
		at reactor.core.publisher.MonoSupplier.call(MonoSupplier.java:67)
		at reactor.core.publisher.FluxSubscribeOnCallable$CallableSubscribeOnSubscription.run(FluxSubscribeOnCallable.java:228)
		at reactor.core.scheduler.SchedulerTask.call(SchedulerTask.java:68)
		at reactor.core.scheduler.SchedulerTask.call(SchedulerTask.java:28)
		at java.base/java.util.concurrent.FutureTask.run$$$capture(FutureTask.java:264)
		at java.base/java.util.concurrent.FutureTask.run(FutureTask.java)
		at java.base/java.util.concurrent.ScheduledThreadPoolExecutor$ScheduledFutureTask.run(ScheduledThreadPoolExecutor.java:304)
		at java.base/java.util.concurrent.ThreadPoolExecutor.runWorker(ThreadPoolExecutor.java:1136)
		at java.base/java.util.concurrent.ThreadPoolExecutor$Worker.run(ThreadPoolExecutor.java:635)
		at java.base/java.lang.Thread.run(Thread.java:833)
Caused by: org.springframework.data.redis.connection.PoolException: Could not prepare the pool
	at org.springframework.data.redis.connection.lettuce.LettucePoolingConnectionProvider.lambda$getConnection$1(LettucePoolingConnectionProvider.java:101)
	at java.base/java.util.concurrent.ConcurrentHashMap.computeIfAbsent(ConcurrentHashMap.java:1708)
	at org.springframework.data.redis.connection.lettuce.LettucePoolingConnectionProvider.getConnection(LettucePoolingConnectionProvider.java:93)
	at org.springframework.data.redis.connection.lettuce.LettuceConnectionFactory$ExceptionTranslatingConnectionProvider.getConnection(LettuceConnectionFactory.java:1787)
	at org.springframework.data.redis.connection.lettuce.LettuceConnectionFactory$SharedConnection.getNativeConnection(LettuceConnectionFactory.java:1586)
	at org.springframework.data.redis.connection.lettuce.LettuceConnectionFactory$SharedConnection.lambda$getConnection$0(LettuceConnectionFactory.java:1566)
	at org.springframework.data.redis.connection.lettuce.LettuceConnectionFactory.doInLock(LettuceConnectionFactory.java:1527)
	at org.springframework.data.redis.connection.lettuce.LettuceConnectionFactory$SharedConnection.getConnection(LettuceConnectionFactory.java:1563)
	at org.springframework.data.redis.connection.lettuce.LettuceConnectionFactory.getSharedReactiveConnection(LettuceConnectionFactory.java:1274)
	at org.springframework.data.redis.connection.lettuce.LettuceConnectionFactory.getReactiveConnection(LettuceConnectionFactory.java:1149)
	at org.springframework.data.redis.connection.lettuce.LettuceConnectionFactory.getReactiveConnection(LettuceConnectionFactory.java:120)
	at reactor.core.publisher.MonoSupplier.call(MonoSupplier.java:67)
	at reactor.core.publisher.MonoCallableOnAssembly.call(MonoCallableOnAssembly.java:91)
	at reactor.core.publisher.FluxSubscribeOnCallable$CallableSubscribeOnSubscription.run(FluxSubscribeOnCallable.java:228)
	at reactor.core.scheduler.SchedulerTask.call(SchedulerTask.java:68)
	at reactor.core.scheduler.SchedulerTask.call(SchedulerTask.java:28)
	at java.base/java.util.concurrent.FutureTask.run$$$capture(FutureTask.java:264)
	at java.base/java.util.concurrent.FutureTask.run(FutureTask.java)
	at java.base/java.util.concurrent.ScheduledThreadPoolExecutor$ScheduledFutureTask.run(ScheduledThreadPoolExecutor.java:304)
	at java.base/java.util.concurrent.ThreadPoolExecutor.runWorker(ThreadPoolExecutor.java:1136)
	at java.base/java.util.concurrent.ThreadPoolExecutor$Worker.run(ThreadPoolExecutor.java:635)
	at java.base/java.lang.Thread.run(Thread.java:833)
Caused by: io.lettuce.core.RedisConnectionException: Cannot connect to a Redis Sentinel: [redis://redis-sentinel.redis.svc.cluster.local:26379?timeout=500000000ns]
	at io.lettuce.core.RedisConnectionException.create(RedisConnectionException.java:57)
	at io.lettuce.core.RedisConnectionException.create(RedisConnectionException.java:41)
	at io.lettuce.core.AbstractRedisClient.getConnection(AbstractRedisClient.java:354)
	at io.lettuce.core.RedisClient.connect(RedisClient.java:220)
	at org.springframework.data.redis.connection.lettuce.StandaloneConnectionProvider.lambda$getConnection$1(StandaloneConnectionProvider.java:112)
	at java.base/java.util.Optional.orElseGet(Optional.java:364)
	at org.springframework.data.redis.connection.lettuce.StandaloneConnectionProvider.getConnection(StandaloneConnectionProvider.java:112)
	at org.springframework.data.redis.connection.lettuce.LettucePoolingConnectionProvider.lambda$getConnection$0(LettucePoolingConnectionProvider.java:96)
	at io.lettuce.core.support.ConnectionPoolSupport$RedisPooledObjectFactory.create(ConnectionPoolSupport.java:270)
	at io.lettuce.core.support.ConnectionPoolSupport$RedisPooledObjectFactory.create(ConnectionPoolSupport.java:257)
	at org.apache.commons.pool2.BasePooledObjectFactory.makeObject(BasePooledObjectFactory.java:68)
	at org.apache.commons.pool2.impl.GenericObjectPool.create(GenericObjectPool.java:557)
	at org.apache.commons.pool2.impl.GenericObjectPool.ensureIdle(GenericObjectPool.java:630)
	at org.apache.commons.pool2.impl.GenericObjectPool.ensureMinIdle(GenericObjectPool.java:652)
	at org.apache.commons.pool2.impl.GenericObjectPool.preparePool(GenericObjectPool.java:970)
	at org.springframework.data.redis.connection.lettuce.LettucePoolingConnectionProvider.lambda$getConnection$1(LettucePoolingConnectionProvider.java:99)
	... 21 common frames omitted
Caused by: io.lettuce.core.RedisConnectionException: Cannot connect Redis Sentinel at redis://redis-sentinel.redis.svc.cluster.local:26379?timeout=500000000ns
	at io.lettuce.core.RedisClient.lambda$connectSentinelAsync$6(RedisClient.java:533)
	Suppressed: reactor.core.publisher.FluxOnAssembly$OnAssemblyException: 
Assembly trace from producer [reactor.core.publisher.MonoError] :

Error has been observed at the following site(s):
	*__Mono.onErrorMap ⇢ at io.lettuce.core.RedisClient.connectSentinelAsync(RedisClient.java:533)
	|_  Mono.doOnError ⇢ at io.lettuce.core.RedisClient.connectSentinelAsync(RedisClient.java:534)
Original Stack Trace:
		at io.lettuce.core.RedisClient.lambda$connectSentinelAsync$6(RedisClient.java:533)
		at reactor.core.publisher.Mono.lambda$onErrorMap$29(Mono.java:3862)
		at reactor.core.publisher.FluxOnErrorResume$ResumeSubscriber.onError(FluxOnErrorResume.java:94)
		at reactor.core.publisher.FluxOnErrorResume$ResumeSubscriber.onError(FluxOnErrorResume.java:106)
		at reactor.core.publisher.Operators.error(Operators.java:198)
		at reactor.core.publisher.MonoError.subscribe(MonoError.java:53)
		at reactor.core.publisher.Mono.subscribe(Mono.java:4576)
		at reactor.core.publisher.FluxOnErrorResume$ResumeSubscriber.onError(FluxOnErrorResume.java:103)
		at reactor.core.publisher.MonoCompletionStage$MonoCompletionStageSubscription.apply(MonoCompletionStage.java:115)
		at reactor.core.publisher.MonoCompletionStage$MonoCompletionStageSubscription.apply(MonoCompletionStage.java:67)
		at java.base/java.util.concurrent.CompletableFuture.uniHandle(CompletableFuture.java:934)
		at java.base/java.util.concurrent.CompletableFuture$UniHandle.tryFire(CompletableFuture.java:911)
		at java.base/java.util.concurrent.CompletableFuture.postComplete(CompletableFuture.java:510)
		at java.base/java.util.concurrent.CompletableFuture.completeExceptionally(CompletableFuture.java:2162)
		at io.lettuce.core.AbstractRedisClient.lambda$initializeChannelAsync0$6(AbstractRedisClient.java:458)
		at io.netty.util.concurrent.DefaultPromise.notifyListener0(DefaultPromise.java:603)
		at io.netty.util.concurrent.DefaultPromise.notifyListenersNow(DefaultPromise.java:570)
		at io.netty.util.concurrent.DefaultPromise.notifyListeners(DefaultPromise.java:505)
		at io.netty.util.concurrent.DefaultPromise.setValue0(DefaultPromise.java:649)
		at io.netty.util.concurrent.DefaultPromise.setFailure0(DefaultPromise.java:642)
		at io.netty.util.concurrent.DefaultPromise.setFailure(DefaultPromise.java:123)
		at io.netty.channel.DefaultChannelPromise.setFailure(DefaultChannelPromise.java:89)
		at io.netty.bootstrap.Bootstrap.doResolveAndConnect0(Bootstrap.java:228)
		at io.netty.bootstrap.Bootstrap.access$000(Bootstrap.java:47)
		at io.netty.bootstrap.Bootstrap$1.operationComplete(Bootstrap.java:189)
		at io.netty.bootstrap.Bootstrap$1.operationComplete(Bootstrap.java:175)
		at io.netty.util.concurrent.DefaultPromise.notifyListener0(DefaultPromise.java:603)
		at io.netty.util.concurrent.DefaultPromise.notifyListenersNow(DefaultPromise.java:570)
		at io.netty.util.concurrent.DefaultPromise.notifyListeners(DefaultPromise.java:505)
		at io.netty.util.concurrent.DefaultPromise.setValue0(DefaultPromise.java:649)
		at io.netty.util.concurrent.DefaultPromise.setSuccess0(DefaultPromise.java:638)
		at io.netty.util.concurrent.DefaultPromise.trySuccess(DefaultPromise.java:118)
		at io.netty.channel.DefaultChannelPromise.trySuccess(DefaultChannelPromise.java:84)
		at io.netty.channel.AbstractChannel$AbstractUnsafe.safeSetSuccess(AbstractChannel.java:988)
		at io.netty.channel.AbstractChannel$AbstractUnsafe.register0(AbstractChannel.java:515)
		at io.netty.channel.AbstractChannel$AbstractUnsafe.access$200(AbstractChannel.java:428)
		at io.netty.channel.AbstractChannel$AbstractUnsafe$1.run(AbstractChannel.java:485)
		at io.netty.util.concurrent.AbstractEventExecutor.runTask$$$capture(AbstractEventExecutor.java:173)
		at io.netty.util.concurrent.AbstractEventExecutor.runTask(AbstractEventExecutor.java)
		at io.netty.util.concurrent.AbstractEventExecutor.safeExecute$$$capture(AbstractEventExecutor.java:166)
		at io.netty.util.concurrent.AbstractEventExecutor.safeExecute(AbstractEventExecutor.java)
		at io.netty.util.concurrent.SingleThreadEventExecutor.runAllTasks(SingleThreadEventExecutor.java:472)
		at io.netty.channel.nio.NioEventLoop.run(NioEventLoop.java:569)
		at io.netty.util.concurrent.SingleThreadEventExecutor$4.run(SingleThreadEventExecutor.java:998)
		at io.netty.util.internal.ThreadExecutorMap$2.run(ThreadExecutorMap.java:74)
		at io.netty.util.concurrent.FastThreadLocalRunnable.run(FastThreadLocalRunnable.java:30)
		at java.base/java.lang.Thread.run(Thread.java:833)
Caused by: java.net.UnknownHostException: No such host is known (redis-sentinel.redis.svc.cluster.local)
	at java.base/java.net.Inet6AddressImpl.lookupAllHostAddr(Native Method)
	Suppressed: reactor.core.publisher.FluxOnAssembly$OnAssemblyException: 
Assembly trace from producer [reactor.core.publisher.MonoCompletionStage] :
	reactor.core.publisher.Mono.toFuture(Mono.java:5153)
	io.lettuce.core.RedisClient.connectSentinelAsync(RedisClient.java:562)
Error has been observed at the following site(s):
	*______________________________________________Mono.toFuture ⇢ at io.lettuce.core.RedisClient.connectSentinelAsync(RedisClient.java:562)
	*___________________________________Mono.fromCompletionStage ⇢ at io.lettuce.core.RedisClient.connectSentinelAsync(RedisClient.java:531)
	|_                                           Mono.onErrorMap ⇢ at io.lettuce.core.RedisClient.connectSentinelAsync(RedisClient.java:532)
	*__MonoCompletionStage$MonoCompletionStageSubscription.apply ⇢ at java.base/java.util.concurrent.CompletableFuture.uniHandle(CompletableFuture.java:934)
Original Stack Trace:
		at java.base/java.net.Inet6AddressImpl.lookupAllHostAddr(Native Method)
		at java.base/java.net.Inet6AddressImpl.lookupAllHostAddr(Inet6AddressImpl.java:52)
		at java.base/java.net.InetAddress$PlatformResolver.lookupByName(InetAddress.java:1048)
		at java.base/java.net.InetAddress.getAddressesFromNameService(InetAddress.java:1648)
		at java.base/java.net.InetAddress$NameServiceAddresses.get(InetAddress.java:997)
		at java.base/java.net.InetAddress.getAllByName0(InetAddress.java:1638)
		at java.base/java.net.InetAddress.getAllByName(InetAddress.java:1504)
		at java.base/java.net.InetAddress.getByName(InetAddress.java:1393)
		at io.netty.util.internal.SocketUtils$8.run(SocketUtils.java:156)
		at io.netty.util.internal.SocketUtils$8.run(SocketUtils.java:153)
		at java.base/java.security.AccessController.doPrivileged(AccessController.java:569)
		at io.netty.util.internal.SocketUtils.addressByName(SocketUtils.java:153)
		at io.netty.resolver.DefaultNameResolver.doResolve(DefaultNameResolver.java:41)
		at io.netty.resolver.SimpleNameResolver.resolve(SimpleNameResolver.java:61)
		at io.netty.resolver.SimpleNameResolver.resolve(SimpleNameResolver.java:53)
		at io.netty.resolver.InetSocketAddressResolver.doResolve(InetSocketAddressResolver.java:55)
		at io.netty.resolver.InetSocketAddressResolver.doResolve(InetSocketAddressResolver.java:31)
		at io.netty.resolver.AbstractAddressResolver.resolve(AbstractAddressResolver.java:106)
		at io.netty.bootstrap.Bootstrap.doResolveAndConnect0(Bootstrap.java:220)
		at io.netty.bootstrap.Bootstrap.access$000(Bootstrap.java:47)
		at io.netty.bootstrap.Bootstrap$1.operationComplete(Bootstrap.java:189)
		at io.netty.bootstrap.Bootstrap$1.operationComplete(Bootstrap.java:175)
		at io.netty.util.concurrent.DefaultPromise.notifyListener0(DefaultPromise.java:603)
		at io.netty.util.concurrent.DefaultPromise.notifyListenersNow(DefaultPromise.java:570)
		at io.netty.util.concurrent.DefaultPromise.notifyListeners(DefaultPromise.java:505)
		at io.netty.util.concurrent.DefaultPromise.setValue0(DefaultPromise.java:649)
		at io.netty.util.concurrent.DefaultPromise.setSuccess0(DefaultPromise.java:638)
		at io.netty.util.concurrent.DefaultPromise.trySuccess(DefaultPromise.java:118)
		at io.netty.channel.DefaultChannelPromise.trySuccess(DefaultChannelPromise.java:84)
		at io.netty.channel.AbstractChannel$AbstractUnsafe.safeSetSuccess(AbstractChannel.java:988)
		at io.netty.channel.AbstractChannel$AbstractUnsafe.register0(AbstractChannel.java:515)
		at io.netty.channel.AbstractChannel$AbstractUnsafe.access$200(AbstractChannel.java:428)
		at io.netty.channel.AbstractChannel$AbstractUnsafe$1.run(AbstractChannel.java:485)
		at io.netty.util.concurrent.AbstractEventExecutor.runTask$$$capture(AbstractEventExecutor.java:173)
		at io.netty.util.concurrent.AbstractEventExecutor.runTask(AbstractEventExecutor.java)
		at io.netty.util.concurrent.AbstractEventExecutor.safeExecute$$$capture(AbstractEventExecutor.java:166)
		at io.netty.util.concurrent.AbstractEventExecutor.safeExecute(AbstractEventExecutor.java)
		at io.netty.util.concurrent.SingleThreadEventExecutor.runAllTasks(SingleThreadEventExecutor.java:472)
		at io.netty.channel.nio.NioEventLoop.run(NioEventLoop.java:569)
		at io.netty.util.concurrent.SingleThreadEventExecutor$4.run(SingleThreadEventExecutor.java:998)
		at io.netty.util.internal.ThreadExecutorMap$2.run(ThreadExecutorMap.java:74)
		at io.netty.util.concurrent.FastThreadLocalRunnable.run(FastThreadLocalRunnable.java:30)
		at java.base/java.lang.Thread.run(Thread.java:833)
2026-04-09 23:42:14.198 WARN  [HikariPool-1:housekeeper] com.zaxxer.hikari.pool.HikariPool - HikariPool-1 - Thread starvation or clock leap detected (housekeeper delta=5m2s594ms889µs200ns).
2026-04-09 23:42:14.218 WARN  [org.springframework.jms.JmsListenerEndpointContainer#0-1] o.s.j.l.DefaultMessageListenerContainer - Setup of JMS message listener invoker failed for destination 'hr.create.user.queue' - trying to recover. Cause: java.io.EOFException
2026-04-09 23:51:59.265 WARN  [main] org.hibernate.orm.deprecation - HHH90000025: OracleDialect does not need to be specified explicitly using 'hibernate.dialect' (remove the property setting and it will be selected by default)
2026-04-09 23:52:01.251 WARN  [main] o.s.b.a.o.j.JpaBaseConfiguration$JpaWebConfiguration - spring.jpa.open-in-view is enabled by default. Therefore, database queries may be performed during view rendering. Explicitly configure spring.jpa.open-in-view to disable this warning
2026-04-09 23:52:20.868 WARN  [lettuce-nioEventLoop-6-1] io.lettuce.core.RedisClient - Cannot connect Redis Sentinel at redis://redis-sentinel.redis.svc.cluster.local:26379?timeout=500000000ns: java.util.concurrent.CompletionException: java.net.UnknownHostException: No such host is known (redis-sentinel.redis.svc.cluster.local)
2026-04-09 23:52:20.877 WARN  [boundedElastic-1] o.s.b.a.d.r.RedisReactiveHealthIndicator - Redis health check failed
org.springframework.data.redis.RedisConnectionFailureException: Unable to connect to Redis
	at org.springframework.data.redis.connection.lettuce.LettuceConnectionFactory$ExceptionTranslatingConnectionProvider.translateException(LettuceConnectionFactory.java:1858)
	Suppressed: reactor.core.publisher.FluxOnAssembly$OnAssemblyException: 
Assembly trace from producer [reactor.core.publisher.MonoSubscribeOnCallable] :
	reactor.core.publisher.Mono.subscribeOn(Mono.java:4625)
	org.springframework.boot.actuate.data.redis.RedisReactiveHealthIndicator.getConnection(RedisReactiveHealthIndicator.java:57)
Error has been observed at the following site(s):
	*__Mono.subscribeOn ⇢ at org.springframework.boot.actuate.data.redis.RedisReactiveHealthIndicator.getConnection(RedisReactiveHealthIndicator.java:57)
	|_     Mono.flatMap ⇢ at org.springframework.boot.actuate.data.redis.RedisReactiveHealthIndicator.doHealthCheck(RedisReactiveHealthIndicator.java:52)
Original Stack Trace:
		at org.springframework.data.redis.connection.lettuce.LettuceConnectionFactory$ExceptionTranslatingConnectionProvider.translateException(LettuceConnectionFactory.java:1858)
		at org.springframework.data.redis.connection.lettuce.LettuceConnectionFactory$ExceptionTranslatingConnectionProvider.getConnection(LettuceConnectionFactory.java:1789)
		at org.springframework.data.redis.connection.lettuce.LettuceConnectionFactory$SharedConnection.getNativeConnection(LettuceConnectionFactory.java:1586)
		at org.springframework.data.redis.connection.lettuce.LettuceConnectionFactory$SharedConnection.lambda$getConnection$0(LettuceConnectionFactory.java:1566)
		at org.springframework.data.redis.connection.lettuce.LettuceConnectionFactory.doInLock(LettuceConnectionFactory.java:1527)
		at org.springframework.data.redis.connection.lettuce.LettuceConnectionFactory$SharedConnection.getConnection(LettuceConnectionFactory.java:1563)
		at org.springframework.data.redis.connection.lettuce.LettuceConnectionFactory.getSharedReactiveConnection(LettuceConnectionFactory.java:1274)
		at org.springframework.data.redis.connection.lettuce.LettuceConnectionFactory.getReactiveConnection(LettuceConnectionFactory.java:1149)
		at org.springframework.data.redis.connection.lettuce.LettuceConnectionFactory.getReactiveConnection(LettuceConnectionFactory.java:120)
		at reactor.core.publisher.MonoSupplier.call(MonoSupplier.java:67)
		at reactor.core.publisher.FluxSubscribeOnCallable$CallableSubscribeOnSubscription.run(FluxSubscribeOnCallable.java:228)
		at reactor.core.scheduler.SchedulerTask.call(SchedulerTask.java:68)
		at reactor.core.scheduler.SchedulerTask.call(SchedulerTask.java:28)
		at java.base/java.util.concurrent.FutureTask.run$$$capture(FutureTask.java:264)
		at java.base/java.util.concurrent.FutureTask.run(FutureTask.java)
		at java.base/java.util.concurrent.ScheduledThreadPoolExecutor$ScheduledFutureTask.run(ScheduledThreadPoolExecutor.java:304)
		at java.base/java.util.concurrent.ThreadPoolExecutor.runWorker(ThreadPoolExecutor.java:1136)
		at java.base/java.util.concurrent.ThreadPoolExecutor$Worker.run(ThreadPoolExecutor.java:635)
		at java.base/java.lang.Thread.run(Thread.java:833)
Caused by: org.springframework.data.redis.connection.PoolException: Could not prepare the pool
	at org.springframework.data.redis.connection.lettuce.LettucePoolingConnectionProvider.lambda$getConnection$1(LettucePoolingConnectionProvider.java:101)
	at java.base/java.util.concurrent.ConcurrentHashMap.computeIfAbsent(ConcurrentHashMap.java:1708)
	at org.springframework.data.redis.connection.lettuce.LettucePoolingConnectionProvider.getConnection(LettucePoolingConnectionProvider.java:93)
	at org.springframework.data.redis.connection.lettuce.LettuceConnectionFactory$ExceptionTranslatingConnectionProvider.getConnection(LettuceConnectionFactory.java:1787)
	at org.springframework.data.redis.connection.lettuce.LettuceConnectionFactory$SharedConnection.getNativeConnection(LettuceConnectionFactory.java:1586)
	at org.springframework.data.redis.connection.lettuce.LettuceConnectionFactory$SharedConnection.lambda$getConnection$0(LettuceConnectionFactory.java:1566)
	at org.springframework.data.redis.connection.lettuce.LettuceConnectionFactory.doInLock(LettuceConnectionFactory.java:1527)
	at org.springframework.data.redis.connection.lettuce.LettuceConnectionFactory$SharedConnection.getConnection(LettuceConnectionFactory.java:1563)
	at org.springframework.data.redis.connection.lettuce.LettuceConnectionFactory.getSharedReactiveConnection(LettuceConnectionFactory.java:1274)
	at org.springframework.data.redis.connection.lettuce.LettuceConnectionFactory.getReactiveConnection(LettuceConnectionFactory.java:1149)
	at org.springframework.data.redis.connection.lettuce.LettuceConnectionFactory.getReactiveConnection(LettuceConnectionFactory.java:120)
	at reactor.core.publisher.MonoSupplier.call(MonoSupplier.java:67)
	at reactor.core.publisher.MonoCallableOnAssembly.call(MonoCallableOnAssembly.java:91)
	at reactor.core.publisher.FluxSubscribeOnCallable$CallableSubscribeOnSubscription.run(FluxSubscribeOnCallable.java:228)
	at reactor.core.scheduler.SchedulerTask.call(SchedulerTask.java:68)
	at reactor.core.scheduler.SchedulerTask.call(SchedulerTask.java:28)
	at java.base/java.util.concurrent.FutureTask.run$$$capture(FutureTask.java:264)
	at java.base/java.util.concurrent.FutureTask.run(FutureTask.java)
	at java.base/java.util.concurrent.ScheduledThreadPoolExecutor$ScheduledFutureTask.run(ScheduledThreadPoolExecutor.java:304)
	at java.base/java.util.concurrent.ThreadPoolExecutor.runWorker(ThreadPoolExecutor.java:1136)
	at java.base/java.util.concurrent.ThreadPoolExecutor$Worker.run(ThreadPoolExecutor.java:635)
	at java.base/java.lang.Thread.run(Thread.java:833)
Caused by: io.lettuce.core.RedisConnectionException: Cannot connect to a Redis Sentinel: [redis://redis-sentinel.redis.svc.cluster.local:26379?timeout=500000000ns]
	at io.lettuce.core.RedisConnectionException.create(RedisConnectionException.java:57)
	at io.lettuce.core.RedisConnectionException.create(RedisConnectionException.java:41)
	at io.lettuce.core.AbstractRedisClient.getConnection(AbstractRedisClient.java:354)
	at io.lettuce.core.RedisClient.connect(RedisClient.java:220)
	at org.springframework.data.redis.connection.lettuce.StandaloneConnectionProvider.lambda$getConnection$1(StandaloneConnectionProvider.java:112)
	at java.base/java.util.Optional.orElseGet(Optional.java:364)
	at org.springframework.data.redis.connection.lettuce.StandaloneConnectionProvider.getConnection(StandaloneConnectionProvider.java:112)
	at org.springframework.data.redis.connection.lettuce.LettucePoolingConnectionProvider.lambda$getConnection$0(LettucePoolingConnectionProvider.java:96)
	at io.lettuce.core.support.ConnectionPoolSupport$RedisPooledObjectFactory.create(ConnectionPoolSupport.java:270)
	at io.lettuce.core.support.ConnectionPoolSupport$RedisPooledObjectFactory.create(ConnectionPoolSupport.java:257)
	at org.apache.commons.pool2.BasePooledObjectFactory.makeObject(BasePooledObjectFactory.java:68)
	at org.apache.commons.pool2.impl.GenericObjectPool.create(GenericObjectPool.java:557)
	at org.apache.commons.pool2.impl.GenericObjectPool.ensureIdle(GenericObjectPool.java:630)
	at org.apache.commons.pool2.impl.GenericObjectPool.ensureMinIdle(GenericObjectPool.java:652)
	at org.apache.commons.pool2.impl.GenericObjectPool.preparePool(GenericObjectPool.java:970)
	at org.springframework.data.redis.connection.lettuce.LettucePoolingConnectionProvider.lambda$getConnection$1(LettucePoolingConnectionProvider.java:99)
	... 21 common frames omitted
Caused by: io.lettuce.core.RedisConnectionException: Cannot connect Redis Sentinel at redis://redis-sentinel.redis.svc.cluster.local:26379?timeout=500000000ns
	at io.lettuce.core.RedisClient.lambda$connectSentinelAsync$6(RedisClient.java:533)
	Suppressed: reactor.core.publisher.FluxOnAssembly$OnAssemblyException: 
Assembly trace from producer [reactor.core.publisher.MonoError] :

Error has been observed at the following site(s):
	*__Mono.onErrorMap ⇢ at io.lettuce.core.RedisClient.connectSentinelAsync(RedisClient.java:533)
	|_  Mono.doOnError ⇢ at io.lettuce.core.RedisClient.connectSentinelAsync(RedisClient.java:534)
Original Stack Trace:
		at io.lettuce.core.RedisClient.lambda$connectSentinelAsync$6(RedisClient.java:533)
		at reactor.core.publisher.Mono.lambda$onErrorMap$29(Mono.java:3862)
		at reactor.core.publisher.FluxOnErrorResume$ResumeSubscriber.onError(FluxOnErrorResume.java:94)
		at reactor.core.publisher.FluxOnErrorResume$ResumeSubscriber.onError(FluxOnErrorResume.java:106)
		at reactor.core.publisher.Operators.error(Operators.java:198)
		at reactor.core.publisher.MonoError.subscribe(MonoError.java:53)
		at reactor.core.publisher.Mono.subscribe(Mono.java:4576)
		at reactor.core.publisher.FluxOnErrorResume$ResumeSubscriber.onError(FluxOnErrorResume.java:103)
		at reactor.core.publisher.MonoCompletionStage$MonoCompletionStageSubscription.apply(MonoCompletionStage.java:115)
		at reactor.core.publisher.MonoCompletionStage$MonoCompletionStageSubscription.apply(MonoCompletionStage.java:67)
		at java.base/java.util.concurrent.CompletableFuture.uniHandle(CompletableFuture.java:934)
		at java.base/java.util.concurrent.CompletableFuture$UniHandle.tryFire(CompletableFuture.java:911)
		at java.base/java.util.concurrent.CompletableFuture.postComplete(CompletableFuture.java:510)
		at java.base/java.util.concurrent.CompletableFuture.completeExceptionally(CompletableFuture.java:2162)
		at io.lettuce.core.AbstractRedisClient.lambda$initializeChannelAsync0$6(AbstractRedisClient.java:458)
		at io.netty.util.concurrent.DefaultPromise.notifyListener0(DefaultPromise.java:603)
		at io.netty.util.concurrent.DefaultPromise.notifyListenersNow(DefaultPromise.java:570)
		at io.netty.util.concurrent.DefaultPromise.notifyListeners(DefaultPromise.java:505)
		at io.netty.util.concurrent.DefaultPromise.setValue0(DefaultPromise.java:649)
		at io.netty.util.concurrent.DefaultPromise.setFailure0(DefaultPromise.java:642)
		at io.netty.util.concurrent.DefaultPromise.setFailure(DefaultPromise.java:123)
		at io.netty.channel.DefaultChannelPromise.setFailure(DefaultChannelPromise.java:89)
		at io.netty.bootstrap.Bootstrap.doResolveAndConnect0(Bootstrap.java:228)
		at io.netty.bootstrap.Bootstrap.access$000(Bootstrap.java:47)
		at io.netty.bootstrap.Bootstrap$1.operationComplete(Bootstrap.java:189)
		at io.netty.bootstrap.Bootstrap$1.operationComplete(Bootstrap.java:175)
		at io.netty.util.concurrent.DefaultPromise.notifyListener0(DefaultPromise.java:603)
		at io.netty.util.concurrent.DefaultPromise.notifyListenersNow(DefaultPromise.java:570)
		at io.netty.util.concurrent.DefaultPromise.notifyListeners(DefaultPromise.java:505)
		at io.netty.util.concurrent.DefaultPromise.setValue0(DefaultPromise.java:649)
		at io.netty.util.concurrent.DefaultPromise.setSuccess0(DefaultPromise.java:638)
		at io.netty.util.concurrent.DefaultPromise.trySuccess(DefaultPromise.java:118)
		at io.netty.channel.DefaultChannelPromise.trySuccess(DefaultChannelPromise.java:84)
		at io.netty.channel.AbstractChannel$AbstractUnsafe.safeSetSuccess(AbstractChannel.java:988)
		at io.netty.channel.AbstractChannel$AbstractUnsafe.register0(AbstractChannel.java:515)
		at io.netty.channel.AbstractChannel$AbstractUnsafe.access$200(AbstractChannel.java:428)
		at io.netty.channel.AbstractChannel$AbstractUnsafe$1.run(AbstractChannel.java:485)
		at io.netty.util.concurrent.AbstractEventExecutor.runTask$$$capture(AbstractEventExecutor.java:173)
		at io.netty.util.concurrent.AbstractEventExecutor.runTask(AbstractEventExecutor.java)
		at io.netty.util.concurrent.AbstractEventExecutor.safeExecute$$$capture(AbstractEventExecutor.java:166)
		at io.netty.util.concurrent.AbstractEventExecutor.safeExecute(AbstractEventExecutor.java)
		at io.netty.util.concurrent.SingleThreadEventExecutor.runAllTasks(SingleThreadEventExecutor.java:472)
		at io.netty.channel.nio.NioEventLoop.run(NioEventLoop.java:569)
		at io.netty.util.concurrent.SingleThreadEventExecutor$4.run(SingleThreadEventExecutor.java:998)
		at io.netty.util.internal.ThreadExecutorMap$2.run(ThreadExecutorMap.java:74)
		at io.netty.util.concurrent.FastThreadLocalRunnable.run(FastThreadLocalRunnable.java:30)
		at java.base/java.lang.Thread.run(Thread.java:833)
Caused by: java.net.UnknownHostException: No such host is known (redis-sentinel.redis.svc.cluster.local)
	at java.base/java.net.Inet6AddressImpl.lookupAllHostAddr(Native Method)
	Suppressed: reactor.core.publisher.FluxOnAssembly$OnAssemblyException: 
Assembly trace from producer [reactor.core.publisher.MonoCompletionStage] :
	reactor.core.publisher.Mono.toFuture(Mono.java:5153)
	io.lettuce.core.RedisClient.connectSentinelAsync(RedisClient.java:562)
Error has been observed at the following site(s):
	*______________________________________________Mono.toFuture ⇢ at io.lettuce.core.RedisClient.connectSentinelAsync(RedisClient.java:562)
	*___________________________________Mono.fromCompletionStage ⇢ at io.lettuce.core.RedisClient.connectSentinelAsync(RedisClient.java:531)
	|_                                           Mono.onErrorMap ⇢ at io.lettuce.core.RedisClient.connectSentinelAsync(RedisClient.java:532)
	*__MonoCompletionStage$MonoCompletionStageSubscription.apply ⇢ at java.base/java.util.concurrent.CompletableFuture.uniHandle(CompletableFuture.java:934)
Original Stack Trace:
		at java.base/java.net.Inet6AddressImpl.lookupAllHostAddr(Native Method)
		at java.base/java.net.Inet6AddressImpl.lookupAllHostAddr(Inet6AddressImpl.java:52)
		at java.base/java.net.InetAddress$PlatformResolver.lookupByName(InetAddress.java:1048)
		at java.base/java.net.InetAddress.getAddressesFromNameService(InetAddress.java:1648)
		at java.base/java.net.InetAddress$NameServiceAddresses.get(InetAddress.java:997)
		at java.base/java.net.InetAddress.getAllByName0(InetAddress.java:1638)
		at java.base/java.net.InetAddress.getAllByName(InetAddress.java:1504)
		at java.base/java.net.InetAddress.getByName(InetAddress.java:1393)
		at io.netty.util.internal.SocketUtils$8.run(SocketUtils.java:156)
		at io.netty.util.internal.SocketUtils$8.run(SocketUtils.java:153)
		at java.base/java.security.AccessController.doPrivileged(AccessController.java:569)
		at io.netty.util.internal.SocketUtils.addressByName(SocketUtils.java:153)
		at io.netty.resolver.DefaultNameResolver.doResolve(DefaultNameResolver.java:41)
		at io.netty.resolver.SimpleNameResolver.resolve(SimpleNameResolver.java:61)
		at io.netty.resolver.SimpleNameResolver.resolve(SimpleNameResolver.java:53)
		at io.netty.resolver.InetSocketAddressResolver.doResolve(InetSocketAddressResolver.java:55)
		at io.netty.resolver.InetSocketAddressResolver.doResolve(InetSocketAddressResolver.java:31)
		at io.netty.resolver.AbstractAddressResolver.resolve(AbstractAddressResolver.java:106)
		at io.netty.bootstrap.Bootstrap.doResolveAndConnect0(Bootstrap.java:220)
		at io.netty.bootstrap.Bootstrap.access$000(Bootstrap.java:47)
		at io.netty.bootstrap.Bootstrap$1.operationComplete(Bootstrap.java:189)
		at io.netty.bootstrap.Bootstrap$1.operationComplete(Bootstrap.java:175)
		at io.netty.util.concurrent.DefaultPromise.notifyListener0(DefaultPromise.java:603)
		at io.netty.util.concurrent.DefaultPromise.notifyListenersNow(DefaultPromise.java:570)
		at io.netty.util.concurrent.DefaultPromise.notifyListeners(DefaultPromise.java:505)
		at io.netty.util.concurrent.DefaultPromise.setValue0(DefaultPromise.java:649)
		at io.netty.util.concurrent.DefaultPromise.setSuccess0(DefaultPromise.java:638)
		at io.netty.util.concurrent.DefaultPromise.trySuccess(DefaultPromise.java:118)
		at io.netty.channel.DefaultChannelPromise.trySuccess(DefaultChannelPromise.java:84)
		at io.netty.channel.AbstractChannel$AbstractUnsafe.safeSetSuccess(AbstractChannel.java:988)
		at io.netty.channel.AbstractChannel$AbstractUnsafe.register0(AbstractChannel.java:515)
		at io.netty.channel.AbstractChannel$AbstractUnsafe.access$200(AbstractChannel.java:428)
		at io.netty.channel.AbstractChannel$AbstractUnsafe$1.run(AbstractChannel.java:485)
		at io.netty.util.concurrent.AbstractEventExecutor.runTask$$$capture(AbstractEventExecutor.java:173)
		at io.netty.util.concurrent.AbstractEventExecutor.runTask(AbstractEventExecutor.java)
		at io.netty.util.concurrent.AbstractEventExecutor.safeExecute$$$capture(AbstractEventExecutor.java:166)
		at io.netty.util.concurrent.AbstractEventExecutor.safeExecute(AbstractEventExecutor.java)
		at io.netty.util.concurrent.SingleThreadEventExecutor.runAllTasks(SingleThreadEventExecutor.java:472)
		at io.netty.channel.nio.NioEventLoop.run(NioEventLoop.java:569)
		at io.netty.util.concurrent.SingleThreadEventExecutor$4.run(SingleThreadEventExecutor.java:998)
		at io.netty.util.internal.ThreadExecutorMap$2.run(ThreadExecutorMap.java:74)
		at io.netty.util.concurrent.FastThreadLocalRunnable.run(FastThreadLocalRunnable.java:30)
		at java.base/java.lang.Thread.run(Thread.java:833)
