2026-04-07 16:20:52.967 WARN  [main] org.hibernate.orm.deprecation - HHH90000025: OracleDialect does not need to be specified explicitly using 'hibernate.dialect' (remove the property setting and it will be selected by default)
2026-04-07 16:20:54.509 WARN  [main] o.s.b.a.o.j.JpaBaseConfiguration$JpaWebConfiguration - spring.jpa.open-in-view is enabled by default. Therefore, database queries may be performed during view rendering. Explicitly configure spring.jpa.open-in-view to disable this warning
2026-04-07 17:09:01.742 WARN  [main] org.hibernate.orm.deprecation - HHH90000025: OracleDialect does not need to be specified explicitly using 'hibernate.dialect' (remove the property setting and it will be selected by default)
2026-04-07 17:09:04.961 WARN  [main] o.s.b.a.o.j.JpaBaseConfiguration$JpaWebConfiguration - spring.jpa.open-in-view is enabled by default. Therefore, database queries may be performed during view rendering. Explicitly configure spring.jpa.open-in-view to disable this warning
2026-04-07 17:09:08.993 WARN  [lettuce-nioEventLoop-6-1] io.lettuce.core.RedisClient - Cannot connect Redis Sentinel at redis://redis-sentinel.redis.svc.cluster.local:26379?timeout=500000000ns: java.util.concurrent.CompletionException: java.net.UnknownHostException: No such host is known (redis-sentinel.redis.svc.cluster.local)
2026-04-07 17:09:09.004 WARN  [boundedElastic-1] o.s.b.a.d.r.RedisReactiveHealthIndicator - Redis health check failed
org.springframework.data.redis.RedisConnectionFailureException: Unable to connect to Redis
	at org.springframework.data.redis.connection.lettuce.LettuceConnectionFactory$ExceptionTranslatingConnectionProvider.translateException(LettuceConnectionFactory.java:1858)
	Suppressed: reactor.core.publisher.FluxOnAssembly$OnAssemblyException: 
Assembly trace from producer [reactor.core.publisher.MonoSubscribeOnCallable] :
	reactor.core.publisher.Mono.subscribeOn(Mono.java:4625)
	org.springframework.boot.actuate.data.redis.RedisReactiveHealthIndicator.getConnection(RedisReactiveHealthIndicator.java:57)
Error has been observed at the following site(s):
	*__Mono.subscribeOn ⇢ at org.springframework.boot.actuate.data.redis.RedisReactiveHealthIndicator.getConnection(RedisReactiveHealthIndicator.java:57)
	|_     Mono.flatMap ⇢ at org.springframework.boot.actuate.data.redis.RedisReactiveHealthIndicator.doHealthCheck(RedisReactiveHealthIndicator.java:52)
Original Stack Trace:
		at org.springframework.data.redis.connection.lettuce.LettuceConnectionFactory$ExceptionTranslatingConnectionProvider.translateException(LettuceConnectionFactory.java:1858)
		at org.springframework.data.redis.connection.lettuce.LettuceConnectionFactory$ExceptionTranslatingConnectionProvider.getConnection(LettuceConnectionFactory.java:1789)
		at org.springframework.data.redis.connection.lettuce.LettuceConnectionFactory$SharedConnection.getNativeConnection(LettuceConnectionFactory.java:1586)
		at org.springframework.data.redis.connection.lettuce.LettuceConnectionFactory$SharedConnection.lambda$getConnection$0(LettuceConnectionFactory.java:1566)
		at org.springframework.data.redis.connection.lettuce.LettuceConnectionFactory.doInLock(LettuceConnectionFactory.java:1527)
		at org.springframework.data.redis.connection.lettuce.LettuceConnectionFactory$SharedConnection.getConnection(LettuceConnectionFactory.java:1563)
		at org.springframework.data.redis.connection.lettuce.LettuceConnectionFactory.getSharedReactiveConnection(LettuceConnectionFactory.java:1274)
		at org.springframework.data.redis.connection.lettuce.LettuceConnectionFactory.getReactiveConnection(LettuceConnectionFactory.java:1149)
		at org.springframework.data.redis.connection.lettuce.LettuceConnectionFactory.getReactiveConnection(LettuceConnectionFactory.java:120)
		at reactor.core.publisher.MonoSupplier.call(MonoSupplier.java:67)
		at reactor.core.publisher.FluxSubscribeOnCallable$CallableSubscribeOnSubscription.run(FluxSubscribeOnCallable.java:228)
		at reactor.core.scheduler.SchedulerTask.call(SchedulerTask.java:68)
		at reactor.core.scheduler.SchedulerTask.call(SchedulerTask.java:28)
		at java.base/java.util.concurrent.FutureTask.run$$$capture(FutureTask.java:264)
		at java.base/java.util.concurrent.FutureTask.run(FutureTask.java)
		at java.base/java.util.concurrent.ScheduledThreadPoolExecutor$ScheduledFutureTask.run(ScheduledThreadPoolExecutor.java:304)
		at java.base/java.util.concurrent.ThreadPoolExecutor.runWorker(ThreadPoolExecutor.java:1136)
		at java.base/java.util.concurrent.ThreadPoolExecutor$Worker.run(ThreadPoolExecutor.java:635)
		at java.base/java.lang.Thread.run(Thread.java:833)
Caused by: org.springframework.data.redis.connection.PoolException: Could not prepare the pool
	at org.springframework.data.redis.connection.lettuce.LettucePoolingConnectionProvider.lambda$getConnection$1(LettucePoolingConnectionProvider.java:101)
	at java.base/java.util.concurrent.ConcurrentHashMap.computeIfAbsent(ConcurrentHashMap.java:1708)
	at org.springframework.data.redis.connection.lettuce.LettucePoolingConnectionProvider.getConnection(LettucePoolingConnectionProvider.java:93)
	at org.springframework.data.redis.connection.lettuce.LettuceConnectionFactory$ExceptionTranslatingConnectionProvider.getConnection(LettuceConnectionFactory.java:1787)
	at org.springframework.data.redis.connection.lettuce.LettuceConnectionFactory$SharedConnection.getNativeConnection(LettuceConnectionFactory.java:1586)
	at org.springframework.data.redis.connection.lettuce.LettuceConnectionFactory$SharedConnection.lambda$getConnection$0(LettuceConnectionFactory.java:1566)
	at org.springframework.data.redis.connection.lettuce.LettuceConnectionFactory.doInLock(LettuceConnectionFactory.java:1527)
	at org.springframework.data.redis.connection.lettuce.LettuceConnectionFactory$SharedConnection.getConnection(LettuceConnectionFactory.java:1563)
	at org.springframework.data.redis.connection.lettuce.LettuceConnectionFactory.getSharedReactiveConnection(LettuceConnectionFactory.java:1274)
	at org.springframework.data.redis.connection.lettuce.LettuceConnectionFactory.getReactiveConnection(LettuceConnectionFactory.java:1149)
	at org.springframework.data.redis.connection.lettuce.LettuceConnectionFactory.getReactiveConnection(LettuceConnectionFactory.java:120)
	at reactor.core.publisher.MonoSupplier.call(MonoSupplier.java:67)
	at reactor.core.publisher.MonoCallableOnAssembly.call(MonoCallableOnAssembly.java:91)
	at reactor.core.publisher.FluxSubscribeOnCallable$CallableSubscribeOnSubscription.run(FluxSubscribeOnCallable.java:228)
	at reactor.core.scheduler.SchedulerTask.call(SchedulerTask.java:68)
	at reactor.core.scheduler.SchedulerTask.call(SchedulerTask.java:28)
	at java.base/java.util.concurrent.FutureTask.run$$$capture(FutureTask.java:264)
	at java.base/java.util.concurrent.FutureTask.run(FutureTask.java)
	at java.base/java.util.concurrent.ScheduledThreadPoolExecutor$ScheduledFutureTask.run(ScheduledThreadPoolExecutor.java:304)
	at java.base/java.util.concurrent.ThreadPoolExecutor.runWorker(ThreadPoolExecutor.java:1136)
	at java.base/java.util.concurrent.ThreadPoolExecutor$Worker.run(ThreadPoolExecutor.java:635)
	at java.base/java.lang.Thread.run(Thread.java:833)
Caused by: io.lettuce.core.RedisConnectionException: Cannot connect to a Redis Sentinel: [redis://redis-sentinel.redis.svc.cluster.local:26379?timeout=500000000ns]
	at io.lettuce.core.RedisConnectionException.create(RedisConnectionException.java:57)
	at io.lettuce.core.RedisConnectionException.create(RedisConnectionException.java:41)
	at io.lettuce.core.AbstractRedisClient.getConnection(AbstractRedisClient.java:354)
	at io.lettuce.core.RedisClient.connect(RedisClient.java:220)
	at org.springframework.data.redis.connection.lettuce.StandaloneConnectionProvider.lambda$getConnection$1(StandaloneConnectionProvider.java:112)
	at java.base/java.util.Optional.orElseGet(Optional.java:364)
	at org.springframework.data.redis.connection.lettuce.StandaloneConnectionProvider.getConnection(StandaloneConnectionProvider.java:112)
	at org.springframework.data.redis.connection.lettuce.LettucePoolingConnectionProvider.lambda$getConnection$0(LettucePoolingConnectionProvider.java:96)
	at io.lettuce.core.support.ConnectionPoolSupport$RedisPooledObjectFactory.create(ConnectionPoolSupport.java:270)
	at io.lettuce.core.support.ConnectionPoolSupport$RedisPooledObjectFactory.create(ConnectionPoolSupport.java:257)
	at org.apache.commons.pool2.BasePooledObjectFactory.makeObject(BasePooledObjectFactory.java:68)
	at org.apache.commons.pool2.impl.GenericObjectPool.create(GenericObjectPool.java:557)
	at org.apache.commons.pool2.impl.GenericObjectPool.ensureIdle(GenericObjectPool.java:630)
	at org.apache.commons.pool2.impl.GenericObjectPool.ensureMinIdle(GenericObjectPool.java:652)
	at org.apache.commons.pool2.impl.GenericObjectPool.preparePool(GenericObjectPool.java:970)
	at org.springframework.data.redis.connection.lettuce.LettucePoolingConnectionProvider.lambda$getConnection$1(LettucePoolingConnectionProvider.java:99)
	... 21 common frames omitted
Caused by: io.lettuce.core.RedisConnectionException: Cannot connect Redis Sentinel at redis://redis-sentinel.redis.svc.cluster.local:26379?timeout=500000000ns
	at io.lettuce.core.RedisClient.lambda$connectSentinelAsync$6(RedisClient.java:533)
	Suppressed: reactor.core.publisher.FluxOnAssembly$OnAssemblyException: 
Assembly trace from producer [reactor.core.publisher.MonoError] :

Error has been observed at the following site(s):
	*__Mono.onErrorMap ⇢ at io.lettuce.core.RedisClient.connectSentinelAsync(RedisClient.java:533)
	|_  Mono.doOnError ⇢ at io.lettuce.core.RedisClient.connectSentinelAsync(RedisClient.java:534)
Original Stack Trace:
		at io.lettuce.core.RedisClient.lambda$connectSentinelAsync$6(RedisClient.java:533)
		at reactor.core.publisher.Mono.lambda$onErrorMap$29(Mono.java:3862)
		at reactor.core.publisher.FluxOnErrorResume$ResumeSubscriber.onError(FluxOnErrorResume.java:94)
		at reactor.core.publisher.FluxOnErrorResume$ResumeSubscriber.onError(FluxOnErrorResume.java:106)
		at reactor.core.publisher.Operators.error(Operators.java:198)
		at reactor.core.publisher.MonoError.subscribe(MonoError.java:53)
		at reactor.core.publisher.Mono.subscribe(Mono.java:4576)
		at reactor.core.publisher.FluxOnErrorResume$ResumeSubscriber.onError(FluxOnErrorResume.java:103)
		at reactor.core.publisher.MonoCompletionStage$MonoCompletionStageSubscription.apply(MonoCompletionStage.java:115)
		at reactor.core.publisher.MonoCompletionStage$MonoCompletionStageSubscription.apply(MonoCompletionStage.java:67)
		at java.base/java.util.concurrent.CompletableFuture.uniHandle(CompletableFuture.java:934)
		at java.base/java.util.concurrent.CompletableFuture$UniHandle.tryFire(CompletableFuture.java:911)
		at java.base/java.util.concurrent.CompletableFuture.postComplete(CompletableFuture.java:510)
		at java.base/java.util.concurrent.CompletableFuture.completeExceptionally(CompletableFuture.java:2162)
		at io.lettuce.core.AbstractRedisClient.lambda$initializeChannelAsync0$6(AbstractRedisClient.java:458)
		at io.netty.util.concurrent.DefaultPromise.notifyListener0(DefaultPromise.java:603)
		at io.netty.util.concurrent.DefaultPromise.notifyListenersNow(DefaultPromise.java:570)
		at io.netty.util.concurrent.DefaultPromise.notifyListeners(DefaultPromise.java:505)
		at io.netty.util.concurrent.DefaultPromise.setValue0(DefaultPromise.java:649)
		at io.netty.util.concurrent.DefaultPromise.setFailure0(DefaultPromise.java:642)
		at io.netty.util.concurrent.DefaultPromise.setFailure(DefaultPromise.java:123)
		at io.netty.channel.DefaultChannelPromise.setFailure(DefaultChannelPromise.java:89)
		at io.netty.bootstrap.Bootstrap.doResolveAndConnect0(Bootstrap.java:228)
		at io.netty.bootstrap.Bootstrap.access$000(Bootstrap.java:47)
		at io.netty.bootstrap.Bootstrap$1.operationComplete(Bootstrap.java:189)
		at io.netty.bootstrap.Bootstrap$1.operationComplete(Bootstrap.java:175)
		at io.netty.util.concurrent.DefaultPromise.notifyListener0(DefaultPromise.java:603)
		at io.netty.util.concurrent.DefaultPromise.notifyListenersNow(DefaultPromise.java:570)
		at io.netty.util.concurrent.DefaultPromise.notifyListeners(DefaultPromise.java:505)
		at io.netty.util.concurrent.DefaultPromise.setValue0(DefaultPromise.java:649)
		at io.netty.util.concurrent.DefaultPromise.setSuccess0(DefaultPromise.java:638)
		at io.netty.util.concurrent.DefaultPromise.trySuccess(DefaultPromise.java:118)
		at io.netty.channel.DefaultChannelPromise.trySuccess(DefaultChannelPromise.java:84)
		at io.netty.channel.AbstractChannel$AbstractUnsafe.safeSetSuccess(AbstractChannel.java:988)
		at io.netty.channel.AbstractChannel$AbstractUnsafe.register0(AbstractChannel.java:515)
		at io.netty.channel.AbstractChannel$AbstractUnsafe.access$200(AbstractChannel.java:428)
		at io.netty.channel.AbstractChannel$AbstractUnsafe$1.run(AbstractChannel.java:485)
		at io.netty.util.concurrent.AbstractEventExecutor.runTask$$$capture(AbstractEventExecutor.java:173)
		at io.netty.util.concurrent.AbstractEventExecutor.runTask(AbstractEventExecutor.java)
		at io.netty.util.concurrent.AbstractEventExecutor.safeExecute$$$capture(AbstractEventExecutor.java:166)
		at io.netty.util.concurrent.AbstractEventExecutor.safeExecute(AbstractEventExecutor.java)
		at io.netty.util.concurrent.SingleThreadEventExecutor.runAllTasks(SingleThreadEventExecutor.java:472)
		at io.netty.channel.nio.NioEventLoop.run(NioEventLoop.java:569)
		at io.netty.util.concurrent.SingleThreadEventExecutor$4.run(SingleThreadEventExecutor.java:998)
		at io.netty.util.internal.ThreadExecutorMap$2.run(ThreadExecutorMap.java:74)
		at io.netty.util.concurrent.FastThreadLocalRunnable.run(FastThreadLocalRunnable.java:30)
		at java.base/java.lang.Thread.run(Thread.java:833)
Caused by: java.net.UnknownHostException: No such host is known (redis-sentinel.redis.svc.cluster.local)
	at java.base/java.net.Inet6AddressImpl.lookupAllHostAddr(Native Method)
	Suppressed: reactor.core.publisher.FluxOnAssembly$OnAssemblyException: 
Assembly trace from producer [reactor.core.publisher.MonoCompletionStage] :
	reactor.core.publisher.Mono.toFuture(Mono.java:5153)
	io.lettuce.core.RedisClient.connectSentinelAsync(RedisClient.java:562)
Error has been observed at the following site(s):
	*______________________________________________Mono.toFuture ⇢ at io.lettuce.core.RedisClient.connectSentinelAsync(RedisClient.java:562)
	*___________________________________Mono.fromCompletionStage ⇢ at io.lettuce.core.RedisClient.connectSentinelAsync(RedisClient.java:531)
	|_                                           Mono.onErrorMap ⇢ at io.lettuce.core.RedisClient.connectSentinelAsync(RedisClient.java:532)
	*__MonoCompletionStage$MonoCompletionStageSubscription.apply ⇢ at java.base/java.util.concurrent.CompletableFuture.uniHandle(CompletableFuture.java:934)
Original Stack Trace:
		at java.base/java.net.Inet6AddressImpl.lookupAllHostAddr(Native Method)
		at java.base/java.net.Inet6AddressImpl.lookupAllHostAddr(Inet6AddressImpl.java:52)
		at java.base/java.net.InetAddress$PlatformResolver.lookupByName(InetAddress.java:1048)
		at java.base/java.net.InetAddress.getAddressesFromNameService(InetAddress.java:1648)
		at java.base/java.net.InetAddress$NameServiceAddresses.get(InetAddress.java:997)
		at java.base/java.net.InetAddress.getAllByName0(InetAddress.java:1638)
		at java.base/java.net.InetAddress.getAllByName(InetAddress.java:1504)
		at java.base/java.net.InetAddress.getByName(InetAddress.java:1393)
		at io.netty.util.internal.SocketUtils$8.run(SocketUtils.java:156)
		at io.netty.util.internal.SocketUtils$8.run(SocketUtils.java:153)
		at java.base/java.security.AccessController.doPrivileged(AccessController.java:569)
		at io.netty.util.internal.SocketUtils.addressByName(SocketUtils.java:153)
		at io.netty.resolver.DefaultNameResolver.doResolve(DefaultNameResolver.java:41)
		at io.netty.resolver.SimpleNameResolver.resolve(SimpleNameResolver.java:61)
		at io.netty.resolver.SimpleNameResolver.resolve(SimpleNameResolver.java:53)
		at io.netty.resolver.InetSocketAddressResolver.doResolve(InetSocketAddressResolver.java:55)
		at io.netty.resolver.InetSocketAddressResolver.doResolve(InetSocketAddressResolver.java:31)
		at io.netty.resolver.AbstractAddressResolver.resolve(AbstractAddressResolver.java:106)
		at io.netty.bootstrap.Bootstrap.doResolveAndConnect0(Bootstrap.java:220)
		at io.netty.bootstrap.Bootstrap.access$000(Bootstrap.java:47)
		at io.netty.bootstrap.Bootstrap$1.operationComplete(Bootstrap.java:189)
		at io.netty.bootstrap.Bootstrap$1.operationComplete(Bootstrap.java:175)
		at io.netty.util.concurrent.DefaultPromise.notifyListener0(DefaultPromise.java:603)
		at io.netty.util.concurrent.DefaultPromise.notifyListenersNow(DefaultPromise.java:570)
		at io.netty.util.concurrent.DefaultPromise.notifyListeners(DefaultPromise.java:505)
		at io.netty.util.concurrent.DefaultPromise.setValue0(DefaultPromise.java:649)
		at io.netty.util.concurrent.DefaultPromise.setSuccess0(DefaultPromise.java:638)
		at io.netty.util.concurrent.DefaultPromise.trySuccess(DefaultPromise.java:118)
		at io.netty.channel.DefaultChannelPromise.trySuccess(DefaultChannelPromise.java:84)
		at io.netty.channel.AbstractChannel$AbstractUnsafe.safeSetSuccess(AbstractChannel.java:988)
		at io.netty.channel.AbstractChannel$AbstractUnsafe.register0(AbstractChannel.java:515)
		at io.netty.channel.AbstractChannel$AbstractUnsafe.access$200(AbstractChannel.java:428)
		at io.netty.channel.AbstractChannel$AbstractUnsafe$1.run(AbstractChannel.java:485)
		at io.netty.util.concurrent.AbstractEventExecutor.runTask$$$capture(AbstractEventExecutor.java:173)
		at io.netty.util.concurrent.AbstractEventExecutor.runTask(AbstractEventExecutor.java)
		at io.netty.util.concurrent.AbstractEventExecutor.safeExecute$$$capture(AbstractEventExecutor.java:166)
		at io.netty.util.concurrent.AbstractEventExecutor.safeExecute(AbstractEventExecutor.java)
		at io.netty.util.concurrent.SingleThreadEventExecutor.runAllTasks(SingleThreadEventExecutor.java:472)
		at io.netty.channel.nio.NioEventLoop.run(NioEventLoop.java:569)
		at io.netty.util.concurrent.SingleThreadEventExecutor$4.run(SingleThreadEventExecutor.java:998)
		at io.netty.util.internal.ThreadExecutorMap$2.run(ThreadExecutorMap.java:74)
		at io.netty.util.concurrent.FastThreadLocalRunnable.run(FastThreadLocalRunnable.java:30)
		at java.base/java.lang.Thread.run(Thread.java:833)
2026-04-07 17:40:13.457 WARN  [HikariPool-1:housekeeper] com.zaxxer.hikari.pool.PoolBase - HikariPool-1 - Failed to validate connection oracle.jdbc.driver.T4CConnection@33b778fb (ORA-17008: Closed connection
https://docs.oracle.com/error-help/db/ora-17008/). Possibly consider using a shorter maxLifetime value.
2026-04-07 17:40:23.172 WARN  [HikariPool-1:housekeeper] com.zaxxer.hikari.pool.PoolBase - HikariPool-1 - Failed to validate connection oracle.jdbc.driver.T4CConnection@18261b32 (ORA-17008: Closed connection
https://docs.oracle.com/error-help/db/ora-17008/). Possibly consider using a shorter maxLifetime value.
2026-04-07 17:59:00.056 WARN  [main] org.hibernate.orm.deprecation - HHH90000025: OracleDialect does not need to be specified explicitly using 'hibernate.dialect' (remove the property setting and it will be selected by default)
2026-04-07 17:59:02.279 WARN  [main] o.s.b.a.o.j.JpaBaseConfiguration$JpaWebConfiguration - spring.jpa.open-in-view is enabled by default. Therefore, database queries may be performed during view rendering. Explicitly configure spring.jpa.open-in-view to disable this warning
2026-04-07 17:59:04.775 WARN  [lettuce-nioEventLoop-6-1] io.lettuce.core.RedisClient - Cannot connect Redis Sentinel at redis://redis-sentinel.redis.svc.cluster.local:26379?timeout=500000000ns: java.util.concurrent.CompletionException: java.net.UnknownHostException: No such host is known (redis-sentinel.redis.svc.cluster.local)
2026-04-07 17:59:04.787 WARN  [boundedElastic-1] o.s.b.a.d.r.RedisReactiveHealthIndicator - Redis health check failed
org.springframework.data.redis.RedisConnectionFailureException: Unable to connect to Redis
	at org.springframework.data.redis.connection.lettuce.LettuceConnectionFactory$ExceptionTranslatingConnectionProvider.translateException(LettuceConnectionFactory.java:1858)
	at org.springframework.data.redis.connection.lettuce.LettuceConnectionFactory$ExceptionTranslatingConnectionProvider.getConnection(LettuceConnectionFactory.java:1789)
	at org.springframework.data.redis.connection.lettuce.LettuceConnectionFactory$SharedConnection.getNativeConnection(LettuceConnectionFactory.java:1586)
	at org.springframework.data.redis.connection.lettuce.LettuceConnectionFactory$SharedConnection.lambda$getConnection$0(LettuceConnectionFactory.java:1566)
	at org.springframework.data.redis.connection.lettuce.LettuceConnectionFactory.doInLock(LettuceConnectionFactory.java:1527)
	at org.springframework.data.redis.connection.lettuce.LettuceConnectionFactory$SharedConnection.getConnection(LettuceConnectionFactory.java:1563)
	at org.springframework.data.redis.connection.lettuce.LettuceConnectionFactory.getSharedReactiveConnection(LettuceConnectionFactory.java:1274)
	at org.springframework.data.redis.connection.lettuce.LettuceConnectionFactory.getReactiveConnection(LettuceConnectionFactory.java:1149)
	at org.springframework.data.redis.connection.lettuce.LettuceConnectionFactory.getReactiveConnection(LettuceConnectionFactory.java:120)
	at reactor.core.publisher.MonoSupplier.call(MonoSupplier.java:67)
	at reactor.core.publisher.FluxSubscribeOnCallable$CallableSubscribeOnSubscription.run(FluxSubscribeOnCallable.java:228)
	at reactor.core.scheduler.SchedulerTask.call(SchedulerTask.java:68)
	at reactor.core.scheduler.SchedulerTask.call(SchedulerTask.java:28)
	at java.base/java.util.concurrent.FutureTask.run(FutureTask.java:264)
	at java.base/java.util.concurrent.ScheduledThreadPoolExecutor$ScheduledFutureTask.run(ScheduledThreadPoolExecutor.java:304)
	at java.base/java.util.concurrent.ThreadPoolExecutor.runWorker(ThreadPoolExecutor.java:1136)
	at java.base/java.util.concurrent.ThreadPoolExecutor$Worker.run(ThreadPoolExecutor.java:635)
	at java.base/java.lang.Thread.run(Thread.java:833)
Caused by: org.springframework.data.redis.connection.PoolException: Could not prepare the pool
	at org.springframework.data.redis.connection.lettuce.LettucePoolingConnectionProvider.lambda$getConnection$1(LettucePoolingConnectionProvider.java:101)
	at java.base/java.util.concurrent.ConcurrentHashMap.computeIfAbsent(ConcurrentHashMap.java:1708)
	at org.springframework.data.redis.connection.lettuce.LettucePoolingConnectionProvider.getConnection(LettucePoolingConnectionProvider.java:93)
	at org.springframework.data.redis.connection.lettuce.LettuceConnectionFactory$ExceptionTranslatingConnectionProvider.getConnection(LettuceConnectionFactory.java:1787)
	... 16 common frames omitted
Caused by: io.lettuce.core.RedisConnectionException: Cannot connect to a Redis Sentinel: [redis://redis-sentinel.redis.svc.cluster.local:26379?timeout=500000000ns]
	at io.lettuce.core.RedisConnectionException.create(RedisConnectionException.java:57)
	at io.lettuce.core.RedisConnectionException.create(RedisConnectionException.java:41)
	at io.lettuce.core.AbstractRedisClient.getConnection(AbstractRedisClient.java:354)
	at io.lettuce.core.RedisClient.connect(RedisClient.java:220)
	at org.springframework.data.redis.connection.lettuce.StandaloneConnectionProvider.lambda$getConnection$1(StandaloneConnectionProvider.java:112)
	at java.base/java.util.Optional.orElseGet(Optional.java:364)
	at org.springframework.data.redis.connection.lettuce.StandaloneConnectionProvider.getConnection(StandaloneConnectionProvider.java:112)
	at org.springframework.data.redis.connection.lettuce.LettucePoolingConnectionProvider.lambda$getConnection$0(LettucePoolingConnectionProvider.java:96)
	at io.lettuce.core.support.ConnectionPoolSupport$RedisPooledObjectFactory.create(ConnectionPoolSupport.java:270)
	at io.lettuce.core.support.ConnectionPoolSupport$RedisPooledObjectFactory.create(ConnectionPoolSupport.java:257)
	at org.apache.commons.pool2.BasePooledObjectFactory.makeObject(BasePooledObjectFactory.java:68)
	at org.apache.commons.pool2.impl.GenericObjectPool.create(GenericObjectPool.java:557)
	at org.apache.commons.pool2.impl.GenericObjectPool.ensureIdle(GenericObjectPool.java:630)
	at org.apache.commons.pool2.impl.GenericObjectPool.ensureMinIdle(GenericObjectPool.java:652)
	at org.apache.commons.pool2.impl.GenericObjectPool.preparePool(GenericObjectPool.java:970)
	at org.springframework.data.redis.connection.lettuce.LettucePoolingConnectionProvider.lambda$getConnection$1(LettucePoolingConnectionProvider.java:99)
	... 19 common frames omitted
Caused by: io.lettuce.core.RedisConnectionException: Cannot connect Redis Sentinel at redis://redis-sentinel.redis.svc.cluster.local:26379?timeout=500000000ns
	at io.lettuce.core.RedisClient.lambda$connectSentinelAsync$6(RedisClient.java:533)
	at reactor.core.publisher.Mono.lambda$onErrorMap$29(Mono.java:3862)
	at reactor.core.publisher.FluxOnErrorResume$ResumeSubscriber.onError(FluxOnErrorResume.java:94)
	at reactor.core.publisher.FluxOnErrorResume$ResumeSubscriber.onError(FluxOnErrorResume.java:106)
	at reactor.core.publisher.Operators.error(Operators.java:198)
	at reactor.core.publisher.MonoError.subscribe(MonoError.java:53)
	at reactor.core.publisher.Mono.subscribe(Mono.java:4576)
	at reactor.core.publisher.FluxOnErrorResume$ResumeSubscriber.onError(FluxOnErrorResume.java:103)
	at reactor.core.publisher.MonoCompletionStage$MonoCompletionStageSubscription.apply(MonoCompletionStage.java:115)
	at reactor.core.publisher.MonoCompletionStage$MonoCompletionStageSubscription.apply(MonoCompletionStage.java:67)
	at java.base/java.util.concurrent.CompletableFuture.uniHandle(CompletableFuture.java:934)
	at java.base/java.util.concurrent.CompletableFuture$UniHandle.tryFire(CompletableFuture.java:911)
	at java.base/java.util.concurrent.CompletableFuture.postComplete(CompletableFuture.java:510)
	at java.base/java.util.concurrent.CompletableFuture.completeExceptionally(CompletableFuture.java:2162)
	at io.lettuce.core.AbstractRedisClient.lambda$initializeChannelAsync0$6(AbstractRedisClient.java:458)
	at io.netty.util.concurrent.DefaultPromise.notifyListener0(DefaultPromise.java:603)
	at io.netty.util.concurrent.DefaultPromise.notifyListenersNow(DefaultPromise.java:570)
	at io.netty.util.concurrent.DefaultPromise.notifyListeners(DefaultPromise.java:505)
	at io.netty.util.concurrent.DefaultPromise.setValue0(DefaultPromise.java:649)
	at io.netty.util.concurrent.DefaultPromise.setFailure0(DefaultPromise.java:642)
	at io.netty.util.concurrent.DefaultPromise.setFailure(DefaultPromise.java:123)
	at io.netty.channel.DefaultChannelPromise.setFailure(DefaultChannelPromise.java:89)
	at io.netty.bootstrap.Bootstrap.doResolveAndConnect0(Bootstrap.java:228)
	at io.netty.bootstrap.Bootstrap.access$000(Bootstrap.java:47)
	at io.netty.bootstrap.Bootstrap$1.operationComplete(Bootstrap.java:189)
	at io.netty.bootstrap.Bootstrap$1.operationComplete(Bootstrap.java:175)
	at io.netty.util.concurrent.DefaultPromise.notifyListener0(DefaultPromise.java:603)
	at io.netty.util.concurrent.DefaultPromise.notifyListenersNow(DefaultPromise.java:570)
	at io.netty.util.concurrent.DefaultPromise.notifyListeners(DefaultPromise.java:505)
	at io.netty.util.concurrent.DefaultPromise.setValue0(DefaultPromise.java:649)
	at io.netty.util.concurrent.DefaultPromise.setSuccess0(DefaultPromise.java:638)
	at io.netty.util.concurrent.DefaultPromise.trySuccess(DefaultPromise.java:118)
	at io.netty.channel.DefaultChannelPromise.trySuccess(DefaultChannelPromise.java:84)
	at io.netty.channel.AbstractChannel$AbstractUnsafe.safeSetSuccess(AbstractChannel.java:988)
	at io.netty.channel.AbstractChannel$AbstractUnsafe.register0(AbstractChannel.java:515)
	at io.netty.channel.AbstractChannel$AbstractUnsafe.access$200(AbstractChannel.java:428)
	at io.netty.channel.AbstractChannel$AbstractUnsafe$1.run(AbstractChannel.java:485)
	at io.netty.util.concurrent.AbstractEventExecutor.runTask(AbstractEventExecutor.java:173)
	at io.netty.util.concurrent.AbstractEventExecutor.safeExecute(AbstractEventExecutor.java:166)
	at io.netty.util.concurrent.SingleThreadEventExecutor.runAllTasks(SingleThreadEventExecutor.java:472)
	at io.netty.channel.nio.NioEventLoop.run(NioEventLoop.java:569)
	at io.netty.util.concurrent.SingleThreadEventExecutor$4.run(SingleThreadEventExecutor.java:998)
	at io.netty.util.internal.ThreadExecutorMap$2.run(ThreadExecutorMap.java:74)
	at io.netty.util.concurrent.FastThreadLocalRunnable.run(FastThreadLocalRunnable.java:30)
	... 1 common frames omitted
Caused by: java.net.UnknownHostException: No such host is known (redis-sentinel.redis.svc.cluster.local)
	at java.base/java.net.Inet6AddressImpl.lookupAllHostAddr(Native Method)
	at java.base/java.net.Inet6AddressImpl.lookupAllHostAddr(Inet6AddressImpl.java:52)
	at java.base/java.net.InetAddress$PlatformResolver.lookupByName(InetAddress.java:1048)
	at java.base/java.net.InetAddress.getAddressesFromNameService(InetAddress.java:1648)
	at java.base/java.net.InetAddress$NameServiceAddresses.get(InetAddress.java:997)
	at java.base/java.net.InetAddress.getAllByName0(InetAddress.java:1638)
	at java.base/java.net.InetAddress.getAllByName(InetAddress.java:1504)
	at java.base/java.net.InetAddress.getByName(InetAddress.java:1393)
	at io.netty.util.internal.SocketUtils$8.run(SocketUtils.java:156)
	at io.netty.util.internal.SocketUtils$8.run(SocketUtils.java:153)
	at java.base/java.security.AccessController.doPrivileged(AccessController.java:569)
	at io.netty.util.internal.SocketUtils.addressByName(SocketUtils.java:153)
	at io.netty.resolver.DefaultNameResolver.doResolve(DefaultNameResolver.java:41)
	at io.netty.resolver.SimpleNameResolver.resolve(SimpleNameResolver.java:61)
	at io.netty.resolver.SimpleNameResolver.resolve(SimpleNameResolver.java:53)
	at io.netty.resolver.InetSocketAddressResolver.doResolve(InetSocketAddressResolver.java:55)
	at io.netty.resolver.InetSocketAddressResolver.doResolve(InetSocketAddressResolver.java:31)
	at io.netty.resolver.AbstractAddressResolver.resolve(AbstractAddressResolver.java:106)
	at io.netty.bootstrap.Bootstrap.doResolveAndConnect0(Bootstrap.java:220)
	... 22 common frames omitted
2026-04-07 17:59:33.875 WARN  [main] org.hibernate.orm.deprecation - HHH90000025: OracleDialect does not need to be specified explicitly using 'hibernate.dialect' (remove the property setting and it will be selected by default)
2026-04-07 17:59:35.562 WARN  [main] o.s.b.a.o.j.JpaBaseConfiguration$JpaWebConfiguration - spring.jpa.open-in-view is enabled by default. Therefore, database queries may be performed during view rendering. Explicitly configure spring.jpa.open-in-view to disable this warning
2026-04-07 17:59:37.663 WARN  [lettuce-nioEventLoop-6-1] io.lettuce.core.RedisClient - Cannot connect Redis Sentinel at redis://redis-sentinel.redis.svc.cluster.local:26379?timeout=500000000ns: java.util.concurrent.CompletionException: java.net.UnknownHostException: No such host is known (redis-sentinel.redis.svc.cluster.local)
2026-04-07 17:59:37.667 WARN  [boundedElastic-1] o.s.b.a.d.r.RedisReactiveHealthIndicator - Redis health check failed
org.springframework.data.redis.RedisConnectionFailureException: Unable to connect to Redis
	at org.springframework.data.redis.connection.lettuce.LettuceConnectionFactory$ExceptionTranslatingConnectionProvider.translateException(LettuceConnectionFactory.java:1858)
	at org.springframework.data.redis.connection.lettuce.LettuceConnectionFactory$ExceptionTranslatingConnectionProvider.getConnection(LettuceConnectionFactory.java:1789)
	at org.springframework.data.redis.connection.lettuce.LettuceConnectionFactory$SharedConnection.getNativeConnection(LettuceConnectionFactory.java:1586)
	at org.springframework.data.redis.connection.lettuce.LettuceConnectionFactory$SharedConnection.lambda$getConnection$0(LettuceConnectionFactory.java:1566)
	at org.springframework.data.redis.connection.lettuce.LettuceConnectionFactory.doInLock(LettuceConnectionFactory.java:1527)
	at org.springframework.data.redis.connection.lettuce.LettuceConnectionFactory$SharedConnection.getConnection(LettuceConnectionFactory.java:1563)
	at org.springframework.data.redis.connection.lettuce.LettuceConnectionFactory.getSharedReactiveConnection(LettuceConnectionFactory.java:1274)
	at org.springframework.data.redis.connection.lettuce.LettuceConnectionFactory.getReactiveConnection(LettuceConnectionFactory.java:1149)
	at org.springframework.data.redis.connection.lettuce.LettuceConnectionFactory.getReactiveConnection(LettuceConnectionFactory.java:120)
	at reactor.core.publisher.MonoSupplier.call(MonoSupplier.java:67)
	at reactor.core.publisher.FluxSubscribeOnCallable$CallableSubscribeOnSubscription.run(FluxSubscribeOnCallable.java:228)
	at reactor.core.scheduler.SchedulerTask.call(SchedulerTask.java:68)
	at reactor.core.scheduler.SchedulerTask.call(SchedulerTask.java:28)
	at java.base/java.util.concurrent.FutureTask.run(FutureTask.java:264)
	at java.base/java.util.concurrent.ScheduledThreadPoolExecutor$ScheduledFutureTask.run(ScheduledThreadPoolExecutor.java:304)
	at java.base/java.util.concurrent.ThreadPoolExecutor.runWorker(ThreadPoolExecutor.java:1136)
	at java.base/java.util.concurrent.ThreadPoolExecutor$Worker.run(ThreadPoolExecutor.java:635)
	at java.base/java.lang.Thread.run(Thread.java:833)
Caused by: org.springframework.data.redis.connection.PoolException: Could not prepare the pool
	at org.springframework.data.redis.connection.lettuce.LettucePoolingConnectionProvider.lambda$getConnection$1(LettucePoolingConnectionProvider.java:101)
	at java.base/java.util.concurrent.ConcurrentHashMap.computeIfAbsent(ConcurrentHashMap.java:1708)
	at org.springframework.data.redis.connection.lettuce.LettucePoolingConnectionProvider.getConnection(LettucePoolingConnectionProvider.java:93)
	at org.springframework.data.redis.connection.lettuce.LettuceConnectionFactory$ExceptionTranslatingConnectionProvider.getConnection(LettuceConnectionFactory.java:1787)
	... 16 common frames omitted
Caused by: io.lettuce.core.RedisConnectionException: Cannot connect to a Redis Sentinel: [redis://redis-sentinel.redis.svc.cluster.local:26379?timeout=500000000ns]
	at io.lettuce.core.RedisConnectionException.create(RedisConnectionException.java:57)
	at io.lettuce.core.RedisConnectionException.create(RedisConnectionException.java:41)
	at io.lettuce.core.AbstractRedisClient.getConnection(AbstractRedisClient.java:354)
	at io.lettuce.core.RedisClient.connect(RedisClient.java:220)
	at org.springframework.data.redis.connection.lettuce.StandaloneConnectionProvider.lambda$getConnection$1(StandaloneConnectionProvider.java:112)
	at java.base/java.util.Optional.orElseGet(Optional.java:364)
	at org.springframework.data.redis.connection.lettuce.StandaloneConnectionProvider.getConnection(StandaloneConnectionProvider.java:112)
	at org.springframework.data.redis.connection.lettuce.LettucePoolingConnectionProvider.lambda$getConnection$0(LettucePoolingConnectionProvider.java:96)
	at io.lettuce.core.support.ConnectionPoolSupport$RedisPooledObjectFactory.create(ConnectionPoolSupport.java:270)
	at io.lettuce.core.support.ConnectionPoolSupport$RedisPooledObjectFactory.create(ConnectionPoolSupport.java:257)
	at org.apache.commons.pool2.BasePooledObjectFactory.makeObject(BasePooledObjectFactory.java:68)
	at org.apache.commons.pool2.impl.GenericObjectPool.create(GenericObjectPool.java:557)
	at org.apache.commons.pool2.impl.GenericObjectPool.ensureIdle(GenericObjectPool.java:630)
	at org.apache.commons.pool2.impl.GenericObjectPool.ensureMinIdle(GenericObjectPool.java:652)
	at org.apache.commons.pool2.impl.GenericObjectPool.preparePool(GenericObjectPool.java:970)
	at org.springframework.data.redis.connection.lettuce.LettucePoolingConnectionProvider.lambda$getConnection$1(LettucePoolingConnectionProvider.java:99)
	... 19 common frames omitted
Caused by: io.lettuce.core.RedisConnectionException: Cannot connect Redis Sentinel at redis://redis-sentinel.redis.svc.cluster.local:26379?timeout=500000000ns
	at io.lettuce.core.RedisClient.lambda$connectSentinelAsync$6(RedisClient.java:533)
	at reactor.core.publisher.Mono.lambda$onErrorMap$29(Mono.java:3862)
	at reactor.core.publisher.FluxOnErrorResume$ResumeSubscriber.onError(FluxOnErrorResume.java:94)
	at reactor.core.publisher.FluxOnErrorResume$ResumeSubscriber.onError(FluxOnErrorResume.java:106)
	at reactor.core.publisher.Operators.error(Operators.java:198)
	at reactor.core.publisher.MonoError.subscribe(MonoError.java:53)
	at reactor.core.publisher.Mono.subscribe(Mono.java:4576)
	at reactor.core.publisher.FluxOnErrorResume$ResumeSubscriber.onError(FluxOnErrorResume.java:103)
	at reactor.core.publisher.MonoCompletionStage$MonoCompletionStageSubscription.apply(MonoCompletionStage.java:115)
	at reactor.core.publisher.MonoCompletionStage$MonoCompletionStageSubscription.apply(MonoCompletionStage.java:67)
	at java.base/java.util.concurrent.CompletableFuture.uniHandle(CompletableFuture.java:934)
	at java.base/java.util.concurrent.CompletableFuture$UniHandle.tryFire(CompletableFuture.java:911)
	at java.base/java.util.concurrent.CompletableFuture.postComplete(CompletableFuture.java:510)
	at java.base/java.util.concurrent.CompletableFuture.completeExceptionally(CompletableFuture.java:2162)
	at io.lettuce.core.AbstractRedisClient.lambda$initializeChannelAsync0$6(AbstractRedisClient.java:458)
	at io.netty.util.concurrent.DefaultPromise.notifyListener0(DefaultPromise.java:603)
	at io.netty.util.concurrent.DefaultPromise.notifyListenersNow(DefaultPromise.java:570)
	at io.netty.util.concurrent.DefaultPromise.notifyListeners(DefaultPromise.java:505)
	at io.netty.util.concurrent.DefaultPromise.setValue0(DefaultPromise.java:649)
	at io.netty.util.concurrent.DefaultPromise.setFailure0(DefaultPromise.java:642)
	at io.netty.util.concurrent.DefaultPromise.setFailure(DefaultPromise.java:123)
	at io.netty.channel.DefaultChannelPromise.setFailure(DefaultChannelPromise.java:89)
	at io.netty.bootstrap.Bootstrap.doResolveAndConnect0(Bootstrap.java:228)
	at io.netty.bootstrap.Bootstrap.access$000(Bootstrap.java:47)
	at io.netty.bootstrap.Bootstrap$1.operationComplete(Bootstrap.java:189)
	at io.netty.bootstrap.Bootstrap$1.operationComplete(Bootstrap.java:175)
	at io.netty.util.concurrent.DefaultPromise.notifyListener0(DefaultPromise.java:603)
	at io.netty.util.concurrent.DefaultPromise.notifyListenersNow(DefaultPromise.java:570)
	at io.netty.util.concurrent.DefaultPromise.notifyListeners(DefaultPromise.java:505)
	at io.netty.util.concurrent.DefaultPromise.setValue0(DefaultPromise.java:649)
	at io.netty.util.concurrent.DefaultPromise.setSuccess0(DefaultPromise.java:638)
	at io.netty.util.concurrent.DefaultPromise.trySuccess(DefaultPromise.java:118)
	at io.netty.channel.DefaultChannelPromise.trySuccess(DefaultChannelPromise.java:84)
	at io.netty.channel.AbstractChannel$AbstractUnsafe.safeSetSuccess(AbstractChannel.java:988)
	at io.netty.channel.AbstractChannel$AbstractUnsafe.register0(AbstractChannel.java:515)
	at io.netty.channel.AbstractChannel$AbstractUnsafe.access$200(AbstractChannel.java:428)
	at io.netty.channel.AbstractChannel$AbstractUnsafe$1.run(AbstractChannel.java:485)
	at io.netty.util.concurrent.AbstractEventExecutor.runTask(AbstractEventExecutor.java:173)
	at io.netty.util.concurrent.AbstractEventExecutor.safeExecute(AbstractEventExecutor.java:166)
	at io.netty.util.concurrent.SingleThreadEventExecutor.runAllTasks(SingleThreadEventExecutor.java:472)
	at io.netty.channel.nio.NioEventLoop.run(NioEventLoop.java:569)
	at io.netty.util.concurrent.SingleThreadEventExecutor$4.run(SingleThreadEventExecutor.java:998)
	at io.netty.util.internal.ThreadExecutorMap$2.run(ThreadExecutorMap.java:74)
	at io.netty.util.concurrent.FastThreadLocalRunnable.run(FastThreadLocalRunnable.java:30)
	... 1 common frames omitted
Caused by: java.net.UnknownHostException: No such host is known (redis-sentinel.redis.svc.cluster.local)
	at java.base/java.net.Inet6AddressImpl.lookupAllHostAddr(Native Method)
	at java.base/java.net.Inet6AddressImpl.lookupAllHostAddr(Inet6AddressImpl.java:52)
	at java.base/java.net.InetAddress$PlatformResolver.lookupByName(InetAddress.java:1048)
	at java.base/java.net.InetAddress.getAddressesFromNameService(InetAddress.java:1648)
	at java.base/java.net.InetAddress$NameServiceAddresses.get(InetAddress.java:997)
	at java.base/java.net.InetAddress.getAllByName0(InetAddress.java:1638)
	at java.base/java.net.InetAddress.getAllByName(InetAddress.java:1504)
	at java.base/java.net.InetAddress.getByName(InetAddress.java:1393)
	at io.netty.util.internal.SocketUtils$8.run(SocketUtils.java:156)
	at io.netty.util.internal.SocketUtils$8.run(SocketUtils.java:153)
	at java.base/java.security.AccessController.doPrivileged(AccessController.java:569)
	at io.netty.util.internal.SocketUtils.addressByName(SocketUtils.java:153)
	at io.netty.resolver.DefaultNameResolver.doResolve(DefaultNameResolver.java:41)
	at io.netty.resolver.SimpleNameResolver.resolve(SimpleNameResolver.java:61)
	at io.netty.resolver.SimpleNameResolver.resolve(SimpleNameResolver.java:53)
	at io.netty.resolver.InetSocketAddressResolver.doResolve(InetSocketAddressResolver.java:55)
	at io.netty.resolver.InetSocketAddressResolver.doResolve(InetSocketAddressResolver.java:31)
	at io.netty.resolver.AbstractAddressResolver.resolve(AbstractAddressResolver.java:106)
	at io.netty.bootstrap.Bootstrap.doResolveAndConnect0(Bootstrap.java:220)
	... 22 common frames omitted
2026-04-07 18:19:07.678 WARN  [main] org.hibernate.orm.deprecation - HHH90000025: OracleDialect does not need to be specified explicitly using 'hibernate.dialect' (remove the property setting and it will be selected by default)
2026-04-07 18:19:09.657 WARN  [main] o.s.b.a.o.j.JpaBaseConfiguration$JpaWebConfiguration - spring.jpa.open-in-view is enabled by default. Therefore, database queries may be performed during view rendering. Explicitly configure spring.jpa.open-in-view to disable this warning
2026-04-07 18:19:27.260 WARN  [lettuce-nioEventLoop-6-1] io.lettuce.core.RedisClient - Cannot connect Redis Sentinel at redis://redis-sentinel.redis.svc.cluster.local:26379?timeout=500000000ns: java.util.concurrent.CompletionException: java.net.UnknownHostException: No such host is known (redis-sentinel.redis.svc.cluster.local)
2026-04-07 18:19:27.267 WARN  [boundedElastic-1] o.s.b.a.d.r.RedisReactiveHealthIndicator - Redis health check failed
org.springframework.data.redis.RedisConnectionFailureException: Unable to connect to Redis
	at org.springframework.data.redis.connection.lettuce.LettuceConnectionFactory$ExceptionTranslatingConnectionProvider.translateException(LettuceConnectionFactory.java:1858)
	at org.springframework.data.redis.connection.lettuce.LettuceConnectionFactory$ExceptionTranslatingConnectionProvider.getConnection(LettuceConnectionFactory.java:1789)
	at org.springframework.data.redis.connection.lettuce.LettuceConnectionFactory$SharedConnection.getNativeConnection(LettuceConnectionFactory.java:1586)
	at org.springframework.data.redis.connection.lettuce.LettuceConnectionFactory$SharedConnection.lambda$getConnection$0(LettuceConnectionFactory.java:1566)
	at org.springframework.data.redis.connection.lettuce.LettuceConnectionFactory.doInLock(LettuceConnectionFactory.java:1527)
	at org.springframework.data.redis.connection.lettuce.LettuceConnectionFactory$SharedConnection.getConnection(LettuceConnectionFactory.java:1563)
	at org.springframework.data.redis.connection.lettuce.LettuceConnectionFactory.getSharedReactiveConnection(LettuceConnectionFactory.java:1274)
	at org.springframework.data.redis.connection.lettuce.LettuceConnectionFactory.getReactiveConnection(LettuceConnectionFactory.java:1149)
	at org.springframework.data.redis.connection.lettuce.LettuceConnectionFactory.getReactiveConnection(LettuceConnectionFactory.java:120)
	at reactor.core.publisher.MonoSupplier.call(MonoSupplier.java:67)
	at reactor.core.publisher.FluxSubscribeOnCallable$CallableSubscribeOnSubscription.run(FluxSubscribeOnCallable.java:228)
	at reactor.core.scheduler.SchedulerTask.call(SchedulerTask.java:68)
	at reactor.core.scheduler.SchedulerTask.call(SchedulerTask.java:28)
	at java.base/java.util.concurrent.FutureTask.run(FutureTask.java:264)
	at java.base/java.util.concurrent.ScheduledThreadPoolExecutor$ScheduledFutureTask.run(ScheduledThreadPoolExecutor.java:304)
	at java.base/java.util.concurrent.ThreadPoolExecutor.runWorker(ThreadPoolExecutor.java:1136)
	at java.base/java.util.concurrent.ThreadPoolExecutor$Worker.run(ThreadPoolExecutor.java:635)
	at java.base/java.lang.Thread.run(Thread.java:833)
Caused by: org.springframework.data.redis.connection.PoolException: Could not prepare the pool
	at org.springframework.data.redis.connection.lettuce.LettucePoolingConnectionProvider.lambda$getConnection$1(LettucePoolingConnectionProvider.java:101)
	at java.base/java.util.concurrent.ConcurrentHashMap.computeIfAbsent(ConcurrentHashMap.java:1708)
	at org.springframework.data.redis.connection.lettuce.LettucePoolingConnectionProvider.getConnection(LettucePoolingConnectionProvider.java:93)
	at org.springframework.data.redis.connection.lettuce.LettuceConnectionFactory$ExceptionTranslatingConnectionProvider.getConnection(LettuceConnectionFactory.java:1787)
	... 16 common frames omitted
Caused by: io.lettuce.core.RedisConnectionException: Cannot connect to a Redis Sentinel: [redis://redis-sentinel.redis.svc.cluster.local:26379?timeout=500000000ns]
	at io.lettuce.core.RedisConnectionException.create(RedisConnectionException.java:57)
	at io.lettuce.core.RedisConnectionException.create(RedisConnectionException.java:41)
	at io.lettuce.core.AbstractRedisClient.getConnection(AbstractRedisClient.java:354)
	at io.lettuce.core.RedisClient.connect(RedisClient.java:220)
	at org.springframework.data.redis.connection.lettuce.StandaloneConnectionProvider.lambda$getConnection$1(StandaloneConnectionProvider.java:112)
	at java.base/java.util.Optional.orElseGet(Optional.java:364)
	at org.springframework.data.redis.connection.lettuce.StandaloneConnectionProvider.getConnection(StandaloneConnectionProvider.java:112)
	at org.springframework.data.redis.connection.lettuce.LettucePoolingConnectionProvider.lambda$getConnection$0(LettucePoolingConnectionProvider.java:96)
	at io.lettuce.core.support.ConnectionPoolSupport$RedisPooledObjectFactory.create(ConnectionPoolSupport.java:270)
	at io.lettuce.core.support.ConnectionPoolSupport$RedisPooledObjectFactory.create(ConnectionPoolSupport.java:257)
	at org.apache.commons.pool2.BasePooledObjectFactory.makeObject(BasePooledObjectFactory.java:68)
	at org.apache.commons.pool2.impl.GenericObjectPool.create(GenericObjectPool.java:557)
	at org.apache.commons.pool2.impl.GenericObjectPool.ensureIdle(GenericObjectPool.java:630)
	at org.apache.commons.pool2.impl.GenericObjectPool.ensureMinIdle(GenericObjectPool.java:652)
	at org.apache.commons.pool2.impl.GenericObjectPool.preparePool(GenericObjectPool.java:970)
	at org.springframework.data.redis.connection.lettuce.LettucePoolingConnectionProvider.lambda$getConnection$1(LettucePoolingConnectionProvider.java:99)
	... 19 common frames omitted
Caused by: io.lettuce.core.RedisConnectionException: Cannot connect Redis Sentinel at redis://redis-sentinel.redis.svc.cluster.local:26379?timeout=500000000ns
	at io.lettuce.core.RedisClient.lambda$connectSentinelAsync$6(RedisClient.java:533)
	at reactor.core.publisher.Mono.lambda$onErrorMap$29(Mono.java:3862)
	at reactor.core.publisher.FluxOnErrorResume$ResumeSubscriber.onError(FluxOnErrorResume.java:94)
	at reactor.core.publisher.FluxOnErrorResume$ResumeSubscriber.onError(FluxOnErrorResume.java:106)
	at reactor.core.publisher.Operators.error(Operators.java:198)
	at reactor.core.publisher.MonoError.subscribe(MonoError.java:53)
	at reactor.core.publisher.Mono.subscribe(Mono.java:4576)
	at reactor.core.publisher.FluxOnErrorResume$ResumeSubscriber.onError(FluxOnErrorResume.java:103)
	at reactor.core.publisher.MonoCompletionStage$MonoCompletionStageSubscription.apply(MonoCompletionStage.java:115)
	at reactor.core.publisher.MonoCompletionStage$MonoCompletionStageSubscription.apply(MonoCompletionStage.java:67)
	at java.base/java.util.concurrent.CompletableFuture.uniHandle(CompletableFuture.java:934)
	at java.base/java.util.concurrent.CompletableFuture$UniHandle.tryFire(CompletableFuture.java:911)
	at java.base/java.util.concurrent.CompletableFuture.postComplete(CompletableFuture.java:510)
	at java.base/java.util.concurrent.CompletableFuture.completeExceptionally(CompletableFuture.java:2162)
	at io.lettuce.core.AbstractRedisClient.lambda$initializeChannelAsync0$6(AbstractRedisClient.java:458)
	at io.netty.util.concurrent.DefaultPromise.notifyListener0(DefaultPromise.java:603)
	at io.netty.util.concurrent.DefaultPromise.notifyListenersNow(DefaultPromise.java:570)
	at io.netty.util.concurrent.DefaultPromise.notifyListeners(DefaultPromise.java:505)
	at io.netty.util.concurrent.DefaultPromise.setValue0(DefaultPromise.java:649)
	at io.netty.util.concurrent.DefaultPromise.setFailure0(DefaultPromise.java:642)
	at io.netty.util.concurrent.DefaultPromise.setFailure(DefaultPromise.java:123)
	at io.netty.channel.DefaultChannelPromise.setFailure(DefaultChannelPromise.java:89)
	at io.netty.bootstrap.Bootstrap.doResolveAndConnect0(Bootstrap.java:228)
	at io.netty.bootstrap.Bootstrap.access$000(Bootstrap.java:47)
	at io.netty.bootstrap.Bootstrap$1.operationComplete(Bootstrap.java:189)
	at io.netty.bootstrap.Bootstrap$1.operationComplete(Bootstrap.java:175)
	at io.netty.util.concurrent.DefaultPromise.notifyListener0(DefaultPromise.java:603)
	at io.netty.util.concurrent.DefaultPromise.notifyListenersNow(DefaultPromise.java:570)
	at io.netty.util.concurrent.DefaultPromise.notifyListeners(DefaultPromise.java:505)
	at io.netty.util.concurrent.DefaultPromise.setValue0(DefaultPromise.java:649)
	at io.netty.util.concurrent.DefaultPromise.setSuccess0(DefaultPromise.java:638)
	at io.netty.util.concurrent.DefaultPromise.trySuccess(DefaultPromise.java:118)
	at io.netty.channel.DefaultChannelPromise.trySuccess(DefaultChannelPromise.java:84)
	at io.netty.channel.AbstractChannel$AbstractUnsafe.safeSetSuccess(AbstractChannel.java:988)
	at io.netty.channel.AbstractChannel$AbstractUnsafe.register0(AbstractChannel.java:515)
	at io.netty.channel.AbstractChannel$AbstractUnsafe.access$200(AbstractChannel.java:428)
	at io.netty.channel.AbstractChannel$AbstractUnsafe$1.run(AbstractChannel.java:485)
	at io.netty.util.concurrent.AbstractEventExecutor.runTask(AbstractEventExecutor.java:173)
	at io.netty.util.concurrent.AbstractEventExecutor.safeExecute(AbstractEventExecutor.java:166)
	at io.netty.util.concurrent.SingleThreadEventExecutor.runAllTasks(SingleThreadEventExecutor.java:472)
	at io.netty.channel.nio.NioEventLoop.run(NioEventLoop.java:569)
	at io.netty.util.concurrent.SingleThreadEventExecutor$4.run(SingleThreadEventExecutor.java:998)
	at io.netty.util.internal.ThreadExecutorMap$2.run(ThreadExecutorMap.java:74)
	at io.netty.util.concurrent.FastThreadLocalRunnable.run(FastThreadLocalRunnable.java:30)
	... 1 common frames omitted
Caused by: java.net.UnknownHostException: No such host is known (redis-sentinel.redis.svc.cluster.local)
	at java.base/java.net.Inet6AddressImpl.lookupAllHostAddr(Native Method)
	at java.base/java.net.Inet6AddressImpl.lookupAllHostAddr(Inet6AddressImpl.java:52)
	at java.base/java.net.InetAddress$PlatformResolver.lookupByName(InetAddress.java:1048)
	at java.base/java.net.InetAddress.getAddressesFromNameService(InetAddress.java:1648)
	at java.base/java.net.InetAddress$NameServiceAddresses.get(InetAddress.java:997)
	at java.base/java.net.InetAddress.getAllByName0(InetAddress.java:1638)
	at java.base/java.net.InetAddress.getAllByName(InetAddress.java:1504)
	at java.base/java.net.InetAddress.getByName(InetAddress.java:1393)
	at io.netty.util.internal.SocketUtils$8.run(SocketUtils.java:156)
	at io.netty.util.internal.SocketUtils$8.run(SocketUtils.java:153)
	at java.base/java.security.AccessController.doPrivileged(AccessController.java:569)
	at io.netty.util.internal.SocketUtils.addressByName(SocketUtils.java:153)
	at io.netty.resolver.DefaultNameResolver.doResolve(DefaultNameResolver.java:41)
	at io.netty.resolver.SimpleNameResolver.resolve(SimpleNameResolver.java:61)
	at io.netty.resolver.SimpleNameResolver.resolve(SimpleNameResolver.java:53)
	at io.netty.resolver.InetSocketAddressResolver.doResolve(InetSocketAddressResolver.java:55)
	at io.netty.resolver.InetSocketAddressResolver.doResolve(InetSocketAddressResolver.java:31)
	at io.netty.resolver.AbstractAddressResolver.resolve(AbstractAddressResolver.java:106)
	at io.netty.bootstrap.Bootstrap.doResolveAndConnect0(Bootstrap.java:220)
	... 22 common frames omitted
2026-04-07 18:26:52.721 WARN  [HikariPool-1:housekeeper] com.zaxxer.hikari.pool.PoolBase - HikariPool-1 - Failed to validate connection oracle.jdbc.driver.T4CConnection@10571316 (ORA-17008: Closed connection
https://docs.oracle.com/error-help/db/ora-17008/). Possibly consider using a shorter maxLifetime value.
2026-04-07 19:44:02.502 WARN  [main] org.hibernate.orm.deprecation - HHH90000025: OracleDialect does not need to be specified explicitly using 'hibernate.dialect' (remove the property setting and it will be selected by default)
2026-04-07 19:44:05.517 WARN  [main] o.s.b.a.o.j.JpaBaseConfiguration$JpaWebConfiguration - spring.jpa.open-in-view is enabled by default. Therefore, database queries may be performed during view rendering. Explicitly configure spring.jpa.open-in-view to disable this warning
2026-04-07 19:44:23.734 WARN  [lettuce-nioEventLoop-6-1] io.lettuce.core.RedisClient - Cannot connect Redis Sentinel at redis://redis-sentinel.redis.svc.cluster.local:26379?timeout=500000000ns: java.util.concurrent.CompletionException: java.net.UnknownHostException: No such host is known (redis-sentinel.redis.svc.cluster.local)
2026-04-07 19:44:23.746 WARN  [boundedElastic-1] o.s.b.a.d.r.RedisReactiveHealthIndicator - Redis health check failed
org.springframework.data.redis.RedisConnectionFailureException: Unable to connect to Redis
	at org.springframework.data.redis.connection.lettuce.LettuceConnectionFactory$ExceptionTranslatingConnectionProvider.translateException(LettuceConnectionFactory.java:1858)
	Suppressed: reactor.core.publisher.FluxOnAssembly$OnAssemblyException: 
Assembly trace from producer [reactor.core.publisher.MonoSubscribeOnCallable] :
	reactor.core.publisher.Mono.subscribeOn(Mono.java:4625)
	org.springframework.boot.actuate.data.redis.RedisReactiveHealthIndicator.getConnection(RedisReactiveHealthIndicator.java:57)
Error has been observed at the following site(s):
	*__Mono.subscribeOn ⇢ at org.springframework.boot.actuate.data.redis.RedisReactiveHealthIndicator.getConnection(RedisReactiveHealthIndicator.java:57)
	|_     Mono.flatMap ⇢ at org.springframework.boot.actuate.data.redis.RedisReactiveHealthIndicator.doHealthCheck(RedisReactiveHealthIndicator.java:52)
Original Stack Trace:
		at org.springframework.data.redis.connection.lettuce.LettuceConnectionFactory$ExceptionTranslatingConnectionProvider.translateException(LettuceConnectionFactory.java:1858)
		at org.springframework.data.redis.connection.lettuce.LettuceConnectionFactory$ExceptionTranslatingConnectionProvider.getConnection(LettuceConnectionFactory.java:1789)
		at org.springframework.data.redis.connection.lettuce.LettuceConnectionFactory$SharedConnection.getNativeConnection(LettuceConnectionFactory.java:1586)
		at org.springframework.data.redis.connection.lettuce.LettuceConnectionFactory$SharedConnection.lambda$getConnection$0(LettuceConnectionFactory.java:1566)
		at org.springframework.data.redis.connection.lettuce.LettuceConnectionFactory.doInLock(LettuceConnectionFactory.java:1527)
		at org.springframework.data.redis.connection.lettuce.LettuceConnectionFactory$SharedConnection.getConnection(LettuceConnectionFactory.java:1563)
		at org.springframework.data.redis.connection.lettuce.LettuceConnectionFactory.getSharedReactiveConnection(LettuceConnectionFactory.java:1274)
		at org.springframework.data.redis.connection.lettuce.LettuceConnectionFactory.getReactiveConnection(LettuceConnectionFactory.java:1149)
		at org.springframework.data.redis.connection.lettuce.LettuceConnectionFactory.getReactiveConnection(LettuceConnectionFactory.java:120)
		at reactor.core.publisher.MonoSupplier.call(MonoSupplier.java:67)
		at reactor.core.publisher.FluxSubscribeOnCallable$CallableSubscribeOnSubscription.run(FluxSubscribeOnCallable.java:228)
		at reactor.core.scheduler.SchedulerTask.call(SchedulerTask.java:68)
		at reactor.core.scheduler.SchedulerTask.call(SchedulerTask.java:28)
		at java.base/java.util.concurrent.FutureTask.run$$$capture(FutureTask.java:264)
		at java.base/java.util.concurrent.FutureTask.run(FutureTask.java)
		at java.base/java.util.concurrent.ScheduledThreadPoolExecutor$ScheduledFutureTask.run(ScheduledThreadPoolExecutor.java:304)
		at java.base/java.util.concurrent.ThreadPoolExecutor.runWorker(ThreadPoolExecutor.java:1136)
		at java.base/java.util.concurrent.ThreadPoolExecutor$Worker.run(ThreadPoolExecutor.java:635)
		at java.base/java.lang.Thread.run(Thread.java:833)
Caused by: org.springframework.data.redis.connection.PoolException: Could not prepare the pool
	at org.springframework.data.redis.connection.lettuce.LettucePoolingConnectionProvider.lambda$getConnection$1(LettucePoolingConnectionProvider.java:101)
	at java.base/java.util.concurrent.ConcurrentHashMap.computeIfAbsent(ConcurrentHashMap.java:1708)
	at org.springframework.data.redis.connection.lettuce.LettucePoolingConnectionProvider.getConnection(LettucePoolingConnectionProvider.java:93)
	at org.springframework.data.redis.connection.lettuce.LettuceConnectionFactory$ExceptionTranslatingConnectionProvider.getConnection(LettuceConnectionFactory.java:1787)
	at org.springframework.data.redis.connection.lettuce.LettuceConnectionFactory$SharedConnection.getNativeConnection(LettuceConnectionFactory.java:1586)
	at org.springframework.data.redis.connection.lettuce.LettuceConnectionFactory$SharedConnection.lambda$getConnection$0(LettuceConnectionFactory.java:1566)
	at org.springframework.data.redis.connection.lettuce.LettuceConnectionFactory.doInLock(LettuceConnectionFactory.java:1527)
	at org.springframework.data.redis.connection.lettuce.LettuceConnectionFactory$SharedConnection.getConnection(LettuceConnectionFactory.java:1563)
	at org.springframework.data.redis.connection.lettuce.LettuceConnectionFactory.getSharedReactiveConnection(LettuceConnectionFactory.java:1274)
	at org.springframework.data.redis.connection.lettuce.LettuceConnectionFactory.getReactiveConnection(LettuceConnectionFactory.java:1149)
	at org.springframework.data.redis.connection.lettuce.LettuceConnectionFactory.getReactiveConnection(LettuceConnectionFactory.java:120)
	at reactor.core.publisher.MonoSupplier.call(MonoSupplier.java:67)
	at reactor.core.publisher.MonoCallableOnAssembly.call(MonoCallableOnAssembly.java:91)
	at reactor.core.publisher.FluxSubscribeOnCallable$CallableSubscribeOnSubscription.run(FluxSubscribeOnCallable.java:228)
	at reactor.core.scheduler.SchedulerTask.call(SchedulerTask.java:68)
	at reactor.core.scheduler.SchedulerTask.call(SchedulerTask.java:28)
	at java.base/java.util.concurrent.FutureTask.run$$$capture(FutureTask.java:264)
	at java.base/java.util.concurrent.FutureTask.run(FutureTask.java)
	at java.base/java.util.concurrent.ScheduledThreadPoolExecutor$ScheduledFutureTask.run(ScheduledThreadPoolExecutor.java:304)
	at java.base/java.util.concurrent.ThreadPoolExecutor.runWorker(ThreadPoolExecutor.java:1136)
	at java.base/java.util.concurrent.ThreadPoolExecutor$Worker.run(ThreadPoolExecutor.java:635)
	at java.base/java.lang.Thread.run(Thread.java:833)
Caused by: io.lettuce.core.RedisConnectionException: Cannot connect to a Redis Sentinel: [redis://redis-sentinel.redis.svc.cluster.local:26379?timeout=500000000ns]
	at io.lettuce.core.RedisConnectionException.create(RedisConnectionException.java:57)
	at io.lettuce.core.RedisConnectionException.create(RedisConnectionException.java:41)
	at io.lettuce.core.AbstractRedisClient.getConnection(AbstractRedisClient.java:354)
	at io.lettuce.core.RedisClient.connect(RedisClient.java:220)
	at org.springframework.data.redis.connection.lettuce.StandaloneConnectionProvider.lambda$getConnection$1(StandaloneConnectionProvider.java:112)
	at java.base/java.util.Optional.orElseGet(Optional.java:364)
	at org.springframework.data.redis.connection.lettuce.StandaloneConnectionProvider.getConnection(StandaloneConnectionProvider.java:112)
	at org.springframework.data.redis.connection.lettuce.LettucePoolingConnectionProvider.lambda$getConnection$0(LettucePoolingConnectionProvider.java:96)
	at io.lettuce.core.support.ConnectionPoolSupport$RedisPooledObjectFactory.create(ConnectionPoolSupport.java:270)
	at io.lettuce.core.support.ConnectionPoolSupport$RedisPooledObjectFactory.create(ConnectionPoolSupport.java:257)
	at org.apache.commons.pool2.BasePooledObjectFactory.makeObject(BasePooledObjectFactory.java:68)
	at org.apache.commons.pool2.impl.GenericObjectPool.create(GenericObjectPool.java:557)
	at org.apache.commons.pool2.impl.GenericObjectPool.ensureIdle(GenericObjectPool.java:630)
	at org.apache.commons.pool2.impl.GenericObjectPool.ensureMinIdle(GenericObjectPool.java:652)
	at org.apache.commons.pool2.impl.GenericObjectPool.preparePool(GenericObjectPool.java:970)
	at org.springframework.data.redis.connection.lettuce.LettucePoolingConnectionProvider.lambda$getConnection$1(LettucePoolingConnectionProvider.java:99)
	... 21 common frames omitted
Caused by: io.lettuce.core.RedisConnectionException: Cannot connect Redis Sentinel at redis://redis-sentinel.redis.svc.cluster.local:26379?timeout=500000000ns
	at io.lettuce.core.RedisClient.lambda$connectSentinelAsync$6(RedisClient.java:533)
	Suppressed: reactor.core.publisher.FluxOnAssembly$OnAssemblyException: 
Assembly trace from producer [reactor.core.publisher.MonoError] :

Error has been observed at the following site(s):
	*__Mono.onErrorMap ⇢ at io.lettuce.core.RedisClient.connectSentinelAsync(RedisClient.java:533)
	|_  Mono.doOnError ⇢ at io.lettuce.core.RedisClient.connectSentinelAsync(RedisClient.java:534)
Original Stack Trace:
		at io.lettuce.core.RedisClient.lambda$connectSentinelAsync$6(RedisClient.java:533)
		at reactor.core.publisher.Mono.lambda$onErrorMap$29(Mono.java:3862)
		at reactor.core.publisher.FluxOnErrorResume$ResumeSubscriber.onError(FluxOnErrorResume.java:94)
		at reactor.core.publisher.FluxOnErrorResume$ResumeSubscriber.onError(FluxOnErrorResume.java:106)
		at reactor.core.publisher.Operators.error(Operators.java:198)
		at reactor.core.publisher.MonoError.subscribe(MonoError.java:53)
		at reactor.core.publisher.Mono.subscribe(Mono.java:4576)
		at reactor.core.publisher.FluxOnErrorResume$ResumeSubscriber.onError(FluxOnErrorResume.java:103)
		at reactor.core.publisher.MonoCompletionStage$MonoCompletionStageSubscription.apply(MonoCompletionStage.java:115)
		at reactor.core.publisher.MonoCompletionStage$MonoCompletionStageSubscription.apply(MonoCompletionStage.java:67)
		at java.base/java.util.concurrent.CompletableFuture.uniHandle(CompletableFuture.java:934)
		at java.base/java.util.concurrent.CompletableFuture$UniHandle.tryFire(CompletableFuture.java:911)
		at java.base/java.util.concurrent.CompletableFuture.postComplete(CompletableFuture.java:510)
		at java.base/java.util.concurrent.CompletableFuture.completeExceptionally(CompletableFuture.java:2162)
		at io.lettuce.core.AbstractRedisClient.lambda$initializeChannelAsync0$6(AbstractRedisClient.java:458)
		at io.netty.util.concurrent.DefaultPromise.notifyListener0(DefaultPromise.java:603)
		at io.netty.util.concurrent.DefaultPromise.notifyListenersNow(DefaultPromise.java:570)
		at io.netty.util.concurrent.DefaultPromise.notifyListeners(DefaultPromise.java:505)
		at io.netty.util.concurrent.DefaultPromise.setValue0(DefaultPromise.java:649)
		at io.netty.util.concurrent.DefaultPromise.setFailure0(DefaultPromise.java:642)
		at io.netty.util.concurrent.DefaultPromise.setFailure(DefaultPromise.java:123)
		at io.netty.channel.DefaultChannelPromise.setFailure(DefaultChannelPromise.java:89)
		at io.netty.bootstrap.Bootstrap.doResolveAndConnect0(Bootstrap.java:228)
		at io.netty.bootstrap.Bootstrap.access$000(Bootstrap.java:47)
		at io.netty.bootstrap.Bootstrap$1.operationComplete(Bootstrap.java:189)
		at io.netty.bootstrap.Bootstrap$1.operationComplete(Bootstrap.java:175)
		at io.netty.util.concurrent.DefaultPromise.notifyListener0(DefaultPromise.java:603)
		at io.netty.util.concurrent.DefaultPromise.notifyListenersNow(DefaultPromise.java:570)
		at io.netty.util.concurrent.DefaultPromise.notifyListeners(DefaultPromise.java:505)
		at io.netty.util.concurrent.DefaultPromise.setValue0(DefaultPromise.java:649)
		at io.netty.util.concurrent.DefaultPromise.setSuccess0(DefaultPromise.java:638)
		at io.netty.util.concurrent.DefaultPromise.trySuccess(DefaultPromise.java:118)
		at io.netty.channel.DefaultChannelPromise.trySuccess(DefaultChannelPromise.java:84)
		at io.netty.channel.AbstractChannel$AbstractUnsafe.safeSetSuccess(AbstractChannel.java:988)
		at io.netty.channel.AbstractChannel$AbstractUnsafe.register0(AbstractChannel.java:515)
		at io.netty.channel.AbstractChannel$AbstractUnsafe.access$200(AbstractChannel.java:428)
		at io.netty.channel.AbstractChannel$AbstractUnsafe$1.run(AbstractChannel.java:485)
		at io.netty.util.concurrent.AbstractEventExecutor.runTask$$$capture(AbstractEventExecutor.java:173)
		at io.netty.util.concurrent.AbstractEventExecutor.runTask(AbstractEventExecutor.java)
		at io.netty.util.concurrent.AbstractEventExecutor.safeExecute$$$capture(AbstractEventExecutor.java:166)
		at io.netty.util.concurrent.AbstractEventExecutor.safeExecute(AbstractEventExecutor.java)
		at io.netty.util.concurrent.SingleThreadEventExecutor.runAllTasks(SingleThreadEventExecutor.java:472)
		at io.netty.channel.nio.NioEventLoop.run(NioEventLoop.java:569)
		at io.netty.util.concurrent.SingleThreadEventExecutor$4.run(SingleThreadEventExecutor.java:998)
		at io.netty.util.internal.ThreadExecutorMap$2.run(ThreadExecutorMap.java:74)
		at io.netty.util.concurrent.FastThreadLocalRunnable.run(FastThreadLocalRunnable.java:30)
		at java.base/java.lang.Thread.run(Thread.java:833)
Caused by: java.net.UnknownHostException: No such host is known (redis-sentinel.redis.svc.cluster.local)
	at java.base/java.net.Inet6AddressImpl.lookupAllHostAddr(Native Method)
	Suppressed: reactor.core.publisher.FluxOnAssembly$OnAssemblyException: 
Assembly trace from producer [reactor.core.publisher.MonoCompletionStage] :
	reactor.core.publisher.Mono.toFuture(Mono.java:5153)
	io.lettuce.core.RedisClient.connectSentinelAsync(RedisClient.java:562)
Error has been observed at the following site(s):
	*______________________________________________Mono.toFuture ⇢ at io.lettuce.core.RedisClient.connectSentinelAsync(RedisClient.java:562)
	*___________________________________Mono.fromCompletionStage ⇢ at io.lettuce.core.RedisClient.connectSentinelAsync(RedisClient.java:531)
	|_                                           Mono.onErrorMap ⇢ at io.lettuce.core.RedisClient.connectSentinelAsync(RedisClient.java:532)
	*__MonoCompletionStage$MonoCompletionStageSubscription.apply ⇢ at java.base/java.util.concurrent.CompletableFuture.uniHandle(CompletableFuture.java:934)
Original Stack Trace:
		at java.base/java.net.Inet6AddressImpl.lookupAllHostAddr(Native Method)
		at java.base/java.net.Inet6AddressImpl.lookupAllHostAddr(Inet6AddressImpl.java:52)
		at java.base/java.net.InetAddress$PlatformResolver.lookupByName(InetAddress.java:1048)
		at java.base/java.net.InetAddress.getAddressesFromNameService(InetAddress.java:1648)
		at java.base/java.net.InetAddress$NameServiceAddresses.get(InetAddress.java:997)
		at java.base/java.net.InetAddress.getAllByName0(InetAddress.java:1638)
		at java.base/java.net.InetAddress.getAllByName(InetAddress.java:1504)
		at java.base/java.net.InetAddress.getByName(InetAddress.java:1393)
		at io.netty.util.internal.SocketUtils$8.run(SocketUtils.java:156)
		at io.netty.util.internal.SocketUtils$8.run(SocketUtils.java:153)
		at java.base/java.security.AccessController.doPrivileged(AccessController.java:569)
		at io.netty.util.internal.SocketUtils.addressByName(SocketUtils.java:153)
		at io.netty.resolver.DefaultNameResolver.doResolve(DefaultNameResolver.java:41)
		at io.netty.resolver.SimpleNameResolver.resolve(SimpleNameResolver.java:61)
		at io.netty.resolver.SimpleNameResolver.resolve(SimpleNameResolver.java:53)
		at io.netty.resolver.InetSocketAddressResolver.doResolve(InetSocketAddressResolver.java:55)
		at io.netty.resolver.InetSocketAddressResolver.doResolve(InetSocketAddressResolver.java:31)
		at io.netty.resolver.AbstractAddressResolver.resolve(AbstractAddressResolver.java:106)
		at io.netty.bootstrap.Bootstrap.doResolveAndConnect0(Bootstrap.java:220)
		at io.netty.bootstrap.Bootstrap.access$000(Bootstrap.java:47)
		at io.netty.bootstrap.Bootstrap$1.operationComplete(Bootstrap.java:189)
		at io.netty.bootstrap.Bootstrap$1.operationComplete(Bootstrap.java:175)
		at io.netty.util.concurrent.DefaultPromise.notifyListener0(DefaultPromise.java:603)
		at io.netty.util.concurrent.DefaultPromise.notifyListenersNow(DefaultPromise.java:570)
		at io.netty.util.concurrent.DefaultPromise.notifyListeners(DefaultPromise.java:505)
		at io.netty.util.concurrent.DefaultPromise.setValue0(DefaultPromise.java:649)
		at io.netty.util.concurrent.DefaultPromise.setSuccess0(DefaultPromise.java:638)
		at io.netty.util.concurrent.DefaultPromise.trySuccess(DefaultPromise.java:118)
		at io.netty.channel.DefaultChannelPromise.trySuccess(DefaultChannelPromise.java:84)
		at io.netty.channel.AbstractChannel$AbstractUnsafe.safeSetSuccess(AbstractChannel.java:988)
		at io.netty.channel.AbstractChannel$AbstractUnsafe.register0(AbstractChannel.java:515)
		at io.netty.channel.AbstractChannel$AbstractUnsafe.access$200(AbstractChannel.java:428)
		at io.netty.channel.AbstractChannel$AbstractUnsafe$1.run(AbstractChannel.java:485)
		at io.netty.util.concurrent.AbstractEventExecutor.runTask$$$capture(AbstractEventExecutor.java:173)
		at io.netty.util.concurrent.AbstractEventExecutor.runTask(AbstractEventExecutor.java)
		at io.netty.util.concurrent.AbstractEventExecutor.safeExecute$$$capture(AbstractEventExecutor.java:166)
		at io.netty.util.concurrent.AbstractEventExecutor.safeExecute(AbstractEventExecutor.java)
		at io.netty.util.concurrent.SingleThreadEventExecutor.runAllTasks(SingleThreadEventExecutor.java:472)
		at io.netty.channel.nio.NioEventLoop.run(NioEventLoop.java:569)
		at io.netty.util.concurrent.SingleThreadEventExecutor$4.run(SingleThreadEventExecutor.java:998)
		at io.netty.util.internal.ThreadExecutorMap$2.run(ThreadExecutorMap.java:74)
		at io.netty.util.concurrent.FastThreadLocalRunnable.run(FastThreadLocalRunnable.java:30)
		at java.base/java.lang.Thread.run(Thread.java:833)
2026-04-07 19:47:21.722 WARN  [HikariPool-1:housekeeper] com.zaxxer.hikari.pool.HikariPool - HikariPool-1 - Thread starvation or clock leap detected (housekeeper delta=46s149ms871µs400ns).
2026-04-07 19:48:58.217 WARN  [HikariPool-1:housekeeper] com.zaxxer.hikari.pool.HikariPool - HikariPool-1 - Thread starvation or clock leap detected (housekeeper delta=1m3s308ms766µs300ns).
2026-04-07 19:49:17.459 WARN  [org.springframework.jms.JmsListenerEndpointContainer#0-1] o.s.j.l.DefaultMessageListenerContainer - Setup of JMS message listener invoker failed for destination 'hr.create.user.queue' - trying to recover. Cause: java.io.EOFException
2026-04-07 19:50:51.652 WARN  [HikariPool-1:housekeeper] com.zaxxer.hikari.pool.HikariPool - HikariPool-1 - Thread starvation or clock leap detected (housekeeper delta=1m16s477ms4µs500ns).
2026-04-07 19:53:05.789 WARN  [HikariPool-1:housekeeper] com.zaxxer.hikari.pool.HikariPool - HikariPool-1 - Thread starvation or clock leap detected (housekeeper delta=1m41s773ms590µs600ns).
2026-04-07 19:53:05.791 WARN  [org.springframework.jms.JmsListenerEndpointContainer#0-2] o.s.j.l.DefaultMessageListenerContainer - Setup of JMS message listener invoker failed for destination 'hr.create.user.queue' - trying to recover. Cause: java.io.EOFException
2026-04-07 19:54:46.220 WARN  [main] org.hibernate.orm.deprecation - HHH90000025: OracleDialect does not need to be specified explicitly using 'hibernate.dialect' (remove the property setting and it will be selected by default)
2026-04-07 19:54:47.960 WARN  [main] o.s.b.a.o.j.JpaBaseConfiguration$JpaWebConfiguration - spring.jpa.open-in-view is enabled by default. Therefore, database queries may be performed during view rendering. Explicitly configure spring.jpa.open-in-view to disable this warning
2026-04-07 19:54:50.026 WARN  [lettuce-nioEventLoop-6-1] io.lettuce.core.RedisClient - Cannot connect Redis Sentinel at redis://redis-sentinel.redis.svc.cluster.local:26379?timeout=500000000ns: java.util.concurrent.CompletionException: java.net.UnknownHostException: No such host is known (redis-sentinel.redis.svc.cluster.local)
2026-04-07 19:54:50.031 WARN  [boundedElastic-1] o.s.b.a.d.r.RedisReactiveHealthIndicator - Redis health check failed
org.springframework.data.redis.RedisConnectionFailureException: Unable to connect to Redis
	at org.springframework.data.redis.connection.lettuce.LettuceConnectionFactory$ExceptionTranslatingConnectionProvider.translateException(LettuceConnectionFactory.java:1858)
	at org.springframework.data.redis.connection.lettuce.LettuceConnectionFactory$ExceptionTranslatingConnectionProvider.getConnection(LettuceConnectionFactory.java:1789)
	at org.springframework.data.redis.connection.lettuce.LettuceConnectionFactory$SharedConnection.getNativeConnection(LettuceConnectionFactory.java:1586)
	at org.springframework.data.redis.connection.lettuce.LettuceConnectionFactory$SharedConnection.lambda$getConnection$0(LettuceConnectionFactory.java:1566)
	at org.springframework.data.redis.connection.lettuce.LettuceConnectionFactory.doInLock(LettuceConnectionFactory.java:1527)
	at org.springframework.data.redis.connection.lettuce.LettuceConnectionFactory$SharedConnection.getConnection(LettuceConnectionFactory.java:1563)
	at org.springframework.data.redis.connection.lettuce.LettuceConnectionFactory.getSharedReactiveConnection(LettuceConnectionFactory.java:1274)
	at org.springframework.data.redis.connection.lettuce.LettuceConnectionFactory.getReactiveConnection(LettuceConnectionFactory.java:1149)
	at org.springframework.data.redis.connection.lettuce.LettuceConnectionFactory.getReactiveConnection(LettuceConnectionFactory.java:120)
	at reactor.core.publisher.MonoSupplier.call(MonoSupplier.java:67)
	at reactor.core.publisher.FluxSubscribeOnCallable$CallableSubscribeOnSubscription.run(FluxSubscribeOnCallable.java:228)
	at reactor.core.scheduler.SchedulerTask.call(SchedulerTask.java:68)
	at reactor.core.scheduler.SchedulerTask.call(SchedulerTask.java:28)
	at java.base/java.util.concurrent.FutureTask.run(FutureTask.java:264)
	at java.base/java.util.concurrent.ScheduledThreadPoolExecutor$ScheduledFutureTask.run(ScheduledThreadPoolExecutor.java:304)
	at java.base/java.util.concurrent.ThreadPoolExecutor.runWorker(ThreadPoolExecutor.java:1136)
	at java.base/java.util.concurrent.ThreadPoolExecutor$Worker.run(ThreadPoolExecutor.java:635)
	at java.base/java.lang.Thread.run(Thread.java:833)
Caused by: org.springframework.data.redis.connection.PoolException: Could not prepare the pool
	at org.springframework.data.redis.connection.lettuce.LettucePoolingConnectionProvider.lambda$getConnection$1(LettucePoolingConnectionProvider.java:101)
	at java.base/java.util.concurrent.ConcurrentHashMap.computeIfAbsent(ConcurrentHashMap.java:1708)
	at org.springframework.data.redis.connection.lettuce.LettucePoolingConnectionProvider.getConnection(LettucePoolingConnectionProvider.java:93)
	at org.springframework.data.redis.connection.lettuce.LettuceConnectionFactory$ExceptionTranslatingConnectionProvider.getConnection(LettuceConnectionFactory.java:1787)
	... 16 common frames omitted
Caused by: io.lettuce.core.RedisConnectionException: Cannot connect to a Redis Sentinel: [redis://redis-sentinel.redis.svc.cluster.local:26379?timeout=500000000ns]
	at io.lettuce.core.RedisConnectionException.create(RedisConnectionException.java:57)
	at io.lettuce.core.RedisConnectionException.create(RedisConnectionException.java:41)
	at io.lettuce.core.AbstractRedisClient.getConnection(AbstractRedisClient.java:354)
	at io.lettuce.core.RedisClient.connect(RedisClient.java:220)
	at org.springframework.data.redis.connection.lettuce.StandaloneConnectionProvider.lambda$getConnection$1(StandaloneConnectionProvider.java:112)
	at java.base/java.util.Optional.orElseGet(Optional.java:364)
	at org.springframework.data.redis.connection.lettuce.StandaloneConnectionProvider.getConnection(StandaloneConnectionProvider.java:112)
	at org.springframework.data.redis.connection.lettuce.LettucePoolingConnectionProvider.lambda$getConnection$0(LettucePoolingConnectionProvider.java:96)
	at io.lettuce.core.support.ConnectionPoolSupport$RedisPooledObjectFactory.create(ConnectionPoolSupport.java:270)
	at io.lettuce.core.support.ConnectionPoolSupport$RedisPooledObjectFactory.create(ConnectionPoolSupport.java:257)
	at org.apache.commons.pool2.BasePooledObjectFactory.makeObject(BasePooledObjectFactory.java:68)
	at org.apache.commons.pool2.impl.GenericObjectPool.create(GenericObjectPool.java:557)
	at org.apache.commons.pool2.impl.GenericObjectPool.ensureIdle(GenericObjectPool.java:630)
	at org.apache.commons.pool2.impl.GenericObjectPool.ensureMinIdle(GenericObjectPool.java:652)
	at org.apache.commons.pool2.impl.GenericObjectPool.preparePool(GenericObjectPool.java:970)
	at org.springframework.data.redis.connection.lettuce.LettucePoolingConnectionProvider.lambda$getConnection$1(LettucePoolingConnectionProvider.java:99)
	... 19 common frames omitted
Caused by: io.lettuce.core.RedisConnectionException: Cannot connect Redis Sentinel at redis://redis-sentinel.redis.svc.cluster.local:26379?timeout=500000000ns
	at io.lettuce.core.RedisClient.lambda$connectSentinelAsync$6(RedisClient.java:533)
	at reactor.core.publisher.Mono.lambda$onErrorMap$29(Mono.java:3862)
	at reactor.core.publisher.FluxOnErrorResume$ResumeSubscriber.onError(FluxOnErrorResume.java:94)
	at reactor.core.publisher.FluxOnErrorResume$ResumeSubscriber.onError(FluxOnErrorResume.java:106)
	at reactor.core.publisher.Operators.error(Operators.java:198)
	at reactor.core.publisher.MonoError.subscribe(MonoError.java:53)
	at reactor.core.publisher.Mono.subscribe(Mono.java:4576)
	at reactor.core.publisher.FluxOnErrorResume$ResumeSubscriber.onError(FluxOnErrorResume.java:103)
	at reactor.core.publisher.MonoCompletionStage$MonoCompletionStageSubscription.apply(MonoCompletionStage.java:115)
	at reactor.core.publisher.MonoCompletionStage$MonoCompletionStageSubscription.apply(MonoCompletionStage.java:67)
	at java.base/java.util.concurrent.CompletableFuture.uniHandle(CompletableFuture.java:934)
	at java.base/java.util.concurrent.CompletableFuture$UniHandle.tryFire(CompletableFuture.java:911)
	at java.base/java.util.concurrent.CompletableFuture.postComplete(CompletableFuture.java:510)
	at java.base/java.util.concurrent.CompletableFuture.completeExceptionally(CompletableFuture.java:2162)
	at io.lettuce.core.AbstractRedisClient.lambda$initializeChannelAsync0$6(AbstractRedisClient.java:458)
	at io.netty.util.concurrent.DefaultPromise.notifyListener0(DefaultPromise.java:603)
	at io.netty.util.concurrent.DefaultPromise.notifyListenersNow(DefaultPromise.java:570)
	at io.netty.util.concurrent.DefaultPromise.notifyListeners(DefaultPromise.java:505)
	at io.netty.util.concurrent.DefaultPromise.setValue0(DefaultPromise.java:649)
	at io.netty.util.concurrent.DefaultPromise.setFailure0(DefaultPromise.java:642)
	at io.netty.util.concurrent.DefaultPromise.setFailure(DefaultPromise.java:123)
	at io.netty.channel.DefaultChannelPromise.setFailure(DefaultChannelPromise.java:89)
	at io.netty.bootstrap.Bootstrap.doResolveAndConnect0(Bootstrap.java:228)
	at io.netty.bootstrap.Bootstrap.access$000(Bootstrap.java:47)
	at io.netty.bootstrap.Bootstrap$1.operationComplete(Bootstrap.java:189)
	at io.netty.bootstrap.Bootstrap$1.operationComplete(Bootstrap.java:175)
	at io.netty.util.concurrent.DefaultPromise.notifyListener0(DefaultPromise.java:603)
	at io.netty.util.concurrent.DefaultPromise.notifyListenersNow(DefaultPromise.java:570)
	at io.netty.util.concurrent.DefaultPromise.notifyListeners(DefaultPromise.java:505)
	at io.netty.util.concurrent.DefaultPromise.setValue0(DefaultPromise.java:649)
	at io.netty.util.concurrent.DefaultPromise.setSuccess0(DefaultPromise.java:638)
	at io.netty.util.concurrent.DefaultPromise.trySuccess(DefaultPromise.java:118)
	at io.netty.channel.DefaultChannelPromise.trySuccess(DefaultChannelPromise.java:84)
	at io.netty.channel.AbstractChannel$AbstractUnsafe.safeSetSuccess(AbstractChannel.java:988)
	at io.netty.channel.AbstractChannel$AbstractUnsafe.register0(AbstractChannel.java:515)
	at io.netty.channel.AbstractChannel$AbstractUnsafe.access$200(AbstractChannel.java:428)
	at io.netty.channel.AbstractChannel$AbstractUnsafe$1.run(AbstractChannel.java:485)
	at io.netty.util.concurrent.AbstractEventExecutor.runTask(AbstractEventExecutor.java:173)
	at io.netty.util.concurrent.AbstractEventExecutor.safeExecute(AbstractEventExecutor.java:166)
	at io.netty.util.concurrent.SingleThreadEventExecutor.runAllTasks(SingleThreadEventExecutor.java:472)
	at io.netty.channel.nio.NioEventLoop.run(NioEventLoop.java:569)
	at io.netty.util.concurrent.SingleThreadEventExecutor$4.run(SingleThreadEventExecutor.java:998)
	at io.netty.util.internal.ThreadExecutorMap$2.run(ThreadExecutorMap.java:74)
	at io.netty.util.concurrent.FastThreadLocalRunnable.run(FastThreadLocalRunnable.java:30)
	... 1 common frames omitted
Caused by: java.net.UnknownHostException: No such host is known (redis-sentinel.redis.svc.cluster.local)
	at java.base/java.net.Inet6AddressImpl.lookupAllHostAddr(Native Method)
	at java.base/java.net.Inet6AddressImpl.lookupAllHostAddr(Inet6AddressImpl.java:52)
	at java.base/java.net.InetAddress$PlatformResolver.lookupByName(InetAddress.java:1048)
	at java.base/java.net.InetAddress.getAddressesFromNameService(InetAddress.java:1648)
	at java.base/java.net.InetAddress$NameServiceAddresses.get(InetAddress.java:997)
	at java.base/java.net.InetAddress.getAllByName0(InetAddress.java:1638)
	at java.base/java.net.InetAddress.getAllByName(InetAddress.java:1504)
	at java.base/java.net.InetAddress.getByName(InetAddress.java:1393)
	at io.netty.util.internal.SocketUtils$8.run(SocketUtils.java:156)
	at io.netty.util.internal.SocketUtils$8.run(SocketUtils.java:153)
	at java.base/java.security.AccessController.doPrivileged(AccessController.java:569)
	at io.netty.util.internal.SocketUtils.addressByName(SocketUtils.java:153)
	at io.netty.resolver.DefaultNameResolver.doResolve(DefaultNameResolver.java:41)
	at io.netty.resolver.SimpleNameResolver.resolve(SimpleNameResolver.java:61)
	at io.netty.resolver.SimpleNameResolver.resolve(SimpleNameResolver.java:53)
	at io.netty.resolver.InetSocketAddressResolver.doResolve(InetSocketAddressResolver.java:55)
	at io.netty.resolver.InetSocketAddressResolver.doResolve(InetSocketAddressResolver.java:31)
	at io.netty.resolver.AbstractAddressResolver.resolve(AbstractAddressResolver.java:106)
	at io.netty.bootstrap.Bootstrap.doResolveAndConnect0(Bootstrap.java:220)
	... 22 common frames omitted
2026-04-07 19:56:31.374 WARN  [HikariPool-1:housekeeper] com.zaxxer.hikari.pool.PoolBase - HikariPool-1 - Failed to validate connection oracle.jdbc.driver.T4CConnection@1483cfd8 (ORA-17008: Closed connection
https://docs.oracle.com/error-help/db/ora-17008/). Possibly consider using a shorter maxLifetime value.
2026-04-07 20:10:02.113 WARN  [HikariPool-1:housekeeper] com.zaxxer.hikari.pool.PoolBase - HikariPool-1 - Failed to validate connection oracle.jdbc.driver.T4CConnection@5d9cc2de (ORA-17008: Closed connection
https://docs.oracle.com/error-help/db/ora-17008/). Possibly consider using a shorter maxLifetime value.
2026-04-07 20:15:55.536 WARN  [HikariPool-1:housekeeper] com.zaxxer.hikari.pool.PoolBase - HikariPool-1 - Failed to validate connection oracle.jdbc.driver.T4CConnection@cd64bc0 (ORA-17008: Closed connection
https://docs.oracle.com/error-help/db/ora-17008/). Possibly consider using a shorter maxLifetime value.
2026-04-07 20:37:48.135 WARN  [main] org.hibernate.orm.deprecation - HHH90000025: OracleDialect does not need to be specified explicitly using 'hibernate.dialect' (remove the property setting and it will be selected by default)
2026-04-07 20:37:50.383 WARN  [main] o.s.b.a.o.j.JpaBaseConfiguration$JpaWebConfiguration - spring.jpa.open-in-view is enabled by default. Therefore, database queries may be performed during view rendering. Explicitly configure spring.jpa.open-in-view to disable this warning
2026-04-07 20:37:52.614 WARN  [lettuce-nioEventLoop-6-1] io.lettuce.core.RedisClient - Cannot connect Redis Sentinel at redis://redis-sentinel.redis.svc.cluster.local:26379?timeout=500000000ns: java.util.concurrent.CompletionException: java.net.UnknownHostException: No such host is known (redis-sentinel.redis.svc.cluster.local)
2026-04-07 20:37:52.628 WARN  [boundedElastic-1] o.s.b.a.d.r.RedisReactiveHealthIndicator - Redis health check failed
org.springframework.data.redis.RedisConnectionFailureException: Unable to connect to Redis
	at org.springframework.data.redis.connection.lettuce.LettuceConnectionFactory$ExceptionTranslatingConnectionProvider.translateException(LettuceConnectionFactory.java:1858)
	Suppressed: reactor.core.publisher.FluxOnAssembly$OnAssemblyException: 
Assembly trace from producer [reactor.core.publisher.MonoSubscribeOnCallable] :
	reactor.core.publisher.Mono.subscribeOn(Mono.java:4625)
	org.springframework.boot.actuate.data.redis.RedisReactiveHealthIndicator.getConnection(RedisReactiveHealthIndicator.java:57)
Error has been observed at the following site(s):
	*__Mono.subscribeOn ⇢ at org.springframework.boot.actuate.data.redis.RedisReactiveHealthIndicator.getConnection(RedisReactiveHealthIndicator.java:57)
	|_     Mono.flatMap ⇢ at org.springframework.boot.actuate.data.redis.RedisReactiveHealthIndicator.doHealthCheck(RedisReactiveHealthIndicator.java:52)
Original Stack Trace:
		at org.springframework.data.redis.connection.lettuce.LettuceConnectionFactory$ExceptionTranslatingConnectionProvider.translateException(LettuceConnectionFactory.java:1858)
		at org.springframework.data.redis.connection.lettuce.LettuceConnectionFactory$ExceptionTranslatingConnectionProvider.getConnection(LettuceConnectionFactory.java:1789)
		at org.springframework.data.redis.connection.lettuce.LettuceConnectionFactory$SharedConnection.getNativeConnection(LettuceConnectionFactory.java:1586)
		at org.springframework.data.redis.connection.lettuce.LettuceConnectionFactory$SharedConnection.lambda$getConnection$0(LettuceConnectionFactory.java:1566)
		at org.springframework.data.redis.connection.lettuce.LettuceConnectionFactory.doInLock(LettuceConnectionFactory.java:1527)
		at org.springframework.data.redis.connection.lettuce.LettuceConnectionFactory$SharedConnection.getConnection(LettuceConnectionFactory.java:1563)
		at org.springframework.data.redis.connection.lettuce.LettuceConnectionFactory.getSharedReactiveConnection(LettuceConnectionFactory.java:1274)
		at org.springframework.data.redis.connection.lettuce.LettuceConnectionFactory.getReactiveConnection(LettuceConnectionFactory.java:1149)
		at org.springframework.data.redis.connection.lettuce.LettuceConnectionFactory.getReactiveConnection(LettuceConnectionFactory.java:120)
		at reactor.core.publisher.MonoSupplier.call(MonoSupplier.java:67)
		at reactor.core.publisher.FluxSubscribeOnCallable$CallableSubscribeOnSubscription.run(FluxSubscribeOnCallable.java:228)
		at reactor.core.scheduler.SchedulerTask.call(SchedulerTask.java:68)
		at reactor.core.scheduler.SchedulerTask.call(SchedulerTask.java:28)
		at java.base/java.util.concurrent.FutureTask.run$$$capture(FutureTask.java:264)
		at java.base/java.util.concurrent.FutureTask.run(FutureTask.java)
		at java.base/java.util.concurrent.ScheduledThreadPoolExecutor$ScheduledFutureTask.run(ScheduledThreadPoolExecutor.java:304)
		at java.base/java.util.concurrent.ThreadPoolExecutor.runWorker(ThreadPoolExecutor.java:1136)
		at java.base/java.util.concurrent.ThreadPoolExecutor$Worker.run(ThreadPoolExecutor.java:635)
		at java.base/java.lang.Thread.run(Thread.java:833)
Caused by: org.springframework.data.redis.connection.PoolException: Could not prepare the pool
	at org.springframework.data.redis.connection.lettuce.LettucePoolingConnectionProvider.lambda$getConnection$1(LettucePoolingConnectionProvider.java:101)
	at java.base/java.util.concurrent.ConcurrentHashMap.computeIfAbsent(ConcurrentHashMap.java:1708)
	at org.springframework.data.redis.connection.lettuce.LettucePoolingConnectionProvider.getConnection(LettucePoolingConnectionProvider.java:93)
	at org.springframework.data.redis.connection.lettuce.LettuceConnectionFactory$ExceptionTranslatingConnectionProvider.getConnection(LettuceConnectionFactory.java:1787)
	at org.springframework.data.redis.connection.lettuce.LettuceConnectionFactory$SharedConnection.getNativeConnection(LettuceConnectionFactory.java:1586)
	at org.springframework.data.redis.connection.lettuce.LettuceConnectionFactory$SharedConnection.lambda$getConnection$0(LettuceConnectionFactory.java:1566)
	at org.springframework.data.redis.connection.lettuce.LettuceConnectionFactory.doInLock(LettuceConnectionFactory.java:1527)
	at org.springframework.data.redis.connection.lettuce.LettuceConnectionFactory$SharedConnection.getConnection(LettuceConnectionFactory.java:1563)
	at org.springframework.data.redis.connection.lettuce.LettuceConnectionFactory.getSharedReactiveConnection(LettuceConnectionFactory.java:1274)
	at org.springframework.data.redis.connection.lettuce.LettuceConnectionFactory.getReactiveConnection(LettuceConnectionFactory.java:1149)
	at org.springframework.data.redis.connection.lettuce.LettuceConnectionFactory.getReactiveConnection(LettuceConnectionFactory.java:120)
	at reactor.core.publisher.MonoSupplier.call(MonoSupplier.java:67)
	at reactor.core.publisher.MonoCallableOnAssembly.call(MonoCallableOnAssembly.java:91)
	at reactor.core.publisher.FluxSubscribeOnCallable$CallableSubscribeOnSubscription.run(FluxSubscribeOnCallable.java:228)
	at reactor.core.scheduler.SchedulerTask.call(SchedulerTask.java:68)
	at reactor.core.scheduler.SchedulerTask.call(SchedulerTask.java:28)
	at java.base/java.util.concurrent.FutureTask.run$$$capture(FutureTask.java:264)
	at java.base/java.util.concurrent.FutureTask.run(FutureTask.java)
	at java.base/java.util.concurrent.ScheduledThreadPoolExecutor$ScheduledFutureTask.run(ScheduledThreadPoolExecutor.java:304)
	at java.base/java.util.concurrent.ThreadPoolExecutor.runWorker(ThreadPoolExecutor.java:1136)
	at java.base/java.util.concurrent.ThreadPoolExecutor$Worker.run(ThreadPoolExecutor.java:635)
	at java.base/java.lang.Thread.run(Thread.java:833)
Caused by: io.lettuce.core.RedisConnectionException: Cannot connect to a Redis Sentinel: [redis://redis-sentinel.redis.svc.cluster.local:26379?timeout=500000000ns]
	at io.lettuce.core.RedisConnectionException.create(RedisConnectionException.java:57)
	at io.lettuce.core.RedisConnectionException.create(RedisConnectionException.java:41)
	at io.lettuce.core.AbstractRedisClient.getConnection(AbstractRedisClient.java:354)
	at io.lettuce.core.RedisClient.connect(RedisClient.java:220)
	at org.springframework.data.redis.connection.lettuce.StandaloneConnectionProvider.lambda$getConnection$1(StandaloneConnectionProvider.java:112)
	at java.base/java.util.Optional.orElseGet(Optional.java:364)
	at org.springframework.data.redis.connection.lettuce.StandaloneConnectionProvider.getConnection(StandaloneConnectionProvider.java:112)
	at org.springframework.data.redis.connection.lettuce.LettucePoolingConnectionProvider.lambda$getConnection$0(LettucePoolingConnectionProvider.java:96)
	at io.lettuce.core.support.ConnectionPoolSupport$RedisPooledObjectFactory.create(ConnectionPoolSupport.java:270)
	at io.lettuce.core.support.ConnectionPoolSupport$RedisPooledObjectFactory.create(ConnectionPoolSupport.java:257)
	at org.apache.commons.pool2.BasePooledObjectFactory.makeObject(BasePooledObjectFactory.java:68)
	at org.apache.commons.pool2.impl.GenericObjectPool.create(GenericObjectPool.java:557)
	at org.apache.commons.pool2.impl.GenericObjectPool.ensureIdle(GenericObjectPool.java:630)
	at org.apache.commons.pool2.impl.GenericObjectPool.ensureMinIdle(GenericObjectPool.java:652)
	at org.apache.commons.pool2.impl.GenericObjectPool.preparePool(GenericObjectPool.java:970)
	at org.springframework.data.redis.connection.lettuce.LettucePoolingConnectionProvider.lambda$getConnection$1(LettucePoolingConnectionProvider.java:99)
	... 21 common frames omitted
Caused by: io.lettuce.core.RedisConnectionException: Cannot connect Redis Sentinel at redis://redis-sentinel.redis.svc.cluster.local:26379?timeout=500000000ns
	at io.lettuce.core.RedisClient.lambda$connectSentinelAsync$6(RedisClient.java:533)
	Suppressed: reactor.core.publisher.FluxOnAssembly$OnAssemblyException: 
Assembly trace from producer [reactor.core.publisher.MonoError] :

Error has been observed at the following site(s):
	*__Mono.onErrorMap ⇢ at io.lettuce.core.RedisClient.connectSentinelAsync(RedisClient.java:533)
	|_  Mono.doOnError ⇢ at io.lettuce.core.RedisClient.connectSentinelAsync(RedisClient.java:534)
Original Stack Trace:
		at io.lettuce.core.RedisClient.lambda$connectSentinelAsync$6(RedisClient.java:533)
		at reactor.core.publisher.Mono.lambda$onErrorMap$29(Mono.java:3862)
		at reactor.core.publisher.FluxOnErrorResume$ResumeSubscriber.onError(FluxOnErrorResume.java:94)
		at reactor.core.publisher.FluxOnErrorResume$ResumeSubscriber.onError(FluxOnErrorResume.java:106)
		at reactor.core.publisher.Operators.error(Operators.java:198)
		at reactor.core.publisher.MonoError.subscribe(MonoError.java:53)
		at reactor.core.publisher.Mono.subscribe(Mono.java:4576)
		at reactor.core.publisher.FluxOnErrorResume$ResumeSubscriber.onError(FluxOnErrorResume.java:103)
		at reactor.core.publisher.MonoCompletionStage$MonoCompletionStageSubscription.apply(MonoCompletionStage.java:115)
		at reactor.core.publisher.MonoCompletionStage$MonoCompletionStageSubscription.apply(MonoCompletionStage.java:67)
		at java.base/java.util.concurrent.CompletableFuture.uniHandle(CompletableFuture.java:934)
		at java.base/java.util.concurrent.CompletableFuture$UniHandle.tryFire(CompletableFuture.java:911)
		at java.base/java.util.concurrent.CompletableFuture.postComplete(CompletableFuture.java:510)
		at java.base/java.util.concurrent.CompletableFuture.completeExceptionally(CompletableFuture.java:2162)
		at io.lettuce.core.AbstractRedisClient.lambda$initializeChannelAsync0$6(AbstractRedisClient.java:458)
		at io.netty.util.concurrent.DefaultPromise.notifyListener0(DefaultPromise.java:603)
		at io.netty.util.concurrent.DefaultPromise.notifyListenersNow(DefaultPromise.java:570)
		at io.netty.util.concurrent.DefaultPromise.notifyListeners(DefaultPromise.java:505)
		at io.netty.util.concurrent.DefaultPromise.setValue0(DefaultPromise.java:649)
		at io.netty.util.concurrent.DefaultPromise.setFailure0(DefaultPromise.java:642)
		at io.netty.util.concurrent.DefaultPromise.setFailure(DefaultPromise.java:123)
		at io.netty.channel.DefaultChannelPromise.setFailure(DefaultChannelPromise.java:89)
		at io.netty.bootstrap.Bootstrap.doResolveAndConnect0(Bootstrap.java:228)
		at io.netty.bootstrap.Bootstrap.access$000(Bootstrap.java:47)
		at io.netty.bootstrap.Bootstrap$1.operationComplete(Bootstrap.java:189)
		at io.netty.bootstrap.Bootstrap$1.operationComplete(Bootstrap.java:175)
		at io.netty.util.concurrent.DefaultPromise.notifyListener0(DefaultPromise.java:603)
		at io.netty.util.concurrent.DefaultPromise.notifyListenersNow(DefaultPromise.java:570)
		at io.netty.util.concurrent.DefaultPromise.notifyListeners(DefaultPromise.java:505)
		at io.netty.util.concurrent.DefaultPromise.setValue0(DefaultPromise.java:649)
		at io.netty.util.concurrent.DefaultPromise.setSuccess0(DefaultPromise.java:638)
		at io.netty.util.concurrent.DefaultPromise.trySuccess(DefaultPromise.java:118)
		at io.netty.channel.DefaultChannelPromise.trySuccess(DefaultChannelPromise.java:84)
		at io.netty.channel.AbstractChannel$AbstractUnsafe.safeSetSuccess(AbstractChannel.java:988)
		at io.netty.channel.AbstractChannel$AbstractUnsafe.register0(AbstractChannel.java:515)
		at io.netty.channel.AbstractChannel$AbstractUnsafe.access$200(AbstractChannel.java:428)
		at io.netty.channel.AbstractChannel$AbstractUnsafe$1.run(AbstractChannel.java:485)
		at io.netty.util.concurrent.AbstractEventExecutor.runTask$$$capture(AbstractEventExecutor.java:173)
		at io.netty.util.concurrent.AbstractEventExecutor.runTask(AbstractEventExecutor.java)
		at io.netty.util.concurrent.AbstractEventExecutor.safeExecute$$$capture(AbstractEventExecutor.java:166)
		at io.netty.util.concurrent.AbstractEventExecutor.safeExecute(AbstractEventExecutor.java)
		at io.netty.util.concurrent.SingleThreadEventExecutor.runAllTasks(SingleThreadEventExecutor.java:472)
		at io.netty.channel.nio.NioEventLoop.run(NioEventLoop.java:569)
		at io.netty.util.concurrent.SingleThreadEventExecutor$4.run(SingleThreadEventExecutor.java:998)
		at io.netty.util.internal.ThreadExecutorMap$2.run(ThreadExecutorMap.java:74)
		at io.netty.util.concurrent.FastThreadLocalRunnable.run(FastThreadLocalRunnable.java:30)
		at java.base/java.lang.Thread.run(Thread.java:833)
Caused by: java.net.UnknownHostException: No such host is known (redis-sentinel.redis.svc.cluster.local)
	at java.base/java.net.Inet6AddressImpl.lookupAllHostAddr(Native Method)
	Suppressed: reactor.core.publisher.FluxOnAssembly$OnAssemblyException: 
Assembly trace from producer [reactor.core.publisher.MonoCompletionStage] :
	reactor.core.publisher.Mono.toFuture(Mono.java:5153)
	io.lettuce.core.RedisClient.connectSentinelAsync(RedisClient.java:562)
Error has been observed at the following site(s):
	*______________________________________________Mono.toFuture ⇢ at io.lettuce.core.RedisClient.connectSentinelAsync(RedisClient.java:562)
	*___________________________________Mono.fromCompletionStage ⇢ at io.lettuce.core.RedisClient.connectSentinelAsync(RedisClient.java:531)
	|_                                           Mono.onErrorMap ⇢ at io.lettuce.core.RedisClient.connectSentinelAsync(RedisClient.java:532)
	*__MonoCompletionStage$MonoCompletionStageSubscription.apply ⇢ at java.base/java.util.concurrent.CompletableFuture.uniHandle(CompletableFuture.java:934)
Original Stack Trace:
		at java.base/java.net.Inet6AddressImpl.lookupAllHostAddr(Native Method)
		at java.base/java.net.Inet6AddressImpl.lookupAllHostAddr(Inet6AddressImpl.java:52)
		at java.base/java.net.InetAddress$PlatformResolver.lookupByName(InetAddress.java:1048)
		at java.base/java.net.InetAddress.getAddressesFromNameService(InetAddress.java:1648)
		at java.base/java.net.InetAddress$NameServiceAddresses.get(InetAddress.java:997)
		at java.base/java.net.InetAddress.getAllByName0(InetAddress.java:1638)
		at java.base/java.net.InetAddress.getAllByName(InetAddress.java:1504)
		at java.base/java.net.InetAddress.getByName(InetAddress.java:1393)
		at io.netty.util.internal.SocketUtils$8.run(SocketUtils.java:156)
		at io.netty.util.internal.SocketUtils$8.run(SocketUtils.java:153)
		at java.base/java.security.AccessController.doPrivileged(AccessController.java:569)
		at io.netty.util.internal.SocketUtils.addressByName(SocketUtils.java:153)
		at io.netty.resolver.DefaultNameResolver.doResolve(DefaultNameResolver.java:41)
		at io.netty.resolver.SimpleNameResolver.resolve(SimpleNameResolver.java:61)
		at io.netty.resolver.SimpleNameResolver.resolve(SimpleNameResolver.java:53)
		at io.netty.resolver.InetSocketAddressResolver.doResolve(InetSocketAddressResolver.java:55)
		at io.netty.resolver.InetSocketAddressResolver.doResolve(InetSocketAddressResolver.java:31)
		at io.netty.resolver.AbstractAddressResolver.resolve(AbstractAddressResolver.java:106)
		at io.netty.bootstrap.Bootstrap.doResolveAndConnect0(Bootstrap.java:220)
		at io.netty.bootstrap.Bootstrap.access$000(Bootstrap.java:47)
		at io.netty.bootstrap.Bootstrap$1.operationComplete(Bootstrap.java:189)
		at io.netty.bootstrap.Bootstrap$1.operationComplete(Bootstrap.java:175)
		at io.netty.util.concurrent.DefaultPromise.notifyListener0(DefaultPromise.java:603)
		at io.netty.util.concurrent.DefaultPromise.notifyListenersNow(DefaultPromise.java:570)
		at io.netty.util.concurrent.DefaultPromise.notifyListeners(DefaultPromise.java:505)
		at io.netty.util.concurrent.DefaultPromise.setValue0(DefaultPromise.java:649)
		at io.netty.util.concurrent.DefaultPromise.setSuccess0(DefaultPromise.java:638)
		at io.netty.util.concurrent.DefaultPromise.trySuccess(DefaultPromise.java:118)
		at io.netty.channel.DefaultChannelPromise.trySuccess(DefaultChannelPromise.java:84)
		at io.netty.channel.AbstractChannel$AbstractUnsafe.safeSetSuccess(AbstractChannel.java:988)
		at io.netty.channel.AbstractChannel$AbstractUnsafe.register0(AbstractChannel.java:515)
		at io.netty.channel.AbstractChannel$AbstractUnsafe.access$200(AbstractChannel.java:428)
		at io.netty.channel.AbstractChannel$AbstractUnsafe$1.run(AbstractChannel.java:485)
		at io.netty.util.concurrent.AbstractEventExecutor.runTask$$$capture(AbstractEventExecutor.java:173)
		at io.netty.util.concurrent.AbstractEventExecutor.runTask(AbstractEventExecutor.java)
		at io.netty.util.concurrent.AbstractEventExecutor.safeExecute$$$capture(AbstractEventExecutor.java:166)
		at io.netty.util.concurrent.AbstractEventExecutor.safeExecute(AbstractEventExecutor.java)
		at io.netty.util.concurrent.SingleThreadEventExecutor.runAllTasks(SingleThreadEventExecutor.java:472)
		at io.netty.channel.nio.NioEventLoop.run(NioEventLoop.java:569)
		at io.netty.util.concurrent.SingleThreadEventExecutor$4.run(SingleThreadEventExecutor.java:998)
		at io.netty.util.internal.ThreadExecutorMap$2.run(ThreadExecutorMap.java:74)
		at io.netty.util.concurrent.FastThreadLocalRunnable.run(FastThreadLocalRunnable.java:30)
		at java.base/java.lang.Thread.run(Thread.java:833)
2026-04-07 20:38:53.995 WARN  [HikariPool-1:housekeeper] com.zaxxer.hikari.pool.HikariPool - HikariPool-1 - Thread starvation or clock leap detected (housekeeper delta=1m6s416ms875µs400ns).
2026-04-07 20:39:01.156 WARN  [org.springframework.jms.JmsListenerEndpointContainer#0-1] o.s.j.l.DefaultMessageListenerContainer - Setup of JMS message listener invoker failed for destination 'hr.create.user.queue' - trying to recover. Cause: java.io.EOFException
2026-04-07 20:41:17.725 WARN  [HikariPool-1:housekeeper] com.zaxxer.hikari.pool.HikariPool - HikariPool-1 - Thread starvation or clock leap detected (housekeeper delta=1m6s235ms104µs700ns).
2026-04-07 20:41:17.730 WARN  [org.springframework.jms.JmsListenerEndpointContainer#0-2] o.s.j.l.DefaultMessageListenerContainer - Setup of JMS message listener invoker failed for destination 'hr.create.user.queue' - trying to recover. Cause: java.io.EOFException
2026-04-07 20:43:06.239 WARN  [HikariPool-1:housekeeper] com.zaxxer.hikari.pool.HikariPool - HikariPool-1 - Thread starvation or clock leap detected (housekeeper delta=1m48s514ms172µs500ns).
2026-04-07 20:43:06.244 WARN  [org.springframework.jms.JmsListenerEndpointContainer#0-3] o.s.j.l.DefaultMessageListenerContainer - Setup of JMS message listener invoker failed for destination 'hr.create.user.queue' - trying to recover. Cause: java.io.EOFException
2026-04-07 20:44:19.228 WARN  [HikariPool-1:housekeeper] com.zaxxer.hikari.pool.HikariPool - HikariPool-1 - Thread starvation or clock leap detected (housekeeper delta=1m12s988ms819µs600ns).
2026-04-07 20:46:09.770 WARN  [HikariPool-1:housekeeper] com.zaxxer.hikari.pool.PoolBase - HikariPool-1 - Failed to validate connection oracle.jdbc.driver.T4CConnection@6706e70d (ORA-17008: Closed connection
https://docs.oracle.com/error-help/db/ora-17008/). Possibly consider using a shorter maxLifetime value.
2026-04-07 20:58:07.197 WARN  [HikariPool-1:housekeeper] com.zaxxer.hikari.pool.HikariPool - HikariPool-1 - Thread starvation or clock leap detected (housekeeper delta=11m57s425ms102µs500ns).
2026-04-07 20:58:07.199 WARN  [org.springframework.jms.JmsListenerEndpointContainer#0-4] o.s.j.l.DefaultMessageListenerContainer - Setup of JMS message listener invoker failed for destination 'hr.create.user.queue' - trying to recover. Cause: java.io.EOFException
2026-04-07 21:02:12.014 WARN  [HikariPool-1:housekeeper] com.zaxxer.hikari.pool.HikariPool - HikariPool-1 - Thread starvation or clock leap detected (housekeeper delta=3m4s811ms120µs200ns).
2026-04-07 21:02:12.022 WARN  [org.springframework.jms.JmsListenerEndpointContainer#0-5] o.s.j.l.DefaultMessageListenerContainer - Setup of JMS message listener invoker failed for destination 'hr.create.user.queue' - trying to recover. Cause: java.io.EOFException
2026-04-07 21:02:26.986 WARN  [main] org.hibernate.orm.deprecation - HHH90000025: OracleDialect does not need to be specified explicitly using 'hibernate.dialect' (remove the property setting and it will be selected by default)
2026-04-07 21:02:28.720 WARN  [main] o.s.b.a.o.j.JpaBaseConfiguration$JpaWebConfiguration - spring.jpa.open-in-view is enabled by default. Therefore, database queries may be performed during view rendering. Explicitly configure spring.jpa.open-in-view to disable this warning
2026-04-07 21:02:31.204 WARN  [lettuce-nioEventLoop-6-1] io.lettuce.core.RedisClient - Cannot connect Redis Sentinel at redis://redis-sentinel.redis.svc.cluster.local:26379?timeout=500000000ns: java.util.concurrent.CompletionException: java.net.UnknownHostException: No such host is known (redis-sentinel.redis.svc.cluster.local)
2026-04-07 21:02:31.209 WARN  [boundedElastic-1] o.s.b.a.d.r.RedisReactiveHealthIndicator - Redis health check failed
org.springframework.data.redis.RedisConnectionFailureException: Unable to connect to Redis
	at org.springframework.data.redis.connection.lettuce.LettuceConnectionFactory$ExceptionTranslatingConnectionProvider.translateException(LettuceConnectionFactory.java:1858)
	at org.springframework.data.redis.connection.lettuce.LettuceConnectionFactory$ExceptionTranslatingConnectionProvider.getConnection(LettuceConnectionFactory.java:1789)
	at org.springframework.data.redis.connection.lettuce.LettuceConnectionFactory$SharedConnection.getNativeConnection(LettuceConnectionFactory.java:1586)
	at org.springframework.data.redis.connection.lettuce.LettuceConnectionFactory$SharedConnection.lambda$getConnection$0(LettuceConnectionFactory.java:1566)
	at org.springframework.data.redis.connection.lettuce.LettuceConnectionFactory.doInLock(LettuceConnectionFactory.java:1527)
	at org.springframework.data.redis.connection.lettuce.LettuceConnectionFactory$SharedConnection.getConnection(LettuceConnectionFactory.java:1563)
	at org.springframework.data.redis.connection.lettuce.LettuceConnectionFactory.getSharedReactiveConnection(LettuceConnectionFactory.java:1274)
	at org.springframework.data.redis.connection.lettuce.LettuceConnectionFactory.getReactiveConnection(LettuceConnectionFactory.java:1149)
	at org.springframework.data.redis.connection.lettuce.LettuceConnectionFactory.getReactiveConnection(LettuceConnectionFactory.java:120)
	at reactor.core.publisher.MonoSupplier.call(MonoSupplier.java:67)
	at reactor.core.publisher.FluxSubscribeOnCallable$CallableSubscribeOnSubscription.run(FluxSubscribeOnCallable.java:228)
	at reactor.core.scheduler.SchedulerTask.call(SchedulerTask.java:68)
	at reactor.core.scheduler.SchedulerTask.call(SchedulerTask.java:28)
	at java.base/java.util.concurrent.FutureTask.run(FutureTask.java:264)
	at java.base/java.util.concurrent.ScheduledThreadPoolExecutor$ScheduledFutureTask.run(ScheduledThreadPoolExecutor.java:304)
	at java.base/java.util.concurrent.ThreadPoolExecutor.runWorker(ThreadPoolExecutor.java:1136)
	at java.base/java.util.concurrent.ThreadPoolExecutor$Worker.run(ThreadPoolExecutor.java:635)
	at java.base/java.lang.Thread.run(Thread.java:833)
Caused by: org.springframework.data.redis.connection.PoolException: Could not prepare the pool
	at org.springframework.data.redis.connection.lettuce.LettucePoolingConnectionProvider.lambda$getConnection$1(LettucePoolingConnectionProvider.java:101)
	at java.base/java.util.concurrent.ConcurrentHashMap.computeIfAbsent(ConcurrentHashMap.java:1708)
	at org.springframework.data.redis.connection.lettuce.LettucePoolingConnectionProvider.getConnection(LettucePoolingConnectionProvider.java:93)
	at org.springframework.data.redis.connection.lettuce.LettuceConnectionFactory$ExceptionTranslatingConnectionProvider.getConnection(LettuceConnectionFactory.java:1787)
	... 16 common frames omitted
Caused by: io.lettuce.core.RedisConnectionException: Cannot connect to a Redis Sentinel: [redis://redis-sentinel.redis.svc.cluster.local:26379?timeout=500000000ns]
	at io.lettuce.core.RedisConnectionException.create(RedisConnectionException.java:57)
	at io.lettuce.core.RedisConnectionException.create(RedisConnectionException.java:41)
	at io.lettuce.core.AbstractRedisClient.getConnection(AbstractRedisClient.java:354)
	at io.lettuce.core.RedisClient.connect(RedisClient.java:220)
	at org.springframework.data.redis.connection.lettuce.StandaloneConnectionProvider.lambda$getConnection$1(StandaloneConnectionProvider.java:112)
	at java.base/java.util.Optional.orElseGet(Optional.java:364)
	at org.springframework.data.redis.connection.lettuce.StandaloneConnectionProvider.getConnection(StandaloneConnectionProvider.java:112)
	at org.springframework.data.redis.connection.lettuce.LettucePoolingConnectionProvider.lambda$getConnection$0(LettucePoolingConnectionProvider.java:96)
	at io.lettuce.core.support.ConnectionPoolSupport$RedisPooledObjectFactory.create(ConnectionPoolSupport.java:270)
	at io.lettuce.core.support.ConnectionPoolSupport$RedisPooledObjectFactory.create(ConnectionPoolSupport.java:257)
	at org.apache.commons.pool2.BasePooledObjectFactory.makeObject(BasePooledObjectFactory.java:68)
	at org.apache.commons.pool2.impl.GenericObjectPool.create(GenericObjectPool.java:557)
	at org.apache.commons.pool2.impl.GenericObjectPool.ensureIdle(GenericObjectPool.java:630)
	at org.apache.commons.pool2.impl.GenericObjectPool.ensureMinIdle(GenericObjectPool.java:652)
	at org.apache.commons.pool2.impl.GenericObjectPool.preparePool(GenericObjectPool.java:970)
	at org.springframework.data.redis.connection.lettuce.LettucePoolingConnectionProvider.lambda$getConnection$1(LettucePoolingConnectionProvider.java:99)
	... 19 common frames omitted
Caused by: io.lettuce.core.RedisConnectionException: Cannot connect Redis Sentinel at redis://redis-sentinel.redis.svc.cluster.local:26379?timeout=500000000ns
	at io.lettuce.core.RedisClient.lambda$connectSentinelAsync$6(RedisClient.java:533)
	at reactor.core.publisher.Mono.lambda$onErrorMap$29(Mono.java:3862)
	at reactor.core.publisher.FluxOnErrorResume$ResumeSubscriber.onError(FluxOnErrorResume.java:94)
	at reactor.core.publisher.FluxOnErrorResume$ResumeSubscriber.onError(FluxOnErrorResume.java:106)
	at reactor.core.publisher.Operators.error(Operators.java:198)
	at reactor.core.publisher.MonoError.subscribe(MonoError.java:53)
	at reactor.core.publisher.Mono.subscribe(Mono.java:4576)
	at reactor.core.publisher.FluxOnErrorResume$ResumeSubscriber.onError(FluxOnErrorResume.java:103)
	at reactor.core.publisher.MonoCompletionStage$MonoCompletionStageSubscription.apply(MonoCompletionStage.java:115)
	at reactor.core.publisher.MonoCompletionStage$MonoCompletionStageSubscription.apply(MonoCompletionStage.java:67)
	at java.base/java.util.concurrent.CompletableFuture.uniHandle(CompletableFuture.java:934)
	at java.base/java.util.concurrent.CompletableFuture$UniHandle.tryFire(CompletableFuture.java:911)
	at java.base/java.util.concurrent.CompletableFuture.postComplete(CompletableFuture.java:510)
	at java.base/java.util.concurrent.CompletableFuture.completeExceptionally(CompletableFuture.java:2162)
	at io.lettuce.core.AbstractRedisClient.lambda$initializeChannelAsync0$6(AbstractRedisClient.java:458)
	at io.netty.util.concurrent.DefaultPromise.notifyListener0(DefaultPromise.java:603)
	at io.netty.util.concurrent.DefaultPromise.notifyListenersNow(DefaultPromise.java:570)
	at io.netty.util.concurrent.DefaultPromise.notifyListeners(DefaultPromise.java:505)
	at io.netty.util.concurrent.DefaultPromise.setValue0(DefaultPromise.java:649)
	at io.netty.util.concurrent.DefaultPromise.setFailure0(DefaultPromise.java:642)
	at io.netty.util.concurrent.DefaultPromise.setFailure(DefaultPromise.java:123)
	at io.netty.channel.DefaultChannelPromise.setFailure(DefaultChannelPromise.java:89)
	at io.netty.bootstrap.Bootstrap.doResolveAndConnect0(Bootstrap.java:228)
	at io.netty.bootstrap.Bootstrap.access$000(Bootstrap.java:47)
	at io.netty.bootstrap.Bootstrap$1.operationComplete(Bootstrap.java:189)
	at io.netty.bootstrap.Bootstrap$1.operationComplete(Bootstrap.java:175)
	at io.netty.util.concurrent.DefaultPromise.notifyListener0(DefaultPromise.java:603)
	at io.netty.util.concurrent.DefaultPromise.notifyListenersNow(DefaultPromise.java:570)
	at io.netty.util.concurrent.DefaultPromise.notifyListeners(DefaultPromise.java:505)
	at io.netty.util.concurrent.DefaultPromise.setValue0(DefaultPromise.java:649)
	at io.netty.util.concurrent.DefaultPromise.setSuccess0(DefaultPromise.java:638)
	at io.netty.util.concurrent.DefaultPromise.trySuccess(DefaultPromise.java:118)
	at io.netty.channel.DefaultChannelPromise.trySuccess(DefaultChannelPromise.java:84)
	at io.netty.channel.AbstractChannel$AbstractUnsafe.safeSetSuccess(AbstractChannel.java:988)
	at io.netty.channel.AbstractChannel$AbstractUnsafe.register0(AbstractChannel.java:515)
	at io.netty.channel.AbstractChannel$AbstractUnsafe.access$200(AbstractChannel.java:428)
	at io.netty.channel.AbstractChannel$AbstractUnsafe$1.run(AbstractChannel.java:485)
	at io.netty.util.concurrent.AbstractEventExecutor.runTask(AbstractEventExecutor.java:173)
	at io.netty.util.concurrent.AbstractEventExecutor.safeExecute(AbstractEventExecutor.java:166)
	at io.netty.util.concurrent.SingleThreadEventExecutor.runAllTasks(SingleThreadEventExecutor.java:472)
	at io.netty.channel.nio.NioEventLoop.run(NioEventLoop.java:569)
	at io.netty.util.concurrent.SingleThreadEventExecutor$4.run(SingleThreadEventExecutor.java:998)
	at io.netty.util.internal.ThreadExecutorMap$2.run(ThreadExecutorMap.java:74)
	at io.netty.util.concurrent.FastThreadLocalRunnable.run(FastThreadLocalRunnable.java:30)
	... 1 common frames omitted
Caused by: java.net.UnknownHostException: No such host is known (redis-sentinel.redis.svc.cluster.local)
	at java.base/java.net.Inet6AddressImpl.lookupAllHostAddr(Native Method)
	at java.base/java.net.Inet6AddressImpl.lookupAllHostAddr(Inet6AddressImpl.java:52)
	at java.base/java.net.InetAddress$PlatformResolver.lookupByName(InetAddress.java:1048)
	at java.base/java.net.InetAddress.getAddressesFromNameService(InetAddress.java:1648)
	at java.base/java.net.InetAddress$NameServiceAddresses.get(InetAddress.java:997)
	at java.base/java.net.InetAddress.getAllByName0(InetAddress.java:1638)
	at java.base/java.net.InetAddress.getAllByName(InetAddress.java:1504)
	at java.base/java.net.InetAddress.getByName(InetAddress.java:1393)
	at io.netty.util.internal.SocketUtils$8.run(SocketUtils.java:156)
	at io.netty.util.internal.SocketUtils$8.run(SocketUtils.java:153)
	at java.base/java.security.AccessController.doPrivileged(AccessController.java:569)
	at io.netty.util.internal.SocketUtils.addressByName(SocketUtils.java:153)
	at io.netty.resolver.DefaultNameResolver.doResolve(DefaultNameResolver.java:41)
	at io.netty.resolver.SimpleNameResolver.resolve(SimpleNameResolver.java:61)
	at io.netty.resolver.SimpleNameResolver.resolve(SimpleNameResolver.java:53)
	at io.netty.resolver.InetSocketAddressResolver.doResolve(InetSocketAddressResolver.java:55)
	at io.netty.resolver.InetSocketAddressResolver.doResolve(InetSocketAddressResolver.java:31)
	at io.netty.resolver.AbstractAddressResolver.resolve(AbstractAddressResolver.java:106)
	at io.netty.bootstrap.Bootstrap.doResolveAndConnect0(Bootstrap.java:220)
	... 22 common frames omitted
2026-04-07 21:03:22.841 WARN  [main] org.hibernate.orm.deprecation - HHH90000025: OracleDialect does not need to be specified explicitly using 'hibernate.dialect' (remove the property setting and it will be selected by default)
2026-04-07 21:03:24.496 WARN  [main] o.s.b.a.o.j.JpaBaseConfiguration$JpaWebConfiguration - spring.jpa.open-in-view is enabled by default. Therefore, database queries may be performed during view rendering. Explicitly configure spring.jpa.open-in-view to disable this warning
2026-04-07 21:03:26.800 WARN  [lettuce-nioEventLoop-6-1] io.lettuce.core.RedisClient - Cannot connect Redis Sentinel at redis://redis-sentinel.redis.svc.cluster.local:26379?timeout=500000000ns: java.util.concurrent.CompletionException: java.net.UnknownHostException: No such host is known (redis-sentinel.redis.svc.cluster.local)
2026-04-07 21:03:26.805 WARN  [boundedElastic-1] o.s.b.a.d.r.RedisReactiveHealthIndicator - Redis health check failed
org.springframework.data.redis.RedisConnectionFailureException: Unable to connect to Redis
	at org.springframework.data.redis.connection.lettuce.LettuceConnectionFactory$ExceptionTranslatingConnectionProvider.translateException(LettuceConnectionFactory.java:1858)
	at org.springframework.data.redis.connection.lettuce.LettuceConnectionFactory$ExceptionTranslatingConnectionProvider.getConnection(LettuceConnectionFactory.java:1789)
	at org.springframework.data.redis.connection.lettuce.LettuceConnectionFactory$SharedConnection.getNativeConnection(LettuceConnectionFactory.java:1586)
	at org.springframework.data.redis.connection.lettuce.LettuceConnectionFactory$SharedConnection.lambda$getConnection$0(LettuceConnectionFactory.java:1566)
	at org.springframework.data.redis.connection.lettuce.LettuceConnectionFactory.doInLock(LettuceConnectionFactory.java:1527)
	at org.springframework.data.redis.connection.lettuce.LettuceConnectionFactory$SharedConnection.getConnection(LettuceConnectionFactory.java:1563)
	at org.springframework.data.redis.connection.lettuce.LettuceConnectionFactory.getSharedReactiveConnection(LettuceConnectionFactory.java:1274)
	at org.springframework.data.redis.connection.lettuce.LettuceConnectionFactory.getReactiveConnection(LettuceConnectionFactory.java:1149)
	at org.springframework.data.redis.connection.lettuce.LettuceConnectionFactory.getReactiveConnection(LettuceConnectionFactory.java:120)
	at reactor.core.publisher.MonoSupplier.call(MonoSupplier.java:67)
	at reactor.core.publisher.FluxSubscribeOnCallable$CallableSubscribeOnSubscription.run(FluxSubscribeOnCallable.java:228)
	at reactor.core.scheduler.SchedulerTask.call(SchedulerTask.java:68)
	at reactor.core.scheduler.SchedulerTask.call(SchedulerTask.java:28)
	at java.base/java.util.concurrent.FutureTask.run(FutureTask.java:264)
	at java.base/java.util.concurrent.ScheduledThreadPoolExecutor$ScheduledFutureTask.run(ScheduledThreadPoolExecutor.java:304)
	at java.base/java.util.concurrent.ThreadPoolExecutor.runWorker(ThreadPoolExecutor.java:1136)
	at java.base/java.util.concurrent.ThreadPoolExecutor$Worker.run(ThreadPoolExecutor.java:635)
	at java.base/java.lang.Thread.run(Thread.java:833)
Caused by: org.springframework.data.redis.connection.PoolException: Could not prepare the pool
	at org.springframework.data.redis.connection.lettuce.LettucePoolingConnectionProvider.lambda$getConnection$1(LettucePoolingConnectionProvider.java:101)
	at java.base/java.util.concurrent.ConcurrentHashMap.computeIfAbsent(ConcurrentHashMap.java:1708)
	at org.springframework.data.redis.connection.lettuce.LettucePoolingConnectionProvider.getConnection(LettucePoolingConnectionProvider.java:93)
	at org.springframework.data.redis.connection.lettuce.LettuceConnectionFactory$ExceptionTranslatingConnectionProvider.getConnection(LettuceConnectionFactory.java:1787)
	... 16 common frames omitted
Caused by: io.lettuce.core.RedisConnectionException: Cannot connect to a Redis Sentinel: [redis://redis-sentinel.redis.svc.cluster.local:26379?timeout=500000000ns]
	at io.lettuce.core.RedisConnectionException.create(RedisConnectionException.java:57)
	at io.lettuce.core.RedisConnectionException.create(RedisConnectionException.java:41)
	at io.lettuce.core.AbstractRedisClient.getConnection(AbstractRedisClient.java:354)
	at io.lettuce.core.RedisClient.connect(RedisClient.java:220)
	at org.springframework.data.redis.connection.lettuce.StandaloneConnectionProvider.lambda$getConnection$1(StandaloneConnectionProvider.java:112)
	at java.base/java.util.Optional.orElseGet(Optional.java:364)
	at org.springframework.data.redis.connection.lettuce.StandaloneConnectionProvider.getConnection(StandaloneConnectionProvider.java:112)
	at org.springframework.data.redis.connection.lettuce.LettucePoolingConnectionProvider.lambda$getConnection$0(LettucePoolingConnectionProvider.java:96)
	at io.lettuce.core.support.ConnectionPoolSupport$RedisPooledObjectFactory.create(ConnectionPoolSupport.java:270)
	at io.lettuce.core.support.ConnectionPoolSupport$RedisPooledObjectFactory.create(ConnectionPoolSupport.java:257)
	at org.apache.commons.pool2.BasePooledObjectFactory.makeObject(BasePooledObjectFactory.java:68)
	at org.apache.commons.pool2.impl.GenericObjectPool.create(GenericObjectPool.java:557)
	at org.apache.commons.pool2.impl.GenericObjectPool.ensureIdle(GenericObjectPool.java:630)
	at org.apache.commons.pool2.impl.GenericObjectPool.ensureMinIdle(GenericObjectPool.java:652)
	at org.apache.commons.pool2.impl.GenericObjectPool.preparePool(GenericObjectPool.java:970)
	at org.springframework.data.redis.connection.lettuce.LettucePoolingConnectionProvider.lambda$getConnection$1(LettucePoolingConnectionProvider.java:99)
	... 19 common frames omitted
Caused by: io.lettuce.core.RedisConnectionException: Cannot connect Redis Sentinel at redis://redis-sentinel.redis.svc.cluster.local:26379?timeout=500000000ns
	at io.lettuce.core.RedisClient.lambda$connectSentinelAsync$6(RedisClient.java:533)
	at reactor.core.publisher.Mono.lambda$onErrorMap$29(Mono.java:3862)
	at reactor.core.publisher.FluxOnErrorResume$ResumeSubscriber.onError(FluxOnErrorResume.java:94)
	at reactor.core.publisher.FluxOnErrorResume$ResumeSubscriber.onError(FluxOnErrorResume.java:106)
	at reactor.core.publisher.Operators.error(Operators.java:198)
	at reactor.core.publisher.MonoError.subscribe(MonoError.java:53)
	at reactor.core.publisher.Mono.subscribe(Mono.java:4576)
	at reactor.core.publisher.FluxOnErrorResume$ResumeSubscriber.onError(FluxOnErrorResume.java:103)
	at reactor.core.publisher.MonoCompletionStage$MonoCompletionStageSubscription.apply(MonoCompletionStage.java:115)
	at reactor.core.publisher.MonoCompletionStage$MonoCompletionStageSubscription.apply(MonoCompletionStage.java:67)
	at java.base/java.util.concurrent.CompletableFuture.uniHandle(CompletableFuture.java:934)
	at java.base/java.util.concurrent.CompletableFuture$UniHandle.tryFire(CompletableFuture.java:911)
	at java.base/java.util.concurrent.CompletableFuture.postComplete(CompletableFuture.java:510)
	at java.base/java.util.concurrent.CompletableFuture.completeExceptionally(CompletableFuture.java:2162)
	at io.lettuce.core.AbstractRedisClient.lambda$initializeChannelAsync0$6(AbstractRedisClient.java:458)
	at io.netty.util.concurrent.DefaultPromise.notifyListener0(DefaultPromise.java:603)
	at io.netty.util.concurrent.DefaultPromise.notifyListenersNow(DefaultPromise.java:570)
	at io.netty.util.concurrent.DefaultPromise.notifyListeners(DefaultPromise.java:505)
	at io.netty.util.concurrent.DefaultPromise.setValue0(DefaultPromise.java:649)
	at io.netty.util.concurrent.DefaultPromise.setFailure0(DefaultPromise.java:642)
	at io.netty.util.concurrent.DefaultPromise.setFailure(DefaultPromise.java:123)
	at io.netty.channel.DefaultChannelPromise.setFailure(DefaultChannelPromise.java:89)
	at io.netty.bootstrap.Bootstrap.doResolveAndConnect0(Bootstrap.java:228)
	at io.netty.bootstrap.Bootstrap.access$000(Bootstrap.java:47)
	at io.netty.bootstrap.Bootstrap$1.operationComplete(Bootstrap.java:189)
	at io.netty.bootstrap.Bootstrap$1.operationComplete(Bootstrap.java:175)
	at io.netty.util.concurrent.DefaultPromise.notifyListener0(DefaultPromise.java:603)
	at io.netty.util.concurrent.DefaultPromise.notifyListenersNow(DefaultPromise.java:570)
	at io.netty.util.concurrent.DefaultPromise.notifyListeners(DefaultPromise.java:505)
	at io.netty.util.concurrent.DefaultPromise.setValue0(DefaultPromise.java:649)
	at io.netty.util.concurrent.DefaultPromise.setSuccess0(DefaultPromise.java:638)
	at io.netty.util.concurrent.DefaultPromise.trySuccess(DefaultPromise.java:118)
	at io.netty.channel.DefaultChannelPromise.trySuccess(DefaultChannelPromise.java:84)
	at io.netty.channel.AbstractChannel$AbstractUnsafe.safeSetSuccess(AbstractChannel.java:988)
	at io.netty.channel.AbstractChannel$AbstractUnsafe.register0(AbstractChannel.java:515)
	at io.netty.channel.AbstractChannel$AbstractUnsafe.access$200(AbstractChannel.java:428)
	at io.netty.channel.AbstractChannel$AbstractUnsafe$1.run(AbstractChannel.java:485)
	at io.netty.util.concurrent.AbstractEventExecutor.runTask(AbstractEventExecutor.java:173)
	at io.netty.util.concurrent.AbstractEventExecutor.safeExecute(AbstractEventExecutor.java:166)
	at io.netty.util.concurrent.SingleThreadEventExecutor.runAllTasks(SingleThreadEventExecutor.java:472)
	at io.netty.channel.nio.NioEventLoop.run(NioEventLoop.java:569)
	at io.netty.util.concurrent.SingleThreadEventExecutor$4.run(SingleThreadEventExecutor.java:998)
	at io.netty.util.internal.ThreadExecutorMap$2.run(ThreadExecutorMap.java:74)
	at io.netty.util.concurrent.FastThreadLocalRunnable.run(FastThreadLocalRunnable.java:30)
	... 1 common frames omitted
Caused by: java.net.UnknownHostException: No such host is known (redis-sentinel.redis.svc.cluster.local)
	at java.base/java.net.Inet6AddressImpl.lookupAllHostAddr(Native Method)
	at java.base/java.net.Inet6AddressImpl.lookupAllHostAddr(Inet6AddressImpl.java:52)
	at java.base/java.net.InetAddress$PlatformResolver.lookupByName(InetAddress.java:1048)
	at java.base/java.net.InetAddress.getAddressesFromNameService(InetAddress.java:1648)
	at java.base/java.net.InetAddress$NameServiceAddresses.get(InetAddress.java:997)
	at java.base/java.net.InetAddress.getAllByName0(InetAddress.java:1638)
	at java.base/java.net.InetAddress.getAllByName(InetAddress.java:1504)
	at java.base/java.net.InetAddress.getByName(InetAddress.java:1393)
	at io.netty.util.internal.SocketUtils$8.run(SocketUtils.java:156)
	at io.netty.util.internal.SocketUtils$8.run(SocketUtils.java:153)
	at java.base/java.security.AccessController.doPrivileged(AccessController.java:569)
	at io.netty.util.internal.SocketUtils.addressByName(SocketUtils.java:153)
	at io.netty.resolver.DefaultNameResolver.doResolve(DefaultNameResolver.java:41)
	at io.netty.resolver.SimpleNameResolver.resolve(SimpleNameResolver.java:61)
	at io.netty.resolver.SimpleNameResolver.resolve(SimpleNameResolver.java:53)
	at io.netty.resolver.InetSocketAddressResolver.doResolve(InetSocketAddressResolver.java:55)
	at io.netty.resolver.InetSocketAddressResolver.doResolve(InetSocketAddressResolver.java:31)
	at io.netty.resolver.AbstractAddressResolver.resolve(AbstractAddressResolver.java:106)
	at io.netty.bootstrap.Bootstrap.doResolveAndConnect0(Bootstrap.java:220)
	... 22 common frames omitted
2026-04-07 21:08:32.040 WARN  [HikariPool-1:housekeeper] com.zaxxer.hikari.pool.PoolBase - HikariPool-1 - Failed to validate connection oracle.jdbc.driver.T4CConnection@369fb99a (ORA-17008: Closed connection
https://docs.oracle.com/error-help/db/ora-17008/). Possibly consider using a shorter maxLifetime value.
2026-04-07 21:10:36.156 WARN  [main] org.hibernate.orm.deprecation - HHH90000025: OracleDialect does not need to be specified explicitly using 'hibernate.dialect' (remove the property setting and it will be selected by default)
2026-04-07 21:10:37.831 WARN  [main] o.s.b.a.o.j.JpaBaseConfiguration$JpaWebConfiguration - spring.jpa.open-in-view is enabled by default. Therefore, database queries may be performed during view rendering. Explicitly configure spring.jpa.open-in-view to disable this warning
2026-04-07 21:10:40.102 WARN  [lettuce-nioEventLoop-6-1] io.lettuce.core.RedisClient - Cannot connect Redis Sentinel at redis://redis-sentinel.redis.svc.cluster.local:26379?timeout=500000000ns: java.util.concurrent.CompletionException: java.net.UnknownHostException: No such host is known (redis-sentinel.redis.svc.cluster.local)
2026-04-07 21:10:40.108 WARN  [boundedElastic-1] o.s.b.a.d.r.RedisReactiveHealthIndicator - Redis health check failed
org.springframework.data.redis.RedisConnectionFailureException: Unable to connect to Redis
	at org.springframework.data.redis.connection.lettuce.LettuceConnectionFactory$ExceptionTranslatingConnectionProvider.translateException(LettuceConnectionFactory.java:1858)
	at org.springframework.data.redis.connection.lettuce.LettuceConnectionFactory$ExceptionTranslatingConnectionProvider.getConnection(LettuceConnectionFactory.java:1789)
	at org.springframework.data.redis.connection.lettuce.LettuceConnectionFactory$SharedConnection.getNativeConnection(LettuceConnectionFactory.java:1586)
	at org.springframework.data.redis.connection.lettuce.LettuceConnectionFactory$SharedConnection.lambda$getConnection$0(LettuceConnectionFactory.java:1566)
	at org.springframework.data.redis.connection.lettuce.LettuceConnectionFactory.doInLock(LettuceConnectionFactory.java:1527)
	at org.springframework.data.redis.connection.lettuce.LettuceConnectionFactory$SharedConnection.getConnection(LettuceConnectionFactory.java:1563)
	at org.springframework.data.redis.connection.lettuce.LettuceConnectionFactory.getSharedReactiveConnection(LettuceConnectionFactory.java:1274)
	at org.springframework.data.redis.connection.lettuce.LettuceConnectionFactory.getReactiveConnection(LettuceConnectionFactory.java:1149)
	at org.springframework.data.redis.connection.lettuce.LettuceConnectionFactory.getReactiveConnection(LettuceConnectionFactory.java:120)
	at reactor.core.publisher.MonoSupplier.call(MonoSupplier.java:67)
	at reactor.core.publisher.FluxSubscribeOnCallable$CallableSubscribeOnSubscription.run(FluxSubscribeOnCallable.java:228)
	at reactor.core.scheduler.SchedulerTask.call(SchedulerTask.java:68)
	at reactor.core.scheduler.SchedulerTask.call(SchedulerTask.java:28)
	at java.base/java.util.concurrent.FutureTask.run(FutureTask.java:264)
	at java.base/java.util.concurrent.ScheduledThreadPoolExecutor$ScheduledFutureTask.run(ScheduledThreadPoolExecutor.java:304)
	at java.base/java.util.concurrent.ThreadPoolExecutor.runWorker(ThreadPoolExecutor.java:1136)
	at java.base/java.util.concurrent.ThreadPoolExecutor$Worker.run(ThreadPoolExecutor.java:635)
	at java.base/java.lang.Thread.run(Thread.java:833)
Caused by: org.springframework.data.redis.connection.PoolException: Could not prepare the pool
	at org.springframework.data.redis.connection.lettuce.LettucePoolingConnectionProvider.lambda$getConnection$1(LettucePoolingConnectionProvider.java:101)
	at java.base/java.util.concurrent.ConcurrentHashMap.computeIfAbsent(ConcurrentHashMap.java:1708)
	at org.springframework.data.redis.connection.lettuce.LettucePoolingConnectionProvider.getConnection(LettucePoolingConnectionProvider.java:93)
	at org.springframework.data.redis.connection.lettuce.LettuceConnectionFactory$ExceptionTranslatingConnectionProvider.getConnection(LettuceConnectionFactory.java:1787)
	... 16 common frames omitted
Caused by: io.lettuce.core.RedisConnectionException: Cannot connect to a Redis Sentinel: [redis://redis-sentinel.redis.svc.cluster.local:26379?timeout=500000000ns]
	at io.lettuce.core.RedisConnectionException.create(RedisConnectionException.java:57)
	at io.lettuce.core.RedisConnectionException.create(RedisConnectionException.java:41)
	at io.lettuce.core.AbstractRedisClient.getConnection(AbstractRedisClient.java:354)
	at io.lettuce.core.RedisClient.connect(RedisClient.java:220)
	at org.springframework.data.redis.connection.lettuce.StandaloneConnectionProvider.lambda$getConnection$1(StandaloneConnectionProvider.java:112)
	at java.base/java.util.Optional.orElseGet(Optional.java:364)
	at org.springframework.data.redis.connection.lettuce.StandaloneConnectionProvider.getConnection(StandaloneConnectionProvider.java:112)
	at org.springframework.data.redis.connection.lettuce.LettucePoolingConnectionProvider.lambda$getConnection$0(LettucePoolingConnectionProvider.java:96)
	at io.lettuce.core.support.ConnectionPoolSupport$RedisPooledObjectFactory.create(ConnectionPoolSupport.java:270)
	at io.lettuce.core.support.ConnectionPoolSupport$RedisPooledObjectFactory.create(ConnectionPoolSupport.java:257)
	at org.apache.commons.pool2.BasePooledObjectFactory.makeObject(BasePooledObjectFactory.java:68)
	at org.apache.commons.pool2.impl.GenericObjectPool.create(GenericObjectPool.java:557)
	at org.apache.commons.pool2.impl.GenericObjectPool.ensureIdle(GenericObjectPool.java:630)
	at org.apache.commons.pool2.impl.GenericObjectPool.ensureMinIdle(GenericObjectPool.java:652)
	at org.apache.commons.pool2.impl.GenericObjectPool.preparePool(GenericObjectPool.java:970)
	at org.springframework.data.redis.connection.lettuce.LettucePoolingConnectionProvider.lambda$getConnection$1(LettucePoolingConnectionProvider.java:99)
	... 19 common frames omitted
Caused by: io.lettuce.core.RedisConnectionException: Cannot connect Redis Sentinel at redis://redis-sentinel.redis.svc.cluster.local:26379?timeout=500000000ns
	at io.lettuce.core.RedisClient.lambda$connectSentinelAsync$6(RedisClient.java:533)
	at reactor.core.publisher.Mono.lambda$onErrorMap$29(Mono.java:3862)
	at reactor.core.publisher.FluxOnErrorResume$ResumeSubscriber.onError(FluxOnErrorResume.java:94)
	at reactor.core.publisher.FluxOnErrorResume$ResumeSubscriber.onError(FluxOnErrorResume.java:106)
	at reactor.core.publisher.Operators.error(Operators.java:198)
	at reactor.core.publisher.MonoError.subscribe(MonoError.java:53)
	at reactor.core.publisher.Mono.subscribe(Mono.java:4576)
	at reactor.core.publisher.FluxOnErrorResume$ResumeSubscriber.onError(FluxOnErrorResume.java:103)
	at reactor.core.publisher.MonoCompletionStage$MonoCompletionStageSubscription.apply(MonoCompletionStage.java:115)
	at reactor.core.publisher.MonoCompletionStage$MonoCompletionStageSubscription.apply(MonoCompletionStage.java:67)
	at java.base/java.util.concurrent.CompletableFuture.uniHandle(CompletableFuture.java:934)
	at java.base/java.util.concurrent.CompletableFuture$UniHandle.tryFire(CompletableFuture.java:911)
	at java.base/java.util.concurrent.CompletableFuture.postComplete(CompletableFuture.java:510)
	at java.base/java.util.concurrent.CompletableFuture.completeExceptionally(CompletableFuture.java:2162)
	at io.lettuce.core.AbstractRedisClient.lambda$initializeChannelAsync0$6(AbstractRedisClient.java:458)
	at io.netty.util.concurrent.DefaultPromise.notifyListener0(DefaultPromise.java:603)
	at io.netty.util.concurrent.DefaultPromise.notifyListenersNow(DefaultPromise.java:570)
	at io.netty.util.concurrent.DefaultPromise.notifyListeners(DefaultPromise.java:505)
	at io.netty.util.concurrent.DefaultPromise.setValue0(DefaultPromise.java:649)
	at io.netty.util.concurrent.DefaultPromise.setFailure0(DefaultPromise.java:642)
	at io.netty.util.concurrent.DefaultPromise.setFailure(DefaultPromise.java:123)
	at io.netty.channel.DefaultChannelPromise.setFailure(DefaultChannelPromise.java:89)
	at io.netty.bootstrap.Bootstrap.doResolveAndConnect0(Bootstrap.java:228)
	at io.netty.bootstrap.Bootstrap.access$000(Bootstrap.java:47)
	at io.netty.bootstrap.Bootstrap$1.operationComplete(Bootstrap.java:189)
	at io.netty.bootstrap.Bootstrap$1.operationComplete(Bootstrap.java:175)
	at io.netty.util.concurrent.DefaultPromise.notifyListener0(DefaultPromise.java:603)
	at io.netty.util.concurrent.DefaultPromise.notifyListenersNow(DefaultPromise.java:570)
	at io.netty.util.concurrent.DefaultPromise.notifyListeners(DefaultPromise.java:505)
	at io.netty.util.concurrent.DefaultPromise.setValue0(DefaultPromise.java:649)
	at io.netty.util.concurrent.DefaultPromise.setSuccess0(DefaultPromise.java:638)
	at io.netty.util.concurrent.DefaultPromise.trySuccess(DefaultPromise.java:118)
	at io.netty.channel.DefaultChannelPromise.trySuccess(DefaultChannelPromise.java:84)
	at io.netty.channel.AbstractChannel$AbstractUnsafe.safeSetSuccess(AbstractChannel.java:988)
	at io.netty.channel.AbstractChannel$AbstractUnsafe.register0(AbstractChannel.java:515)
	at io.netty.channel.AbstractChannel$AbstractUnsafe.access$200(AbstractChannel.java:428)
	at io.netty.channel.AbstractChannel$AbstractUnsafe$1.run(AbstractChannel.java:485)
	at io.netty.util.concurrent.AbstractEventExecutor.runTask(AbstractEventExecutor.java:173)
	at io.netty.util.concurrent.AbstractEventExecutor.safeExecute(AbstractEventExecutor.java:166)
	at io.netty.util.concurrent.SingleThreadEventExecutor.runAllTasks(SingleThreadEventExecutor.java:472)
	at io.netty.channel.nio.NioEventLoop.run(NioEventLoop.java:569)
	at io.netty.util.concurrent.SingleThreadEventExecutor$4.run(SingleThreadEventExecutor.java:998)
	at io.netty.util.internal.ThreadExecutorMap$2.run(ThreadExecutorMap.java:74)
	at io.netty.util.concurrent.FastThreadLocalRunnable.run(FastThreadLocalRunnable.java:30)
	... 1 common frames omitted
Caused by: java.net.UnknownHostException: No such host is known (redis-sentinel.redis.svc.cluster.local)
	at java.base/java.net.Inet6AddressImpl.lookupAllHostAddr(Native Method)
	at java.base/java.net.Inet6AddressImpl.lookupAllHostAddr(Inet6AddressImpl.java:52)
	at java.base/java.net.InetAddress$PlatformResolver.lookupByName(InetAddress.java:1048)
	at java.base/java.net.InetAddress.getAddressesFromNameService(InetAddress.java:1648)
	at java.base/java.net.InetAddress$NameServiceAddresses.get(InetAddress.java:997)
	at java.base/java.net.InetAddress.getAllByName0(InetAddress.java:1638)
	at java.base/java.net.InetAddress.getAllByName(InetAddress.java:1504)
	at java.base/java.net.InetAddress.getByName(InetAddress.java:1393)
	at io.netty.util.internal.SocketUtils$8.run(SocketUtils.java:156)
	at io.netty.util.internal.SocketUtils$8.run(SocketUtils.java:153)
	at java.base/java.security.AccessController.doPrivileged(AccessController.java:569)
	at io.netty.util.internal.SocketUtils.addressByName(SocketUtils.java:153)
	at io.netty.resolver.DefaultNameResolver.doResolve(DefaultNameResolver.java:41)
	at io.netty.resolver.SimpleNameResolver.resolve(SimpleNameResolver.java:61)
	at io.netty.resolver.SimpleNameResolver.resolve(SimpleNameResolver.java:53)
	at io.netty.resolver.InetSocketAddressResolver.doResolve(InetSocketAddressResolver.java:55)
	at io.netty.resolver.InetSocketAddressResolver.doResolve(InetSocketAddressResolver.java:31)
	at io.netty.resolver.AbstractAddressResolver.resolve(AbstractAddressResolver.java:106)
	at io.netty.bootstrap.Bootstrap.doResolveAndConnect0(Bootstrap.java:220)
	... 22 common frames omitted
2026-04-07 21:11:30.916 WARN  [main] org.hibernate.orm.deprecation - HHH90000025: OracleDialect does not need to be specified explicitly using 'hibernate.dialect' (remove the property setting and it will be selected by default)
2026-04-07 21:11:32.829 WARN  [main] o.s.b.a.o.j.JpaBaseConfiguration$JpaWebConfiguration - spring.jpa.open-in-view is enabled by default. Therefore, database queries may be performed during view rendering. Explicitly configure spring.jpa.open-in-view to disable this warning
2026-04-07 21:11:35.202 WARN  [lettuce-nioEventLoop-6-1] io.lettuce.core.RedisClient - Cannot connect Redis Sentinel at redis://redis-sentinel.redis.svc.cluster.local:26379?timeout=500000000ns: java.util.concurrent.CompletionException: java.net.UnknownHostException: No such host is known (redis-sentinel.redis.svc.cluster.local)
2026-04-07 21:11:35.210 WARN  [boundedElastic-1] o.s.b.a.d.r.RedisReactiveHealthIndicator - Redis health check failed
org.springframework.data.redis.RedisConnectionFailureException: Unable to connect to Redis
	at org.springframework.data.redis.connection.lettuce.LettuceConnectionFactory$ExceptionTranslatingConnectionProvider.translateException(LettuceConnectionFactory.java:1858)
	Suppressed: reactor.core.publisher.FluxOnAssembly$OnAssemblyException: 
Assembly trace from producer [reactor.core.publisher.MonoSubscribeOnCallable] :
	reactor.core.publisher.Mono.subscribeOn(Mono.java:4625)
	org.springframework.boot.actuate.data.redis.RedisReactiveHealthIndicator.getConnection(RedisReactiveHealthIndicator.java:57)
Error has been observed at the following site(s):
	*__Mono.subscribeOn ⇢ at org.springframework.boot.actuate.data.redis.RedisReactiveHealthIndicator.getConnection(RedisReactiveHealthIndicator.java:57)
	|_     Mono.flatMap ⇢ at org.springframework.boot.actuate.data.redis.RedisReactiveHealthIndicator.doHealthCheck(RedisReactiveHealthIndicator.java:52)
Original Stack Trace:
		at org.springframework.data.redis.connection.lettuce.LettuceConnectionFactory$ExceptionTranslatingConnectionProvider.translateException(LettuceConnectionFactory.java:1858)
		at org.springframework.data.redis.connection.lettuce.LettuceConnectionFactory$ExceptionTranslatingConnectionProvider.getConnection(LettuceConnectionFactory.java:1789)
		at org.springframework.data.redis.connection.lettuce.LettuceConnectionFactory$SharedConnection.getNativeConnection(LettuceConnectionFactory.java:1586)
		at org.springframework.data.redis.connection.lettuce.LettuceConnectionFactory$SharedConnection.lambda$getConnection$0(LettuceConnectionFactory.java:1566)
		at org.springframework.data.redis.connection.lettuce.LettuceConnectionFactory.doInLock(LettuceConnectionFactory.java:1527)
		at org.springframework.data.redis.connection.lettuce.LettuceConnectionFactory$SharedConnection.getConnection(LettuceConnectionFactory.java:1563)
		at org.springframework.data.redis.connection.lettuce.LettuceConnectionFactory.getSharedReactiveConnection(LettuceConnectionFactory.java:1274)
		at org.springframework.data.redis.connection.lettuce.LettuceConnectionFactory.getReactiveConnection(LettuceConnectionFactory.java:1149)
		at org.springframework.data.redis.connection.lettuce.LettuceConnectionFactory.getReactiveConnection(LettuceConnectionFactory.java:120)
		at reactor.core.publisher.MonoSupplier.call(MonoSupplier.java:67)
		at reactor.core.publisher.FluxSubscribeOnCallable$CallableSubscribeOnSubscription.run(FluxSubscribeOnCallable.java:228)
		at reactor.core.scheduler.SchedulerTask.call(SchedulerTask.java:68)
		at reactor.core.scheduler.SchedulerTask.call(SchedulerTask.java:28)
		at java.base/java.util.concurrent.FutureTask.run$$$capture(FutureTask.java:264)
		at java.base/java.util.concurrent.FutureTask.run(FutureTask.java)
		at java.base/java.util.concurrent.ScheduledThreadPoolExecutor$ScheduledFutureTask.run(ScheduledThreadPoolExecutor.java:304)
		at java.base/java.util.concurrent.ThreadPoolExecutor.runWorker(ThreadPoolExecutor.java:1136)
		at java.base/java.util.concurrent.ThreadPoolExecutor$Worker.run(ThreadPoolExecutor.java:635)
		at java.base/java.lang.Thread.run(Thread.java:833)
Caused by: org.springframework.data.redis.connection.PoolException: Could not prepare the pool
	at org.springframework.data.redis.connection.lettuce.LettucePoolingConnectionProvider.lambda$getConnection$1(LettucePoolingConnectionProvider.java:101)
	at java.base/java.util.concurrent.ConcurrentHashMap.computeIfAbsent(ConcurrentHashMap.java:1708)
	at org.springframework.data.redis.connection.lettuce.LettucePoolingConnectionProvider.getConnection(LettucePoolingConnectionProvider.java:93)
	at org.springframework.data.redis.connection.lettuce.LettuceConnectionFactory$ExceptionTranslatingConnectionProvider.getConnection(LettuceConnectionFactory.java:1787)
	at org.springframework.data.redis.connection.lettuce.LettuceConnectionFactory$SharedConnection.getNativeConnection(LettuceConnectionFactory.java:1586)
	at org.springframework.data.redis.connection.lettuce.LettuceConnectionFactory$SharedConnection.lambda$getConnection$0(LettuceConnectionFactory.java:1566)
	at org.springframework.data.redis.connection.lettuce.LettuceConnectionFactory.doInLock(LettuceConnectionFactory.java:1527)
	at org.springframework.data.redis.connection.lettuce.LettuceConnectionFactory$SharedConnection.getConnection(LettuceConnectionFactory.java:1563)
	at org.springframework.data.redis.connection.lettuce.LettuceConnectionFactory.getSharedReactiveConnection(LettuceConnectionFactory.java:1274)
	at org.springframework.data.redis.connection.lettuce.LettuceConnectionFactory.getReactiveConnection(LettuceConnectionFactory.java:1149)
	at org.springframework.data.redis.connection.lettuce.LettuceConnectionFactory.getReactiveConnection(LettuceConnectionFactory.java:120)
	at reactor.core.publisher.MonoSupplier.call(MonoSupplier.java:67)
	at reactor.core.publisher.MonoCallableOnAssembly.call(MonoCallableOnAssembly.java:91)
	at reactor.core.publisher.FluxSubscribeOnCallable$CallableSubscribeOnSubscription.run(FluxSubscribeOnCallable.java:228)
	at reactor.core.scheduler.SchedulerTask.call(SchedulerTask.java:68)
	at reactor.core.scheduler.SchedulerTask.call(SchedulerTask.java:28)
	at java.base/java.util.concurrent.FutureTask.run$$$capture(FutureTask.java:264)
	at java.base/java.util.concurrent.FutureTask.run(FutureTask.java)
	at java.base/java.util.concurrent.ScheduledThreadPoolExecutor$ScheduledFutureTask.run(ScheduledThreadPoolExecutor.java:304)
	at java.base/java.util.concurrent.ThreadPoolExecutor.runWorker(ThreadPoolExecutor.java:1136)
	at java.base/java.util.concurrent.ThreadPoolExecutor$Worker.run(ThreadPoolExecutor.java:635)
	at java.base/java.lang.Thread.run(Thread.java:833)
Caused by: io.lettuce.core.RedisConnectionException: Cannot connect to a Redis Sentinel: [redis://redis-sentinel.redis.svc.cluster.local:26379?timeout=500000000ns]
	at io.lettuce.core.RedisConnectionException.create(RedisConnectionException.java:57)
	at io.lettuce.core.RedisConnectionException.create(RedisConnectionException.java:41)
	at io.lettuce.core.AbstractRedisClient.getConnection(AbstractRedisClient.java:354)
	at io.lettuce.core.RedisClient.connect(RedisClient.java:220)
	at org.springframework.data.redis.connection.lettuce.StandaloneConnectionProvider.lambda$getConnection$1(StandaloneConnectionProvider.java:112)
	at java.base/java.util.Optional.orElseGet(Optional.java:364)
	at org.springframework.data.redis.connection.lettuce.StandaloneConnectionProvider.getConnection(StandaloneConnectionProvider.java:112)
	at org.springframework.data.redis.connection.lettuce.LettucePoolingConnectionProvider.lambda$getConnection$0(LettucePoolingConnectionProvider.java:96)
	at io.lettuce.core.support.ConnectionPoolSupport$RedisPooledObjectFactory.create(ConnectionPoolSupport.java:270)
	at io.lettuce.core.support.ConnectionPoolSupport$RedisPooledObjectFactory.create(ConnectionPoolSupport.java:257)
	at org.apache.commons.pool2.BasePooledObjectFactory.makeObject(BasePooledObjectFactory.java:68)
	at org.apache.commons.pool2.impl.GenericObjectPool.create(GenericObjectPool.java:557)
	at org.apache.commons.pool2.impl.GenericObjectPool.ensureIdle(GenericObjectPool.java:630)
	at org.apache.commons.pool2.impl.GenericObjectPool.ensureMinIdle(GenericObjectPool.java:652)
	at org.apache.commons.pool2.impl.GenericObjectPool.preparePool(GenericObjectPool.java:970)
	at org.springframework.data.redis.connection.lettuce.LettucePoolingConnectionProvider.lambda$getConnection$1(LettucePoolingConnectionProvider.java:99)
	... 21 common frames omitted
Caused by: io.lettuce.core.RedisConnectionException: Cannot connect Redis Sentinel at redis://redis-sentinel.redis.svc.cluster.local:26379?timeout=500000000ns
	at io.lettuce.core.RedisClient.lambda$connectSentinelAsync$6(RedisClient.java:533)
	Suppressed: reactor.core.publisher.FluxOnAssembly$OnAssemblyException: 
Assembly trace from producer [reactor.core.publisher.MonoError] :

Error has been observed at the following site(s):
	*__Mono.onErrorMap ⇢ at io.lettuce.core.RedisClient.connectSentinelAsync(RedisClient.java:533)
	|_  Mono.doOnError ⇢ at io.lettuce.core.RedisClient.connectSentinelAsync(RedisClient.java:534)
Original Stack Trace:
		at io.lettuce.core.RedisClient.lambda$connectSentinelAsync$6(RedisClient.java:533)
		at reactor.core.publisher.Mono.lambda$onErrorMap$29(Mono.java:3862)
		at reactor.core.publisher.FluxOnErrorResume$ResumeSubscriber.onError(FluxOnErrorResume.java:94)
		at reactor.core.publisher.FluxOnErrorResume$ResumeSubscriber.onError(FluxOnErrorResume.java:106)
		at reactor.core.publisher.Operators.error(Operators.java:198)
		at reactor.core.publisher.MonoError.subscribe(MonoError.java:53)
		at reactor.core.publisher.Mono.subscribe(Mono.java:4576)
		at reactor.core.publisher.FluxOnErrorResume$ResumeSubscriber.onError(FluxOnErrorResume.java:103)
		at reactor.core.publisher.MonoCompletionStage$MonoCompletionStageSubscription.apply(MonoCompletionStage.java:115)
		at reactor.core.publisher.MonoCompletionStage$MonoCompletionStageSubscription.apply(MonoCompletionStage.java:67)
		at java.base/java.util.concurrent.CompletableFuture.uniHandle(CompletableFuture.java:934)
		at java.base/java.util.concurrent.CompletableFuture$UniHandle.tryFire(CompletableFuture.java:911)
		at java.base/java.util.concurrent.CompletableFuture.postComplete(CompletableFuture.java:510)
		at java.base/java.util.concurrent.CompletableFuture.completeExceptionally(CompletableFuture.java:2162)
		at io.lettuce.core.AbstractRedisClient.lambda$initializeChannelAsync0$6(AbstractRedisClient.java:458)
		at io.netty.util.concurrent.DefaultPromise.notifyListener0(DefaultPromise.java:603)
		at io.netty.util.concurrent.DefaultPromise.notifyListenersNow(DefaultPromise.java:570)
		at io.netty.util.concurrent.DefaultPromise.notifyListeners(DefaultPromise.java:505)
		at io.netty.util.concurrent.DefaultPromise.setValue0(DefaultPromise.java:649)
		at io.netty.util.concurrent.DefaultPromise.setFailure0(DefaultPromise.java:642)
		at io.netty.util.concurrent.DefaultPromise.setFailure(DefaultPromise.java:123)
		at io.netty.channel.DefaultChannelPromise.setFailure(DefaultChannelPromise.java:89)
		at io.netty.bootstrap.Bootstrap.doResolveAndConnect0(Bootstrap.java:228)
		at io.netty.bootstrap.Bootstrap.access$000(Bootstrap.java:47)
		at io.netty.bootstrap.Bootstrap$1.operationComplete(Bootstrap.java:189)
		at io.netty.bootstrap.Bootstrap$1.operationComplete(Bootstrap.java:175)
		at io.netty.util.concurrent.DefaultPromise.notifyListener0(DefaultPromise.java:603)
		at io.netty.util.concurrent.DefaultPromise.notifyListenersNow(DefaultPromise.java:570)
		at io.netty.util.concurrent.DefaultPromise.notifyListeners(DefaultPromise.java:505)
		at io.netty.util.concurrent.DefaultPromise.setValue0(DefaultPromise.java:649)
		at io.netty.util.concurrent.DefaultPromise.setSuccess0(DefaultPromise.java:638)
		at io.netty.util.concurrent.DefaultPromise.trySuccess(DefaultPromise.java:118)
		at io.netty.channel.DefaultChannelPromise.trySuccess(DefaultChannelPromise.java:84)
		at io.netty.channel.AbstractChannel$AbstractUnsafe.safeSetSuccess(AbstractChannel.java:988)
		at io.netty.channel.AbstractChannel$AbstractUnsafe.register0(AbstractChannel.java:515)
		at io.netty.channel.AbstractChannel$AbstractUnsafe.access$200(AbstractChannel.java:428)
		at io.netty.channel.AbstractChannel$AbstractUnsafe$1.run(AbstractChannel.java:485)
		at io.netty.util.concurrent.AbstractEventExecutor.runTask$$$capture(AbstractEventExecutor.java:173)
		at io.netty.util.concurrent.AbstractEventExecutor.runTask(AbstractEventExecutor.java)
		at io.netty.util.concurrent.AbstractEventExecutor.safeExecute$$$capture(AbstractEventExecutor.java:166)
		at io.netty.util.concurrent.AbstractEventExecutor.safeExecute(AbstractEventExecutor.java)
		at io.netty.util.concurrent.SingleThreadEventExecutor.runAllTasks(SingleThreadEventExecutor.java:472)
		at io.netty.channel.nio.NioEventLoop.run(NioEventLoop.java:569)
		at io.netty.util.concurrent.SingleThreadEventExecutor$4.run(SingleThreadEventExecutor.java:998)
		at io.netty.util.internal.ThreadExecutorMap$2.run(ThreadExecutorMap.java:74)
		at io.netty.util.concurrent.FastThreadLocalRunnable.run(FastThreadLocalRunnable.java:30)
		at java.base/java.lang.Thread.run(Thread.java:833)
Caused by: java.net.UnknownHostException: No such host is known (redis-sentinel.redis.svc.cluster.local)
	at java.base/java.net.Inet6AddressImpl.lookupAllHostAddr(Native Method)
	Suppressed: reactor.core.publisher.FluxOnAssembly$OnAssemblyException: 
Assembly trace from producer [reactor.core.publisher.MonoCompletionStage] :
	reactor.core.publisher.Mono.toFuture(Mono.java:5153)
	io.lettuce.core.RedisClient.connectSentinelAsync(RedisClient.java:562)
Error has been observed at the following site(s):
	*______________________________________________Mono.toFuture ⇢ at io.lettuce.core.RedisClient.connectSentinelAsync(RedisClient.java:562)
	*___________________________________Mono.fromCompletionStage ⇢ at io.lettuce.core.RedisClient.connectSentinelAsync(RedisClient.java:531)
	|_                                           Mono.onErrorMap ⇢ at io.lettuce.core.RedisClient.connectSentinelAsync(RedisClient.java:532)
	*__MonoCompletionStage$MonoCompletionStageSubscription.apply ⇢ at java.base/java.util.concurrent.CompletableFuture.uniHandle(CompletableFuture.java:934)
Original Stack Trace:
		at java.base/java.net.Inet6AddressImpl.lookupAllHostAddr(Native Method)
		at java.base/java.net.Inet6AddressImpl.lookupAllHostAddr(Inet6AddressImpl.java:52)
		at java.base/java.net.InetAddress$PlatformResolver.lookupByName(InetAddress.java:1048)
		at java.base/java.net.InetAddress.getAddressesFromNameService(InetAddress.java:1648)
		at java.base/java.net.InetAddress$NameServiceAddresses.get(InetAddress.java:997)
		at java.base/java.net.InetAddress.getAllByName0(InetAddress.java:1638)
		at java.base/java.net.InetAddress.getAllByName(InetAddress.java:1504)
		at java.base/java.net.InetAddress.getByName(InetAddress.java:1393)
		at io.netty.util.internal.SocketUtils$8.run(SocketUtils.java:156)
		at io.netty.util.internal.SocketUtils$8.run(SocketUtils.java:153)
		at java.base/java.security.AccessController.doPrivileged(AccessController.java:569)
		at io.netty.util.internal.SocketUtils.addressByName(SocketUtils.java:153)
		at io.netty.resolver.DefaultNameResolver.doResolve(DefaultNameResolver.java:41)
		at io.netty.resolver.SimpleNameResolver.resolve(SimpleNameResolver.java:61)
		at io.netty.resolver.SimpleNameResolver.resolve(SimpleNameResolver.java:53)
		at io.netty.resolver.InetSocketAddressResolver.doResolve(InetSocketAddressResolver.java:55)
		at io.netty.resolver.InetSocketAddressResolver.doResolve(InetSocketAddressResolver.java:31)
		at io.netty.resolver.AbstractAddressResolver.resolve(AbstractAddressResolver.java:106)
		at io.netty.bootstrap.Bootstrap.doResolveAndConnect0(Bootstrap.java:220)
		at io.netty.bootstrap.Bootstrap.access$000(Bootstrap.java:47)
		at io.netty.bootstrap.Bootstrap$1.operationComplete(Bootstrap.java:189)
		at io.netty.bootstrap.Bootstrap$1.operationComplete(Bootstrap.java:175)
		at io.netty.util.concurrent.DefaultPromise.notifyListener0(DefaultPromise.java:603)
		at io.netty.util.concurrent.DefaultPromise.notifyListenersNow(DefaultPromise.java:570)
		at io.netty.util.concurrent.DefaultPromise.notifyListeners(DefaultPromise.java:505)
		at io.netty.util.concurrent.DefaultPromise.setValue0(DefaultPromise.java:649)
		at io.netty.util.concurrent.DefaultPromise.setSuccess0(DefaultPromise.java:638)
		at io.netty.util.concurrent.DefaultPromise.trySuccess(DefaultPromise.java:118)
		at io.netty.channel.DefaultChannelPromise.trySuccess(DefaultChannelPromise.java:84)
		at io.netty.channel.AbstractChannel$AbstractUnsafe.safeSetSuccess(AbstractChannel.java:988)
		at io.netty.channel.AbstractChannel$AbstractUnsafe.register0(AbstractChannel.java:515)
		at io.netty.channel.AbstractChannel$AbstractUnsafe.access$200(AbstractChannel.java:428)
		at io.netty.channel.AbstractChannel$AbstractUnsafe$1.run(AbstractChannel.java:485)
		at io.netty.util.concurrent.AbstractEventExecutor.runTask$$$capture(AbstractEventExecutor.java:173)
		at io.netty.util.concurrent.AbstractEventExecutor.runTask(AbstractEventExecutor.java)
		at io.netty.util.concurrent.AbstractEventExecutor.safeExecute$$$capture(AbstractEventExecutor.java:166)
		at io.netty.util.concurrent.AbstractEventExecutor.safeExecute(AbstractEventExecutor.java)
		at io.netty.util.concurrent.SingleThreadEventExecutor.runAllTasks(SingleThreadEventExecutor.java:472)
		at io.netty.channel.nio.NioEventLoop.run(NioEventLoop.java:569)
		at io.netty.util.concurrent.SingleThreadEventExecutor$4.run(SingleThreadEventExecutor.java:998)
		at io.netty.util.internal.ThreadExecutorMap$2.run(ThreadExecutorMap.java:74)
		at io.netty.util.concurrent.FastThreadLocalRunnable.run(FastThreadLocalRunnable.java:30)
		at java.base/java.lang.Thread.run(Thread.java:833)
2026-04-07 21:13:14.596 WARN  [HikariPool-1:housekeeper] com.zaxxer.hikari.pool.HikariPool - HikariPool-1 - Thread starvation or clock leap detected (housekeeper delta=1m14s85ms919µs400ns).
2026-04-07 21:13:14.606 WARN  [org.springframework.jms.JmsListenerEndpointContainer#0-1] o.s.j.l.DefaultMessageListenerContainer - Setup of JMS message listener invoker failed for destination 'hr.create.user.queue' - trying to recover. Cause: java.io.EOFException
2026-04-07 21:13:19.598 WARN  [HikariPool-1:housekeeper] com.zaxxer.hikari.pool.PoolBase - HikariPool-1 - Failed to validate connection oracle.jdbc.driver.T4CConnection@7ea2c47d (ORA-17008: Closed connection
https://docs.oracle.com/error-help/db/ora-17008/). Possibly consider using a shorter maxLifetime value.
2026-04-07 21:16:17.725 WARN  [main] org.hibernate.orm.deprecation - HHH90000025: OracleDialect does not need to be specified explicitly using 'hibernate.dialect' (remove the property setting and it will be selected by default)
2026-04-07 21:16:19.727 WARN  [main] o.s.b.a.o.j.JpaBaseConfiguration$JpaWebConfiguration - spring.jpa.open-in-view is enabled by default. Therefore, database queries may be performed during view rendering. Explicitly configure spring.jpa.open-in-view to disable this warning
2026-04-07 21:16:22.397 WARN  [lettuce-nioEventLoop-6-1] io.lettuce.core.RedisClient - Cannot connect Redis Sentinel at redis://redis-sentinel.redis.svc.cluster.local:26379?timeout=500000000ns: java.util.concurrent.CompletionException: java.net.UnknownHostException: No such host is known (redis-sentinel.redis.svc.cluster.local)
2026-04-07 21:16:22.406 WARN  [boundedElastic-1] o.s.b.a.d.r.RedisReactiveHealthIndicator - Redis health check failed
org.springframework.data.redis.RedisConnectionFailureException: Unable to connect to Redis
	at org.springframework.data.redis.connection.lettuce.LettuceConnectionFactory$ExceptionTranslatingConnectionProvider.translateException(LettuceConnectionFactory.java:1858)
	Suppressed: reactor.core.publisher.FluxOnAssembly$OnAssemblyException: 
Assembly trace from producer [reactor.core.publisher.MonoSubscribeOnCallable] :
	reactor.core.publisher.Mono.subscribeOn(Mono.java:4625)
	org.springframework.boot.actuate.data.redis.RedisReactiveHealthIndicator.getConnection(RedisReactiveHealthIndicator.java:57)
Error has been observed at the following site(s):
	*__Mono.subscribeOn ⇢ at org.springframework.boot.actuate.data.redis.RedisReactiveHealthIndicator.getConnection(RedisReactiveHealthIndicator.java:57)
	|_     Mono.flatMap ⇢ at org.springframework.boot.actuate.data.redis.RedisReactiveHealthIndicator.doHealthCheck(RedisReactiveHealthIndicator.java:52)
Original Stack Trace:
		at org.springframework.data.redis.connection.lettuce.LettuceConnectionFactory$ExceptionTranslatingConnectionProvider.translateException(LettuceConnectionFactory.java:1858)
		at org.springframework.data.redis.connection.lettuce.LettuceConnectionFactory$ExceptionTranslatingConnectionProvider.getConnection(LettuceConnectionFactory.java:1789)
		at org.springframework.data.redis.connection.lettuce.LettuceConnectionFactory$SharedConnection.getNativeConnection(LettuceConnectionFactory.java:1586)
		at org.springframework.data.redis.connection.lettuce.LettuceConnectionFactory$SharedConnection.lambda$getConnection$0(LettuceConnectionFactory.java:1566)
		at org.springframework.data.redis.connection.lettuce.LettuceConnectionFactory.doInLock(LettuceConnectionFactory.java:1527)
		at org.springframework.data.redis.connection.lettuce.LettuceConnectionFactory$SharedConnection.getConnection(LettuceConnectionFactory.java:1563)
		at org.springframework.data.redis.connection.lettuce.LettuceConnectionFactory.getSharedReactiveConnection(LettuceConnectionFactory.java:1274)
		at org.springframework.data.redis.connection.lettuce.LettuceConnectionFactory.getReactiveConnection(LettuceConnectionFactory.java:1149)
		at org.springframework.data.redis.connection.lettuce.LettuceConnectionFactory.getReactiveConnection(LettuceConnectionFactory.java:120)
		at reactor.core.publisher.MonoSupplier.call(MonoSupplier.java:67)
		at reactor.core.publisher.FluxSubscribeOnCallable$CallableSubscribeOnSubscription.run(FluxSubscribeOnCallable.java:228)
		at reactor.core.scheduler.SchedulerTask.call(SchedulerTask.java:68)
		at reactor.core.scheduler.SchedulerTask.call(SchedulerTask.java:28)
		at java.base/java.util.concurrent.FutureTask.run$$$capture(FutureTask.java:264)
		at java.base/java.util.concurrent.FutureTask.run(FutureTask.java)
		at java.base/java.util.concurrent.ScheduledThreadPoolExecutor$ScheduledFutureTask.run(ScheduledThreadPoolExecutor.java:304)
		at java.base/java.util.concurrent.ThreadPoolExecutor.runWorker(ThreadPoolExecutor.java:1136)
		at java.base/java.util.concurrent.ThreadPoolExecutor$Worker.run(ThreadPoolExecutor.java:635)
		at java.base/java.lang.Thread.run(Thread.java:833)
Caused by: org.springframework.data.redis.connection.PoolException: Could not prepare the pool
	at org.springframework.data.redis.connection.lettuce.LettucePoolingConnectionProvider.lambda$getConnection$1(LettucePoolingConnectionProvider.java:101)
	at java.base/java.util.concurrent.ConcurrentHashMap.computeIfAbsent(ConcurrentHashMap.java:1708)
	at org.springframework.data.redis.connection.lettuce.LettucePoolingConnectionProvider.getConnection(LettucePoolingConnectionProvider.java:93)
	at org.springframework.data.redis.connection.lettuce.LettuceConnectionFactory$ExceptionTranslatingConnectionProvider.getConnection(LettuceConnectionFactory.java:1787)
	at org.springframework.data.redis.connection.lettuce.LettuceConnectionFactory$SharedConnection.getNativeConnection(LettuceConnectionFactory.java:1586)
	at org.springframework.data.redis.connection.lettuce.LettuceConnectionFactory$SharedConnection.lambda$getConnection$0(LettuceConnectionFactory.java:1566)
	at org.springframework.data.redis.connection.lettuce.LettuceConnectionFactory.doInLock(LettuceConnectionFactory.java:1527)
	at org.springframework.data.redis.connection.lettuce.LettuceConnectionFactory$SharedConnection.getConnection(LettuceConnectionFactory.java:1563)
	at org.springframework.data.redis.connection.lettuce.LettuceConnectionFactory.getSharedReactiveConnection(LettuceConnectionFactory.java:1274)
	at org.springframework.data.redis.connection.lettuce.LettuceConnectionFactory.getReactiveConnection(LettuceConnectionFactory.java:1149)
	at org.springframework.data.redis.connection.lettuce.LettuceConnectionFactory.getReactiveConnection(LettuceConnectionFactory.java:120)
	at reactor.core.publisher.MonoSupplier.call(MonoSupplier.java:67)
	at reactor.core.publisher.MonoCallableOnAssembly.call(MonoCallableOnAssembly.java:91)
	at reactor.core.publisher.FluxSubscribeOnCallable$CallableSubscribeOnSubscription.run(FluxSubscribeOnCallable.java:228)
	at reactor.core.scheduler.SchedulerTask.call(SchedulerTask.java:68)
	at reactor.core.scheduler.SchedulerTask.call(SchedulerTask.java:28)
	at java.base/java.util.concurrent.FutureTask.run$$$capture(FutureTask.java:264)
	at java.base/java.util.concurrent.FutureTask.run(FutureTask.java)
	at java.base/java.util.concurrent.ScheduledThreadPoolExecutor$ScheduledFutureTask.run(ScheduledThreadPoolExecutor.java:304)
	at java.base/java.util.concurrent.ThreadPoolExecutor.runWorker(ThreadPoolExecutor.java:1136)
	at java.base/java.util.concurrent.ThreadPoolExecutor$Worker.run(ThreadPoolExecutor.java:635)
	at java.base/java.lang.Thread.run(Thread.java:833)
Caused by: io.lettuce.core.RedisConnectionException: Cannot connect to a Redis Sentinel: [redis://redis-sentinel.redis.svc.cluster.local:26379?timeout=500000000ns]
	at io.lettuce.core.RedisConnectionException.create(RedisConnectionException.java:57)
	at io.lettuce.core.RedisConnectionException.create(RedisConnectionException.java:41)
	at io.lettuce.core.AbstractRedisClient.getConnection(AbstractRedisClient.java:354)
	at io.lettuce.core.RedisClient.connect(RedisClient.java:220)
	at org.springframework.data.redis.connection.lettuce.StandaloneConnectionProvider.lambda$getConnection$1(StandaloneConnectionProvider.java:112)
	at java.base/java.util.Optional.orElseGet(Optional.java:364)
	at org.springframework.data.redis.connection.lettuce.StandaloneConnectionProvider.getConnection(StandaloneConnectionProvider.java:112)
	at org.springframework.data.redis.connection.lettuce.LettucePoolingConnectionProvider.lambda$getConnection$0(LettucePoolingConnectionProvider.java:96)
	at io.lettuce.core.support.ConnectionPoolSupport$RedisPooledObjectFactory.create(ConnectionPoolSupport.java:270)
	at io.lettuce.core.support.ConnectionPoolSupport$RedisPooledObjectFactory.create(ConnectionPoolSupport.java:257)
	at org.apache.commons.pool2.BasePooledObjectFactory.makeObject(BasePooledObjectFactory.java:68)
	at org.apache.commons.pool2.impl.GenericObjectPool.create(GenericObjectPool.java:557)
	at org.apache.commons.pool2.impl.GenericObjectPool.ensureIdle(GenericObjectPool.java:630)
	at org.apache.commons.pool2.impl.GenericObjectPool.ensureMinIdle(GenericObjectPool.java:652)
	at org.apache.commons.pool2.impl.GenericObjectPool.preparePool(GenericObjectPool.java:970)
	at org.springframework.data.redis.connection.lettuce.LettucePoolingConnectionProvider.lambda$getConnection$1(LettucePoolingConnectionProvider.java:99)
	... 21 common frames omitted
Caused by: io.lettuce.core.RedisConnectionException: Cannot connect Redis Sentinel at redis://redis-sentinel.redis.svc.cluster.local:26379?timeout=500000000ns
	at io.lettuce.core.RedisClient.lambda$connectSentinelAsync$6(RedisClient.java:533)
	Suppressed: reactor.core.publisher.FluxOnAssembly$OnAssemblyException: 
Assembly trace from producer [reactor.core.publisher.MonoError] :

Error has been observed at the following site(s):
	*__Mono.onErrorMap ⇢ at io.lettuce.core.RedisClient.connectSentinelAsync(RedisClient.java:533)
	|_  Mono.doOnError ⇢ at io.lettuce.core.RedisClient.connectSentinelAsync(RedisClient.java:534)
Original Stack Trace:
		at io.lettuce.core.RedisClient.lambda$connectSentinelAsync$6(RedisClient.java:533)
		at reactor.core.publisher.Mono.lambda$onErrorMap$29(Mono.java:3862)
		at reactor.core.publisher.FluxOnErrorResume$ResumeSubscriber.onError(FluxOnErrorResume.java:94)
		at reactor.core.publisher.FluxOnErrorResume$ResumeSubscriber.onError(FluxOnErrorResume.java:106)
		at reactor.core.publisher.Operators.error(Operators.java:198)
		at reactor.core.publisher.MonoError.subscribe(MonoError.java:53)
		at reactor.core.publisher.Mono.subscribe(Mono.java:4576)
		at reactor.core.publisher.FluxOnErrorResume$ResumeSubscriber.onError(FluxOnErrorResume.java:103)
		at reactor.core.publisher.MonoCompletionStage$MonoCompletionStageSubscription.apply(MonoCompletionStage.java:115)
		at reactor.core.publisher.MonoCompletionStage$MonoCompletionStageSubscription.apply(MonoCompletionStage.java:67)
		at java.base/java.util.concurrent.CompletableFuture.uniHandle(CompletableFuture.java:934)
		at java.base/java.util.concurrent.CompletableFuture$UniHandle.tryFire(CompletableFuture.java:911)
		at java.base/java.util.concurrent.CompletableFuture.postComplete(CompletableFuture.java:510)
		at java.base/java.util.concurrent.CompletableFuture.completeExceptionally(CompletableFuture.java:2162)
		at io.lettuce.core.AbstractRedisClient.lambda$initializeChannelAsync0$6(AbstractRedisClient.java:458)
		at io.netty.util.concurrent.DefaultPromise.notifyListener0(DefaultPromise.java:603)
		at io.netty.util.concurrent.DefaultPromise.notifyListenersNow(DefaultPromise.java:570)
		at io.netty.util.concurrent.DefaultPromise.notifyListeners(DefaultPromise.java:505)
		at io.netty.util.concurrent.DefaultPromise.setValue0(DefaultPromise.java:649)
		at io.netty.util.concurrent.DefaultPromise.setFailure0(DefaultPromise.java:642)
		at io.netty.util.concurrent.DefaultPromise.setFailure(DefaultPromise.java:123)
		at io.netty.channel.DefaultChannelPromise.setFailure(DefaultChannelPromise.java:89)
		at io.netty.bootstrap.Bootstrap.doResolveAndConnect0(Bootstrap.java:228)
		at io.netty.bootstrap.Bootstrap.access$000(Bootstrap.java:47)
		at io.netty.bootstrap.Bootstrap$1.operationComplete(Bootstrap.java:189)
		at io.netty.bootstrap.Bootstrap$1.operationComplete(Bootstrap.java:175)
		at io.netty.util.concurrent.DefaultPromise.notifyListener0(DefaultPromise.java:603)
		at io.netty.util.concurrent.DefaultPromise.notifyListenersNow(DefaultPromise.java:570)
		at io.netty.util.concurrent.DefaultPromise.notifyListeners(DefaultPromise.java:505)
		at io.netty.util.concurrent.DefaultPromise.setValue0(DefaultPromise.java:649)
		at io.netty.util.concurrent.DefaultPromise.setSuccess0(DefaultPromise.java:638)
		at io.netty.util.concurrent.DefaultPromise.trySuccess(DefaultPromise.java:118)
		at io.netty.channel.DefaultChannelPromise.trySuccess(DefaultChannelPromise.java:84)
		at io.netty.channel.AbstractChannel$AbstractUnsafe.safeSetSuccess(AbstractChannel.java:988)
		at io.netty.channel.AbstractChannel$AbstractUnsafe.register0(AbstractChannel.java:515)
		at io.netty.channel.AbstractChannel$AbstractUnsafe.access$200(AbstractChannel.java:428)
		at io.netty.channel.AbstractChannel$AbstractUnsafe$1.run(AbstractChannel.java:485)
		at io.netty.util.concurrent.AbstractEventExecutor.runTask$$$capture(AbstractEventExecutor.java:173)
		at io.netty.util.concurrent.AbstractEventExecutor.runTask(AbstractEventExecutor.java)
		at io.netty.util.concurrent.AbstractEventExecutor.safeExecute$$$capture(AbstractEventExecutor.java:166)
		at io.netty.util.concurrent.AbstractEventExecutor.safeExecute(AbstractEventExecutor.java)
		at io.netty.util.concurrent.SingleThreadEventExecutor.runAllTasks(SingleThreadEventExecutor.java:472)
		at io.netty.channel.nio.NioEventLoop.run(NioEventLoop.java:569)
		at io.netty.util.concurrent.SingleThreadEventExecutor$4.run(SingleThreadEventExecutor.java:998)
		at io.netty.util.internal.ThreadExecutorMap$2.run(ThreadExecutorMap.java:74)
		at io.netty.util.concurrent.FastThreadLocalRunnable.run(FastThreadLocalRunnable.java:30)
		at java.base/java.lang.Thread.run(Thread.java:833)
Caused by: java.net.UnknownHostException: No such host is known (redis-sentinel.redis.svc.cluster.local)
	at java.base/java.net.Inet6AddressImpl.lookupAllHostAddr(Native Method)
	Suppressed: reactor.core.publisher.FluxOnAssembly$OnAssemblyException: 
Assembly trace from producer [reactor.core.publisher.MonoCompletionStage] :
	reactor.core.publisher.Mono.toFuture(Mono.java:5153)
	io.lettuce.core.RedisClient.connectSentinelAsync(RedisClient.java:562)
Error has been observed at the following site(s):
	*______________________________________________Mono.toFuture ⇢ at io.lettuce.core.RedisClient.connectSentinelAsync(RedisClient.java:562)
	*___________________________________Mono.fromCompletionStage ⇢ at io.lettuce.core.RedisClient.connectSentinelAsync(RedisClient.java:531)
	|_                                           Mono.onErrorMap ⇢ at io.lettuce.core.RedisClient.connectSentinelAsync(RedisClient.java:532)
	*__MonoCompletionStage$MonoCompletionStageSubscription.apply ⇢ at java.base/java.util.concurrent.CompletableFuture.uniHandle(CompletableFuture.java:934)
Original Stack Trace:
		at java.base/java.net.Inet6AddressImpl.lookupAllHostAddr(Native Method)
		at java.base/java.net.Inet6AddressImpl.lookupAllHostAddr(Inet6AddressImpl.java:52)
		at java.base/java.net.InetAddress$PlatformResolver.lookupByName(InetAddress.java:1048)
		at java.base/java.net.InetAddress.getAddressesFromNameService(InetAddress.java:1648)
		at java.base/java.net.InetAddress$NameServiceAddresses.get(InetAddress.java:997)
		at java.base/java.net.InetAddress.getAllByName0(InetAddress.java:1638)
		at java.base/java.net.InetAddress.getAllByName(InetAddress.java:1504)
		at java.base/java.net.InetAddress.getByName(InetAddress.java:1393)
		at io.netty.util.internal.SocketUtils$8.run(SocketUtils.java:156)
		at io.netty.util.internal.SocketUtils$8.run(SocketUtils.java:153)
		at java.base/java.security.AccessController.doPrivileged(AccessController.java:569)
		at io.netty.util.internal.SocketUtils.addressByName(SocketUtils.java:153)
		at io.netty.resolver.DefaultNameResolver.doResolve(DefaultNameResolver.java:41)
		at io.netty.resolver.SimpleNameResolver.resolve(SimpleNameResolver.java:61)
		at io.netty.resolver.SimpleNameResolver.resolve(SimpleNameResolver.java:53)
		at io.netty.resolver.InetSocketAddressResolver.doResolve(InetSocketAddressResolver.java:55)
		at io.netty.resolver.InetSocketAddressResolver.doResolve(InetSocketAddressResolver.java:31)
		at io.netty.resolver.AbstractAddressResolver.resolve(AbstractAddressResolver.java:106)
		at io.netty.bootstrap.Bootstrap.doResolveAndConnect0(Bootstrap.java:220)
		at io.netty.bootstrap.Bootstrap.access$000(Bootstrap.java:47)
		at io.netty.bootstrap.Bootstrap$1.operationComplete(Bootstrap.java:189)
		at io.netty.bootstrap.Bootstrap$1.operationComplete(Bootstrap.java:175)
		at io.netty.util.concurrent.DefaultPromise.notifyListener0(DefaultPromise.java:603)
		at io.netty.util.concurrent.DefaultPromise.notifyListenersNow(DefaultPromise.java:570)
		at io.netty.util.concurrent.DefaultPromise.notifyListeners(DefaultPromise.java:505)
		at io.netty.util.concurrent.DefaultPromise.setValue0(DefaultPromise.java:649)
		at io.netty.util.concurrent.DefaultPromise.setSuccess0(DefaultPromise.java:638)
		at io.netty.util.concurrent.DefaultPromise.trySuccess(DefaultPromise.java:118)
		at io.netty.channel.DefaultChannelPromise.trySuccess(DefaultChannelPromise.java:84)
		at io.netty.channel.AbstractChannel$AbstractUnsafe.safeSetSuccess(AbstractChannel.java:988)
		at io.netty.channel.AbstractChannel$AbstractUnsafe.register0(AbstractChannel.java:515)
		at io.netty.channel.AbstractChannel$AbstractUnsafe.access$200(AbstractChannel.java:428)
		at io.netty.channel.AbstractChannel$AbstractUnsafe$1.run(AbstractChannel.java:485)
		at io.netty.util.concurrent.AbstractEventExecutor.runTask$$$capture(AbstractEventExecutor.java:173)
		at io.netty.util.concurrent.AbstractEventExecutor.runTask(AbstractEventExecutor.java)
		at io.netty.util.concurrent.AbstractEventExecutor.safeExecute$$$capture(AbstractEventExecutor.java:166)
		at io.netty.util.concurrent.AbstractEventExecutor.safeExecute(AbstractEventExecutor.java)
		at io.netty.util.concurrent.SingleThreadEventExecutor.runAllTasks(SingleThreadEventExecutor.java:472)
		at io.netty.channel.nio.NioEventLoop.run(NioEventLoop.java:569)
		at io.netty.util.concurrent.SingleThreadEventExecutor$4.run(SingleThreadEventExecutor.java:998)
		at io.netty.util.internal.ThreadExecutorMap$2.run(ThreadExecutorMap.java:74)
		at io.netty.util.concurrent.FastThreadLocalRunnable.run(FastThreadLocalRunnable.java:30)
		at java.base/java.lang.Thread.run(Thread.java:833)
2026-04-07 21:17:03.909 WARN  [HikariPool-1:housekeeper] com.zaxxer.hikari.pool.HikariPool - HikariPool-1 - Thread starvation or clock leap detected (housekeeper delta=46s810ms813µs).
2026-04-07 21:17:14.832 WARN  [main] org.hibernate.orm.deprecation - HHH90000025: OracleDialect does not need to be specified explicitly using 'hibernate.dialect' (remove the property setting and it will be selected by default)
2026-04-07 21:17:16.784 WARN  [main] o.s.b.a.o.j.JpaBaseConfiguration$JpaWebConfiguration - spring.jpa.open-in-view is enabled by default. Therefore, database queries may be performed during view rendering. Explicitly configure spring.jpa.open-in-view to disable this warning
2026-04-07 21:17:19.197 WARN  [lettuce-nioEventLoop-6-1] io.lettuce.core.RedisClient - Cannot connect Redis Sentinel at redis://redis-sentinel.redis.svc.cluster.local:26379?timeout=500000000ns: java.util.concurrent.CompletionException: java.net.UnknownHostException: No such host is known (redis-sentinel.redis.svc.cluster.local)
2026-04-07 21:17:19.208 WARN  [boundedElastic-1] o.s.b.a.d.r.RedisReactiveHealthIndicator - Redis health check failed
org.springframework.data.redis.RedisConnectionFailureException: Unable to connect to Redis
	at org.springframework.data.redis.connection.lettuce.LettuceConnectionFactory$ExceptionTranslatingConnectionProvider.translateException(LettuceConnectionFactory.java:1858)
	Suppressed: reactor.core.publisher.FluxOnAssembly$OnAssemblyException: 
Assembly trace from producer [reactor.core.publisher.MonoSubscribeOnCallable] :
	reactor.core.publisher.Mono.subscribeOn(Mono.java:4625)
	org.springframework.boot.actuate.data.redis.RedisReactiveHealthIndicator.getConnection(RedisReactiveHealthIndicator.java:57)
Error has been observed at the following site(s):
	*__Mono.subscribeOn ⇢ at org.springframework.boot.actuate.data.redis.RedisReactiveHealthIndicator.getConnection(RedisReactiveHealthIndicator.java:57)
	|_     Mono.flatMap ⇢ at org.springframework.boot.actuate.data.redis.RedisReactiveHealthIndicator.doHealthCheck(RedisReactiveHealthIndicator.java:52)
Original Stack Trace:
		at org.springframework.data.redis.connection.lettuce.LettuceConnectionFactory$ExceptionTranslatingConnectionProvider.translateException(LettuceConnectionFactory.java:1858)
		at org.springframework.data.redis.connection.lettuce.LettuceConnectionFactory$ExceptionTranslatingConnectionProvider.getConnection(LettuceConnectionFactory.java:1789)
		at org.springframework.data.redis.connection.lettuce.LettuceConnectionFactory$SharedConnection.getNativeConnection(LettuceConnectionFactory.java:1586)
		at org.springframework.data.redis.connection.lettuce.LettuceConnectionFactory$SharedConnection.lambda$getConnection$0(LettuceConnectionFactory.java:1566)
		at org.springframework.data.redis.connection.lettuce.LettuceConnectionFactory.doInLock(LettuceConnectionFactory.java:1527)
		at org.springframework.data.redis.connection.lettuce.LettuceConnectionFactory$SharedConnection.getConnection(LettuceConnectionFactory.java:1563)
		at org.springframework.data.redis.connection.lettuce.LettuceConnectionFactory.getSharedReactiveConnection(LettuceConnectionFactory.java:1274)
		at org.springframework.data.redis.connection.lettuce.LettuceConnectionFactory.getReactiveConnection(LettuceConnectionFactory.java:1149)
		at org.springframework.data.redis.connection.lettuce.LettuceConnectionFactory.getReactiveConnection(LettuceConnectionFactory.java:120)
		at reactor.core.publisher.MonoSupplier.call(MonoSupplier.java:67)
		at reactor.core.publisher.FluxSubscribeOnCallable$CallableSubscribeOnSubscription.run(FluxSubscribeOnCallable.java:228)
		at reactor.core.scheduler.SchedulerTask.call(SchedulerTask.java:68)
		at reactor.core.scheduler.SchedulerTask.call(SchedulerTask.java:28)
		at java.base/java.util.concurrent.FutureTask.run$$$capture(FutureTask.java:264)
		at java.base/java.util.concurrent.FutureTask.run(FutureTask.java)
		at java.base/java.util.concurrent.ScheduledThreadPoolExecutor$ScheduledFutureTask.run(ScheduledThreadPoolExecutor.java:304)
		at java.base/java.util.concurrent.ThreadPoolExecutor.runWorker(ThreadPoolExecutor.java:1136)
		at java.base/java.util.concurrent.ThreadPoolExecutor$Worker.run(ThreadPoolExecutor.java:635)
		at java.base/java.lang.Thread.run(Thread.java:833)
Caused by: org.springframework.data.redis.connection.PoolException: Could not prepare the pool
	at org.springframework.data.redis.connection.lettuce.LettucePoolingConnectionProvider.lambda$getConnection$1(LettucePoolingConnectionProvider.java:101)
	at java.base/java.util.concurrent.ConcurrentHashMap.computeIfAbsent(ConcurrentHashMap.java:1708)
	at org.springframework.data.redis.connection.lettuce.LettucePoolingConnectionProvider.getConnection(LettucePoolingConnectionProvider.java:93)
	at org.springframework.data.redis.connection.lettuce.LettuceConnectionFactory$ExceptionTranslatingConnectionProvider.getConnection(LettuceConnectionFactory.java:1787)
	at org.springframework.data.redis.connection.lettuce.LettuceConnectionFactory$SharedConnection.getNativeConnection(LettuceConnectionFactory.java:1586)
	at org.springframework.data.redis.connection.lettuce.LettuceConnectionFactory$SharedConnection.lambda$getConnection$0(LettuceConnectionFactory.java:1566)
	at org.springframework.data.redis.connection.lettuce.LettuceConnectionFactory.doInLock(LettuceConnectionFactory.java:1527)
	at org.springframework.data.redis.connection.lettuce.LettuceConnectionFactory$SharedConnection.getConnection(LettuceConnectionFactory.java:1563)
	at org.springframework.data.redis.connection.lettuce.LettuceConnectionFactory.getSharedReactiveConnection(LettuceConnectionFactory.java:1274)
	at org.springframework.data.redis.connection.lettuce.LettuceConnectionFactory.getReactiveConnection(LettuceConnectionFactory.java:1149)
	at org.springframework.data.redis.connection.lettuce.LettuceConnectionFactory.getReactiveConnection(LettuceConnectionFactory.java:120)
	at reactor.core.publisher.MonoSupplier.call(MonoSupplier.java:67)
	at reactor.core.publisher.MonoCallableOnAssembly.call(MonoCallableOnAssembly.java:91)
	at reactor.core.publisher.FluxSubscribeOnCallable$CallableSubscribeOnSubscription.run(FluxSubscribeOnCallable.java:228)
	at reactor.core.scheduler.SchedulerTask.call(SchedulerTask.java:68)
	at reactor.core.scheduler.SchedulerTask.call(SchedulerTask.java:28)
	at java.base/java.util.concurrent.FutureTask.run$$$capture(FutureTask.java:264)
	at java.base/java.util.concurrent.FutureTask.run(FutureTask.java)
	at java.base/java.util.concurrent.ScheduledThreadPoolExecutor$ScheduledFutureTask.run(ScheduledThreadPoolExecutor.java:304)
	at java.base/java.util.concurrent.ThreadPoolExecutor.runWorker(ThreadPoolExecutor.java:1136)
	at java.base/java.util.concurrent.ThreadPoolExecutor$Worker.run(ThreadPoolExecutor.java:635)
	at java.base/java.lang.Thread.run(Thread.java:833)
Caused by: io.lettuce.core.RedisConnectionException: Cannot connect to a Redis Sentinel: [redis://redis-sentinel.redis.svc.cluster.local:26379?timeout=500000000ns]
	at io.lettuce.core.RedisConnectionException.create(RedisConnectionException.java:57)
	at io.lettuce.core.RedisConnectionException.create(RedisConnectionException.java:41)
	at io.lettuce.core.AbstractRedisClient.getConnection(AbstractRedisClient.java:354)
	at io.lettuce.core.RedisClient.connect(RedisClient.java:220)
	at org.springframework.data.redis.connection.lettuce.StandaloneConnectionProvider.lambda$getConnection$1(StandaloneConnectionProvider.java:112)
	at java.base/java.util.Optional.orElseGet(Optional.java:364)
	at org.springframework.data.redis.connection.lettuce.StandaloneConnectionProvider.getConnection(StandaloneConnectionProvider.java:112)
	at org.springframework.data.redis.connection.lettuce.LettucePoolingConnectionProvider.lambda$getConnection$0(LettucePoolingConnectionProvider.java:96)
	at io.lettuce.core.support.ConnectionPoolSupport$RedisPooledObjectFactory.create(ConnectionPoolSupport.java:270)
	at io.lettuce.core.support.ConnectionPoolSupport$RedisPooledObjectFactory.create(ConnectionPoolSupport.java:257)
	at org.apache.commons.pool2.BasePooledObjectFactory.makeObject(BasePooledObjectFactory.java:68)
	at org.apache.commons.pool2.impl.GenericObjectPool.create(GenericObjectPool.java:557)
	at org.apache.commons.pool2.impl.GenericObjectPool.ensureIdle(GenericObjectPool.java:630)
	at org.apache.commons.pool2.impl.GenericObjectPool.ensureMinIdle(GenericObjectPool.java:652)
	at org.apache.commons.pool2.impl.GenericObjectPool.preparePool(GenericObjectPool.java:970)
	at org.springframework.data.redis.connection.lettuce.LettucePoolingConnectionProvider.lambda$getConnection$1(LettucePoolingConnectionProvider.java:99)
	... 21 common frames omitted
Caused by: io.lettuce.core.RedisConnectionException: Cannot connect Redis Sentinel at redis://redis-sentinel.redis.svc.cluster.local:26379?timeout=500000000ns
	at io.lettuce.core.RedisClient.lambda$connectSentinelAsync$6(RedisClient.java:533)
	Suppressed: reactor.core.publisher.FluxOnAssembly$OnAssemblyException: 
Assembly trace from producer [reactor.core.publisher.MonoError] :

Error has been observed at the following site(s):
	*__Mono.onErrorMap ⇢ at io.lettuce.core.RedisClient.connectSentinelAsync(RedisClient.java:533)
	|_  Mono.doOnError ⇢ at io.lettuce.core.RedisClient.connectSentinelAsync(RedisClient.java:534)
Original Stack Trace:
		at io.lettuce.core.RedisClient.lambda$connectSentinelAsync$6(RedisClient.java:533)
		at reactor.core.publisher.Mono.lambda$onErrorMap$29(Mono.java:3862)
		at reactor.core.publisher.FluxOnErrorResume$ResumeSubscriber.onError(FluxOnErrorResume.java:94)
		at reactor.core.publisher.FluxOnErrorResume$ResumeSubscriber.onError(FluxOnErrorResume.java:106)
		at reactor.core.publisher.Operators.error(Operators.java:198)
		at reactor.core.publisher.MonoError.subscribe(MonoError.java:53)
		at reactor.core.publisher.Mono.subscribe(Mono.java:4576)
		at reactor.core.publisher.FluxOnErrorResume$ResumeSubscriber.onError(FluxOnErrorResume.java:103)
		at reactor.core.publisher.MonoCompletionStage$MonoCompletionStageSubscription.apply(MonoCompletionStage.java:115)
		at reactor.core.publisher.MonoCompletionStage$MonoCompletionStageSubscription.apply(MonoCompletionStage.java:67)
		at java.base/java.util.concurrent.CompletableFuture.uniHandle(CompletableFuture.java:934)
		at java.base/java.util.concurrent.CompletableFuture$UniHandle.tryFire(CompletableFuture.java:911)
		at java.base/java.util.concurrent.CompletableFuture.postComplete(CompletableFuture.java:510)
		at java.base/java.util.concurrent.CompletableFuture.completeExceptionally(CompletableFuture.java:2162)
		at io.lettuce.core.AbstractRedisClient.lambda$initializeChannelAsync0$6(AbstractRedisClient.java:458)
		at io.netty.util.concurrent.DefaultPromise.notifyListener0(DefaultPromise.java:603)
		at io.netty.util.concurrent.DefaultPromise.notifyListenersNow(DefaultPromise.java:570)
		at io.netty.util.concurrent.DefaultPromise.notifyListeners(DefaultPromise.java:505)
		at io.netty.util.concurrent.DefaultPromise.setValue0(DefaultPromise.java:649)
		at io.netty.util.concurrent.DefaultPromise.setFailure0(DefaultPromise.java:642)
		at io.netty.util.concurrent.DefaultPromise.setFailure(DefaultPromise.java:123)
		at io.netty.channel.DefaultChannelPromise.setFailure(DefaultChannelPromise.java:89)
		at io.netty.bootstrap.Bootstrap.doResolveAndConnect0(Bootstrap.java:228)
		at io.netty.bootstrap.Bootstrap.access$000(Bootstrap.java:47)
		at io.netty.bootstrap.Bootstrap$1.operationComplete(Bootstrap.java:189)
		at io.netty.bootstrap.Bootstrap$1.operationComplete(Bootstrap.java:175)
		at io.netty.util.concurrent.DefaultPromise.notifyListener0(DefaultPromise.java:603)
		at io.netty.util.concurrent.DefaultPromise.notifyListenersNow(DefaultPromise.java:570)
		at io.netty.util.concurrent.DefaultPromise.notifyListeners(DefaultPromise.java:505)
		at io.netty.util.concurrent.DefaultPromise.setValue0(DefaultPromise.java:649)
		at io.netty.util.concurrent.DefaultPromise.setSuccess0(DefaultPromise.java:638)
		at io.netty.util.concurrent.DefaultPromise.trySuccess(DefaultPromise.java:118)
		at io.netty.channel.DefaultChannelPromise.trySuccess(DefaultChannelPromise.java:84)
		at io.netty.channel.AbstractChannel$AbstractUnsafe.safeSetSuccess(AbstractChannel.java:988)
		at io.netty.channel.AbstractChannel$AbstractUnsafe.register0(AbstractChannel.java:515)
		at io.netty.channel.AbstractChannel$AbstractUnsafe.access$200(AbstractChannel.java:428)
		at io.netty.channel.AbstractChannel$AbstractUnsafe$1.run(AbstractChannel.java:485)
		at io.netty.util.concurrent.AbstractEventExecutor.runTask$$$capture(AbstractEventExecutor.java:173)
		at io.netty.util.concurrent.AbstractEventExecutor.runTask(AbstractEventExecutor.java)
		at io.netty.util.concurrent.AbstractEventExecutor.safeExecute$$$capture(AbstractEventExecutor.java:166)
		at io.netty.util.concurrent.AbstractEventExecutor.safeExecute(AbstractEventExecutor.java)
		at io.netty.util.concurrent.SingleThreadEventExecutor.runAllTasks(SingleThreadEventExecutor.java:472)
		at io.netty.channel.nio.NioEventLoop.run(NioEventLoop.java:569)
		at io.netty.util.concurrent.SingleThreadEventExecutor$4.run(SingleThreadEventExecutor.java:998)
		at io.netty.util.internal.ThreadExecutorMap$2.run(ThreadExecutorMap.java:74)
		at io.netty.util.concurrent.FastThreadLocalRunnable.run(FastThreadLocalRunnable.java:30)
		at java.base/java.lang.Thread.run(Thread.java:833)
Caused by: java.net.UnknownHostException: No such host is known (redis-sentinel.redis.svc.cluster.local)
	at java.base/java.net.Inet6AddressImpl.lookupAllHostAddr(Native Method)
	Suppressed: reactor.core.publisher.FluxOnAssembly$OnAssemblyException: 
Assembly trace from producer [reactor.core.publisher.MonoCompletionStage] :
	reactor.core.publisher.Mono.toFuture(Mono.java:5153)
	io.lettuce.core.RedisClient.connectSentinelAsync(RedisClient.java:562)
Error has been observed at the following site(s):
	*______________________________________________Mono.toFuture ⇢ at io.lettuce.core.RedisClient.connectSentinelAsync(RedisClient.java:562)
	*___________________________________Mono.fromCompletionStage ⇢ at io.lettuce.core.RedisClient.connectSentinelAsync(RedisClient.java:531)
	|_                                           Mono.onErrorMap ⇢ at io.lettuce.core.RedisClient.connectSentinelAsync(RedisClient.java:532)
	*__MonoCompletionStage$MonoCompletionStageSubscription.apply ⇢ at java.base/java.util.concurrent.CompletableFuture.uniHandle(CompletableFuture.java:934)
Original Stack Trace:
		at java.base/java.net.Inet6AddressImpl.lookupAllHostAddr(Native Method)
		at java.base/java.net.Inet6AddressImpl.lookupAllHostAddr(Inet6AddressImpl.java:52)
		at java.base/java.net.InetAddress$PlatformResolver.lookupByName(InetAddress.java:1048)
		at java.base/java.net.InetAddress.getAddressesFromNameService(InetAddress.java:1648)
		at java.base/java.net.InetAddress$NameServiceAddresses.get(InetAddress.java:997)
		at java.base/java.net.InetAddress.getAllByName0(InetAddress.java:1638)
		at java.base/java.net.InetAddress.getAllByName(InetAddress.java:1504)
		at java.base/java.net.InetAddress.getByName(InetAddress.java:1393)
		at io.netty.util.internal.SocketUtils$8.run(SocketUtils.java:156)
		at io.netty.util.internal.SocketUtils$8.run(SocketUtils.java:153)
		at java.base/java.security.AccessController.doPrivileged(AccessController.java:569)
		at io.netty.util.internal.SocketUtils.addressByName(SocketUtils.java:153)
		at io.netty.resolver.DefaultNameResolver.doResolve(DefaultNameResolver.java:41)
		at io.netty.resolver.SimpleNameResolver.resolve(SimpleNameResolver.java:61)
		at io.netty.resolver.SimpleNameResolver.resolve(SimpleNameResolver.java:53)
		at io.netty.resolver.InetSocketAddressResolver.doResolve(InetSocketAddressResolver.java:55)
		at io.netty.resolver.InetSocketAddressResolver.doResolve(InetSocketAddressResolver.java:31)
		at io.netty.resolver.AbstractAddressResolver.resolve(AbstractAddressResolver.java:106)
		at io.netty.bootstrap.Bootstrap.doResolveAndConnect0(Bootstrap.java:220)
		at io.netty.bootstrap.Bootstrap.access$000(Bootstrap.java:47)
		at io.netty.bootstrap.Bootstrap$1.operationComplete(Bootstrap.java:189)
		at io.netty.bootstrap.Bootstrap$1.operationComplete(Bootstrap.java:175)
		at io.netty.util.concurrent.DefaultPromise.notifyListener0(DefaultPromise.java:603)
		at io.netty.util.concurrent.DefaultPromise.notifyListenersNow(DefaultPromise.java:570)
		at io.netty.util.concurrent.DefaultPromise.notifyListeners(DefaultPromise.java:505)
		at io.netty.util.concurrent.DefaultPromise.setValue0(DefaultPromise.java:649)
		at io.netty.util.concurrent.DefaultPromise.setSuccess0(DefaultPromise.java:638)
		at io.netty.util.concurrent.DefaultPromise.trySuccess(DefaultPromise.java:118)
		at io.netty.channel.DefaultChannelPromise.trySuccess(DefaultChannelPromise.java:84)
		at io.netty.channel.AbstractChannel$AbstractUnsafe.safeSetSuccess(AbstractChannel.java:988)
		at io.netty.channel.AbstractChannel$AbstractUnsafe.register0(AbstractChannel.java:515)
		at io.netty.channel.AbstractChannel$AbstractUnsafe.access$200(AbstractChannel.java:428)
		at io.netty.channel.AbstractChannel$AbstractUnsafe$1.run(AbstractChannel.java:485)
		at io.netty.util.concurrent.AbstractEventExecutor.runTask$$$capture(AbstractEventExecutor.java:173)
		at io.netty.util.concurrent.AbstractEventExecutor.runTask(AbstractEventExecutor.java)
		at io.netty.util.concurrent.AbstractEventExecutor.safeExecute$$$capture(AbstractEventExecutor.java:166)
		at io.netty.util.concurrent.AbstractEventExecutor.safeExecute(AbstractEventExecutor.java)
		at io.netty.util.concurrent.SingleThreadEventExecutor.runAllTasks(SingleThreadEventExecutor.java:472)
		at io.netty.channel.nio.NioEventLoop.run(NioEventLoop.java:569)
		at io.netty.util.concurrent.SingleThreadEventExecutor$4.run(SingleThreadEventExecutor.java:998)
		at io.netty.util.internal.ThreadExecutorMap$2.run(ThreadExecutorMap.java:74)
		at io.netty.util.concurrent.FastThreadLocalRunnable.run(FastThreadLocalRunnable.java:30)
		at java.base/java.lang.Thread.run(Thread.java:833)
2026-04-07 21:18:47.551 WARN  [HikariPool-1:housekeeper] com.zaxxer.hikari.pool.HikariPool - HikariPool-1 - Thread starvation or clock leap detected (housekeeper delta=1m1s941ms195µs800ns).
2026-04-07 21:18:49.230 WARN  [org.springframework.jms.JmsListenerEndpointContainer#0-1] o.s.j.l.DefaultMessageListenerContainer - Setup of JMS message listener invoker failed for destination 'hr.create.user.queue' - trying to recover. Cause: java.io.EOFException
2026-04-07 21:20:31.893 WARN  [main] org.hibernate.orm.deprecation - HHH90000025: OracleDialect does not need to be specified explicitly using 'hibernate.dialect' (remove the property setting and it will be selected by default)
2026-04-07 21:20:33.727 WARN  [main] o.s.b.a.o.j.JpaBaseConfiguration$JpaWebConfiguration - spring.jpa.open-in-view is enabled by default. Therefore, database queries may be performed during view rendering. Explicitly configure spring.jpa.open-in-view to disable this warning
2026-04-07 21:20:35.798 WARN  [lettuce-nioEventLoop-6-1] io.lettuce.core.RedisClient - Cannot connect Redis Sentinel at redis://redis-sentinel.redis.svc.cluster.local:26379?timeout=500000000ns: java.util.concurrent.CompletionException: java.net.UnknownHostException: No such host is known (redis-sentinel.redis.svc.cluster.local)
2026-04-07 21:20:35.806 WARN  [boundedElastic-1] o.s.b.a.d.r.RedisReactiveHealthIndicator - Redis health check failed
org.springframework.data.redis.RedisConnectionFailureException: Unable to connect to Redis
	at org.springframework.data.redis.connection.lettuce.LettuceConnectionFactory$ExceptionTranslatingConnectionProvider.translateException(LettuceConnectionFactory.java:1858)
	Suppressed: reactor.core.publisher.FluxOnAssembly$OnAssemblyException: 
Assembly trace from producer [reactor.core.publisher.MonoSubscribeOnCallable] :
	reactor.core.publisher.Mono.subscribeOn(Mono.java:4625)
	org.springframework.boot.actuate.data.redis.RedisReactiveHealthIndicator.getConnection(RedisReactiveHealthIndicator.java:57)
Error has been observed at the following site(s):
	*__Mono.subscribeOn ⇢ at org.springframework.boot.actuate.data.redis.RedisReactiveHealthIndicator.getConnection(RedisReactiveHealthIndicator.java:57)
	|_     Mono.flatMap ⇢ at org.springframework.boot.actuate.data.redis.RedisReactiveHealthIndicator.doHealthCheck(RedisReactiveHealthIndicator.java:52)
Original Stack Trace:
		at org.springframework.data.redis.connection.lettuce.LettuceConnectionFactory$ExceptionTranslatingConnectionProvider.translateException(LettuceConnectionFactory.java:1858)
		at org.springframework.data.redis.connection.lettuce.LettuceConnectionFactory$ExceptionTranslatingConnectionProvider.getConnection(LettuceConnectionFactory.java:1789)
		at org.springframework.data.redis.connection.lettuce.LettuceConnectionFactory$SharedConnection.getNativeConnection(LettuceConnectionFactory.java:1586)
		at org.springframework.data.redis.connection.lettuce.LettuceConnectionFactory$SharedConnection.lambda$getConnection$0(LettuceConnectionFactory.java:1566)
		at org.springframework.data.redis.connection.lettuce.LettuceConnectionFactory.doInLock(LettuceConnectionFactory.java:1527)
		at org.springframework.data.redis.connection.lettuce.LettuceConnectionFactory$SharedConnection.getConnection(LettuceConnectionFactory.java:1563)
		at org.springframework.data.redis.connection.lettuce.LettuceConnectionFactory.getSharedReactiveConnection(LettuceConnectionFactory.java:1274)
		at org.springframework.data.redis.connection.lettuce.LettuceConnectionFactory.getReactiveConnection(LettuceConnectionFactory.java:1149)
		at org.springframework.data.redis.connection.lettuce.LettuceConnectionFactory.getReactiveConnection(LettuceConnectionFactory.java:120)
		at reactor.core.publisher.MonoSupplier.call(MonoSupplier.java:67)
		at reactor.core.publisher.FluxSubscribeOnCallable$CallableSubscribeOnSubscription.run(FluxSubscribeOnCallable.java:228)
		at reactor.core.scheduler.SchedulerTask.call(SchedulerTask.java:68)
		at reactor.core.scheduler.SchedulerTask.call(SchedulerTask.java:28)
		at java.base/java.util.concurrent.FutureTask.run$$$capture(FutureTask.java:264)
		at java.base/java.util.concurrent.FutureTask.run(FutureTask.java)
		at java.base/java.util.concurrent.ScheduledThreadPoolExecutor$ScheduledFutureTask.run(ScheduledThreadPoolExecutor.java:304)
		at java.base/java.util.concurrent.ThreadPoolExecutor.runWorker(ThreadPoolExecutor.java:1136)
		at java.base/java.util.concurrent.ThreadPoolExecutor$Worker.run(ThreadPoolExecutor.java:635)
		at java.base/java.lang.Thread.run(Thread.java:833)
Caused by: org.springframework.data.redis.connection.PoolException: Could not prepare the pool
	at org.springframework.data.redis.connection.lettuce.LettucePoolingConnectionProvider.lambda$getConnection$1(LettucePoolingConnectionProvider.java:101)
	at java.base/java.util.concurrent.ConcurrentHashMap.computeIfAbsent(ConcurrentHashMap.java:1708)
	at org.springframework.data.redis.connection.lettuce.LettucePoolingConnectionProvider.getConnection(LettucePoolingConnectionProvider.java:93)
	at org.springframework.data.redis.connection.lettuce.LettuceConnectionFactory$ExceptionTranslatingConnectionProvider.getConnection(LettuceConnectionFactory.java:1787)
	at org.springframework.data.redis.connection.lettuce.LettuceConnectionFactory$SharedConnection.getNativeConnection(LettuceConnectionFactory.java:1586)
	at org.springframework.data.redis.connection.lettuce.LettuceConnectionFactory$SharedConnection.lambda$getConnection$0(LettuceConnectionFactory.java:1566)
	at org.springframework.data.redis.connection.lettuce.LettuceConnectionFactory.doInLock(LettuceConnectionFactory.java:1527)
	at org.springframework.data.redis.connection.lettuce.LettuceConnectionFactory$SharedConnection.getConnection(LettuceConnectionFactory.java:1563)
	at org.springframework.data.redis.connection.lettuce.LettuceConnectionFactory.getSharedReactiveConnection(LettuceConnectionFactory.java:1274)
	at org.springframework.data.redis.connection.lettuce.LettuceConnectionFactory.getReactiveConnection(LettuceConnectionFactory.java:1149)
	at org.springframework.data.redis.connection.lettuce.LettuceConnectionFactory.getReactiveConnection(LettuceConnectionFactory.java:120)
	at reactor.core.publisher.MonoSupplier.call(MonoSupplier.java:67)
	at reactor.core.publisher.MonoCallableOnAssembly.call(MonoCallableOnAssembly.java:91)
	at reactor.core.publisher.FluxSubscribeOnCallable$CallableSubscribeOnSubscription.run(FluxSubscribeOnCallable.java:228)
	at reactor.core.scheduler.SchedulerTask.call(SchedulerTask.java:68)
	at reactor.core.scheduler.SchedulerTask.call(SchedulerTask.java:28)
	at java.base/java.util.concurrent.FutureTask.run$$$capture(FutureTask.java:264)
	at java.base/java.util.concurrent.FutureTask.run(FutureTask.java)
	at java.base/java.util.concurrent.ScheduledThreadPoolExecutor$ScheduledFutureTask.run(ScheduledThreadPoolExecutor.java:304)
	at java.base/java.util.concurrent.ThreadPoolExecutor.runWorker(ThreadPoolExecutor.java:1136)
	at java.base/java.util.concurrent.ThreadPoolExecutor$Worker.run(ThreadPoolExecutor.java:635)
	at java.base/java.lang.Thread.run(Thread.java:833)
Caused by: io.lettuce.core.RedisConnectionException: Cannot connect to a Redis Sentinel: [redis://redis-sentinel.redis.svc.cluster.local:26379?timeout=500000000ns]
	at io.lettuce.core.RedisConnectionException.create(RedisConnectionException.java:57)
	at io.lettuce.core.RedisConnectionException.create(RedisConnectionException.java:41)
	at io.lettuce.core.AbstractRedisClient.getConnection(AbstractRedisClient.java:354)
	at io.lettuce.core.RedisClient.connect(RedisClient.java:220)
	at org.springframework.data.redis.connection.lettuce.StandaloneConnectionProvider.lambda$getConnection$1(StandaloneConnectionProvider.java:112)
	at java.base/java.util.Optional.orElseGet(Optional.java:364)
	at org.springframework.data.redis.connection.lettuce.StandaloneConnectionProvider.getConnection(StandaloneConnectionProvider.java:112)
	at org.springframework.data.redis.connection.lettuce.LettucePoolingConnectionProvider.lambda$getConnection$0(LettucePoolingConnectionProvider.java:96)
	at io.lettuce.core.support.ConnectionPoolSupport$RedisPooledObjectFactory.create(ConnectionPoolSupport.java:270)
	at io.lettuce.core.support.ConnectionPoolSupport$RedisPooledObjectFactory.create(ConnectionPoolSupport.java:257)
	at org.apache.commons.pool2.BasePooledObjectFactory.makeObject(BasePooledObjectFactory.java:68)
	at org.apache.commons.pool2.impl.GenericObjectPool.create(GenericObjectPool.java:557)
	at org.apache.commons.pool2.impl.GenericObjectPool.ensureIdle(GenericObjectPool.java:630)
	at org.apache.commons.pool2.impl.GenericObjectPool.ensureMinIdle(GenericObjectPool.java:652)
	at org.apache.commons.pool2.impl.GenericObjectPool.preparePool(GenericObjectPool.java:970)
	at org.springframework.data.redis.connection.lettuce.LettucePoolingConnectionProvider.lambda$getConnection$1(LettucePoolingConnectionProvider.java:99)
	... 21 common frames omitted
Caused by: io.lettuce.core.RedisConnectionException: Cannot connect Redis Sentinel at redis://redis-sentinel.redis.svc.cluster.local:26379?timeout=500000000ns
	at io.lettuce.core.RedisClient.lambda$connectSentinelAsync$6(RedisClient.java:533)
	Suppressed: reactor.core.publisher.FluxOnAssembly$OnAssemblyException: 
Assembly trace from producer [reactor.core.publisher.MonoError] :

Error has been observed at the following site(s):
	*__Mono.onErrorMap ⇢ at io.lettuce.core.RedisClient.connectSentinelAsync(RedisClient.java:533)
	|_  Mono.doOnError ⇢ at io.lettuce.core.RedisClient.connectSentinelAsync(RedisClient.java:534)
Original Stack Trace:
		at io.lettuce.core.RedisClient.lambda$connectSentinelAsync$6(RedisClient.java:533)
		at reactor.core.publisher.Mono.lambda$onErrorMap$29(Mono.java:3862)
		at reactor.core.publisher.FluxOnErrorResume$ResumeSubscriber.onError(FluxOnErrorResume.java:94)
		at reactor.core.publisher.FluxOnErrorResume$ResumeSubscriber.onError(FluxOnErrorResume.java:106)
		at reactor.core.publisher.Operators.error(Operators.java:198)
		at reactor.core.publisher.MonoError.subscribe(MonoError.java:53)
		at reactor.core.publisher.Mono.subscribe(Mono.java:4576)
		at reactor.core.publisher.FluxOnErrorResume$ResumeSubscriber.onError(FluxOnErrorResume.java:103)
		at reactor.core.publisher.MonoCompletionStage$MonoCompletionStageSubscription.apply(MonoCompletionStage.java:115)
		at reactor.core.publisher.MonoCompletionStage$MonoCompletionStageSubscription.apply(MonoCompletionStage.java:67)
		at java.base/java.util.concurrent.CompletableFuture.uniHandle(CompletableFuture.java:934)
		at java.base/java.util.concurrent.CompletableFuture$UniHandle.tryFire(CompletableFuture.java:911)
		at java.base/java.util.concurrent.CompletableFuture.postComplete(CompletableFuture.java:510)
		at java.base/java.util.concurrent.CompletableFuture.completeExceptionally(CompletableFuture.java:2162)
		at io.lettuce.core.AbstractRedisClient.lambda$initializeChannelAsync0$6(AbstractRedisClient.java:458)
		at io.netty.util.concurrent.DefaultPromise.notifyListener0(DefaultPromise.java:603)
		at io.netty.util.concurrent.DefaultPromise.notifyListenersNow(DefaultPromise.java:570)
		at io.netty.util.concurrent.DefaultPromise.notifyListeners(DefaultPromise.java:505)
		at io.netty.util.concurrent.DefaultPromise.setValue0(DefaultPromise.java:649)
		at io.netty.util.concurrent.DefaultPromise.setFailure0(DefaultPromise.java:642)
		at io.netty.util.concurrent.DefaultPromise.setFailure(DefaultPromise.java:123)
		at io.netty.channel.DefaultChannelPromise.setFailure(DefaultChannelPromise.java:89)
		at io.netty.bootstrap.Bootstrap.doResolveAndConnect0(Bootstrap.java:228)
		at io.netty.bootstrap.Bootstrap.access$000(Bootstrap.java:47)
		at io.netty.bootstrap.Bootstrap$1.operationComplete(Bootstrap.java:189)
		at io.netty.bootstrap.Bootstrap$1.operationComplete(Bootstrap.java:175)
		at io.netty.util.concurrent.DefaultPromise.notifyListener0(DefaultPromise.java:603)
		at io.netty.util.concurrent.DefaultPromise.notifyListenersNow(DefaultPromise.java:570)
		at io.netty.util.concurrent.DefaultPromise.notifyListeners(DefaultPromise.java:505)
		at io.netty.util.concurrent.DefaultPromise.setValue0(DefaultPromise.java:649)
		at io.netty.util.concurrent.DefaultPromise.setSuccess0(DefaultPromise.java:638)
		at io.netty.util.concurrent.DefaultPromise.trySuccess(DefaultPromise.java:118)
		at io.netty.channel.DefaultChannelPromise.trySuccess(DefaultChannelPromise.java:84)
		at io.netty.channel.AbstractChannel$AbstractUnsafe.safeSetSuccess(AbstractChannel.java:988)
		at io.netty.channel.AbstractChannel$AbstractUnsafe.register0(AbstractChannel.java:515)
		at io.netty.channel.AbstractChannel$AbstractUnsafe.access$200(AbstractChannel.java:428)
		at io.netty.channel.AbstractChannel$AbstractUnsafe$1.run(AbstractChannel.java:485)
		at io.netty.util.concurrent.AbstractEventExecutor.runTask$$$capture(AbstractEventExecutor.java:173)
		at io.netty.util.concurrent.AbstractEventExecutor.runTask(AbstractEventExecutor.java)
		at io.netty.util.concurrent.AbstractEventExecutor.safeExecute$$$capture(AbstractEventExecutor.java:166)
		at io.netty.util.concurrent.AbstractEventExecutor.safeExecute(AbstractEventExecutor.java)
		at io.netty.util.concurrent.SingleThreadEventExecutor.runAllTasks(SingleThreadEventExecutor.java:472)
		at io.netty.channel.nio.NioEventLoop.run(NioEventLoop.java:569)
		at io.netty.util.concurrent.SingleThreadEventExecutor$4.run(SingleThreadEventExecutor.java:998)
		at io.netty.util.internal.ThreadExecutorMap$2.run(ThreadExecutorMap.java:74)
		at io.netty.util.concurrent.FastThreadLocalRunnable.run(FastThreadLocalRunnable.java:30)
		at java.base/java.lang.Thread.run(Thread.java:833)
Caused by: java.net.UnknownHostException: No such host is known (redis-sentinel.redis.svc.cluster.local)
	at java.base/java.net.Inet6AddressImpl.lookupAllHostAddr(Native Method)
	Suppressed: reactor.core.publisher.FluxOnAssembly$OnAssemblyException: 
Assembly trace from producer [reactor.core.publisher.MonoCompletionStage] :
	reactor.core.publisher.Mono.toFuture(Mono.java:5153)
	io.lettuce.core.RedisClient.connectSentinelAsync(RedisClient.java:562)
Error has been observed at the following site(s):
	*______________________________________________Mono.toFuture ⇢ at io.lettuce.core.RedisClient.connectSentinelAsync(RedisClient.java:562)
	*___________________________________Mono.fromCompletionStage ⇢ at io.lettuce.core.RedisClient.connectSentinelAsync(RedisClient.java:531)
	|_                                           Mono.onErrorMap ⇢ at io.lettuce.core.RedisClient.connectSentinelAsync(RedisClient.java:532)
	*__MonoCompletionStage$MonoCompletionStageSubscription.apply ⇢ at java.base/java.util.concurrent.CompletableFuture.uniHandle(CompletableFuture.java:934)
Original Stack Trace:
		at java.base/java.net.Inet6AddressImpl.lookupAllHostAddr(Native Method)
		at java.base/java.net.Inet6AddressImpl.lookupAllHostAddr(Inet6AddressImpl.java:52)
		at java.base/java.net.InetAddress$PlatformResolver.lookupByName(InetAddress.java:1048)
		at java.base/java.net.InetAddress.getAddressesFromNameService(InetAddress.java:1648)
		at java.base/java.net.InetAddress$NameServiceAddresses.get(InetAddress.java:997)
		at java.base/java.net.InetAddress.getAllByName0(InetAddress.java:1638)
		at java.base/java.net.InetAddress.getAllByName(InetAddress.java:1504)
		at java.base/java.net.InetAddress.getByName(InetAddress.java:1393)
		at io.netty.util.internal.SocketUtils$8.run(SocketUtils.java:156)
		at io.netty.util.internal.SocketUtils$8.run(SocketUtils.java:153)
		at java.base/java.security.AccessController.doPrivileged(AccessController.java:569)
		at io.netty.util.internal.SocketUtils.addressByName(SocketUtils.java:153)
		at io.netty.resolver.DefaultNameResolver.doResolve(DefaultNameResolver.java:41)
		at io.netty.resolver.SimpleNameResolver.resolve(SimpleNameResolver.java:61)
		at io.netty.resolver.SimpleNameResolver.resolve(SimpleNameResolver.java:53)
		at io.netty.resolver.InetSocketAddressResolver.doResolve(InetSocketAddressResolver.java:55)
		at io.netty.resolver.InetSocketAddressResolver.doResolve(InetSocketAddressResolver.java:31)
		at io.netty.resolver.AbstractAddressResolver.resolve(AbstractAddressResolver.java:106)
		at io.netty.bootstrap.Bootstrap.doResolveAndConnect0(Bootstrap.java:220)
		at io.netty.bootstrap.Bootstrap.access$000(Bootstrap.java:47)
		at io.netty.bootstrap.Bootstrap$1.operationComplete(Bootstrap.java:189)
		at io.netty.bootstrap.Bootstrap$1.operationComplete(Bootstrap.java:175)
		at io.netty.util.concurrent.DefaultPromise.notifyListener0(DefaultPromise.java:603)
		at io.netty.util.concurrent.DefaultPromise.notifyListenersNow(DefaultPromise.java:570)
		at io.netty.util.concurrent.DefaultPromise.notifyListeners(DefaultPromise.java:505)
		at io.netty.util.concurrent.DefaultPromise.setValue0(DefaultPromise.java:649)
		at io.netty.util.concurrent.DefaultPromise.setSuccess0(DefaultPromise.java:638)
		at io.netty.util.concurrent.DefaultPromise.trySuccess(DefaultPromise.java:118)
		at io.netty.channel.DefaultChannelPromise.trySuccess(DefaultChannelPromise.java:84)
		at io.netty.channel.AbstractChannel$AbstractUnsafe.safeSetSuccess(AbstractChannel.java:988)
		at io.netty.channel.AbstractChannel$AbstractUnsafe.register0(AbstractChannel.java:515)
		at io.netty.channel.AbstractChannel$AbstractUnsafe.access$200(AbstractChannel.java:428)
		at io.netty.channel.AbstractChannel$AbstractUnsafe$1.run(AbstractChannel.java:485)
		at io.netty.util.concurrent.AbstractEventExecutor.runTask$$$capture(AbstractEventExecutor.java:173)
		at io.netty.util.concurrent.AbstractEventExecutor.runTask(AbstractEventExecutor.java)
		at io.netty.util.concurrent.AbstractEventExecutor.safeExecute$$$capture(AbstractEventExecutor.java:166)
		at io.netty.util.concurrent.AbstractEventExecutor.safeExecute(AbstractEventExecutor.java)
		at io.netty.util.concurrent.SingleThreadEventExecutor.runAllTasks(SingleThreadEventExecutor.java:472)
		at io.netty.channel.nio.NioEventLoop.run(NioEventLoop.java:569)
		at io.netty.util.concurrent.SingleThreadEventExecutor$4.run(SingleThreadEventExecutor.java:998)
		at io.netty.util.internal.ThreadExecutorMap$2.run(ThreadExecutorMap.java:74)
		at io.netty.util.concurrent.FastThreadLocalRunnable.run(FastThreadLocalRunnable.java:30)
		at java.base/java.lang.Thread.run(Thread.java:833)
2026-04-07 21:22:21.210 WARN  [HikariPool-1:housekeeper] com.zaxxer.hikari.pool.HikariPool - HikariPool-1 - Thread starvation or clock leap detected (housekeeper delta=1m19s289ms557µs300ns).
2026-04-07 21:22:23.797 WARN  [org.springframework.jms.JmsListenerEndpointContainer#0-1] o.s.j.l.DefaultMessageListenerContainer - Setup of JMS message listener invoker failed for destination 'hr.create.user.queue' - trying to recover. Cause: java.io.EOFException
2026-04-07 21:25:43.903 WARN  [HikariPool-1:housekeeper] com.zaxxer.hikari.pool.HikariPool - HikariPool-1 - Thread starvation or clock leap detected (housekeeper delta=2m52s181ms333µs900ns).
2026-04-07 21:25:43.915 WARN  [org.springframework.jms.JmsListenerEndpointContainer#0-2] o.s.j.l.DefaultMessageListenerContainer - Setup of JMS message listener invoker failed for destination 'hr.create.user.queue' - trying to recover. Cause: java.io.EOFException
2026-04-07 21:26:13.876 WARN  [main] org.hibernate.orm.deprecation - HHH90000025: OracleDialect does not need to be specified explicitly using 'hibernate.dialect' (remove the property setting and it will be selected by default)
2026-04-07 21:26:16.680 WARN  [main] o.s.b.a.o.j.JpaBaseConfiguration$JpaWebConfiguration - spring.jpa.open-in-view is enabled by default. Therefore, database queries may be performed during view rendering. Explicitly configure spring.jpa.open-in-view to disable this warning
2026-04-07 21:26:21.895 WARN  [lettuce-nioEventLoop-6-1] io.lettuce.core.RedisClient - Cannot connect Redis Sentinel at redis://redis-sentinel.redis.svc.cluster.local:26379?timeout=500000000ns: java.util.concurrent.CompletionException: java.net.UnknownHostException: No such host is known (redis-sentinel.redis.svc.cluster.local)
2026-04-07 21:26:21.904 WARN  [boundedElastic-1] o.s.b.a.d.r.RedisReactiveHealthIndicator - Redis health check failed
org.springframework.data.redis.RedisConnectionFailureException: Unable to connect to Redis
	at org.springframework.data.redis.connection.lettuce.LettuceConnectionFactory$ExceptionTranslatingConnectionProvider.translateException(LettuceConnectionFactory.java:1858)
	Suppressed: reactor.core.publisher.FluxOnAssembly$OnAssemblyException: 
Assembly trace from producer [reactor.core.publisher.MonoSubscribeOnCallable] :
	reactor.core.publisher.Mono.subscribeOn(Mono.java:4625)
	org.springframework.boot.actuate.data.redis.RedisReactiveHealthIndicator.getConnection(RedisReactiveHealthIndicator.java:57)
Error has been observed at the following site(s):
	*__Mono.subscribeOn ⇢ at org.springframework.boot.actuate.data.redis.RedisReactiveHealthIndicator.getConnection(RedisReactiveHealthIndicator.java:57)
	|_     Mono.flatMap ⇢ at org.springframework.boot.actuate.data.redis.RedisReactiveHealthIndicator.doHealthCheck(RedisReactiveHealthIndicator.java:52)
Original Stack Trace:
		at org.springframework.data.redis.connection.lettuce.LettuceConnectionFactory$ExceptionTranslatingConnectionProvider.translateException(LettuceConnectionFactory.java:1858)
		at org.springframework.data.redis.connection.lettuce.LettuceConnectionFactory$ExceptionTranslatingConnectionProvider.getConnection(LettuceConnectionFactory.java:1789)
		at org.springframework.data.redis.connection.lettuce.LettuceConnectionFactory$SharedConnection.getNativeConnection(LettuceConnectionFactory.java:1586)
		at org.springframework.data.redis.connection.lettuce.LettuceConnectionFactory$SharedConnection.lambda$getConnection$0(LettuceConnectionFactory.java:1566)
		at org.springframework.data.redis.connection.lettuce.LettuceConnectionFactory.doInLock(LettuceConnectionFactory.java:1527)
		at org.springframework.data.redis.connection.lettuce.LettuceConnectionFactory$SharedConnection.getConnection(LettuceConnectionFactory.java:1563)
		at org.springframework.data.redis.connection.lettuce.LettuceConnectionFactory.getSharedReactiveConnection(LettuceConnectionFactory.java:1274)
		at org.springframework.data.redis.connection.lettuce.LettuceConnectionFactory.getReactiveConnection(LettuceConnectionFactory.java:1149)
		at org.springframework.data.redis.connection.lettuce.LettuceConnectionFactory.getReactiveConnection(LettuceConnectionFactory.java:120)
		at reactor.core.publisher.MonoSupplier.call(MonoSupplier.java:67)
		at reactor.core.publisher.FluxSubscribeOnCallable$CallableSubscribeOnSubscription.run(FluxSubscribeOnCallable.java:228)
		at reactor.core.scheduler.SchedulerTask.call(SchedulerTask.java:68)
		at reactor.core.scheduler.SchedulerTask.call(SchedulerTask.java:28)
		at java.base/java.util.concurrent.FutureTask.run$$$capture(FutureTask.java:264)
		at java.base/java.util.concurrent.FutureTask.run(FutureTask.java)
		at java.base/java.util.concurrent.ScheduledThreadPoolExecutor$ScheduledFutureTask.run(ScheduledThreadPoolExecutor.java:304)
		at java.base/java.util.concurrent.ThreadPoolExecutor.runWorker(ThreadPoolExecutor.java:1136)
		at java.base/java.util.concurrent.ThreadPoolExecutor$Worker.run(ThreadPoolExecutor.java:635)
		at java.base/java.lang.Thread.run(Thread.java:833)
Caused by: org.springframework.data.redis.connection.PoolException: Could not prepare the pool
	at org.springframework.data.redis.connection.lettuce.LettucePoolingConnectionProvider.lambda$getConnection$1(LettucePoolingConnectionProvider.java:101)
	at java.base/java.util.concurrent.ConcurrentHashMap.computeIfAbsent(ConcurrentHashMap.java:1708)
	at org.springframework.data.redis.connection.lettuce.LettucePoolingConnectionProvider.getConnection(LettucePoolingConnectionProvider.java:93)
	at org.springframework.data.redis.connection.lettuce.LettuceConnectionFactory$ExceptionTranslatingConnectionProvider.getConnection(LettuceConnectionFactory.java:1787)
	at org.springframework.data.redis.connection.lettuce.LettuceConnectionFactory$SharedConnection.getNativeConnection(LettuceConnectionFactory.java:1586)
	at org.springframework.data.redis.connection.lettuce.LettuceConnectionFactory$SharedConnection.lambda$getConnection$0(LettuceConnectionFactory.java:1566)
	at org.springframework.data.redis.connection.lettuce.LettuceConnectionFactory.doInLock(LettuceConnectionFactory.java:1527)
	at org.springframework.data.redis.connection.lettuce.LettuceConnectionFactory$SharedConnection.getConnection(LettuceConnectionFactory.java:1563)
	at org.springframework.data.redis.connection.lettuce.LettuceConnectionFactory.getSharedReactiveConnection(LettuceConnectionFactory.java:1274)
	at org.springframework.data.redis.connection.lettuce.LettuceConnectionFactory.getReactiveConnection(LettuceConnectionFactory.java:1149)
	at org.springframework.data.redis.connection.lettuce.LettuceConnectionFactory.getReactiveConnection(LettuceConnectionFactory.java:120)
	at reactor.core.publisher.MonoSupplier.call(MonoSupplier.java:67)
	at reactor.core.publisher.MonoCallableOnAssembly.call(MonoCallableOnAssembly.java:91)
	at reactor.core.publisher.FluxSubscribeOnCallable$CallableSubscribeOnSubscription.run(FluxSubscribeOnCallable.java:228)
	at reactor.core.scheduler.SchedulerTask.call(SchedulerTask.java:68)
	at reactor.core.scheduler.SchedulerTask.call(SchedulerTask.java:28)
	at java.base/java.util.concurrent.FutureTask.run$$$capture(FutureTask.java:264)
	at java.base/java.util.concurrent.FutureTask.run(FutureTask.java)
	at java.base/java.util.concurrent.ScheduledThreadPoolExecutor$ScheduledFutureTask.run(ScheduledThreadPoolExecutor.java:304)
	at java.base/java.util.concurrent.ThreadPoolExecutor.runWorker(ThreadPoolExecutor.java:1136)
	at java.base/java.util.concurrent.ThreadPoolExecutor$Worker.run(ThreadPoolExecutor.java:635)
	at java.base/java.lang.Thread.run(Thread.java:833)
Caused by: io.lettuce.core.RedisConnectionException: Cannot connect to a Redis Sentinel: [redis://redis-sentinel.redis.svc.cluster.local:26379?timeout=500000000ns]
	at io.lettuce.core.RedisConnectionException.create(RedisConnectionException.java:57)
	at io.lettuce.core.RedisConnectionException.create(RedisConnectionException.java:41)
	at io.lettuce.core.AbstractRedisClient.getConnection(AbstractRedisClient.java:354)
	at io.lettuce.core.RedisClient.connect(RedisClient.java:220)
	at org.springframework.data.redis.connection.lettuce.StandaloneConnectionProvider.lambda$getConnection$1(StandaloneConnectionProvider.java:112)
	at java.base/java.util.Optional.orElseGet(Optional.java:364)
	at org.springframework.data.redis.connection.lettuce.StandaloneConnectionProvider.getConnection(StandaloneConnectionProvider.java:112)
	at org.springframework.data.redis.connection.lettuce.LettucePoolingConnectionProvider.lambda$getConnection$0(LettucePoolingConnectionProvider.java:96)
	at io.lettuce.core.support.ConnectionPoolSupport$RedisPooledObjectFactory.create(ConnectionPoolSupport.java:270)
	at io.lettuce.core.support.ConnectionPoolSupport$RedisPooledObjectFactory.create(ConnectionPoolSupport.java:257)
	at org.apache.commons.pool2.BasePooledObjectFactory.makeObject(BasePooledObjectFactory.java:68)
	at org.apache.commons.pool2.impl.GenericObjectPool.create(GenericObjectPool.java:557)
	at org.apache.commons.pool2.impl.GenericObjectPool.ensureIdle(GenericObjectPool.java:630)
	at org.apache.commons.pool2.impl.GenericObjectPool.ensureMinIdle(GenericObjectPool.java:652)
	at org.apache.commons.pool2.impl.GenericObjectPool.preparePool(GenericObjectPool.java:970)
	at org.springframework.data.redis.connection.lettuce.LettucePoolingConnectionProvider.lambda$getConnection$1(LettucePoolingConnectionProvider.java:99)
	... 21 common frames omitted
Caused by: io.lettuce.core.RedisConnectionException: Cannot connect Redis Sentinel at redis://redis-sentinel.redis.svc.cluster.local:26379?timeout=500000000ns
	at io.lettuce.core.RedisClient.lambda$connectSentinelAsync$6(RedisClient.java:533)
	Suppressed: reactor.core.publisher.FluxOnAssembly$OnAssemblyException: 
Assembly trace from producer [reactor.core.publisher.MonoError] :

Error has been observed at the following site(s):
	*__Mono.onErrorMap ⇢ at io.lettuce.core.RedisClient.connectSentinelAsync(RedisClient.java:533)
	|_  Mono.doOnError ⇢ at io.lettuce.core.RedisClient.connectSentinelAsync(RedisClient.java:534)
Original Stack Trace:
		at io.lettuce.core.RedisClient.lambda$connectSentinelAsync$6(RedisClient.java:533)
		at reactor.core.publisher.Mono.lambda$onErrorMap$29(Mono.java:3862)
		at reactor.core.publisher.FluxOnErrorResume$ResumeSubscriber.onError(FluxOnErrorResume.java:94)
		at reactor.core.publisher.FluxOnErrorResume$ResumeSubscriber.onError(FluxOnErrorResume.java:106)
		at reactor.core.publisher.Operators.error(Operators.java:198)
		at reactor.core.publisher.MonoError.subscribe(MonoError.java:53)
		at reactor.core.publisher.Mono.subscribe(Mono.java:4576)
		at reactor.core.publisher.FluxOnErrorResume$ResumeSubscriber.onError(FluxOnErrorResume.java:103)
		at reactor.core.publisher.MonoCompletionStage$MonoCompletionStageSubscription.apply(MonoCompletionStage.java:115)
		at reactor.core.publisher.MonoCompletionStage$MonoCompletionStageSubscription.apply(MonoCompletionStage.java:67)
		at java.base/java.util.concurrent.CompletableFuture.uniHandle(CompletableFuture.java:934)
		at java.base/java.util.concurrent.CompletableFuture$UniHandle.tryFire(CompletableFuture.java:911)
		at java.base/java.util.concurrent.CompletableFuture.postComplete(CompletableFuture.java:510)
		at java.base/java.util.concurrent.CompletableFuture.completeExceptionally(CompletableFuture.java:2162)
		at io.lettuce.core.AbstractRedisClient.lambda$initializeChannelAsync0$6(AbstractRedisClient.java:458)
		at io.netty.util.concurrent.DefaultPromise.notifyListener0(DefaultPromise.java:603)
		at io.netty.util.concurrent.DefaultPromise.notifyListenersNow(DefaultPromise.java:570)
		at io.netty.util.concurrent.DefaultPromise.notifyListeners(DefaultPromise.java:505)
		at io.netty.util.concurrent.DefaultPromise.setValue0(DefaultPromise.java:649)
		at io.netty.util.concurrent.DefaultPromise.setFailure0(DefaultPromise.java:642)
		at io.netty.util.concurrent.DefaultPromise.setFailure(DefaultPromise.java:123)
		at io.netty.channel.DefaultChannelPromise.setFailure(DefaultChannelPromise.java:89)
		at io.netty.bootstrap.Bootstrap.doResolveAndConnect0(Bootstrap.java:228)
		at io.netty.bootstrap.Bootstrap.access$000(Bootstrap.java:47)
		at io.netty.bootstrap.Bootstrap$1.operationComplete(Bootstrap.java:189)
		at io.netty.bootstrap.Bootstrap$1.operationComplete(Bootstrap.java:175)
		at io.netty.util.concurrent.DefaultPromise.notifyListener0(DefaultPromise.java:603)
		at io.netty.util.concurrent.DefaultPromise.notifyListenersNow(DefaultPromise.java:570)
		at io.netty.util.concurrent.DefaultPromise.notifyListeners(DefaultPromise.java:505)
		at io.netty.util.concurrent.DefaultPromise.setValue0(DefaultPromise.java:649)
		at io.netty.util.concurrent.DefaultPromise.setSuccess0(DefaultPromise.java:638)
		at io.netty.util.concurrent.DefaultPromise.trySuccess(DefaultPromise.java:118)
		at io.netty.channel.DefaultChannelPromise.trySuccess(DefaultChannelPromise.java:84)
		at io.netty.channel.AbstractChannel$AbstractUnsafe.safeSetSuccess(AbstractChannel.java:988)
		at io.netty.channel.AbstractChannel$AbstractUnsafe.register0(AbstractChannel.java:515)
		at io.netty.channel.AbstractChannel$AbstractUnsafe.access$200(AbstractChannel.java:428)
		at io.netty.channel.AbstractChannel$AbstractUnsafe$1.run(AbstractChannel.java:485)
		at io.netty.util.concurrent.AbstractEventExecutor.runTask$$$capture(AbstractEventExecutor.java:173)
		at io.netty.util.concurrent.AbstractEventExecutor.runTask(AbstractEventExecutor.java)
		at io.netty.util.concurrent.AbstractEventExecutor.safeExecute$$$capture(AbstractEventExecutor.java:166)
		at io.netty.util.concurrent.AbstractEventExecutor.safeExecute(AbstractEventExecutor.java)
		at io.netty.util.concurrent.SingleThreadEventExecutor.runAllTasks(SingleThreadEventExecutor.java:472)
		at io.netty.channel.nio.NioEventLoop.run(NioEventLoop.java:569)
		at io.netty.util.concurrent.SingleThreadEventExecutor$4.run(SingleThreadEventExecutor.java:998)
		at io.netty.util.internal.ThreadExecutorMap$2.run(ThreadExecutorMap.java:74)
		at io.netty.util.concurrent.FastThreadLocalRunnable.run(FastThreadLocalRunnable.java:30)
		at java.base/java.lang.Thread.run(Thread.java:833)
Caused by: java.net.UnknownHostException: No such host is known (redis-sentinel.redis.svc.cluster.local)
	at java.base/java.net.Inet6AddressImpl.lookupAllHostAddr(Native Method)
	Suppressed: reactor.core.publisher.FluxOnAssembly$OnAssemblyException: 
Assembly trace from producer [reactor.core.publisher.MonoCompletionStage] :
	reactor.core.publisher.Mono.toFuture(Mono.java:5153)
	io.lettuce.core.RedisClient.connectSentinelAsync(RedisClient.java:562)
Error has been observed at the following site(s):
	*______________________________________________Mono.toFuture ⇢ at io.lettuce.core.RedisClient.connectSentinelAsync(RedisClient.java:562)
	*___________________________________Mono.fromCompletionStage ⇢ at io.lettuce.core.RedisClient.connectSentinelAsync(RedisClient.java:531)
	|_                                           Mono.onErrorMap ⇢ at io.lettuce.core.RedisClient.connectSentinelAsync(RedisClient.java:532)
	*__MonoCompletionStage$MonoCompletionStageSubscription.apply ⇢ at java.base/java.util.concurrent.CompletableFuture.uniHandle(CompletableFuture.java:934)
Original Stack Trace:
		at java.base/java.net.Inet6AddressImpl.lookupAllHostAddr(Native Method)
		at java.base/java.net.Inet6AddressImpl.lookupAllHostAddr(Inet6AddressImpl.java:52)
		at java.base/java.net.InetAddress$PlatformResolver.lookupByName(InetAddress.java:1048)
		at java.base/java.net.InetAddress.getAddressesFromNameService(InetAddress.java:1648)
		at java.base/java.net.InetAddress$NameServiceAddresses.get(InetAddress.java:997)
		at java.base/java.net.InetAddress.getAllByName0(InetAddress.java:1638)
		at java.base/java.net.InetAddress.getAllByName(InetAddress.java:1504)
		at java.base/java.net.InetAddress.getByName(InetAddress.java:1393)
		at io.netty.util.internal.SocketUtils$8.run(SocketUtils.java:156)
		at io.netty.util.internal.SocketUtils$8.run(SocketUtils.java:153)
		at java.base/java.security.AccessController.doPrivileged(AccessController.java:569)
		at io.netty.util.internal.SocketUtils.addressByName(SocketUtils.java:153)
		at io.netty.resolver.DefaultNameResolver.doResolve(DefaultNameResolver.java:41)
		at io.netty.resolver.SimpleNameResolver.resolve(SimpleNameResolver.java:61)
		at io.netty.resolver.SimpleNameResolver.resolve(SimpleNameResolver.java:53)
		at io.netty.resolver.InetSocketAddressResolver.doResolve(InetSocketAddressResolver.java:55)
		at io.netty.resolver.InetSocketAddressResolver.doResolve(InetSocketAddressResolver.java:31)
		at io.netty.resolver.AbstractAddressResolver.resolve(AbstractAddressResolver.java:106)
		at io.netty.bootstrap.Bootstrap.doResolveAndConnect0(Bootstrap.java:220)
		at io.netty.bootstrap.Bootstrap.access$000(Bootstrap.java:47)
		at io.netty.bootstrap.Bootstrap$1.operationComplete(Bootstrap.java:189)
		at io.netty.bootstrap.Bootstrap$1.operationComplete(Bootstrap.java:175)
		at io.netty.util.concurrent.DefaultPromise.notifyListener0(DefaultPromise.java:603)
		at io.netty.util.concurrent.DefaultPromise.notifyListenersNow(DefaultPromise.java:570)
		at io.netty.util.concurrent.DefaultPromise.notifyListeners(DefaultPromise.java:505)
		at io.netty.util.concurrent.DefaultPromise.setValue0(DefaultPromise.java:649)
		at io.netty.util.concurrent.DefaultPromise.setSuccess0(DefaultPromise.java:638)
		at io.netty.util.concurrent.DefaultPromise.trySuccess(DefaultPromise.java:118)
		at io.netty.channel.DefaultChannelPromise.trySuccess(DefaultChannelPromise.java:84)
		at io.netty.channel.AbstractChannel$AbstractUnsafe.safeSetSuccess(AbstractChannel.java:988)
		at io.netty.channel.AbstractChannel$AbstractUnsafe.register0(AbstractChannel.java:515)
		at io.netty.channel.AbstractChannel$AbstractUnsafe.access$200(AbstractChannel.java:428)
		at io.netty.channel.AbstractChannel$AbstractUnsafe$1.run(AbstractChannel.java:485)
		at io.netty.util.concurrent.AbstractEventExecutor.runTask$$$capture(AbstractEventExecutor.java:173)
		at io.netty.util.concurrent.AbstractEventExecutor.runTask(AbstractEventExecutor.java)
		at io.netty.util.concurrent.AbstractEventExecutor.safeExecute$$$capture(AbstractEventExecutor.java:166)
		at io.netty.util.concurrent.AbstractEventExecutor.safeExecute(AbstractEventExecutor.java)
		at io.netty.util.concurrent.SingleThreadEventExecutor.runAllTasks(SingleThreadEventExecutor.java:472)
		at io.netty.channel.nio.NioEventLoop.run(NioEventLoop.java:569)
		at io.netty.util.concurrent.SingleThreadEventExecutor$4.run(SingleThreadEventExecutor.java:998)
		at io.netty.util.internal.ThreadExecutorMap$2.run(ThreadExecutorMap.java:74)
		at io.netty.util.concurrent.FastThreadLocalRunnable.run(FastThreadLocalRunnable.java:30)
		at java.base/java.lang.Thread.run(Thread.java:833)
2026-04-07 21:28:00.322 WARN  [HikariPool-1:housekeeper] com.zaxxer.hikari.pool.HikariPool - HikariPool-1 - Thread starvation or clock leap detected (housekeeper delta=1m10s139ms264µs100ns).
2026-04-07 21:28:00.332 WARN  [org.springframework.jms.JmsListenerEndpointContainer#0-1] o.s.j.l.DefaultMessageListenerContainer - Setup of JMS message listener invoker failed for destination 'hr.create.user.queue' - trying to recover. Cause: java.io.EOFException
2026-04-07 21:57:32.582 WARN  [main] org.hibernate.orm.deprecation - HHH90000025: OracleDialect does not need to be specified explicitly using 'hibernate.dialect' (remove the property setting and it will be selected by default)
2026-04-07 21:57:34.804 WARN  [main] o.s.b.a.o.j.JpaBaseConfiguration$JpaWebConfiguration - spring.jpa.open-in-view is enabled by default. Therefore, database queries may be performed during view rendering. Explicitly configure spring.jpa.open-in-view to disable this warning
2026-04-07 21:59:33.644 WARN  [HikariPool-1:housekeeper] com.zaxxer.hikari.pool.HikariPool - HikariPool-1 - Thread starvation or clock leap detected (housekeeper delta=1m30s447ms281µs900ns).
2026-04-07 21:59:33.672 WARN  [org.springframework.jms.JmsListenerEndpointContainer#0-1] o.s.j.l.DefaultMessageListenerContainer - Setup of JMS message listener invoker failed for destination 'hr.create.user.queue' - trying to recover. Cause: java.io.EOFException
2026-04-07 21:59:48.532 WARN  [main] org.hibernate.orm.deprecation - HHH90000025: OracleDialect does not need to be specified explicitly using 'hibernate.dialect' (remove the property setting and it will be selected by default)
2026-04-07 21:59:50.579 WARN  [main] o.s.b.a.o.j.JpaBaseConfiguration$JpaWebConfiguration - spring.jpa.open-in-view is enabled by default. Therefore, database queries may be performed during view rendering. Explicitly configure spring.jpa.open-in-view to disable this warning
2026-04-07 21:59:53.186 WARN  [lettuce-nioEventLoop-6-1] io.lettuce.core.RedisClient - Cannot connect Redis Sentinel at redis://redis-sentinel.redis.svc.cluster.local:26379?timeout=500000000ns: java.util.concurrent.CompletionException: java.net.UnknownHostException: No such host is known (redis-sentinel.redis.svc.cluster.local)
2026-04-07 21:59:53.197 WARN  [boundedElastic-1] o.s.b.a.d.r.RedisReactiveHealthIndicator - Redis health check failed
org.springframework.data.redis.RedisConnectionFailureException: Unable to connect to Redis
	at org.springframework.data.redis.connection.lettuce.LettuceConnectionFactory$ExceptionTranslatingConnectionProvider.translateException(LettuceConnectionFactory.java:1858)
	Suppressed: reactor.core.publisher.FluxOnAssembly$OnAssemblyException: 
Assembly trace from producer [reactor.core.publisher.MonoSubscribeOnCallable] :
	reactor.core.publisher.Mono.subscribeOn(Mono.java:4625)
	org.springframework.boot.actuate.data.redis.RedisReactiveHealthIndicator.getConnection(RedisReactiveHealthIndicator.java:57)
Error has been observed at the following site(s):
	*__Mono.subscribeOn ⇢ at org.springframework.boot.actuate.data.redis.RedisReactiveHealthIndicator.getConnection(RedisReactiveHealthIndicator.java:57)
	|_     Mono.flatMap ⇢ at org.springframework.boot.actuate.data.redis.RedisReactiveHealthIndicator.doHealthCheck(RedisReactiveHealthIndicator.java:52)
Original Stack Trace:
		at org.springframework.data.redis.connection.lettuce.LettuceConnectionFactory$ExceptionTranslatingConnectionProvider.translateException(LettuceConnectionFactory.java:1858)
		at org.springframework.data.redis.connection.lettuce.LettuceConnectionFactory$ExceptionTranslatingConnectionProvider.getConnection(LettuceConnectionFactory.java:1789)
		at org.springframework.data.redis.connection.lettuce.LettuceConnectionFactory$SharedConnection.getNativeConnection(LettuceConnectionFactory.java:1586)
		at org.springframework.data.redis.connection.lettuce.LettuceConnectionFactory$SharedConnection.lambda$getConnection$0(LettuceConnectionFactory.java:1566)
		at org.springframework.data.redis.connection.lettuce.LettuceConnectionFactory.doInLock(LettuceConnectionFactory.java:1527)
		at org.springframework.data.redis.connection.lettuce.LettuceConnectionFactory$SharedConnection.getConnection(LettuceConnectionFactory.java:1563)
		at org.springframework.data.redis.connection.lettuce.LettuceConnectionFactory.getSharedReactiveConnection(LettuceConnectionFactory.java:1274)
		at org.springframework.data.redis.connection.lettuce.LettuceConnectionFactory.getReactiveConnection(LettuceConnectionFactory.java:1149)
		at org.springframework.data.redis.connection.lettuce.LettuceConnectionFactory.getReactiveConnection(LettuceConnectionFactory.java:120)
		at reactor.core.publisher.MonoSupplier.call(MonoSupplier.java:67)
		at reactor.core.publisher.FluxSubscribeOnCallable$CallableSubscribeOnSubscription.run(FluxSubscribeOnCallable.java:228)
		at reactor.core.scheduler.SchedulerTask.call(SchedulerTask.java:68)
		at reactor.core.scheduler.SchedulerTask.call(SchedulerTask.java:28)
		at java.base/java.util.concurrent.FutureTask.run$$$capture(FutureTask.java:264)
		at java.base/java.util.concurrent.FutureTask.run(FutureTask.java)
		at java.base/java.util.concurrent.ScheduledThreadPoolExecutor$ScheduledFutureTask.run(ScheduledThreadPoolExecutor.java:304)
		at java.base/java.util.concurrent.ThreadPoolExecutor.runWorker(ThreadPoolExecutor.java:1136)
		at java.base/java.util.concurrent.ThreadPoolExecutor$Worker.run(ThreadPoolExecutor.java:635)
		at java.base/java.lang.Thread.run(Thread.java:833)
Caused by: org.springframework.data.redis.connection.PoolException: Could not prepare the pool
	at org.springframework.data.redis.connection.lettuce.LettucePoolingConnectionProvider.lambda$getConnection$1(LettucePoolingConnectionProvider.java:101)
	at java.base/java.util.concurrent.ConcurrentHashMap.computeIfAbsent(ConcurrentHashMap.java:1708)
	at org.springframework.data.redis.connection.lettuce.LettucePoolingConnectionProvider.getConnection(LettucePoolingConnectionProvider.java:93)
	at org.springframework.data.redis.connection.lettuce.LettuceConnectionFactory$ExceptionTranslatingConnectionProvider.getConnection(LettuceConnectionFactory.java:1787)
	at org.springframework.data.redis.connection.lettuce.LettuceConnectionFactory$SharedConnection.getNativeConnection(LettuceConnectionFactory.java:1586)
	at org.springframework.data.redis.connection.lettuce.LettuceConnectionFactory$SharedConnection.lambda$getConnection$0(LettuceConnectionFactory.java:1566)
	at org.springframework.data.redis.connection.lettuce.LettuceConnectionFactory.doInLock(LettuceConnectionFactory.java:1527)
	at org.springframework.data.redis.connection.lettuce.LettuceConnectionFactory$SharedConnection.getConnection(LettuceConnectionFactory.java:1563)
	at org.springframework.data.redis.connection.lettuce.LettuceConnectionFactory.getSharedReactiveConnection(LettuceConnectionFactory.java:1274)
	at org.springframework.data.redis.connection.lettuce.LettuceConnectionFactory.getReactiveConnection(LettuceConnectionFactory.java:1149)
	at org.springframework.data.redis.connection.lettuce.LettuceConnectionFactory.getReactiveConnection(LettuceConnectionFactory.java:120)
	at reactor.core.publisher.MonoSupplier.call(MonoSupplier.java:67)
	at reactor.core.publisher.MonoCallableOnAssembly.call(MonoCallableOnAssembly.java:91)
	at reactor.core.publisher.FluxSubscribeOnCallable$CallableSubscribeOnSubscription.run(FluxSubscribeOnCallable.java:228)
	at reactor.core.scheduler.SchedulerTask.call(SchedulerTask.java:68)
	at reactor.core.scheduler.SchedulerTask.call(SchedulerTask.java:28)
	at java.base/java.util.concurrent.FutureTask.run$$$capture(FutureTask.java:264)
	at java.base/java.util.concurrent.FutureTask.run(FutureTask.java)
	at java.base/java.util.concurrent.ScheduledThreadPoolExecutor$ScheduledFutureTask.run(ScheduledThreadPoolExecutor.java:304)
	at java.base/java.util.concurrent.ThreadPoolExecutor.runWorker(ThreadPoolExecutor.java:1136)
	at java.base/java.util.concurrent.ThreadPoolExecutor$Worker.run(ThreadPoolExecutor.java:635)
	at java.base/java.lang.Thread.run(Thread.java:833)
Caused by: io.lettuce.core.RedisConnectionException: Cannot connect to a Redis Sentinel: [redis://redis-sentinel.redis.svc.cluster.local:26379?timeout=500000000ns]
	at io.lettuce.core.RedisConnectionException.create(RedisConnectionException.java:57)
	at io.lettuce.core.RedisConnectionException.create(RedisConnectionException.java:41)
	at io.lettuce.core.AbstractRedisClient.getConnection(AbstractRedisClient.java:354)
	at io.lettuce.core.RedisClient.connect(RedisClient.java:220)
	at org.springframework.data.redis.connection.lettuce.StandaloneConnectionProvider.lambda$getConnection$1(StandaloneConnectionProvider.java:112)
	at java.base/java.util.Optional.orElseGet(Optional.java:364)
	at org.springframework.data.redis.connection.lettuce.StandaloneConnectionProvider.getConnection(StandaloneConnectionProvider.java:112)
	at org.springframework.data.redis.connection.lettuce.LettucePoolingConnectionProvider.lambda$getConnection$0(LettucePoolingConnectionProvider.java:96)
	at io.lettuce.core.support.ConnectionPoolSupport$RedisPooledObjectFactory.create(ConnectionPoolSupport.java:270)
	at io.lettuce.core.support.ConnectionPoolSupport$RedisPooledObjectFactory.create(ConnectionPoolSupport.java:257)
	at org.apache.commons.pool2.BasePooledObjectFactory.makeObject(BasePooledObjectFactory.java:68)
	at org.apache.commons.pool2.impl.GenericObjectPool.create(GenericObjectPool.java:557)
	at org.apache.commons.pool2.impl.GenericObjectPool.ensureIdle(GenericObjectPool.java:630)
	at org.apache.commons.pool2.impl.GenericObjectPool.ensureMinIdle(GenericObjectPool.java:652)
	at org.apache.commons.pool2.impl.GenericObjectPool.preparePool(GenericObjectPool.java:970)
	at org.springframework.data.redis.connection.lettuce.LettucePoolingConnectionProvider.lambda$getConnection$1(LettucePoolingConnectionProvider.java:99)
	... 21 common frames omitted
Caused by: io.lettuce.core.RedisConnectionException: Cannot connect Redis Sentinel at redis://redis-sentinel.redis.svc.cluster.local:26379?timeout=500000000ns
	at io.lettuce.core.RedisClient.lambda$connectSentinelAsync$6(RedisClient.java:533)
	Suppressed: reactor.core.publisher.FluxOnAssembly$OnAssemblyException: 
Assembly trace from producer [reactor.core.publisher.MonoError] :

Error has been observed at the following site(s):
	*__Mono.onErrorMap ⇢ at io.lettuce.core.RedisClient.connectSentinelAsync(RedisClient.java:533)
	|_  Mono.doOnError ⇢ at io.lettuce.core.RedisClient.connectSentinelAsync(RedisClient.java:534)
Original Stack Trace:
		at io.lettuce.core.RedisClient.lambda$connectSentinelAsync$6(RedisClient.java:533)
		at reactor.core.publisher.Mono.lambda$onErrorMap$29(Mono.java:3862)
		at reactor.core.publisher.FluxOnErrorResume$ResumeSubscriber.onError(FluxOnErrorResume.java:94)
		at reactor.core.publisher.FluxOnErrorResume$ResumeSubscriber.onError(FluxOnErrorResume.java:106)
		at reactor.core.publisher.Operators.error(Operators.java:198)
		at reactor.core.publisher.MonoError.subscribe(MonoError.java:53)
		at reactor.core.publisher.Mono.subscribe(Mono.java:4576)
		at reactor.core.publisher.FluxOnErrorResume$ResumeSubscriber.onError(FluxOnErrorResume.java:103)
		at reactor.core.publisher.MonoCompletionStage$MonoCompletionStageSubscription.apply(MonoCompletionStage.java:115)
		at reactor.core.publisher.MonoCompletionStage$MonoCompletionStageSubscription.apply(MonoCompletionStage.java:67)
		at java.base/java.util.concurrent.CompletableFuture.uniHandle(CompletableFuture.java:934)
		at java.base/java.util.concurrent.CompletableFuture$UniHandle.tryFire(CompletableFuture.java:911)
		at java.base/java.util.concurrent.CompletableFuture.postComplete(CompletableFuture.java:510)
		at java.base/java.util.concurrent.CompletableFuture.completeExceptionally(CompletableFuture.java:2162)
		at io.lettuce.core.AbstractRedisClient.lambda$initializeChannelAsync0$6(AbstractRedisClient.java:458)
		at io.netty.util.concurrent.DefaultPromise.notifyListener0(DefaultPromise.java:603)
		at io.netty.util.concurrent.DefaultPromise.notifyListenersNow(DefaultPromise.java:570)
		at io.netty.util.concurrent.DefaultPromise.notifyListeners(DefaultPromise.java:505)
		at io.netty.util.concurrent.DefaultPromise.setValue0(DefaultPromise.java:649)
		at io.netty.util.concurrent.DefaultPromise.setFailure0(DefaultPromise.java:642)
		at io.netty.util.concurrent.DefaultPromise.setFailure(DefaultPromise.java:123)
		at io.netty.channel.DefaultChannelPromise.setFailure(DefaultChannelPromise.java:89)
		at io.netty.bootstrap.Bootstrap.doResolveAndConnect0(Bootstrap.java:228)
		at io.netty.bootstrap.Bootstrap.access$000(Bootstrap.java:47)
		at io.netty.bootstrap.Bootstrap$1.operationComplete(Bootstrap.java:189)
		at io.netty.bootstrap.Bootstrap$1.operationComplete(Bootstrap.java:175)
		at io.netty.util.concurrent.DefaultPromise.notifyListener0(DefaultPromise.java:603)
		at io.netty.util.concurrent.DefaultPromise.notifyListenersNow(DefaultPromise.java:570)
		at io.netty.util.concurrent.DefaultPromise.notifyListeners(DefaultPromise.java:505)
		at io.netty.util.concurrent.DefaultPromise.setValue0(DefaultPromise.java:649)
		at io.netty.util.concurrent.DefaultPromise.setSuccess0(DefaultPromise.java:638)
		at io.netty.util.concurrent.DefaultPromise.trySuccess(DefaultPromise.java:118)
		at io.netty.channel.DefaultChannelPromise.trySuccess(DefaultChannelPromise.java:84)
		at io.netty.channel.AbstractChannel$AbstractUnsafe.safeSetSuccess(AbstractChannel.java:988)
		at io.netty.channel.AbstractChannel$AbstractUnsafe.register0(AbstractChannel.java:515)
		at io.netty.channel.AbstractChannel$AbstractUnsafe.access$200(AbstractChannel.java:428)
		at io.netty.channel.AbstractChannel$AbstractUnsafe$1.run(AbstractChannel.java:485)
		at io.netty.util.concurrent.AbstractEventExecutor.runTask$$$capture(AbstractEventExecutor.java:173)
		at io.netty.util.concurrent.AbstractEventExecutor.runTask(AbstractEventExecutor.java)
		at io.netty.util.concurrent.AbstractEventExecutor.safeExecute$$$capture(AbstractEventExecutor.java:166)
		at io.netty.util.concurrent.AbstractEventExecutor.safeExecute(AbstractEventExecutor.java)
		at io.netty.util.concurrent.SingleThreadEventExecutor.runAllTasks(SingleThreadEventExecutor.java:472)
		at io.netty.channel.nio.NioEventLoop.run(NioEventLoop.java:569)
		at io.netty.util.concurrent.SingleThreadEventExecutor$4.run(SingleThreadEventExecutor.java:998)
		at io.netty.util.internal.ThreadExecutorMap$2.run(ThreadExecutorMap.java:74)
		at io.netty.util.concurrent.FastThreadLocalRunnable.run(FastThreadLocalRunnable.java:30)
		at java.base/java.lang.Thread.run(Thread.java:833)
Caused by: java.net.UnknownHostException: No such host is known (redis-sentinel.redis.svc.cluster.local)
	at java.base/java.net.Inet6AddressImpl.lookupAllHostAddr(Native Method)
	Suppressed: reactor.core.publisher.FluxOnAssembly$OnAssemblyException: 
Assembly trace from producer [reactor.core.publisher.MonoCompletionStage] :
	reactor.core.publisher.Mono.toFuture(Mono.java:5153)
	io.lettuce.core.RedisClient.connectSentinelAsync(RedisClient.java:562)
Error has been observed at the following site(s):
	*______________________________________________Mono.toFuture ⇢ at io.lettuce.core.RedisClient.connectSentinelAsync(RedisClient.java:562)
	*___________________________________Mono.fromCompletionStage ⇢ at io.lettuce.core.RedisClient.connectSentinelAsync(RedisClient.java:531)
	|_                                           Mono.onErrorMap ⇢ at io.lettuce.core.RedisClient.connectSentinelAsync(RedisClient.java:532)
	*__MonoCompletionStage$MonoCompletionStageSubscription.apply ⇢ at java.base/java.util.concurrent.CompletableFuture.uniHandle(CompletableFuture.java:934)
Original Stack Trace:
		at java.base/java.net.Inet6AddressImpl.lookupAllHostAddr(Native Method)
		at java.base/java.net.Inet6AddressImpl.lookupAllHostAddr(Inet6AddressImpl.java:52)
		at java.base/java.net.InetAddress$PlatformResolver.lookupByName(InetAddress.java:1048)
		at java.base/java.net.InetAddress.getAddressesFromNameService(InetAddress.java:1648)
		at java.base/java.net.InetAddress$NameServiceAddresses.get(InetAddress.java:997)
		at java.base/java.net.InetAddress.getAllByName0(InetAddress.java:1638)
		at java.base/java.net.InetAddress.getAllByName(InetAddress.java:1504)
		at java.base/java.net.InetAddress.getByName(InetAddress.java:1393)
		at io.netty.util.internal.SocketUtils$8.run(SocketUtils.java:156)
		at io.netty.util.internal.SocketUtils$8.run(SocketUtils.java:153)
		at java.base/java.security.AccessController.doPrivileged(AccessController.java:569)
		at io.netty.util.internal.SocketUtils.addressByName(SocketUtils.java:153)
		at io.netty.resolver.DefaultNameResolver.doResolve(DefaultNameResolver.java:41)
		at io.netty.resolver.SimpleNameResolver.resolve(SimpleNameResolver.java:61)
		at io.netty.resolver.SimpleNameResolver.resolve(SimpleNameResolver.java:53)
		at io.netty.resolver.InetSocketAddressResolver.doResolve(InetSocketAddressResolver.java:55)
		at io.netty.resolver.InetSocketAddressResolver.doResolve(InetSocketAddressResolver.java:31)
		at io.netty.resolver.AbstractAddressResolver.resolve(AbstractAddressResolver.java:106)
		at io.netty.bootstrap.Bootstrap.doResolveAndConnect0(Bootstrap.java:220)
		at io.netty.bootstrap.Bootstrap.access$000(Bootstrap.java:47)
		at io.netty.bootstrap.Bootstrap$1.operationComplete(Bootstrap.java:189)
		at io.netty.bootstrap.Bootstrap$1.operationComplete(Bootstrap.java:175)
		at io.netty.util.concurrent.DefaultPromise.notifyListener0(DefaultPromise.java:603)
		at io.netty.util.concurrent.DefaultPromise.notifyListenersNow(DefaultPromise.java:570)
		at io.netty.util.concurrent.DefaultPromise.notifyListeners(DefaultPromise.java:505)
		at io.netty.util.concurrent.DefaultPromise.setValue0(DefaultPromise.java:649)
		at io.netty.util.concurrent.DefaultPromise.setSuccess0(DefaultPromise.java:638)
		at io.netty.util.concurrent.DefaultPromise.trySuccess(DefaultPromise.java:118)
		at io.netty.channel.DefaultChannelPromise.trySuccess(DefaultChannelPromise.java:84)
		at io.netty.channel.AbstractChannel$AbstractUnsafe.safeSetSuccess(AbstractChannel.java:988)
		at io.netty.channel.AbstractChannel$AbstractUnsafe.register0(AbstractChannel.java:515)
		at io.netty.channel.AbstractChannel$AbstractUnsafe.access$200(AbstractChannel.java:428)
		at io.netty.channel.AbstractChannel$AbstractUnsafe$1.run(AbstractChannel.java:485)
		at io.netty.util.concurrent.AbstractEventExecutor.runTask$$$capture(AbstractEventExecutor.java:173)
		at io.netty.util.concurrent.AbstractEventExecutor.runTask(AbstractEventExecutor.java)
		at io.netty.util.concurrent.AbstractEventExecutor.safeExecute$$$capture(AbstractEventExecutor.java:166)
		at io.netty.util.concurrent.AbstractEventExecutor.safeExecute(AbstractEventExecutor.java)
		at io.netty.util.concurrent.SingleThreadEventExecutor.runAllTasks(SingleThreadEventExecutor.java:472)
		at io.netty.channel.nio.NioEventLoop.run(NioEventLoop.java:569)
		at io.netty.util.concurrent.SingleThreadEventExecutor$4.run(SingleThreadEventExecutor.java:998)
		at io.netty.util.internal.ThreadExecutorMap$2.run(ThreadExecutorMap.java:74)
		at io.netty.util.concurrent.FastThreadLocalRunnable.run(FastThreadLocalRunnable.java:30)
		at java.base/java.lang.Thread.run(Thread.java:833)
2026-04-07 22:10:10.489 WARN  [main] org.hibernate.orm.deprecation - HHH90000025: OracleDialect does not need to be specified explicitly using 'hibernate.dialect' (remove the property setting and it will be selected by default)
2026-04-07 22:10:13.296 WARN  [main] o.s.b.a.o.j.JpaBaseConfiguration$JpaWebConfiguration - spring.jpa.open-in-view is enabled by default. Therefore, database queries may be performed during view rendering. Explicitly configure spring.jpa.open-in-view to disable this warning
2026-04-07 22:10:39.577 WARN  [lettuce-nioEventLoop-6-1] io.lettuce.core.RedisClient - Cannot connect Redis Sentinel at redis://redis-sentinel.redis.svc.cluster.local:26379?timeout=500000000ns: java.util.concurrent.CompletionException: java.net.UnknownHostException: No such host is known (redis-sentinel.redis.svc.cluster.local)
2026-04-07 22:10:39.590 WARN  [boundedElastic-1] o.s.b.a.d.r.RedisReactiveHealthIndicator - Redis health check failed
org.springframework.data.redis.RedisConnectionFailureException: Unable to connect to Redis
	at org.springframework.data.redis.connection.lettuce.LettuceConnectionFactory$ExceptionTranslatingConnectionProvider.translateException(LettuceConnectionFactory.java:1858)
	Suppressed: reactor.core.publisher.FluxOnAssembly$OnAssemblyException: 
Assembly trace from producer [reactor.core.publisher.MonoSubscribeOnCallable] :
	reactor.core.publisher.Mono.subscribeOn(Mono.java:4625)
	org.springframework.boot.actuate.data.redis.RedisReactiveHealthIndicator.getConnection(RedisReactiveHealthIndicator.java:57)
Error has been observed at the following site(s):
	*__Mono.subscribeOn ⇢ at org.springframework.boot.actuate.data.redis.RedisReactiveHealthIndicator.getConnection(RedisReactiveHealthIndicator.java:57)
	|_     Mono.flatMap ⇢ at org.springframework.boot.actuate.data.redis.RedisReactiveHealthIndicator.doHealthCheck(RedisReactiveHealthIndicator.java:52)
Original Stack Trace:
		at org.springframework.data.redis.connection.lettuce.LettuceConnectionFactory$ExceptionTranslatingConnectionProvider.translateException(LettuceConnectionFactory.java:1858)
		at org.springframework.data.redis.connection.lettuce.LettuceConnectionFactory$ExceptionTranslatingConnectionProvider.getConnection(LettuceConnectionFactory.java:1789)
		at org.springframework.data.redis.connection.lettuce.LettuceConnectionFactory$SharedConnection.getNativeConnection(LettuceConnectionFactory.java:1586)
		at org.springframework.data.redis.connection.lettuce.LettuceConnectionFactory$SharedConnection.lambda$getConnection$0(LettuceConnectionFactory.java:1566)
		at org.springframework.data.redis.connection.lettuce.LettuceConnectionFactory.doInLock(LettuceConnectionFactory.java:1527)
		at org.springframework.data.redis.connection.lettuce.LettuceConnectionFactory$SharedConnection.getConnection(LettuceConnectionFactory.java:1563)
		at org.springframework.data.redis.connection.lettuce.LettuceConnectionFactory.getSharedReactiveConnection(LettuceConnectionFactory.java:1274)
		at org.springframework.data.redis.connection.lettuce.LettuceConnectionFactory.getReactiveConnection(LettuceConnectionFactory.java:1149)
		at org.springframework.data.redis.connection.lettuce.LettuceConnectionFactory.getReactiveConnection(LettuceConnectionFactory.java:120)
		at reactor.core.publisher.MonoSupplier.call(MonoSupplier.java:67)
		at reactor.core.publisher.FluxSubscribeOnCallable$CallableSubscribeOnSubscription.run(FluxSubscribeOnCallable.java:228)
		at reactor.core.scheduler.SchedulerTask.call(SchedulerTask.java:68)
		at reactor.core.scheduler.SchedulerTask.call(SchedulerTask.java:28)
		at java.base/java.util.concurrent.FutureTask.run$$$capture(FutureTask.java:264)
		at java.base/java.util.concurrent.FutureTask.run(FutureTask.java)
		at java.base/java.util.concurrent.ScheduledThreadPoolExecutor$ScheduledFutureTask.run(ScheduledThreadPoolExecutor.java:304)
		at java.base/java.util.concurrent.ThreadPoolExecutor.runWorker(ThreadPoolExecutor.java:1136)
		at java.base/java.util.concurrent.ThreadPoolExecutor$Worker.run(ThreadPoolExecutor.java:635)
		at java.base/java.lang.Thread.run(Thread.java:833)
Caused by: org.springframework.data.redis.connection.PoolException: Could not prepare the pool
	at org.springframework.data.redis.connection.lettuce.LettucePoolingConnectionProvider.lambda$getConnection$1(LettucePoolingConnectionProvider.java:101)
	at java.base/java.util.concurrent.ConcurrentHashMap.computeIfAbsent(ConcurrentHashMap.java:1708)
	at org.springframework.data.redis.connection.lettuce.LettucePoolingConnectionProvider.getConnection(LettucePoolingConnectionProvider.java:93)
	at org.springframework.data.redis.connection.lettuce.LettuceConnectionFactory$ExceptionTranslatingConnectionProvider.getConnection(LettuceConnectionFactory.java:1787)
	at org.springframework.data.redis.connection.lettuce.LettuceConnectionFactory$SharedConnection.getNativeConnection(LettuceConnectionFactory.java:1586)
	at org.springframework.data.redis.connection.lettuce.LettuceConnectionFactory$SharedConnection.lambda$getConnection$0(LettuceConnectionFactory.java:1566)
	at org.springframework.data.redis.connection.lettuce.LettuceConnectionFactory.doInLock(LettuceConnectionFactory.java:1527)
	at org.springframework.data.redis.connection.lettuce.LettuceConnectionFactory$SharedConnection.getConnection(LettuceConnectionFactory.java:1563)
	at org.springframework.data.redis.connection.lettuce.LettuceConnectionFactory.getSharedReactiveConnection(LettuceConnectionFactory.java:1274)
	at org.springframework.data.redis.connection.lettuce.LettuceConnectionFactory.getReactiveConnection(LettuceConnectionFactory.java:1149)
	at org.springframework.data.redis.connection.lettuce.LettuceConnectionFactory.getReactiveConnection(LettuceConnectionFactory.java:120)
	at reactor.core.publisher.MonoSupplier.call(MonoSupplier.java:67)
	at reactor.core.publisher.MonoCallableOnAssembly.call(MonoCallableOnAssembly.java:91)
	at reactor.core.publisher.FluxSubscribeOnCallable$CallableSubscribeOnSubscription.run(FluxSubscribeOnCallable.java:228)
	at reactor.core.scheduler.SchedulerTask.call(SchedulerTask.java:68)
	at reactor.core.scheduler.SchedulerTask.call(SchedulerTask.java:28)
	at java.base/java.util.concurrent.FutureTask.run$$$capture(FutureTask.java:264)
	at java.base/java.util.concurrent.FutureTask.run(FutureTask.java)
	at java.base/java.util.concurrent.ScheduledThreadPoolExecutor$ScheduledFutureTask.run(ScheduledThreadPoolExecutor.java:304)
	at java.base/java.util.concurrent.ThreadPoolExecutor.runWorker(ThreadPoolExecutor.java:1136)
	at java.base/java.util.concurrent.ThreadPoolExecutor$Worker.run(ThreadPoolExecutor.java:635)
	at java.base/java.lang.Thread.run(Thread.java:833)
Caused by: io.lettuce.core.RedisConnectionException: Cannot connect to a Redis Sentinel: [redis://redis-sentinel.redis.svc.cluster.local:26379?timeout=500000000ns]
	at io.lettuce.core.RedisConnectionException.create(RedisConnectionException.java:57)
	at io.lettuce.core.RedisConnectionException.create(RedisConnectionException.java:41)
	at io.lettuce.core.AbstractRedisClient.getConnection(AbstractRedisClient.java:354)
	at io.lettuce.core.RedisClient.connect(RedisClient.java:220)
	at org.springframework.data.redis.connection.lettuce.StandaloneConnectionProvider.lambda$getConnection$1(StandaloneConnectionProvider.java:112)
	at java.base/java.util.Optional.orElseGet(Optional.java:364)
	at org.springframework.data.redis.connection.lettuce.StandaloneConnectionProvider.getConnection(StandaloneConnectionProvider.java:112)
	at org.springframework.data.redis.connection.lettuce.LettucePoolingConnectionProvider.lambda$getConnection$0(LettucePoolingConnectionProvider.java:96)
	at io.lettuce.core.support.ConnectionPoolSupport$RedisPooledObjectFactory.create(ConnectionPoolSupport.java:270)
	at io.lettuce.core.support.ConnectionPoolSupport$RedisPooledObjectFactory.create(ConnectionPoolSupport.java:257)
	at org.apache.commons.pool2.BasePooledObjectFactory.makeObject(BasePooledObjectFactory.java:68)
	at org.apache.commons.pool2.impl.GenericObjectPool.create(GenericObjectPool.java:557)
	at org.apache.commons.pool2.impl.GenericObjectPool.ensureIdle(GenericObjectPool.java:630)
	at org.apache.commons.pool2.impl.GenericObjectPool.ensureMinIdle(GenericObjectPool.java:652)
	at org.apache.commons.pool2.impl.GenericObjectPool.preparePool(GenericObjectPool.java:970)
	at org.springframework.data.redis.connection.lettuce.LettucePoolingConnectionProvider.lambda$getConnection$1(LettucePoolingConnectionProvider.java:99)
	... 21 common frames omitted
Caused by: io.lettuce.core.RedisConnectionException: Cannot connect Redis Sentinel at redis://redis-sentinel.redis.svc.cluster.local:26379?timeout=500000000ns
	at io.lettuce.core.RedisClient.lambda$connectSentinelAsync$6(RedisClient.java:533)
	Suppressed: reactor.core.publisher.FluxOnAssembly$OnAssemblyException: 
Assembly trace from producer [reactor.core.publisher.MonoError] :

Error has been observed at the following site(s):
	*__Mono.onErrorMap ⇢ at io.lettuce.core.RedisClient.connectSentinelAsync(RedisClient.java:533)
	|_  Mono.doOnError ⇢ at io.lettuce.core.RedisClient.connectSentinelAsync(RedisClient.java:534)
Original Stack Trace:
		at io.lettuce.core.RedisClient.lambda$connectSentinelAsync$6(RedisClient.java:533)
		at reactor.core.publisher.Mono.lambda$onErrorMap$29(Mono.java:3862)
		at reactor.core.publisher.FluxOnErrorResume$ResumeSubscriber.onError(FluxOnErrorResume.java:94)
		at reactor.core.publisher.FluxOnErrorResume$ResumeSubscriber.onError(FluxOnErrorResume.java:106)
		at reactor.core.publisher.Operators.error(Operators.java:198)
		at reactor.core.publisher.MonoError.subscribe(MonoError.java:53)
		at reactor.core.publisher.Mono.subscribe(Mono.java:4576)
		at reactor.core.publisher.FluxOnErrorResume$ResumeSubscriber.onError(FluxOnErrorResume.java:103)
		at reactor.core.publisher.MonoCompletionStage$MonoCompletionStageSubscription.apply(MonoCompletionStage.java:115)
		at reactor.core.publisher.MonoCompletionStage$MonoCompletionStageSubscription.apply(MonoCompletionStage.java:67)
		at java.base/java.util.concurrent.CompletableFuture.uniHandle(CompletableFuture.java:934)
		at java.base/java.util.concurrent.CompletableFuture$UniHandle.tryFire(CompletableFuture.java:911)
		at java.base/java.util.concurrent.CompletableFuture.postComplete(CompletableFuture.java:510)
		at java.base/java.util.concurrent.CompletableFuture.completeExceptionally(CompletableFuture.java:2162)
		at io.lettuce.core.AbstractRedisClient.lambda$initializeChannelAsync0$6(AbstractRedisClient.java:458)
		at io.netty.util.concurrent.DefaultPromise.notifyListener0(DefaultPromise.java:603)
		at io.netty.util.concurrent.DefaultPromise.notifyListenersNow(DefaultPromise.java:570)
		at io.netty.util.concurrent.DefaultPromise.notifyListeners(DefaultPromise.java:505)
		at io.netty.util.concurrent.DefaultPromise.setValue0(DefaultPromise.java:649)
		at io.netty.util.concurrent.DefaultPromise.setFailure0(DefaultPromise.java:642)
		at io.netty.util.concurrent.DefaultPromise.setFailure(DefaultPromise.java:123)
		at io.netty.channel.DefaultChannelPromise.setFailure(DefaultChannelPromise.java:89)
		at io.netty.bootstrap.Bootstrap.doResolveAndConnect0(Bootstrap.java:228)
		at io.netty.bootstrap.Bootstrap.access$000(Bootstrap.java:47)
		at io.netty.bootstrap.Bootstrap$1.operationComplete(Bootstrap.java:189)
		at io.netty.bootstrap.Bootstrap$1.operationComplete(Bootstrap.java:175)
		at io.netty.util.concurrent.DefaultPromise.notifyListener0(DefaultPromise.java:603)
		at io.netty.util.concurrent.DefaultPromise.notifyListenersNow(DefaultPromise.java:570)
		at io.netty.util.concurrent.DefaultPromise.notifyListeners(DefaultPromise.java:505)
		at io.netty.util.concurrent.DefaultPromise.setValue0(DefaultPromise.java:649)
		at io.netty.util.concurrent.DefaultPromise.setSuccess0(DefaultPromise.java:638)
		at io.netty.util.concurrent.DefaultPromise.trySuccess(DefaultPromise.java:118)
		at io.netty.channel.DefaultChannelPromise.trySuccess(DefaultChannelPromise.java:84)
		at io.netty.channel.AbstractChannel$AbstractUnsafe.safeSetSuccess(AbstractChannel.java:988)
		at io.netty.channel.AbstractChannel$AbstractUnsafe.register0(AbstractChannel.java:515)
		at io.netty.channel.AbstractChannel$AbstractUnsafe.access$200(AbstractChannel.java:428)
		at io.netty.channel.AbstractChannel$AbstractUnsafe$1.run(AbstractChannel.java:485)
		at io.netty.util.concurrent.AbstractEventExecutor.runTask$$$capture(AbstractEventExecutor.java:173)
		at io.netty.util.concurrent.AbstractEventExecutor.runTask(AbstractEventExecutor.java)
		at io.netty.util.concurrent.AbstractEventExecutor.safeExecute$$$capture(AbstractEventExecutor.java:166)
		at io.netty.util.concurrent.AbstractEventExecutor.safeExecute(AbstractEventExecutor.java)
		at io.netty.util.concurrent.SingleThreadEventExecutor.runAllTasks(SingleThreadEventExecutor.java:472)
		at io.netty.channel.nio.NioEventLoop.run(NioEventLoop.java:569)
		at io.netty.util.concurrent.SingleThreadEventExecutor$4.run(SingleThreadEventExecutor.java:998)
		at io.netty.util.internal.ThreadExecutorMap$2.run(ThreadExecutorMap.java:74)
		at io.netty.util.concurrent.FastThreadLocalRunnable.run(FastThreadLocalRunnable.java:30)
		at java.base/java.lang.Thread.run(Thread.java:833)
Caused by: java.net.UnknownHostException: No such host is known (redis-sentinel.redis.svc.cluster.local)
	at java.base/java.net.Inet6AddressImpl.lookupAllHostAddr(Native Method)
	Suppressed: reactor.core.publisher.FluxOnAssembly$OnAssemblyException: 
Assembly trace from producer [reactor.core.publisher.MonoCompletionStage] :
	reactor.core.publisher.Mono.toFuture(Mono.java:5153)
	io.lettuce.core.RedisClient.connectSentinelAsync(RedisClient.java:562)
Error has been observed at the following site(s):
	*______________________________________________Mono.toFuture ⇢ at io.lettuce.core.RedisClient.connectSentinelAsync(RedisClient.java:562)
	*___________________________________Mono.fromCompletionStage ⇢ at io.lettuce.core.RedisClient.connectSentinelAsync(RedisClient.java:531)
	|_                                           Mono.onErrorMap ⇢ at io.lettuce.core.RedisClient.connectSentinelAsync(RedisClient.java:532)
	*__MonoCompletionStage$MonoCompletionStageSubscription.apply ⇢ at java.base/java.util.concurrent.CompletableFuture.uniHandle(CompletableFuture.java:934)
Original Stack Trace:
		at java.base/java.net.Inet6AddressImpl.lookupAllHostAddr(Native Method)
		at java.base/java.net.Inet6AddressImpl.lookupAllHostAddr(Inet6AddressImpl.java:52)
		at java.base/java.net.InetAddress$PlatformResolver.lookupByName(InetAddress.java:1048)
		at java.base/java.net.InetAddress.getAddressesFromNameService(InetAddress.java:1648)
		at java.base/java.net.InetAddress$NameServiceAddresses.get(InetAddress.java:997)
		at java.base/java.net.InetAddress.getAllByName0(InetAddress.java:1638)
		at java.base/java.net.InetAddress.getAllByName(InetAddress.java:1504)
		at java.base/java.net.InetAddress.getByName(InetAddress.java:1393)
		at io.netty.util.internal.SocketUtils$8.run(SocketUtils.java:156)
		at io.netty.util.internal.SocketUtils$8.run(SocketUtils.java:153)
		at java.base/java.security.AccessController.doPrivileged(AccessController.java:569)
		at io.netty.util.internal.SocketUtils.addressByName(SocketUtils.java:153)
		at io.netty.resolver.DefaultNameResolver.doResolve(DefaultNameResolver.java:41)
		at io.netty.resolver.SimpleNameResolver.resolve(SimpleNameResolver.java:61)
		at io.netty.resolver.SimpleNameResolver.resolve(SimpleNameResolver.java:53)
		at io.netty.resolver.InetSocketAddressResolver.doResolve(InetSocketAddressResolver.java:55)
		at io.netty.resolver.InetSocketAddressResolver.doResolve(InetSocketAddressResolver.java:31)
		at io.netty.resolver.AbstractAddressResolver.resolve(AbstractAddressResolver.java:106)
		at io.netty.bootstrap.Bootstrap.doResolveAndConnect0(Bootstrap.java:220)
		at io.netty.bootstrap.Bootstrap.access$000(Bootstrap.java:47)
		at io.netty.bootstrap.Bootstrap$1.operationComplete(Bootstrap.java:189)
		at io.netty.bootstrap.Bootstrap$1.operationComplete(Bootstrap.java:175)
		at io.netty.util.concurrent.DefaultPromise.notifyListener0(DefaultPromise.java:603)
		at io.netty.util.concurrent.DefaultPromise.notifyListenersNow(DefaultPromise.java:570)
		at io.netty.util.concurrent.DefaultPromise.notifyListeners(DefaultPromise.java:505)
		at io.netty.util.concurrent.DefaultPromise.setValue0(DefaultPromise.java:649)
		at io.netty.util.concurrent.DefaultPromise.setSuccess0(DefaultPromise.java:638)
		at io.netty.util.concurrent.DefaultPromise.trySuccess(DefaultPromise.java:118)
		at io.netty.channel.DefaultChannelPromise.trySuccess(DefaultChannelPromise.java:84)
		at io.netty.channel.AbstractChannel$AbstractUnsafe.safeSetSuccess(AbstractChannel.java:988)
		at io.netty.channel.AbstractChannel$AbstractUnsafe.register0(AbstractChannel.java:515)
		at io.netty.channel.AbstractChannel$AbstractUnsafe.access$200(AbstractChannel.java:428)
		at io.netty.channel.AbstractChannel$AbstractUnsafe$1.run(AbstractChannel.java:485)
		at io.netty.util.concurrent.AbstractEventExecutor.runTask$$$capture(AbstractEventExecutor.java:173)
		at io.netty.util.concurrent.AbstractEventExecutor.runTask(AbstractEventExecutor.java)
		at io.netty.util.concurrent.AbstractEventExecutor.safeExecute$$$capture(AbstractEventExecutor.java:166)
		at io.netty.util.concurrent.AbstractEventExecutor.safeExecute(AbstractEventExecutor.java)
		at io.netty.util.concurrent.SingleThreadEventExecutor.runAllTasks(SingleThreadEventExecutor.java:472)
		at io.netty.channel.nio.NioEventLoop.run(NioEventLoop.java:569)
		at io.netty.util.concurrent.SingleThreadEventExecutor$4.run(SingleThreadEventExecutor.java:998)
		at io.netty.util.internal.ThreadExecutorMap$2.run(ThreadExecutorMap.java:74)
		at io.netty.util.concurrent.FastThreadLocalRunnable.run(FastThreadLocalRunnable.java:30)
		at java.base/java.lang.Thread.run(Thread.java:833)
2026-04-07 22:12:38.139 WARN  [HikariPool-1:housekeeper] com.zaxxer.hikari.pool.HikariPool - HikariPool-1 - Thread starvation or clock leap detected (housekeeper delta=1m58s350ms616µs500ns).
2026-04-07 22:12:42.210 WARN  [org.springframework.jms.JmsListenerEndpointContainer#0-1] o.s.j.l.DefaultMessageListenerContainer - Setup of JMS message listener invoker failed for destination 'hr.create.user.queue' - trying to recover. Cause: java.io.EOFException
2026-04-07 22:13:25.166 WARN  [HikariPool-1:housekeeper] com.zaxxer.hikari.pool.HikariPool - HikariPool-1 - Thread starvation or clock leap detected (housekeeper delta=47s26ms72µs900ns).
2026-04-07 22:13:25.170 WARN  [org.springframework.jms.JmsListenerEndpointContainer#0-2] o.s.j.l.DefaultMessageListenerContainer - Setup of JMS message listener invoker failed for destination 'hr.create.user.queue' - trying to recover. Cause: java.io.EOFException
2026-04-07 22:14:23.423 WARN  [HikariPool-1:housekeeper] com.zaxxer.hikari.pool.HikariPool - HikariPool-1 - Thread starvation or clock leap detected (housekeeper delta=58s257ms952µs600ns).
2026-04-07 22:14:41.654 WARN  [main] org.hibernate.orm.deprecation - HHH90000025: OracleDialect does not need to be specified explicitly using 'hibernate.dialect' (remove the property setting and it will be selected by default)
2026-04-07 22:14:43.892 WARN  [main] o.s.b.a.o.j.JpaBaseConfiguration$JpaWebConfiguration - spring.jpa.open-in-view is enabled by default. Therefore, database queries may be performed during view rendering. Explicitly configure spring.jpa.open-in-view to disable this warning
2026-04-07 22:14:46.376 WARN  [lettuce-nioEventLoop-6-1] io.lettuce.core.RedisClient - Cannot connect Redis Sentinel at redis://redis-sentinel.redis.svc.cluster.local:26379?timeout=500000000ns: java.util.concurrent.CompletionException: java.net.UnknownHostException: No such host is known (redis-sentinel.redis.svc.cluster.local)
2026-04-07 22:14:46.386 WARN  [boundedElastic-1] o.s.b.a.d.r.RedisReactiveHealthIndicator - Redis health check failed
org.springframework.data.redis.RedisConnectionFailureException: Unable to connect to Redis
	at org.springframework.data.redis.connection.lettuce.LettuceConnectionFactory$ExceptionTranslatingConnectionProvider.translateException(LettuceConnectionFactory.java:1858)
	Suppressed: reactor.core.publisher.FluxOnAssembly$OnAssemblyException: 
Assembly trace from producer [reactor.core.publisher.MonoSubscribeOnCallable] :
	reactor.core.publisher.Mono.subscribeOn(Mono.java:4625)
	org.springframework.boot.actuate.data.redis.RedisReactiveHealthIndicator.getConnection(RedisReactiveHealthIndicator.java:57)
Error has been observed at the following site(s):
	*__Mono.subscribeOn ⇢ at org.springframework.boot.actuate.data.redis.RedisReactiveHealthIndicator.getConnection(RedisReactiveHealthIndicator.java:57)
	|_     Mono.flatMap ⇢ at org.springframework.boot.actuate.data.redis.RedisReactiveHealthIndicator.doHealthCheck(RedisReactiveHealthIndicator.java:52)
Original Stack Trace:
		at org.springframework.data.redis.connection.lettuce.LettuceConnectionFactory$ExceptionTranslatingConnectionProvider.translateException(LettuceConnectionFactory.java:1858)
		at org.springframework.data.redis.connection.lettuce.LettuceConnectionFactory$ExceptionTranslatingConnectionProvider.getConnection(LettuceConnectionFactory.java:1789)
		at org.springframework.data.redis.connection.lettuce.LettuceConnectionFactory$SharedConnection.getNativeConnection(LettuceConnectionFactory.java:1586)
		at org.springframework.data.redis.connection.lettuce.LettuceConnectionFactory$SharedConnection.lambda$getConnection$0(LettuceConnectionFactory.java:1566)
		at org.springframework.data.redis.connection.lettuce.LettuceConnectionFactory.doInLock(LettuceConnectionFactory.java:1527)
		at org.springframework.data.redis.connection.lettuce.LettuceConnectionFactory$SharedConnection.getConnection(LettuceConnectionFactory.java:1563)
		at org.springframework.data.redis.connection.lettuce.LettuceConnectionFactory.getSharedReactiveConnection(LettuceConnectionFactory.java:1274)
		at org.springframework.data.redis.connection.lettuce.LettuceConnectionFactory.getReactiveConnection(LettuceConnectionFactory.java:1149)
		at org.springframework.data.redis.connection.lettuce.LettuceConnectionFactory.getReactiveConnection(LettuceConnectionFactory.java:120)
		at reactor.core.publisher.MonoSupplier.call(MonoSupplier.java:67)
		at reactor.core.publisher.FluxSubscribeOnCallable$CallableSubscribeOnSubscription.run(FluxSubscribeOnCallable.java:228)
		at reactor.core.scheduler.SchedulerTask.call(SchedulerTask.java:68)
		at reactor.core.scheduler.SchedulerTask.call(SchedulerTask.java:28)
		at java.base/java.util.concurrent.FutureTask.run$$$capture(FutureTask.java:264)
		at java.base/java.util.concurrent.FutureTask.run(FutureTask.java)
		at java.base/java.util.concurrent.ScheduledThreadPoolExecutor$ScheduledFutureTask.run(ScheduledThreadPoolExecutor.java:304)
		at java.base/java.util.concurrent.ThreadPoolExecutor.runWorker(ThreadPoolExecutor.java:1136)
		at java.base/java.util.concurrent.ThreadPoolExecutor$Worker.run(ThreadPoolExecutor.java:635)
		at java.base/java.lang.Thread.run(Thread.java:833)
Caused by: org.springframework.data.redis.connection.PoolException: Could not prepare the pool
	at org.springframework.data.redis.connection.lettuce.LettucePoolingConnectionProvider.lambda$getConnection$1(LettucePoolingConnectionProvider.java:101)
	at java.base/java.util.concurrent.ConcurrentHashMap.computeIfAbsent(ConcurrentHashMap.java:1708)
	at org.springframework.data.redis.connection.lettuce.LettucePoolingConnectionProvider.getConnection(LettucePoolingConnectionProvider.java:93)
	at org.springframework.data.redis.connection.lettuce.LettuceConnectionFactory$ExceptionTranslatingConnectionProvider.getConnection(LettuceConnectionFactory.java:1787)
	at org.springframework.data.redis.connection.lettuce.LettuceConnectionFactory$SharedConnection.getNativeConnection(LettuceConnectionFactory.java:1586)
	at org.springframework.data.redis.connection.lettuce.LettuceConnectionFactory$SharedConnection.lambda$getConnection$0(LettuceConnectionFactory.java:1566)
	at org.springframework.data.redis.connection.lettuce.LettuceConnectionFactory.doInLock(LettuceConnectionFactory.java:1527)
	at org.springframework.data.redis.connection.lettuce.LettuceConnectionFactory$SharedConnection.getConnection(LettuceConnectionFactory.java:1563)
	at org.springframework.data.redis.connection.lettuce.LettuceConnectionFactory.getSharedReactiveConnection(LettuceConnectionFactory.java:1274)
	at org.springframework.data.redis.connection.lettuce.LettuceConnectionFactory.getReactiveConnection(LettuceConnectionFactory.java:1149)
	at org.springframework.data.redis.connection.lettuce.LettuceConnectionFactory.getReactiveConnection(LettuceConnectionFactory.java:120)
	at reactor.core.publisher.MonoSupplier.call(MonoSupplier.java:67)
	at reactor.core.publisher.MonoCallableOnAssembly.call(MonoCallableOnAssembly.java:91)
	at reactor.core.publisher.FluxSubscribeOnCallable$CallableSubscribeOnSubscription.run(FluxSubscribeOnCallable.java:228)
	at reactor.core.scheduler.SchedulerTask.call(SchedulerTask.java:68)
	at reactor.core.scheduler.SchedulerTask.call(SchedulerTask.java:28)
	at java.base/java.util.concurrent.FutureTask.run$$$capture(FutureTask.java:264)
	at java.base/java.util.concurrent.FutureTask.run(FutureTask.java)
	at java.base/java.util.concurrent.ScheduledThreadPoolExecutor$ScheduledFutureTask.run(ScheduledThreadPoolExecutor.java:304)
	at java.base/java.util.concurrent.ThreadPoolExecutor.runWorker(ThreadPoolExecutor.java:1136)
	at java.base/java.util.concurrent.ThreadPoolExecutor$Worker.run(ThreadPoolExecutor.java:635)
	at java.base/java.lang.Thread.run(Thread.java:833)
Caused by: io.lettuce.core.RedisConnectionException: Cannot connect to a Redis Sentinel: [redis://redis-sentinel.redis.svc.cluster.local:26379?timeout=500000000ns]
	at io.lettuce.core.RedisConnectionException.create(RedisConnectionException.java:57)
	at io.lettuce.core.RedisConnectionException.create(RedisConnectionException.java:41)
	at io.lettuce.core.AbstractRedisClient.getConnection(AbstractRedisClient.java:354)
	at io.lettuce.core.RedisClient.connect(RedisClient.java:220)
	at org.springframework.data.redis.connection.lettuce.StandaloneConnectionProvider.lambda$getConnection$1(StandaloneConnectionProvider.java:112)
	at java.base/java.util.Optional.orElseGet(Optional.java:364)
	at org.springframework.data.redis.connection.lettuce.StandaloneConnectionProvider.getConnection(StandaloneConnectionProvider.java:112)
	at org.springframework.data.redis.connection.lettuce.LettucePoolingConnectionProvider.lambda$getConnection$0(LettucePoolingConnectionProvider.java:96)
	at io.lettuce.core.support.ConnectionPoolSupport$RedisPooledObjectFactory.create(ConnectionPoolSupport.java:270)
	at io.lettuce.core.support.ConnectionPoolSupport$RedisPooledObjectFactory.create(ConnectionPoolSupport.java:257)
	at org.apache.commons.pool2.BasePooledObjectFactory.makeObject(BasePooledObjectFactory.java:68)
	at org.apache.commons.pool2.impl.GenericObjectPool.create(GenericObjectPool.java:557)
	at org.apache.commons.pool2.impl.GenericObjectPool.ensureIdle(GenericObjectPool.java:630)
	at org.apache.commons.pool2.impl.GenericObjectPool.ensureMinIdle(GenericObjectPool.java:652)
	at org.apache.commons.pool2.impl.GenericObjectPool.preparePool(GenericObjectPool.java:970)
	at org.springframework.data.redis.connection.lettuce.LettucePoolingConnectionProvider.lambda$getConnection$1(LettucePoolingConnectionProvider.java:99)
	... 21 common frames omitted
Caused by: io.lettuce.core.RedisConnectionException: Cannot connect Redis Sentinel at redis://redis-sentinel.redis.svc.cluster.local:26379?timeout=500000000ns
	at io.lettuce.core.RedisClient.lambda$connectSentinelAsync$6(RedisClient.java:533)
	Suppressed: reactor.core.publisher.FluxOnAssembly$OnAssemblyException: 
Assembly trace from producer [reactor.core.publisher.MonoError] :

Error has been observed at the following site(s):
	*__Mono.onErrorMap ⇢ at io.lettuce.core.RedisClient.connectSentinelAsync(RedisClient.java:533)
	|_  Mono.doOnError ⇢ at io.lettuce.core.RedisClient.connectSentinelAsync(RedisClient.java:534)
Original Stack Trace:
		at io.lettuce.core.RedisClient.lambda$connectSentinelAsync$6(RedisClient.java:533)
		at reactor.core.publisher.Mono.lambda$onErrorMap$29(Mono.java:3862)
		at reactor.core.publisher.FluxOnErrorResume$ResumeSubscriber.onError(FluxOnErrorResume.java:94)
		at reactor.core.publisher.FluxOnErrorResume$ResumeSubscriber.onError(FluxOnErrorResume.java:106)
		at reactor.core.publisher.Operators.error(Operators.java:198)
		at reactor.core.publisher.MonoError.subscribe(MonoError.java:53)
		at reactor.core.publisher.Mono.subscribe(Mono.java:4576)
		at reactor.core.publisher.FluxOnErrorResume$ResumeSubscriber.onError(FluxOnErrorResume.java:103)
		at reactor.core.publisher.MonoCompletionStage$MonoCompletionStageSubscription.apply(MonoCompletionStage.java:115)
		at reactor.core.publisher.MonoCompletionStage$MonoCompletionStageSubscription.apply(MonoCompletionStage.java:67)
		at java.base/java.util.concurrent.CompletableFuture.uniHandle(CompletableFuture.java:934)
		at java.base/java.util.concurrent.CompletableFuture$UniHandle.tryFire(CompletableFuture.java:911)
		at java.base/java.util.concurrent.CompletableFuture.postComplete(CompletableFuture.java:510)
		at java.base/java.util.concurrent.CompletableFuture.completeExceptionally(CompletableFuture.java:2162)
		at io.lettuce.core.AbstractRedisClient.lambda$initializeChannelAsync0$6(AbstractRedisClient.java:458)
		at io.netty.util.concurrent.DefaultPromise.notifyListener0(DefaultPromise.java:603)
		at io.netty.util.concurrent.DefaultPromise.notifyListenersNow(DefaultPromise.java:570)
		at io.netty.util.concurrent.DefaultPromise.notifyListeners(DefaultPromise.java:505)
		at io.netty.util.concurrent.DefaultPromise.setValue0(DefaultPromise.java:649)
		at io.netty.util.concurrent.DefaultPromise.setFailure0(DefaultPromise.java:642)
		at io.netty.util.concurrent.DefaultPromise.setFailure(DefaultPromise.java:123)
		at io.netty.channel.DefaultChannelPromise.setFailure(DefaultChannelPromise.java:89)
		at io.netty.bootstrap.Bootstrap.doResolveAndConnect0(Bootstrap.java:228)
		at io.netty.bootstrap.Bootstrap.access$000(Bootstrap.java:47)
		at io.netty.bootstrap.Bootstrap$1.operationComplete(Bootstrap.java:189)
		at io.netty.bootstrap.Bootstrap$1.operationComplete(Bootstrap.java:175)
		at io.netty.util.concurrent.DefaultPromise.notifyListener0(DefaultPromise.java:603)
		at io.netty.util.concurrent.DefaultPromise.notifyListenersNow(DefaultPromise.java:570)
		at io.netty.util.concurrent.DefaultPromise.notifyListeners(DefaultPromise.java:505)
		at io.netty.util.concurrent.DefaultPromise.setValue0(DefaultPromise.java:649)
		at io.netty.util.concurrent.DefaultPromise.setSuccess0(DefaultPromise.java:638)
		at io.netty.util.concurrent.DefaultPromise.trySuccess(DefaultPromise.java:118)
		at io.netty.channel.DefaultChannelPromise.trySuccess(DefaultChannelPromise.java:84)
		at io.netty.channel.AbstractChannel$AbstractUnsafe.safeSetSuccess(AbstractChannel.java:988)
		at io.netty.channel.AbstractChannel$AbstractUnsafe.register0(AbstractChannel.java:515)
		at io.netty.channel.AbstractChannel$AbstractUnsafe.access$200(AbstractChannel.java:428)
		at io.netty.channel.AbstractChannel$AbstractUnsafe$1.run(AbstractChannel.java:485)
		at io.netty.util.concurrent.AbstractEventExecutor.runTask$$$capture(AbstractEventExecutor.java:173)
		at io.netty.util.concurrent.AbstractEventExecutor.runTask(AbstractEventExecutor.java)
		at io.netty.util.concurrent.AbstractEventExecutor.safeExecute$$$capture(AbstractEventExecutor.java:166)
		at io.netty.util.concurrent.AbstractEventExecutor.safeExecute(AbstractEventExecutor.java)
		at io.netty.util.concurrent.SingleThreadEventExecutor.runAllTasks(SingleThreadEventExecutor.java:472)
		at io.netty.channel.nio.NioEventLoop.run(NioEventLoop.java:569)
		at io.netty.util.concurrent.SingleThreadEventExecutor$4.run(SingleThreadEventExecutor.java:998)
		at io.netty.util.internal.ThreadExecutorMap$2.run(ThreadExecutorMap.java:74)
		at io.netty.util.concurrent.FastThreadLocalRunnable.run(FastThreadLocalRunnable.java:30)
		at java.base/java.lang.Thread.run(Thread.java:833)
Caused by: java.net.UnknownHostException: No such host is known (redis-sentinel.redis.svc.cluster.local)
	at java.base/java.net.Inet6AddressImpl.lookupAllHostAddr(Native Method)
	Suppressed: reactor.core.publisher.FluxOnAssembly$OnAssemblyException: 
Assembly trace from producer [reactor.core.publisher.MonoCompletionStage] :
	reactor.core.publisher.Mono.toFuture(Mono.java:5153)
	io.lettuce.core.RedisClient.connectSentinelAsync(RedisClient.java:562)
Error has been observed at the following site(s):
	*______________________________________________Mono.toFuture ⇢ at io.lettuce.core.RedisClient.connectSentinelAsync(RedisClient.java:562)
	*___________________________________Mono.fromCompletionStage ⇢ at io.lettuce.core.RedisClient.connectSentinelAsync(RedisClient.java:531)
	|_                                           Mono.onErrorMap ⇢ at io.lettuce.core.RedisClient.connectSentinelAsync(RedisClient.java:532)
	*__MonoCompletionStage$MonoCompletionStageSubscription.apply ⇢ at java.base/java.util.concurrent.CompletableFuture.uniHandle(CompletableFuture.java:934)
Original Stack Trace:
		at java.base/java.net.Inet6AddressImpl.lookupAllHostAddr(Native Method)
		at java.base/java.net.Inet6AddressImpl.lookupAllHostAddr(Inet6AddressImpl.java:52)
		at java.base/java.net.InetAddress$PlatformResolver.lookupByName(InetAddress.java:1048)
		at java.base/java.net.InetAddress.getAddressesFromNameService(InetAddress.java:1648)
		at java.base/java.net.InetAddress$NameServiceAddresses.get(InetAddress.java:997)
		at java.base/java.net.InetAddress.getAllByName0(InetAddress.java:1638)
		at java.base/java.net.InetAddress.getAllByName(InetAddress.java:1504)
		at java.base/java.net.InetAddress.getByName(InetAddress.java:1393)
		at io.netty.util.internal.SocketUtils$8.run(SocketUtils.java:156)
		at io.netty.util.internal.SocketUtils$8.run(SocketUtils.java:153)
		at java.base/java.security.AccessController.doPrivileged(AccessController.java:569)
		at io.netty.util.internal.SocketUtils.addressByName(SocketUtils.java:153)
		at io.netty.resolver.DefaultNameResolver.doResolve(DefaultNameResolver.java:41)
		at io.netty.resolver.SimpleNameResolver.resolve(SimpleNameResolver.java:61)
		at io.netty.resolver.SimpleNameResolver.resolve(SimpleNameResolver.java:53)
		at io.netty.resolver.InetSocketAddressResolver.doResolve(InetSocketAddressResolver.java:55)
		at io.netty.resolver.InetSocketAddressResolver.doResolve(InetSocketAddressResolver.java:31)
		at io.netty.resolver.AbstractAddressResolver.resolve(AbstractAddressResolver.java:106)
		at io.netty.bootstrap.Bootstrap.doResolveAndConnect0(Bootstrap.java:220)
		at io.netty.bootstrap.Bootstrap.access$000(Bootstrap.java:47)
		at io.netty.bootstrap.Bootstrap$1.operationComplete(Bootstrap.java:189)
		at io.netty.bootstrap.Bootstrap$1.operationComplete(Bootstrap.java:175)
		at io.netty.util.concurrent.DefaultPromise.notifyListener0(DefaultPromise.java:603)
		at io.netty.util.concurrent.DefaultPromise.notifyListenersNow(DefaultPromise.java:570)
		at io.netty.util.concurrent.DefaultPromise.notifyListeners(DefaultPromise.java:505)
		at io.netty.util.concurrent.DefaultPromise.setValue0(DefaultPromise.java:649)
		at io.netty.util.concurrent.DefaultPromise.setSuccess0(DefaultPromise.java:638)
		at io.netty.util.concurrent.DefaultPromise.trySuccess(DefaultPromise.java:118)
		at io.netty.channel.DefaultChannelPromise.trySuccess(DefaultChannelPromise.java:84)
		at io.netty.channel.AbstractChannel$AbstractUnsafe.safeSetSuccess(AbstractChannel.java:988)
		at io.netty.channel.AbstractChannel$AbstractUnsafe.register0(AbstractChannel.java:515)
		at io.netty.channel.AbstractChannel$AbstractUnsafe.access$200(AbstractChannel.java:428)
		at io.netty.channel.AbstractChannel$AbstractUnsafe$1.run(AbstractChannel.java:485)
		at io.netty.util.concurrent.AbstractEventExecutor.runTask$$$capture(AbstractEventExecutor.java:173)
		at io.netty.util.concurrent.AbstractEventExecutor.runTask(AbstractEventExecutor.java)
		at io.netty.util.concurrent.AbstractEventExecutor.safeExecute$$$capture(AbstractEventExecutor.java:166)
		at io.netty.util.concurrent.AbstractEventExecutor.safeExecute(AbstractEventExecutor.java)
		at io.netty.util.concurrent.SingleThreadEventExecutor.runAllTasks(SingleThreadEventExecutor.java:472)
		at io.netty.channel.nio.NioEventLoop.run(NioEventLoop.java:569)
		at io.netty.util.concurrent.SingleThreadEventExecutor$4.run(SingleThreadEventExecutor.java:998)
		at io.netty.util.internal.ThreadExecutorMap$2.run(ThreadExecutorMap.java:74)
		at io.netty.util.concurrent.FastThreadLocalRunnable.run(FastThreadLocalRunnable.java:30)
		at java.base/java.lang.Thread.run(Thread.java:833)
2026-04-07 22:19:59.982 WARN  [HikariPool-1:housekeeper] com.zaxxer.hikari.pool.HikariPool - HikariPool-1 - Thread starvation or clock leap detected (housekeeper delta=4m47s362ms191µs).
2026-04-07 22:19:59.993 WARN  [org.springframework.jms.JmsListenerEndpointContainer#0-1] o.s.j.l.DefaultMessageListenerContainer - Setup of JMS message listener invoker failed for destination 'hr.create.user.queue' - trying to recover. Cause: java.io.EOFException
2026-04-07 22:20:04.986 WARN  [HikariPool-1:housekeeper] com.zaxxer.hikari.pool.PoolBase - HikariPool-1 - Failed to validate connection oracle.jdbc.driver.T4CConnection@1c887f15 (ORA-17008: Closed connection
https://docs.oracle.com/error-help/db/ora-17008/). Possibly consider using a shorter maxLifetime value.
2026-04-07 22:30:08.382 WARN  [main] org.hibernate.orm.deprecation - HHH90000025: OracleDialect does not need to be specified explicitly using 'hibernate.dialect' (remove the property setting and it will be selected by default)
2026-04-07 22:30:10.606 WARN  [main] o.s.b.a.o.j.JpaBaseConfiguration$JpaWebConfiguration - spring.jpa.open-in-view is enabled by default. Therefore, database queries may be performed during view rendering. Explicitly configure spring.jpa.open-in-view to disable this warning
2026-04-07 22:32:08.668 WARN  [main] org.hibernate.orm.deprecation - HHH90000025: OracleDialect does not need to be specified explicitly using 'hibernate.dialect' (remove the property setting and it will be selected by default)
2026-04-07 22:32:10.445 WARN  [main] o.s.b.a.o.j.JpaBaseConfiguration$JpaWebConfiguration - spring.jpa.open-in-view is enabled by default. Therefore, database queries may be performed during view rendering. Explicitly configure spring.jpa.open-in-view to disable this warning
2026-04-07 22:32:12.519 WARN  [lettuce-nioEventLoop-6-1] io.lettuce.core.RedisClient - Cannot connect Redis Sentinel at redis://redis-sentinel.redis.svc.cluster.local:26379?timeout=500000000ns: java.util.concurrent.CompletionException: java.net.UnknownHostException: No such host is known (redis-sentinel.redis.svc.cluster.local)
2026-04-07 22:32:12.524 WARN  [boundedElastic-1] o.s.b.a.d.r.RedisReactiveHealthIndicator - Redis health check failed
org.springframework.data.redis.RedisConnectionFailureException: Unable to connect to Redis
	at org.springframework.data.redis.connection.lettuce.LettuceConnectionFactory$ExceptionTranslatingConnectionProvider.translateException(LettuceConnectionFactory.java:1858)
	at org.springframework.data.redis.connection.lettuce.LettuceConnectionFactory$ExceptionTranslatingConnectionProvider.getConnection(LettuceConnectionFactory.java:1789)
	at org.springframework.data.redis.connection.lettuce.LettuceConnectionFactory$SharedConnection.getNativeConnection(LettuceConnectionFactory.java:1586)
	at org.springframework.data.redis.connection.lettuce.LettuceConnectionFactory$SharedConnection.lambda$getConnection$0(LettuceConnectionFactory.java:1566)
	at org.springframework.data.redis.connection.lettuce.LettuceConnectionFactory.doInLock(LettuceConnectionFactory.java:1527)
	at org.springframework.data.redis.connection.lettuce.LettuceConnectionFactory$SharedConnection.getConnection(LettuceConnectionFactory.java:1563)
	at org.springframework.data.redis.connection.lettuce.LettuceConnectionFactory.getSharedReactiveConnection(LettuceConnectionFactory.java:1274)
	at org.springframework.data.redis.connection.lettuce.LettuceConnectionFactory.getReactiveConnection(LettuceConnectionFactory.java:1149)
	at org.springframework.data.redis.connection.lettuce.LettuceConnectionFactory.getReactiveConnection(LettuceConnectionFactory.java:120)
	at reactor.core.publisher.MonoSupplier.call(MonoSupplier.java:67)
	at reactor.core.publisher.FluxSubscribeOnCallable$CallableSubscribeOnSubscription.run(FluxSubscribeOnCallable.java:228)
	at reactor.core.scheduler.SchedulerTask.call(SchedulerTask.java:68)
	at reactor.core.scheduler.SchedulerTask.call(SchedulerTask.java:28)
	at java.base/java.util.concurrent.FutureTask.run(FutureTask.java:264)
	at java.base/java.util.concurrent.ScheduledThreadPoolExecutor$ScheduledFutureTask.run(ScheduledThreadPoolExecutor.java:304)
	at java.base/java.util.concurrent.ThreadPoolExecutor.runWorker(ThreadPoolExecutor.java:1136)
	at java.base/java.util.concurrent.ThreadPoolExecutor$Worker.run(ThreadPoolExecutor.java:635)
	at java.base/java.lang.Thread.run(Thread.java:833)
Caused by: org.springframework.data.redis.connection.PoolException: Could not prepare the pool
	at org.springframework.data.redis.connection.lettuce.LettucePoolingConnectionProvider.lambda$getConnection$1(LettucePoolingConnectionProvider.java:101)
	at java.base/java.util.concurrent.ConcurrentHashMap.computeIfAbsent(ConcurrentHashMap.java:1708)
	at org.springframework.data.redis.connection.lettuce.LettucePoolingConnectionProvider.getConnection(LettucePoolingConnectionProvider.java:93)
	at org.springframework.data.redis.connection.lettuce.LettuceConnectionFactory$ExceptionTranslatingConnectionProvider.getConnection(LettuceConnectionFactory.java:1787)
	... 16 common frames omitted
Caused by: io.lettuce.core.RedisConnectionException: Cannot connect to a Redis Sentinel: [redis://redis-sentinel.redis.svc.cluster.local:26379?timeout=500000000ns]
	at io.lettuce.core.RedisConnectionException.create(RedisConnectionException.java:57)
	at io.lettuce.core.RedisConnectionException.create(RedisConnectionException.java:41)
	at io.lettuce.core.AbstractRedisClient.getConnection(AbstractRedisClient.java:354)
	at io.lettuce.core.RedisClient.connect(RedisClient.java:220)
	at org.springframework.data.redis.connection.lettuce.StandaloneConnectionProvider.lambda$getConnection$1(StandaloneConnectionProvider.java:112)
	at java.base/java.util.Optional.orElseGet(Optional.java:364)
	at org.springframework.data.redis.connection.lettuce.StandaloneConnectionProvider.getConnection(StandaloneConnectionProvider.java:112)
	at org.springframework.data.redis.connection.lettuce.LettucePoolingConnectionProvider.lambda$getConnection$0(LettucePoolingConnectionProvider.java:96)
	at io.lettuce.core.support.ConnectionPoolSupport$RedisPooledObjectFactory.create(ConnectionPoolSupport.java:270)
	at io.lettuce.core.support.ConnectionPoolSupport$RedisPooledObjectFactory.create(ConnectionPoolSupport.java:257)
	at org.apache.commons.pool2.BasePooledObjectFactory.makeObject(BasePooledObjectFactory.java:68)
	at org.apache.commons.pool2.impl.GenericObjectPool.create(GenericObjectPool.java:557)
	at org.apache.commons.pool2.impl.GenericObjectPool.ensureIdle(GenericObjectPool.java:630)
	at org.apache.commons.pool2.impl.GenericObjectPool.ensureMinIdle(GenericObjectPool.java:652)
	at org.apache.commons.pool2.impl.GenericObjectPool.preparePool(GenericObjectPool.java:970)
	at org.springframework.data.redis.connection.lettuce.LettucePoolingConnectionProvider.lambda$getConnection$1(LettucePoolingConnectionProvider.java:99)
	... 19 common frames omitted
Caused by: io.lettuce.core.RedisConnectionException: Cannot connect Redis Sentinel at redis://redis-sentinel.redis.svc.cluster.local:26379?timeout=500000000ns
	at io.lettuce.core.RedisClient.lambda$connectSentinelAsync$6(RedisClient.java:533)
	at reactor.core.publisher.Mono.lambda$onErrorMap$29(Mono.java:3862)
	at reactor.core.publisher.FluxOnErrorResume$ResumeSubscriber.onError(FluxOnErrorResume.java:94)
	at reactor.core.publisher.FluxOnErrorResume$ResumeSubscriber.onError(FluxOnErrorResume.java:106)
	at reactor.core.publisher.Operators.error(Operators.java:198)
	at reactor.core.publisher.MonoError.subscribe(MonoError.java:53)
	at reactor.core.publisher.Mono.subscribe(Mono.java:4576)
	at reactor.core.publisher.FluxOnErrorResume$ResumeSubscriber.onError(FluxOnErrorResume.java:103)
	at reactor.core.publisher.MonoCompletionStage$MonoCompletionStageSubscription.apply(MonoCompletionStage.java:115)
	at reactor.core.publisher.MonoCompletionStage$MonoCompletionStageSubscription.apply(MonoCompletionStage.java:67)
	at java.base/java.util.concurrent.CompletableFuture.uniHandle(CompletableFuture.java:934)
	at java.base/java.util.concurrent.CompletableFuture$UniHandle.tryFire(CompletableFuture.java:911)
	at java.base/java.util.concurrent.CompletableFuture.postComplete(CompletableFuture.java:510)
	at java.base/java.util.concurrent.CompletableFuture.completeExceptionally(CompletableFuture.java:2162)
	at io.lettuce.core.AbstractRedisClient.lambda$initializeChannelAsync0$6(AbstractRedisClient.java:458)
	at io.netty.util.concurrent.DefaultPromise.notifyListener0(DefaultPromise.java:603)
	at io.netty.util.concurrent.DefaultPromise.notifyListenersNow(DefaultPromise.java:570)
	at io.netty.util.concurrent.DefaultPromise.notifyListeners(DefaultPromise.java:505)
	at io.netty.util.concurrent.DefaultPromise.setValue0(DefaultPromise.java:649)
	at io.netty.util.concurrent.DefaultPromise.setFailure0(DefaultPromise.java:642)
	at io.netty.util.concurrent.DefaultPromise.setFailure(DefaultPromise.java:123)
	at io.netty.channel.DefaultChannelPromise.setFailure(DefaultChannelPromise.java:89)
	at io.netty.bootstrap.Bootstrap.doResolveAndConnect0(Bootstrap.java:228)
	at io.netty.bootstrap.Bootstrap.access$000(Bootstrap.java:47)
	at io.netty.bootstrap.Bootstrap$1.operationComplete(Bootstrap.java:189)
	at io.netty.bootstrap.Bootstrap$1.operationComplete(Bootstrap.java:175)
	at io.netty.util.concurrent.DefaultPromise.notifyListener0(DefaultPromise.java:603)
	at io.netty.util.concurrent.DefaultPromise.notifyListenersNow(DefaultPromise.java:570)
	at io.netty.util.concurrent.DefaultPromise.notifyListeners(DefaultPromise.java:505)
	at io.netty.util.concurrent.DefaultPromise.setValue0(DefaultPromise.java:649)
	at io.netty.util.concurrent.DefaultPromise.setSuccess0(DefaultPromise.java:638)
	at io.netty.util.concurrent.DefaultPromise.trySuccess(DefaultPromise.java:118)
	at io.netty.channel.DefaultChannelPromise.trySuccess(DefaultChannelPromise.java:84)
	at io.netty.channel.AbstractChannel$AbstractUnsafe.safeSetSuccess(AbstractChannel.java:988)
	at io.netty.channel.AbstractChannel$AbstractUnsafe.register0(AbstractChannel.java:515)
	at io.netty.channel.AbstractChannel$AbstractUnsafe.access$200(AbstractChannel.java:428)
	at io.netty.channel.AbstractChannel$AbstractUnsafe$1.run(AbstractChannel.java:485)
	at io.netty.util.concurrent.AbstractEventExecutor.runTask(AbstractEventExecutor.java:173)
	at io.netty.util.concurrent.AbstractEventExecutor.safeExecute(AbstractEventExecutor.java:166)
	at io.netty.util.concurrent.SingleThreadEventExecutor.runAllTasks(SingleThreadEventExecutor.java:472)
	at io.netty.channel.nio.NioEventLoop.run(NioEventLoop.java:569)
	at io.netty.util.concurrent.SingleThreadEventExecutor$4.run(SingleThreadEventExecutor.java:998)
	at io.netty.util.internal.ThreadExecutorMap$2.run(ThreadExecutorMap.java:74)
	at io.netty.util.concurrent.FastThreadLocalRunnable.run(FastThreadLocalRunnable.java:30)
	... 1 common frames omitted
Caused by: java.net.UnknownHostException: No such host is known (redis-sentinel.redis.svc.cluster.local)
	at java.base/java.net.Inet6AddressImpl.lookupAllHostAddr(Native Method)
	at java.base/java.net.Inet6AddressImpl.lookupAllHostAddr(Inet6AddressImpl.java:52)
	at java.base/java.net.InetAddress$PlatformResolver.lookupByName(InetAddress.java:1048)
	at java.base/java.net.InetAddress.getAddressesFromNameService(InetAddress.java:1648)
	at java.base/java.net.InetAddress$NameServiceAddresses.get(InetAddress.java:997)
	at java.base/java.net.InetAddress.getAllByName0(InetAddress.java:1638)
	at java.base/java.net.InetAddress.getAllByName(InetAddress.java:1504)
	at java.base/java.net.InetAddress.getByName(InetAddress.java:1393)
	at io.netty.util.internal.SocketUtils$8.run(SocketUtils.java:156)
	at io.netty.util.internal.SocketUtils$8.run(SocketUtils.java:153)
	at java.base/java.security.AccessController.doPrivileged(AccessController.java:569)
	at io.netty.util.internal.SocketUtils.addressByName(SocketUtils.java:153)
	at io.netty.resolver.DefaultNameResolver.doResolve(DefaultNameResolver.java:41)
	at io.netty.resolver.SimpleNameResolver.resolve(SimpleNameResolver.java:61)
	at io.netty.resolver.SimpleNameResolver.resolve(SimpleNameResolver.java:53)
	at io.netty.resolver.InetSocketAddressResolver.doResolve(InetSocketAddressResolver.java:55)
	at io.netty.resolver.InetSocketAddressResolver.doResolve(InetSocketAddressResolver.java:31)
	at io.netty.resolver.AbstractAddressResolver.resolve(AbstractAddressResolver.java:106)
	at io.netty.bootstrap.Bootstrap.doResolveAndConnect0(Bootstrap.java:220)
	... 22 common frames omitted
2026-04-07 22:33:57.021 WARN  [HikariPool-1:housekeeper] com.zaxxer.hikari.pool.PoolBase - HikariPool-1 - Failed to validate connection oracle.jdbc.driver.T4CConnection@552bfa8 (ORA-17008: Closed connection
https://docs.oracle.com/error-help/db/ora-17008/). Possibly consider using a shorter maxLifetime value.
2026-04-07 22:39:14.614 WARN  [HikariPool-1:housekeeper] com.zaxxer.hikari.pool.PoolBase - HikariPool-1 - Failed to validate connection oracle.jdbc.driver.T4CConnection@7ba89314 (ORA-17008: Closed connection
https://docs.oracle.com/error-help/db/ora-17008/). Possibly consider using a shorter maxLifetime value.
2026-04-07 22:55:13.527 WARN  [main] org.hibernate.orm.deprecation - HHH90000025: OracleDialect does not need to be specified explicitly using 'hibernate.dialect' (remove the property setting and it will be selected by default)
2026-04-07 22:55:15.336 WARN  [main] o.s.b.a.o.j.JpaBaseConfiguration$JpaWebConfiguration - spring.jpa.open-in-view is enabled by default. Therefore, database queries may be performed during view rendering. Explicitly configure spring.jpa.open-in-view to disable this warning
2026-04-07 22:55:32.572 WARN  [lettuce-nioEventLoop-6-1] io.lettuce.core.RedisClient - Cannot connect Redis Sentinel at redis://redis-sentinel.redis.svc.cluster.local:26379?timeout=500000000ns: java.util.concurrent.CompletionException: java.net.UnknownHostException: No such host is known (redis-sentinel.redis.svc.cluster.local)
2026-04-07 22:55:32.578 WARN  [boundedElastic-1] o.s.b.a.d.r.RedisReactiveHealthIndicator - Redis health check failed
org.springframework.data.redis.RedisConnectionFailureException: Unable to connect to Redis
	at org.springframework.data.redis.connection.lettuce.LettuceConnectionFactory$ExceptionTranslatingConnectionProvider.translateException(LettuceConnectionFactory.java:1858)
	at org.springframework.data.redis.connection.lettuce.LettuceConnectionFactory$ExceptionTranslatingConnectionProvider.getConnection(LettuceConnectionFactory.java:1789)
	at org.springframework.data.redis.connection.lettuce.LettuceConnectionFactory$SharedConnection.getNativeConnection(LettuceConnectionFactory.java:1586)
	at org.springframework.data.redis.connection.lettuce.LettuceConnectionFactory$SharedConnection.lambda$getConnection$0(LettuceConnectionFactory.java:1566)
	at org.springframework.data.redis.connection.lettuce.LettuceConnectionFactory.doInLock(LettuceConnectionFactory.java:1527)
	at org.springframework.data.redis.connection.lettuce.LettuceConnectionFactory$SharedConnection.getConnection(LettuceConnectionFactory.java:1563)
	at org.springframework.data.redis.connection.lettuce.LettuceConnectionFactory.getSharedReactiveConnection(LettuceConnectionFactory.java:1274)
	at org.springframework.data.redis.connection.lettuce.LettuceConnectionFactory.getReactiveConnection(LettuceConnectionFactory.java:1149)
	at org.springframework.data.redis.connection.lettuce.LettuceConnectionFactory.getReactiveConnection(LettuceConnectionFactory.java:120)
	at reactor.core.publisher.MonoSupplier.call(MonoSupplier.java:67)
	at reactor.core.publisher.FluxSubscribeOnCallable$CallableSubscribeOnSubscription.run(FluxSubscribeOnCallable.java:228)
	at reactor.core.scheduler.SchedulerTask.call(SchedulerTask.java:68)
	at reactor.core.scheduler.SchedulerTask.call(SchedulerTask.java:28)
	at java.base/java.util.concurrent.FutureTask.run(FutureTask.java:264)
	at java.base/java.util.concurrent.ScheduledThreadPoolExecutor$ScheduledFutureTask.run(ScheduledThreadPoolExecutor.java:304)
	at java.base/java.util.concurrent.ThreadPoolExecutor.runWorker(ThreadPoolExecutor.java:1136)
	at java.base/java.util.concurrent.ThreadPoolExecutor$Worker.run(ThreadPoolExecutor.java:635)
	at java.base/java.lang.Thread.run(Thread.java:833)
Caused by: org.springframework.data.redis.connection.PoolException: Could not prepare the pool
	at org.springframework.data.redis.connection.lettuce.LettucePoolingConnectionProvider.lambda$getConnection$1(LettucePoolingConnectionProvider.java:101)
	at java.base/java.util.concurrent.ConcurrentHashMap.computeIfAbsent(ConcurrentHashMap.java:1708)
	at org.springframework.data.redis.connection.lettuce.LettucePoolingConnectionProvider.getConnection(LettucePoolingConnectionProvider.java:93)
	at org.springframework.data.redis.connection.lettuce.LettuceConnectionFactory$ExceptionTranslatingConnectionProvider.getConnection(LettuceConnectionFactory.java:1787)
	... 16 common frames omitted
Caused by: io.lettuce.core.RedisConnectionException: Cannot connect to a Redis Sentinel: [redis://redis-sentinel.redis.svc.cluster.local:26379?timeout=500000000ns]
	at io.lettuce.core.RedisConnectionException.create(RedisConnectionException.java:57)
	at io.lettuce.core.RedisConnectionException.create(RedisConnectionException.java:41)
	at io.lettuce.core.AbstractRedisClient.getConnection(AbstractRedisClient.java:354)
	at io.lettuce.core.RedisClient.connect(RedisClient.java:220)
	at org.springframework.data.redis.connection.lettuce.StandaloneConnectionProvider.lambda$getConnection$1(StandaloneConnectionProvider.java:112)
	at java.base/java.util.Optional.orElseGet(Optional.java:364)
	at org.springframework.data.redis.connection.lettuce.StandaloneConnectionProvider.getConnection(StandaloneConnectionProvider.java:112)
	at org.springframework.data.redis.connection.lettuce.LettucePoolingConnectionProvider.lambda$getConnection$0(LettucePoolingConnectionProvider.java:96)
	at io.lettuce.core.support.ConnectionPoolSupport$RedisPooledObjectFactory.create(ConnectionPoolSupport.java:270)
	at io.lettuce.core.support.ConnectionPoolSupport$RedisPooledObjectFactory.create(ConnectionPoolSupport.java:257)
	at org.apache.commons.pool2.BasePooledObjectFactory.makeObject(BasePooledObjectFactory.java:68)
	at org.apache.commons.pool2.impl.GenericObjectPool.create(GenericObjectPool.java:557)
	at org.apache.commons.pool2.impl.GenericObjectPool.ensureIdle(GenericObjectPool.java:630)
	at org.apache.commons.pool2.impl.GenericObjectPool.ensureMinIdle(GenericObjectPool.java:652)
	at org.apache.commons.pool2.impl.GenericObjectPool.preparePool(GenericObjectPool.java:970)
	at org.springframework.data.redis.connection.lettuce.LettucePoolingConnectionProvider.lambda$getConnection$1(LettucePoolingConnectionProvider.java:99)
	... 19 common frames omitted
Caused by: io.lettuce.core.RedisConnectionException: Cannot connect Redis Sentinel at redis://redis-sentinel.redis.svc.cluster.local:26379?timeout=500000000ns
	at io.lettuce.core.RedisClient.lambda$connectSentinelAsync$6(RedisClient.java:533)
	at reactor.core.publisher.Mono.lambda$onErrorMap$29(Mono.java:3862)
	at reactor.core.publisher.FluxOnErrorResume$ResumeSubscriber.onError(FluxOnErrorResume.java:94)
	at reactor.core.publisher.FluxOnErrorResume$ResumeSubscriber.onError(FluxOnErrorResume.java:106)
	at reactor.core.publisher.Operators.error(Operators.java:198)
	at reactor.core.publisher.MonoError.subscribe(MonoError.java:53)
	at reactor.core.publisher.Mono.subscribe(Mono.java:4576)
	at reactor.core.publisher.FluxOnErrorResume$ResumeSubscriber.onError(FluxOnErrorResume.java:103)
	at reactor.core.publisher.MonoCompletionStage$MonoCompletionStageSubscription.apply(MonoCompletionStage.java:115)
	at reactor.core.publisher.MonoCompletionStage$MonoCompletionStageSubscription.apply(MonoCompletionStage.java:67)
	at java.base/java.util.concurrent.CompletableFuture.uniHandle(CompletableFuture.java:934)
	at java.base/java.util.concurrent.CompletableFuture$UniHandle.tryFire(CompletableFuture.java:911)
	at java.base/java.util.concurrent.CompletableFuture.postComplete(CompletableFuture.java:510)
	at java.base/java.util.concurrent.CompletableFuture.completeExceptionally(CompletableFuture.java:2162)
	at io.lettuce.core.AbstractRedisClient.lambda$initializeChannelAsync0$6(AbstractRedisClient.java:458)
	at io.netty.util.concurrent.DefaultPromise.notifyListener0(DefaultPromise.java:603)
	at io.netty.util.concurrent.DefaultPromise.notifyListenersNow(DefaultPromise.java:570)
	at io.netty.util.concurrent.DefaultPromise.notifyListeners(DefaultPromise.java:505)
	at io.netty.util.concurrent.DefaultPromise.setValue0(DefaultPromise.java:649)
	at io.netty.util.concurrent.DefaultPromise.setFailure0(DefaultPromise.java:642)
	at io.netty.util.concurrent.DefaultPromise.setFailure(DefaultPromise.java:123)
	at io.netty.channel.DefaultChannelPromise.setFailure(DefaultChannelPromise.java:89)
	at io.netty.bootstrap.Bootstrap.doResolveAndConnect0(Bootstrap.java:228)
	at io.netty.bootstrap.Bootstrap.access$000(Bootstrap.java:47)
	at io.netty.bootstrap.Bootstrap$1.operationComplete(Bootstrap.java:189)
	at io.netty.bootstrap.Bootstrap$1.operationComplete(Bootstrap.java:175)
	at io.netty.util.concurrent.DefaultPromise.notifyListener0(DefaultPromise.java:603)
	at io.netty.util.concurrent.DefaultPromise.notifyListenersNow(DefaultPromise.java:570)
	at io.netty.util.concurrent.DefaultPromise.notifyListeners(DefaultPromise.java:505)
	at io.netty.util.concurrent.DefaultPromise.setValue0(DefaultPromise.java:649)
	at io.netty.util.concurrent.DefaultPromise.setSuccess0(DefaultPromise.java:638)
	at io.netty.util.concurrent.DefaultPromise.trySuccess(DefaultPromise.java:118)
	at io.netty.channel.DefaultChannelPromise.trySuccess(DefaultChannelPromise.java:84)
	at io.netty.channel.AbstractChannel$AbstractUnsafe.safeSetSuccess(AbstractChannel.java:988)
	at io.netty.channel.AbstractChannel$AbstractUnsafe.register0(AbstractChannel.java:515)
	at io.netty.channel.AbstractChannel$AbstractUnsafe.access$200(AbstractChannel.java:428)
	at io.netty.channel.AbstractChannel$AbstractUnsafe$1.run(AbstractChannel.java:485)
	at io.netty.util.concurrent.AbstractEventExecutor.runTask(AbstractEventExecutor.java:173)
	at io.netty.util.concurrent.AbstractEventExecutor.safeExecute(AbstractEventExecutor.java:166)
	at io.netty.util.concurrent.SingleThreadEventExecutor.runAllTasks(SingleThreadEventExecutor.java:472)
	at io.netty.channel.nio.NioEventLoop.run(NioEventLoop.java:569)
	at io.netty.util.concurrent.SingleThreadEventExecutor$4.run(SingleThreadEventExecutor.java:998)
	at io.netty.util.internal.ThreadExecutorMap$2.run(ThreadExecutorMap.java:74)
	at io.netty.util.concurrent.FastThreadLocalRunnable.run(FastThreadLocalRunnable.java:30)
	... 1 common frames omitted
Caused by: java.net.UnknownHostException: No such host is known (redis-sentinel.redis.svc.cluster.local)
	at java.base/java.net.Inet6AddressImpl.lookupAllHostAddr(Native Method)
	at java.base/java.net.Inet6AddressImpl.lookupAllHostAddr(Inet6AddressImpl.java:52)
	at java.base/java.net.InetAddress$PlatformResolver.lookupByName(InetAddress.java:1048)
	at java.base/java.net.InetAddress.getAddressesFromNameService(InetAddress.java:1648)
	at java.base/java.net.InetAddress$NameServiceAddresses.get(InetAddress.java:997)
	at java.base/java.net.InetAddress.getAllByName0(InetAddress.java:1638)
	at java.base/java.net.InetAddress.getAllByName(InetAddress.java:1504)
	at java.base/java.net.InetAddress.getByName(InetAddress.java:1393)
	at io.netty.util.internal.SocketUtils$8.run(SocketUtils.java:156)
	at io.netty.util.internal.SocketUtils$8.run(SocketUtils.java:153)
	at java.base/java.security.AccessController.doPrivileged(AccessController.java:569)
	at io.netty.util.internal.SocketUtils.addressByName(SocketUtils.java:153)
	at io.netty.resolver.DefaultNameResolver.doResolve(DefaultNameResolver.java:41)
	at io.netty.resolver.SimpleNameResolver.resolve(SimpleNameResolver.java:61)
	at io.netty.resolver.SimpleNameResolver.resolve(SimpleNameResolver.java:53)
	at io.netty.resolver.InetSocketAddressResolver.doResolve(InetSocketAddressResolver.java:55)
	at io.netty.resolver.InetSocketAddressResolver.doResolve(InetSocketAddressResolver.java:31)
	at io.netty.resolver.AbstractAddressResolver.resolve(AbstractAddressResolver.java:106)
	at io.netty.bootstrap.Bootstrap.doResolveAndConnect0(Bootstrap.java:220)
	... 22 common frames omitted
2026-04-07 22:56:51.757 WARN  [http-nio-8080-exec-2] o.h.e.jdbc.spi.SqlExceptionHelper - SQL Error: 1407, SQLState: 72000
2026-04-07 22:56:51.773 WARN  [http-nio-8080-exec-2] t.r.m.service.AccountUserService - could not execute statement [ORA-01407: cannot update ("TXU"."DEPARTMENT"."NAME") to NULL

https://docs.oracle.com/error-help/db/ora-01407/] [update department set created_at=?,description=?,name=?,updated_at=? where id=?]; SQL [update department set created_at=?,description=?,name=?,updated_at=? where id=?]; constraint [null]
2026-04-07 22:57:07.097 WARN  [http-nio-8080-exec-4] o.h.e.jdbc.spi.SqlExceptionHelper - SQL Error: 1407, SQLState: 72000
2026-04-07 22:57:07.104 WARN  [http-nio-8080-exec-4] t.r.m.service.AccountUserService - could not execute statement [ORA-01407: cannot update ("TXU"."DEPARTMENT"."NAME") to NULL

https://docs.oracle.com/error-help/db/ora-01407/] [update department set created_at=?,description=?,name=?,updated_at=? where id=?]; SQL [update department set created_at=?,description=?,name=?,updated_at=? where id=?]; constraint [null]
2026-04-07 22:57:53.219 WARN  [main] org.hibernate.orm.deprecation - HHH90000025: OracleDialect does not need to be specified explicitly using 'hibernate.dialect' (remove the property setting and it will be selected by default)
2026-04-07 22:57:54.918 WARN  [main] o.s.b.a.o.j.JpaBaseConfiguration$JpaWebConfiguration - spring.jpa.open-in-view is enabled by default. Therefore, database queries may be performed during view rendering. Explicitly configure spring.jpa.open-in-view to disable this warning
2026-04-07 22:57:57.175 WARN  [lettuce-nioEventLoop-6-1] io.lettuce.core.RedisClient - Cannot connect Redis Sentinel at redis://redis-sentinel.redis.svc.cluster.local:26379?timeout=500000000ns: java.util.concurrent.CompletionException: java.net.UnknownHostException: No such host is known (redis-sentinel.redis.svc.cluster.local)
2026-04-07 22:57:57.181 WARN  [boundedElastic-1] o.s.b.a.d.r.RedisReactiveHealthIndicator - Redis health check failed
org.springframework.data.redis.RedisConnectionFailureException: Unable to connect to Redis
	at org.springframework.data.redis.connection.lettuce.LettuceConnectionFactory$ExceptionTranslatingConnectionProvider.translateException(LettuceConnectionFactory.java:1858)
	at org.springframework.data.redis.connection.lettuce.LettuceConnectionFactory$ExceptionTranslatingConnectionProvider.getConnection(LettuceConnectionFactory.java:1789)
	at org.springframework.data.redis.connection.lettuce.LettuceConnectionFactory$SharedConnection.getNativeConnection(LettuceConnectionFactory.java:1586)
	at org.springframework.data.redis.connection.lettuce.LettuceConnectionFactory$SharedConnection.lambda$getConnection$0(LettuceConnectionFactory.java:1566)
	at org.springframework.data.redis.connection.lettuce.LettuceConnectionFactory.doInLock(LettuceConnectionFactory.java:1527)
	at org.springframework.data.redis.connection.lettuce.LettuceConnectionFactory$SharedConnection.getConnection(LettuceConnectionFactory.java:1563)
	at org.springframework.data.redis.connection.lettuce.LettuceConnectionFactory.getSharedReactiveConnection(LettuceConnectionFactory.java:1274)
	at org.springframework.data.redis.connection.lettuce.LettuceConnectionFactory.getReactiveConnection(LettuceConnectionFactory.java:1149)
	at org.springframework.data.redis.connection.lettuce.LettuceConnectionFactory.getReactiveConnection(LettuceConnectionFactory.java:120)
	at reactor.core.publisher.MonoSupplier.call(MonoSupplier.java:67)
	at reactor.core.publisher.FluxSubscribeOnCallable$CallableSubscribeOnSubscription.run(FluxSubscribeOnCallable.java:228)
	at reactor.core.scheduler.SchedulerTask.call(SchedulerTask.java:68)
	at reactor.core.scheduler.SchedulerTask.call(SchedulerTask.java:28)
	at java.base/java.util.concurrent.FutureTask.run(FutureTask.java:264)
	at java.base/java.util.concurrent.ScheduledThreadPoolExecutor$ScheduledFutureTask.run(ScheduledThreadPoolExecutor.java:304)
	at java.base/java.util.concurrent.ThreadPoolExecutor.runWorker(ThreadPoolExecutor.java:1136)
	at java.base/java.util.concurrent.ThreadPoolExecutor$Worker.run(ThreadPoolExecutor.java:635)
	at java.base/java.lang.Thread.run(Thread.java:833)
Caused by: org.springframework.data.redis.connection.PoolException: Could not prepare the pool
	at org.springframework.data.redis.connection.lettuce.LettucePoolingConnectionProvider.lambda$getConnection$1(LettucePoolingConnectionProvider.java:101)
	at java.base/java.util.concurrent.ConcurrentHashMap.computeIfAbsent(ConcurrentHashMap.java:1708)
	at org.springframework.data.redis.connection.lettuce.LettucePoolingConnectionProvider.getConnection(LettucePoolingConnectionProvider.java:93)
	at org.springframework.data.redis.connection.lettuce.LettuceConnectionFactory$ExceptionTranslatingConnectionProvider.getConnection(LettuceConnectionFactory.java:1787)
	... 16 common frames omitted
Caused by: io.lettuce.core.RedisConnectionException: Cannot connect to a Redis Sentinel: [redis://redis-sentinel.redis.svc.cluster.local:26379?timeout=500000000ns]
	at io.lettuce.core.RedisConnectionException.create(RedisConnectionException.java:57)
	at io.lettuce.core.RedisConnectionException.create(RedisConnectionException.java:41)
	at io.lettuce.core.AbstractRedisClient.getConnection(AbstractRedisClient.java:354)
	at io.lettuce.core.RedisClient.connect(RedisClient.java:220)
	at org.springframework.data.redis.connection.lettuce.StandaloneConnectionProvider.lambda$getConnection$1(StandaloneConnectionProvider.java:112)
	at java.base/java.util.Optional.orElseGet(Optional.java:364)
	at org.springframework.data.redis.connection.lettuce.StandaloneConnectionProvider.getConnection(StandaloneConnectionProvider.java:112)
	at org.springframework.data.redis.connection.lettuce.LettucePoolingConnectionProvider.lambda$getConnection$0(LettucePoolingConnectionProvider.java:96)
	at io.lettuce.core.support.ConnectionPoolSupport$RedisPooledObjectFactory.create(ConnectionPoolSupport.java:270)
	at io.lettuce.core.support.ConnectionPoolSupport$RedisPooledObjectFactory.create(ConnectionPoolSupport.java:257)
	at org.apache.commons.pool2.BasePooledObjectFactory.makeObject(BasePooledObjectFactory.java:68)
	at org.apache.commons.pool2.impl.GenericObjectPool.create(GenericObjectPool.java:557)
	at org.apache.commons.pool2.impl.GenericObjectPool.ensureIdle(GenericObjectPool.java:630)
	at org.apache.commons.pool2.impl.GenericObjectPool.ensureMinIdle(GenericObjectPool.java:652)
	at org.apache.commons.pool2.impl.GenericObjectPool.preparePool(GenericObjectPool.java:970)
	at org.springframework.data.redis.connection.lettuce.LettucePoolingConnectionProvider.lambda$getConnection$1(LettucePoolingConnectionProvider.java:99)
	... 19 common frames omitted
Caused by: io.lettuce.core.RedisConnectionException: Cannot connect Redis Sentinel at redis://redis-sentinel.redis.svc.cluster.local:26379?timeout=500000000ns
	at io.lettuce.core.RedisClient.lambda$connectSentinelAsync$6(RedisClient.java:533)
	at reactor.core.publisher.Mono.lambda$onErrorMap$29(Mono.java:3862)
	at reactor.core.publisher.FluxOnErrorResume$ResumeSubscriber.onError(FluxOnErrorResume.java:94)
	at reactor.core.publisher.FluxOnErrorResume$ResumeSubscriber.onError(FluxOnErrorResume.java:106)
	at reactor.core.publisher.Operators.error(Operators.java:198)
	at reactor.core.publisher.MonoError.subscribe(MonoError.java:53)
	at reactor.core.publisher.Mono.subscribe(Mono.java:4576)
	at reactor.core.publisher.FluxOnErrorResume$ResumeSubscriber.onError(FluxOnErrorResume.java:103)
	at reactor.core.publisher.MonoCompletionStage$MonoCompletionStageSubscription.apply(MonoCompletionStage.java:115)
	at reactor.core.publisher.MonoCompletionStage$MonoCompletionStageSubscription.apply(MonoCompletionStage.java:67)
	at java.base/java.util.concurrent.CompletableFuture.uniHandle(CompletableFuture.java:934)
	at java.base/java.util.concurrent.CompletableFuture$UniHandle.tryFire(CompletableFuture.java:911)
	at java.base/java.util.concurrent.CompletableFuture.postComplete(CompletableFuture.java:510)
	at java.base/java.util.concurrent.CompletableFuture.completeExceptionally(CompletableFuture.java:2162)
	at io.lettuce.core.AbstractRedisClient.lambda$initializeChannelAsync0$6(AbstractRedisClient.java:458)
	at io.netty.util.concurrent.DefaultPromise.notifyListener0(DefaultPromise.java:603)
	at io.netty.util.concurrent.DefaultPromise.notifyListenersNow(DefaultPromise.java:570)
	at io.netty.util.concurrent.DefaultPromise.notifyListeners(DefaultPromise.java:505)
	at io.netty.util.concurrent.DefaultPromise.setValue0(DefaultPromise.java:649)
	at io.netty.util.concurrent.DefaultPromise.setFailure0(DefaultPromise.java:642)
	at io.netty.util.concurrent.DefaultPromise.setFailure(DefaultPromise.java:123)
	at io.netty.channel.DefaultChannelPromise.setFailure(DefaultChannelPromise.java:89)
	at io.netty.bootstrap.Bootstrap.doResolveAndConnect0(Bootstrap.java:228)
	at io.netty.bootstrap.Bootstrap.access$000(Bootstrap.java:47)
	at io.netty.bootstrap.Bootstrap$1.operationComplete(Bootstrap.java:189)
	at io.netty.bootstrap.Bootstrap$1.operationComplete(Bootstrap.java:175)
	at io.netty.util.concurrent.DefaultPromise.notifyListener0(DefaultPromise.java:603)
	at io.netty.util.concurrent.DefaultPromise.notifyListenersNow(DefaultPromise.java:570)
	at io.netty.util.concurrent.DefaultPromise.notifyListeners(DefaultPromise.java:505)
	at io.netty.util.concurrent.DefaultPromise.setValue0(DefaultPromise.java:649)
	at io.netty.util.concurrent.DefaultPromise.setSuccess0(DefaultPromise.java:638)
	at io.netty.util.concurrent.DefaultPromise.trySuccess(DefaultPromise.java:118)
	at io.netty.channel.DefaultChannelPromise.trySuccess(DefaultChannelPromise.java:84)
	at io.netty.channel.AbstractChannel$AbstractUnsafe.safeSetSuccess(AbstractChannel.java:988)
	at io.netty.channel.AbstractChannel$AbstractUnsafe.register0(AbstractChannel.java:515)
	at io.netty.channel.AbstractChannel$AbstractUnsafe.access$200(AbstractChannel.java:428)
	at io.netty.channel.AbstractChannel$AbstractUnsafe$1.run(AbstractChannel.java:485)
	at io.netty.util.concurrent.AbstractEventExecutor.runTask(AbstractEventExecutor.java:173)
	at io.netty.util.concurrent.AbstractEventExecutor.safeExecute(AbstractEventExecutor.java:166)
	at io.netty.util.concurrent.SingleThreadEventExecutor.runAllTasks(SingleThreadEventExecutor.java:472)
	at io.netty.channel.nio.NioEventLoop.run(NioEventLoop.java:569)
	at io.netty.util.concurrent.SingleThreadEventExecutor$4.run(SingleThreadEventExecutor.java:998)
	at io.netty.util.internal.ThreadExecutorMap$2.run(ThreadExecutorMap.java:74)
	at io.netty.util.concurrent.FastThreadLocalRunnable.run(FastThreadLocalRunnable.java:30)
	... 1 common frames omitted
Caused by: java.net.UnknownHostException: No such host is known (redis-sentinel.redis.svc.cluster.local)
	at java.base/java.net.Inet6AddressImpl.lookupAllHostAddr(Native Method)
	at java.base/java.net.Inet6AddressImpl.lookupAllHostAddr(Inet6AddressImpl.java:52)
	at java.base/java.net.InetAddress$PlatformResolver.lookupByName(InetAddress.java:1048)
	at java.base/java.net.InetAddress.getAddressesFromNameService(InetAddress.java:1648)
	at java.base/java.net.InetAddress$NameServiceAddresses.get(InetAddress.java:997)
	at java.base/java.net.InetAddress.getAllByName0(InetAddress.java:1638)
	at java.base/java.net.InetAddress.getAllByName(InetAddress.java:1504)
	at java.base/java.net.InetAddress.getByName(InetAddress.java:1393)
	at io.netty.util.internal.SocketUtils$8.run(SocketUtils.java:156)
	at io.netty.util.internal.SocketUtils$8.run(SocketUtils.java:153)
	at java.base/java.security.AccessController.doPrivileged(AccessController.java:569)
	at io.netty.util.internal.SocketUtils.addressByName(SocketUtils.java:153)
	at io.netty.resolver.DefaultNameResolver.doResolve(DefaultNameResolver.java:41)
	at io.netty.resolver.SimpleNameResolver.resolve(SimpleNameResolver.java:61)
	at io.netty.resolver.SimpleNameResolver.resolve(SimpleNameResolver.java:53)
	at io.netty.resolver.InetSocketAddressResolver.doResolve(InetSocketAddressResolver.java:55)
	at io.netty.resolver.InetSocketAddressResolver.doResolve(InetSocketAddressResolver.java:31)
	at io.netty.resolver.AbstractAddressResolver.resolve(AbstractAddressResolver.java:106)
	at io.netty.bootstrap.Bootstrap.doResolveAndConnect0(Bootstrap.java:220)
	... 22 common frames omitted
2026-04-07 22:58:06.774 WARN  [http-nio-8080-exec-2] o.h.e.jdbc.spi.SqlExceptionHelper - SQL Error: 1407, SQLState: 72000
2026-04-07 22:58:06.790 WARN  [http-nio-8080-exec-2] t.r.m.service.AccountUserService - could not execute statement [ORA-01407: cannot update ("TXU"."DEPARTMENT"."NAME") to NULL

https://docs.oracle.com/error-help/db/ora-01407/] [update department set created_at=?,description=?,name=?,updated_at=? where id=?]; SQL [update department set created_at=?,description=?,name=?,updated_at=? where id=?]; constraint [null]
2026-04-07 22:58:32.393 WARN  [main] org.hibernate.orm.deprecation - HHH90000025: OracleDialect does not need to be specified explicitly using 'hibernate.dialect' (remove the property setting and it will be selected by default)
2026-04-07 22:58:34.061 WARN  [main] o.s.b.a.o.j.JpaBaseConfiguration$JpaWebConfiguration - spring.jpa.open-in-view is enabled by default. Therefore, database queries may be performed during view rendering. Explicitly configure spring.jpa.open-in-view to disable this warning
2026-04-07 22:58:36.281 WARN  [lettuce-nioEventLoop-6-1] io.lettuce.core.RedisClient - Cannot connect Redis Sentinel at redis://redis-sentinel.redis.svc.cluster.local:26379?timeout=500000000ns: java.util.concurrent.CompletionException: java.net.UnknownHostException: No such host is known (redis-sentinel.redis.svc.cluster.local)
2026-04-07 22:58:36.291 WARN  [boundedElastic-1] o.s.b.a.d.r.RedisReactiveHealthIndicator - Redis health check failed
org.springframework.data.redis.RedisConnectionFailureException: Unable to connect to Redis
	at org.springframework.data.redis.connection.lettuce.LettuceConnectionFactory$ExceptionTranslatingConnectionProvider.translateException(LettuceConnectionFactory.java:1858)
	at org.springframework.data.redis.connection.lettuce.LettuceConnectionFactory$ExceptionTranslatingConnectionProvider.getConnection(LettuceConnectionFactory.java:1789)
	at org.springframework.data.redis.connection.lettuce.LettuceConnectionFactory$SharedConnection.getNativeConnection(LettuceConnectionFactory.java:1586)
	at org.springframework.data.redis.connection.lettuce.LettuceConnectionFactory$SharedConnection.lambda$getConnection$0(LettuceConnectionFactory.java:1566)
	at org.springframework.data.redis.connection.lettuce.LettuceConnectionFactory.doInLock(LettuceConnectionFactory.java:1527)
	at org.springframework.data.redis.connection.lettuce.LettuceConnectionFactory$SharedConnection.getConnection(LettuceConnectionFactory.java:1563)
	at org.springframework.data.redis.connection.lettuce.LettuceConnectionFactory.getSharedReactiveConnection(LettuceConnectionFactory.java:1274)
	at org.springframework.data.redis.connection.lettuce.LettuceConnectionFactory.getReactiveConnection(LettuceConnectionFactory.java:1149)
	at org.springframework.data.redis.connection.lettuce.LettuceConnectionFactory.getReactiveConnection(LettuceConnectionFactory.java:120)
	at reactor.core.publisher.MonoSupplier.call(MonoSupplier.java:67)
	at reactor.core.publisher.FluxSubscribeOnCallable$CallableSubscribeOnSubscription.run(FluxSubscribeOnCallable.java:228)
	at reactor.core.scheduler.SchedulerTask.call(SchedulerTask.java:68)
	at reactor.core.scheduler.SchedulerTask.call(SchedulerTask.java:28)
	at java.base/java.util.concurrent.FutureTask.run(FutureTask.java:264)
	at java.base/java.util.concurrent.ScheduledThreadPoolExecutor$ScheduledFutureTask.run(ScheduledThreadPoolExecutor.java:304)
	at java.base/java.util.concurrent.ThreadPoolExecutor.runWorker(ThreadPoolExecutor.java:1136)
	at java.base/java.util.concurrent.ThreadPoolExecutor$Worker.run(ThreadPoolExecutor.java:635)
	at java.base/java.lang.Thread.run(Thread.java:833)
Caused by: org.springframework.data.redis.connection.PoolException: Could not prepare the pool
	at org.springframework.data.redis.connection.lettuce.LettucePoolingConnectionProvider.lambda$getConnection$1(LettucePoolingConnectionProvider.java:101)
	at java.base/java.util.concurrent.ConcurrentHashMap.computeIfAbsent(ConcurrentHashMap.java:1708)
	at org.springframework.data.redis.connection.lettuce.LettucePoolingConnectionProvider.getConnection(LettucePoolingConnectionProvider.java:93)
	at org.springframework.data.redis.connection.lettuce.LettuceConnectionFactory$ExceptionTranslatingConnectionProvider.getConnection(LettuceConnectionFactory.java:1787)
	... 16 common frames omitted
Caused by: io.lettuce.core.RedisConnectionException: Cannot connect to a Redis Sentinel: [redis://redis-sentinel.redis.svc.cluster.local:26379?timeout=500000000ns]
	at io.lettuce.core.RedisConnectionException.create(RedisConnectionException.java:57)
	at io.lettuce.core.RedisConnectionException.create(RedisConnectionException.java:41)
	at io.lettuce.core.AbstractRedisClient.getConnection(AbstractRedisClient.java:354)
	at io.lettuce.core.RedisClient.connect(RedisClient.java:220)
	at org.springframework.data.redis.connection.lettuce.StandaloneConnectionProvider.lambda$getConnection$1(StandaloneConnectionProvider.java:112)
	at java.base/java.util.Optional.orElseGet(Optional.java:364)
	at org.springframework.data.redis.connection.lettuce.StandaloneConnectionProvider.getConnection(StandaloneConnectionProvider.java:112)
	at org.springframework.data.redis.connection.lettuce.LettucePoolingConnectionProvider.lambda$getConnection$0(LettucePoolingConnectionProvider.java:96)
	at io.lettuce.core.support.ConnectionPoolSupport$RedisPooledObjectFactory.create(ConnectionPoolSupport.java:270)
	at io.lettuce.core.support.ConnectionPoolSupport$RedisPooledObjectFactory.create(ConnectionPoolSupport.java:257)
	at org.apache.commons.pool2.BasePooledObjectFactory.makeObject(BasePooledObjectFactory.java:68)
	at org.apache.commons.pool2.impl.GenericObjectPool.create(GenericObjectPool.java:557)
	at org.apache.commons.pool2.impl.GenericObjectPool.ensureIdle(GenericObjectPool.java:630)
	at org.apache.commons.pool2.impl.GenericObjectPool.ensureMinIdle(GenericObjectPool.java:652)
	at org.apache.commons.pool2.impl.GenericObjectPool.preparePool(GenericObjectPool.java:970)
	at org.springframework.data.redis.connection.lettuce.LettucePoolingConnectionProvider.lambda$getConnection$1(LettucePoolingConnectionProvider.java:99)
	... 19 common frames omitted
Caused by: io.lettuce.core.RedisConnectionException: Cannot connect Redis Sentinel at redis://redis-sentinel.redis.svc.cluster.local:26379?timeout=500000000ns
	at io.lettuce.core.RedisClient.lambda$connectSentinelAsync$6(RedisClient.java:533)
	at reactor.core.publisher.Mono.lambda$onErrorMap$29(Mono.java:3862)
	at reactor.core.publisher.FluxOnErrorResume$ResumeSubscriber.onError(FluxOnErrorResume.java:94)
	at reactor.core.publisher.FluxOnErrorResume$ResumeSubscriber.onError(FluxOnErrorResume.java:106)
	at reactor.core.publisher.Operators.error(Operators.java:198)
	at reactor.core.publisher.MonoError.subscribe(MonoError.java:53)
	at reactor.core.publisher.Mono.subscribe(Mono.java:4576)
	at reactor.core.publisher.FluxOnErrorResume$ResumeSubscriber.onError(FluxOnErrorResume.java:103)
	at reactor.core.publisher.MonoCompletionStage$MonoCompletionStageSubscription.apply(MonoCompletionStage.java:115)
	at reactor.core.publisher.MonoCompletionStage$MonoCompletionStageSubscription.apply(MonoCompletionStage.java:67)
	at java.base/java.util.concurrent.CompletableFuture.uniHandle(CompletableFuture.java:934)
	at java.base/java.util.concurrent.CompletableFuture$UniHandle.tryFire(CompletableFuture.java:911)
	at java.base/java.util.concurrent.CompletableFuture.postComplete(CompletableFuture.java:510)
	at java.base/java.util.concurrent.CompletableFuture.completeExceptionally(CompletableFuture.java:2162)
	at io.lettuce.core.AbstractRedisClient.lambda$initializeChannelAsync0$6(AbstractRedisClient.java:458)
	at io.netty.util.concurrent.DefaultPromise.notifyListener0(DefaultPromise.java:603)
	at io.netty.util.concurrent.DefaultPromise.notifyListenersNow(DefaultPromise.java:570)
	at io.netty.util.concurrent.DefaultPromise.notifyListeners(DefaultPromise.java:505)
	at io.netty.util.concurrent.DefaultPromise.setValue0(DefaultPromise.java:649)
	at io.netty.util.concurrent.DefaultPromise.setFailure0(DefaultPromise.java:642)
	at io.netty.util.concurrent.DefaultPromise.setFailure(DefaultPromise.java:123)
	at io.netty.channel.DefaultChannelPromise.setFailure(DefaultChannelPromise.java:89)
	at io.netty.bootstrap.Bootstrap.doResolveAndConnect0(Bootstrap.java:228)
	at io.netty.bootstrap.Bootstrap.access$000(Bootstrap.java:47)
	at io.netty.bootstrap.Bootstrap$1.operationComplete(Bootstrap.java:189)
	at io.netty.bootstrap.Bootstrap$1.operationComplete(Bootstrap.java:175)
	at io.netty.util.concurrent.DefaultPromise.notifyListener0(DefaultPromise.java:603)
	at io.netty.util.concurrent.DefaultPromise.notifyListenersNow(DefaultPromise.java:570)
	at io.netty.util.concurrent.DefaultPromise.notifyListeners(DefaultPromise.java:505)
	at io.netty.util.concurrent.DefaultPromise.setValue0(DefaultPromise.java:649)
	at io.netty.util.concurrent.DefaultPromise.setSuccess0(DefaultPromise.java:638)
	at io.netty.util.concurrent.DefaultPromise.trySuccess(DefaultPromise.java:118)
	at io.netty.channel.DefaultChannelPromise.trySuccess(DefaultChannelPromise.java:84)
	at io.netty.channel.AbstractChannel$AbstractUnsafe.safeSetSuccess(AbstractChannel.java:988)
	at io.netty.channel.AbstractChannel$AbstractUnsafe.register0(AbstractChannel.java:515)
	at io.netty.channel.AbstractChannel$AbstractUnsafe.access$200(AbstractChannel.java:428)
	at io.netty.channel.AbstractChannel$AbstractUnsafe$1.run(AbstractChannel.java:485)
	at io.netty.util.concurrent.AbstractEventExecutor.runTask(AbstractEventExecutor.java:173)
	at io.netty.util.concurrent.AbstractEventExecutor.safeExecute(AbstractEventExecutor.java:166)
	at io.netty.util.concurrent.SingleThreadEventExecutor.runAllTasks(SingleThreadEventExecutor.java:472)
	at io.netty.channel.nio.NioEventLoop.run(NioEventLoop.java:569)
	at io.netty.util.concurrent.SingleThreadEventExecutor$4.run(SingleThreadEventExecutor.java:998)
	at io.netty.util.internal.ThreadExecutorMap$2.run(ThreadExecutorMap.java:74)
	at io.netty.util.concurrent.FastThreadLocalRunnable.run(FastThreadLocalRunnable.java:30)
	... 1 common frames omitted
Caused by: java.net.UnknownHostException: No such host is known (redis-sentinel.redis.svc.cluster.local)
	at java.base/java.net.Inet6AddressImpl.lookupAllHostAddr(Native Method)
	at java.base/java.net.Inet6AddressImpl.lookupAllHostAddr(Inet6AddressImpl.java:52)
	at java.base/java.net.InetAddress$PlatformResolver.lookupByName(InetAddress.java:1048)
	at java.base/java.net.InetAddress.getAddressesFromNameService(InetAddress.java:1648)
	at java.base/java.net.InetAddress$NameServiceAddresses.get(InetAddress.java:997)
	at java.base/java.net.InetAddress.getAllByName0(InetAddress.java:1638)
	at java.base/java.net.InetAddress.getAllByName(InetAddress.java:1504)
	at java.base/java.net.InetAddress.getByName(InetAddress.java:1393)
	at io.netty.util.internal.SocketUtils$8.run(SocketUtils.java:156)
	at io.netty.util.internal.SocketUtils$8.run(SocketUtils.java:153)
	at java.base/java.security.AccessController.doPrivileged(AccessController.java:569)
	at io.netty.util.internal.SocketUtils.addressByName(SocketUtils.java:153)
	at io.netty.resolver.DefaultNameResolver.doResolve(DefaultNameResolver.java:41)
	at io.netty.resolver.SimpleNameResolver.resolve(SimpleNameResolver.java:61)
	at io.netty.resolver.SimpleNameResolver.resolve(SimpleNameResolver.java:53)
	at io.netty.resolver.InetSocketAddressResolver.doResolve(InetSocketAddressResolver.java:55)
	at io.netty.resolver.InetSocketAddressResolver.doResolve(InetSocketAddressResolver.java:31)
	at io.netty.resolver.AbstractAddressResolver.resolve(AbstractAddressResolver.java:106)
	at io.netty.bootstrap.Bootstrap.doResolveAndConnect0(Bootstrap.java:220)
	... 22 common frames omitted
2026-04-07 23:02:58.089 WARN  [main] org.hibernate.orm.deprecation - HHH90000025: OracleDialect does not need to be specified explicitly using 'hibernate.dialect' (remove the property setting and it will be selected by default)
2026-04-07 23:02:59.876 WARN  [main] o.s.b.a.o.j.JpaBaseConfiguration$JpaWebConfiguration - spring.jpa.open-in-view is enabled by default. Therefore, database queries may be performed during view rendering. Explicitly configure spring.jpa.open-in-view to disable this warning
2026-04-07 23:03:02.284 WARN  [lettuce-nioEventLoop-6-1] io.lettuce.core.RedisClient - Cannot connect Redis Sentinel at redis://redis-sentinel.redis.svc.cluster.local:26379?timeout=500000000ns: java.util.concurrent.CompletionException: java.net.UnknownHostException: No such host is known (redis-sentinel.redis.svc.cluster.local)
2026-04-07 23:03:02.288 WARN  [boundedElastic-1] o.s.b.a.d.r.RedisReactiveHealthIndicator - Redis health check failed
org.springframework.data.redis.RedisConnectionFailureException: Unable to connect to Redis
	at org.springframework.data.redis.connection.lettuce.LettuceConnectionFactory$ExceptionTranslatingConnectionProvider.translateException(LettuceConnectionFactory.java:1858)
	at org.springframework.data.redis.connection.lettuce.LettuceConnectionFactory$ExceptionTranslatingConnectionProvider.getConnection(LettuceConnectionFactory.java:1789)
	at org.springframework.data.redis.connection.lettuce.LettuceConnectionFactory$SharedConnection.getNativeConnection(LettuceConnectionFactory.java:1586)
	at org.springframework.data.redis.connection.lettuce.LettuceConnectionFactory$SharedConnection.lambda$getConnection$0(LettuceConnectionFactory.java:1566)
	at org.springframework.data.redis.connection.lettuce.LettuceConnectionFactory.doInLock(LettuceConnectionFactory.java:1527)
	at org.springframework.data.redis.connection.lettuce.LettuceConnectionFactory$SharedConnection.getConnection(LettuceConnectionFactory.java:1563)
	at org.springframework.data.redis.connection.lettuce.LettuceConnectionFactory.getSharedReactiveConnection(LettuceConnectionFactory.java:1274)
	at org.springframework.data.redis.connection.lettuce.LettuceConnectionFactory.getReactiveConnection(LettuceConnectionFactory.java:1149)
	at org.springframework.data.redis.connection.lettuce.LettuceConnectionFactory.getReactiveConnection(LettuceConnectionFactory.java:120)
	at reactor.core.publisher.MonoSupplier.call(MonoSupplier.java:67)
	at reactor.core.publisher.FluxSubscribeOnCallable$CallableSubscribeOnSubscription.run(FluxSubscribeOnCallable.java:228)
	at reactor.core.scheduler.SchedulerTask.call(SchedulerTask.java:68)
	at reactor.core.scheduler.SchedulerTask.call(SchedulerTask.java:28)
	at java.base/java.util.concurrent.FutureTask.run(FutureTask.java:264)
	at java.base/java.util.concurrent.ScheduledThreadPoolExecutor$ScheduledFutureTask.run(ScheduledThreadPoolExecutor.java:304)
	at java.base/java.util.concurrent.ThreadPoolExecutor.runWorker(ThreadPoolExecutor.java:1136)
	at java.base/java.util.concurrent.ThreadPoolExecutor$Worker.run(ThreadPoolExecutor.java:635)
	at java.base/java.lang.Thread.run(Thread.java:833)
Caused by: org.springframework.data.redis.connection.PoolException: Could not prepare the pool
	at org.springframework.data.redis.connection.lettuce.LettucePoolingConnectionProvider.lambda$getConnection$1(LettucePoolingConnectionProvider.java:101)
	at java.base/java.util.concurrent.ConcurrentHashMap.computeIfAbsent(ConcurrentHashMap.java:1708)
	at org.springframework.data.redis.connection.lettuce.LettucePoolingConnectionProvider.getConnection(LettucePoolingConnectionProvider.java:93)
	at org.springframework.data.redis.connection.lettuce.LettuceConnectionFactory$ExceptionTranslatingConnectionProvider.getConnection(LettuceConnectionFactory.java:1787)
	... 16 common frames omitted
Caused by: io.lettuce.core.RedisConnectionException: Cannot connect to a Redis Sentinel: [redis://redis-sentinel.redis.svc.cluster.local:26379?timeout=500000000ns]
	at io.lettuce.core.RedisConnectionException.create(RedisConnectionException.java:57)
	at io.lettuce.core.RedisConnectionException.create(RedisConnectionException.java:41)
	at io.lettuce.core.AbstractRedisClient.getConnection(AbstractRedisClient.java:354)
	at io.lettuce.core.RedisClient.connect(RedisClient.java:220)
	at org.springframework.data.redis.connection.lettuce.StandaloneConnectionProvider.lambda$getConnection$1(StandaloneConnectionProvider.java:112)
	at java.base/java.util.Optional.orElseGet(Optional.java:364)
	at org.springframework.data.redis.connection.lettuce.StandaloneConnectionProvider.getConnection(StandaloneConnectionProvider.java:112)
	at org.springframework.data.redis.connection.lettuce.LettucePoolingConnectionProvider.lambda$getConnection$0(LettucePoolingConnectionProvider.java:96)
	at io.lettuce.core.support.ConnectionPoolSupport$RedisPooledObjectFactory.create(ConnectionPoolSupport.java:270)
	at io.lettuce.core.support.ConnectionPoolSupport$RedisPooledObjectFactory.create(ConnectionPoolSupport.java:257)
	at org.apache.commons.pool2.BasePooledObjectFactory.makeObject(BasePooledObjectFactory.java:68)
	at org.apache.commons.pool2.impl.GenericObjectPool.create(GenericObjectPool.java:557)
	at org.apache.commons.pool2.impl.GenericObjectPool.ensureIdle(GenericObjectPool.java:630)
	at org.apache.commons.pool2.impl.GenericObjectPool.ensureMinIdle(GenericObjectPool.java:652)
	at org.apache.commons.pool2.impl.GenericObjectPool.preparePool(GenericObjectPool.java:970)
	at org.springframework.data.redis.connection.lettuce.LettucePoolingConnectionProvider.lambda$getConnection$1(LettucePoolingConnectionProvider.java:99)
	... 19 common frames omitted
Caused by: io.lettuce.core.RedisConnectionException: Cannot connect Redis Sentinel at redis://redis-sentinel.redis.svc.cluster.local:26379?timeout=500000000ns
	at io.lettuce.core.RedisClient.lambda$connectSentinelAsync$6(RedisClient.java:533)
	at reactor.core.publisher.Mono.lambda$onErrorMap$29(Mono.java:3862)
	at reactor.core.publisher.FluxOnErrorResume$ResumeSubscriber.onError(FluxOnErrorResume.java:94)
	at reactor.core.publisher.FluxOnErrorResume$ResumeSubscriber.onError(FluxOnErrorResume.java:106)
	at reactor.core.publisher.Operators.error(Operators.java:198)
	at reactor.core.publisher.MonoError.subscribe(MonoError.java:53)
	at reactor.core.publisher.Mono.subscribe(Mono.java:4576)
	at reactor.core.publisher.FluxOnErrorResume$ResumeSubscriber.onError(FluxOnErrorResume.java:103)
	at reactor.core.publisher.MonoCompletionStage$MonoCompletionStageSubscription.apply(MonoCompletionStage.java:115)
	at reactor.core.publisher.MonoCompletionStage$MonoCompletionStageSubscription.apply(MonoCompletionStage.java:67)
	at java.base/java.util.concurrent.CompletableFuture.uniHandle(CompletableFuture.java:934)
	at java.base/java.util.concurrent.CompletableFuture$UniHandle.tryFire(CompletableFuture.java:911)
	at java.base/java.util.concurrent.CompletableFuture.postComplete(CompletableFuture.java:510)
	at java.base/java.util.concurrent.CompletableFuture.completeExceptionally(CompletableFuture.java:2162)
	at io.lettuce.core.AbstractRedisClient.lambda$initializeChannelAsync0$6(AbstractRedisClient.java:458)
	at io.netty.util.concurrent.DefaultPromise.notifyListener0(DefaultPromise.java:603)
	at io.netty.util.concurrent.DefaultPromise.notifyListenersNow(DefaultPromise.java:570)
	at io.netty.util.concurrent.DefaultPromise.notifyListeners(DefaultPromise.java:505)
	at io.netty.util.concurrent.DefaultPromise.setValue0(DefaultPromise.java:649)
	at io.netty.util.concurrent.DefaultPromise.setFailure0(DefaultPromise.java:642)
	at io.netty.util.concurrent.DefaultPromise.setFailure(DefaultPromise.java:123)
	at io.netty.channel.DefaultChannelPromise.setFailure(DefaultChannelPromise.java:89)
	at io.netty.bootstrap.Bootstrap.doResolveAndConnect0(Bootstrap.java:228)
	at io.netty.bootstrap.Bootstrap.access$000(Bootstrap.java:47)
	at io.netty.bootstrap.Bootstrap$1.operationComplete(Bootstrap.java:189)
	at io.netty.bootstrap.Bootstrap$1.operationComplete(Bootstrap.java:175)
	at io.netty.util.concurrent.DefaultPromise.notifyListener0(DefaultPromise.java:603)
	at io.netty.util.concurrent.DefaultPromise.notifyListenersNow(DefaultPromise.java:570)
	at io.netty.util.concurrent.DefaultPromise.notifyListeners(DefaultPromise.java:505)
	at io.netty.util.concurrent.DefaultPromise.setValue0(DefaultPromise.java:649)
	at io.netty.util.concurrent.DefaultPromise.setSuccess0(DefaultPromise.java:638)
	at io.netty.util.concurrent.DefaultPromise.trySuccess(DefaultPromise.java:118)
	at io.netty.channel.DefaultChannelPromise.trySuccess(DefaultChannelPromise.java:84)
	at io.netty.channel.AbstractChannel$AbstractUnsafe.safeSetSuccess(AbstractChannel.java:988)
	at io.netty.channel.AbstractChannel$AbstractUnsafe.register0(AbstractChannel.java:515)
	at io.netty.channel.AbstractChannel$AbstractUnsafe.access$200(AbstractChannel.java:428)
	at io.netty.channel.AbstractChannel$AbstractUnsafe$1.run(AbstractChannel.java:485)
	at io.netty.util.concurrent.AbstractEventExecutor.runTask(AbstractEventExecutor.java:173)
	at io.netty.util.concurrent.AbstractEventExecutor.safeExecute(AbstractEventExecutor.java:166)
	at io.netty.util.concurrent.SingleThreadEventExecutor.runAllTasks(SingleThreadEventExecutor.java:472)
	at io.netty.channel.nio.NioEventLoop.run(NioEventLoop.java:569)
	at io.netty.util.concurrent.SingleThreadEventExecutor$4.run(SingleThreadEventExecutor.java:998)
	at io.netty.util.internal.ThreadExecutorMap$2.run(ThreadExecutorMap.java:74)
	at io.netty.util.concurrent.FastThreadLocalRunnable.run(FastThreadLocalRunnable.java:30)
	... 1 common frames omitted
Caused by: java.net.UnknownHostException: No such host is known (redis-sentinel.redis.svc.cluster.local)
	at java.base/java.net.Inet6AddressImpl.lookupAllHostAddr(Native Method)
	at java.base/java.net.Inet6AddressImpl.lookupAllHostAddr(Inet6AddressImpl.java:52)
	at java.base/java.net.InetAddress$PlatformResolver.lookupByName(InetAddress.java:1048)
	at java.base/java.net.InetAddress.getAddressesFromNameService(InetAddress.java:1648)
	at java.base/java.net.InetAddress$NameServiceAddresses.get(InetAddress.java:997)
	at java.base/java.net.InetAddress.getAllByName0(InetAddress.java:1638)
	at java.base/java.net.InetAddress.getAllByName(InetAddress.java:1504)
	at java.base/java.net.InetAddress.getByName(InetAddress.java:1393)
	at io.netty.util.internal.SocketUtils$8.run(SocketUtils.java:156)
	at io.netty.util.internal.SocketUtils$8.run(SocketUtils.java:153)
	at java.base/java.security.AccessController.doPrivileged(AccessController.java:569)
	at io.netty.util.internal.SocketUtils.addressByName(SocketUtils.java:153)
	at io.netty.resolver.DefaultNameResolver.doResolve(DefaultNameResolver.java:41)
	at io.netty.resolver.SimpleNameResolver.resolve(SimpleNameResolver.java:61)
	at io.netty.resolver.SimpleNameResolver.resolve(SimpleNameResolver.java:53)
	at io.netty.resolver.InetSocketAddressResolver.doResolve(InetSocketAddressResolver.java:55)
	at io.netty.resolver.InetSocketAddressResolver.doResolve(InetSocketAddressResolver.java:31)
	at io.netty.resolver.AbstractAddressResolver.resolve(AbstractAddressResolver.java:106)
	at io.netty.bootstrap.Bootstrap.doResolveAndConnect0(Bootstrap.java:220)
	... 22 common frames omitted
2026-04-07 23:15:54.012 WARN  [HikariPool-1:housekeeper] com.zaxxer.hikari.pool.PoolBase - HikariPool-1 - Failed to validate connection oracle.jdbc.driver.T4CConnection@6d83a6c9 (ORA-17008: Closed connection
https://docs.oracle.com/error-help/db/ora-17008/). Possibly consider using a shorter maxLifetime value.
2026-04-07 23:17:13.134 WARN  [main] org.hibernate.orm.deprecation - HHH90000025: OracleDialect does not need to be specified explicitly using 'hibernate.dialect' (remove the property setting and it will be selected by default)
2026-04-07 23:17:14.775 WARN  [main] o.s.b.a.o.j.JpaBaseConfiguration$JpaWebConfiguration - spring.jpa.open-in-view is enabled by default. Therefore, database queries may be performed during view rendering. Explicitly configure spring.jpa.open-in-view to disable this warning
2026-04-07 23:17:16.904 WARN  [lettuce-nioEventLoop-6-1] io.lettuce.core.RedisClient - Cannot connect Redis Sentinel at redis://redis-sentinel.redis.svc.cluster.local:26379?timeout=500000000ns: java.util.concurrent.CompletionException: java.net.UnknownHostException: No such host is known (redis-sentinel.redis.svc.cluster.local)
2026-04-07 23:17:16.919 WARN  [boundedElastic-1] o.s.b.a.d.r.RedisReactiveHealthIndicator - Redis health check failed
org.springframework.data.redis.RedisConnectionFailureException: Unable to connect to Redis
	at org.springframework.data.redis.connection.lettuce.LettuceConnectionFactory$ExceptionTranslatingConnectionProvider.translateException(LettuceConnectionFactory.java:1858)
	at org.springframework.data.redis.connection.lettuce.LettuceConnectionFactory$ExceptionTranslatingConnectionProvider.getConnection(LettuceConnectionFactory.java:1789)
	at org.springframework.data.redis.connection.lettuce.LettuceConnectionFactory$SharedConnection.getNativeConnection(LettuceConnectionFactory.java:1586)
	at org.springframework.data.redis.connection.lettuce.LettuceConnectionFactory$SharedConnection.lambda$getConnection$0(LettuceConnectionFactory.java:1566)
	at org.springframework.data.redis.connection.lettuce.LettuceConnectionFactory.doInLock(LettuceConnectionFactory.java:1527)
	at org.springframework.data.redis.connection.lettuce.LettuceConnectionFactory$SharedConnection.getConnection(LettuceConnectionFactory.java:1563)
	at org.springframework.data.redis.connection.lettuce.LettuceConnectionFactory.getSharedReactiveConnection(LettuceConnectionFactory.java:1274)
	at org.springframework.data.redis.connection.lettuce.LettuceConnectionFactory.getReactiveConnection(LettuceConnectionFactory.java:1149)
	at org.springframework.data.redis.connection.lettuce.LettuceConnectionFactory.getReactiveConnection(LettuceConnectionFactory.java:120)
	at reactor.core.publisher.MonoSupplier.call(MonoSupplier.java:67)
	at reactor.core.publisher.FluxSubscribeOnCallable$CallableSubscribeOnSubscription.run(FluxSubscribeOnCallable.java:228)
	at reactor.core.scheduler.SchedulerTask.call(SchedulerTask.java:68)
	at reactor.core.scheduler.SchedulerTask.call(SchedulerTask.java:28)
	at java.base/java.util.concurrent.FutureTask.run(FutureTask.java:264)
	at java.base/java.util.concurrent.ScheduledThreadPoolExecutor$ScheduledFutureTask.run(ScheduledThreadPoolExecutor.java:304)
	at java.base/java.util.concurrent.ThreadPoolExecutor.runWorker(ThreadPoolExecutor.java:1136)
	at java.base/java.util.concurrent.ThreadPoolExecutor$Worker.run(ThreadPoolExecutor.java:635)
	at java.base/java.lang.Thread.run(Thread.java:833)
Caused by: org.springframework.data.redis.connection.PoolException: Could not prepare the pool
	at org.springframework.data.redis.connection.lettuce.LettucePoolingConnectionProvider.lambda$getConnection$1(LettucePoolingConnectionProvider.java:101)
	at java.base/java.util.concurrent.ConcurrentHashMap.computeIfAbsent(ConcurrentHashMap.java:1708)
	at org.springframework.data.redis.connection.lettuce.LettucePoolingConnectionProvider.getConnection(LettucePoolingConnectionProvider.java:93)
	at org.springframework.data.redis.connection.lettuce.LettuceConnectionFactory$ExceptionTranslatingConnectionProvider.getConnection(LettuceConnectionFactory.java:1787)
	... 16 common frames omitted
Caused by: io.lettuce.core.RedisConnectionException: Cannot connect to a Redis Sentinel: [redis://redis-sentinel.redis.svc.cluster.local:26379?timeout=500000000ns]
	at io.lettuce.core.RedisConnectionException.create(RedisConnectionException.java:57)
	at io.lettuce.core.RedisConnectionException.create(RedisConnectionException.java:41)
	at io.lettuce.core.AbstractRedisClient.getConnection(AbstractRedisClient.java:354)
	at io.lettuce.core.RedisClient.connect(RedisClient.java:220)
	at org.springframework.data.redis.connection.lettuce.StandaloneConnectionProvider.lambda$getConnection$1(StandaloneConnectionProvider.java:112)
	at java.base/java.util.Optional.orElseGet(Optional.java:364)
	at org.springframework.data.redis.connection.lettuce.StandaloneConnectionProvider.getConnection(StandaloneConnectionProvider.java:112)
	at org.springframework.data.redis.connection.lettuce.LettucePoolingConnectionProvider.lambda$getConnection$0(LettucePoolingConnectionProvider.java:96)
	at io.lettuce.core.support.ConnectionPoolSupport$RedisPooledObjectFactory.create(ConnectionPoolSupport.java:270)
	at io.lettuce.core.support.ConnectionPoolSupport$RedisPooledObjectFactory.create(ConnectionPoolSupport.java:257)
	at org.apache.commons.pool2.BasePooledObjectFactory.makeObject(BasePooledObjectFactory.java:68)
	at org.apache.commons.pool2.impl.GenericObjectPool.create(GenericObjectPool.java:557)
	at org.apache.commons.pool2.impl.GenericObjectPool.ensureIdle(GenericObjectPool.java:630)
	at org.apache.commons.pool2.impl.GenericObjectPool.ensureMinIdle(GenericObjectPool.java:652)
	at org.apache.commons.pool2.impl.GenericObjectPool.preparePool(GenericObjectPool.java:970)
	at org.springframework.data.redis.connection.lettuce.LettucePoolingConnectionProvider.lambda$getConnection$1(LettucePoolingConnectionProvider.java:99)
	... 19 common frames omitted
Caused by: io.lettuce.core.RedisConnectionException: Cannot connect Redis Sentinel at redis://redis-sentinel.redis.svc.cluster.local:26379?timeout=500000000ns
	at io.lettuce.core.RedisClient.lambda$connectSentinelAsync$6(RedisClient.java:533)
	at reactor.core.publisher.Mono.lambda$onErrorMap$29(Mono.java:3862)
	at reactor.core.publisher.FluxOnErrorResume$ResumeSubscriber.onError(FluxOnErrorResume.java:94)
	at reactor.core.publisher.FluxOnErrorResume$ResumeSubscriber.onError(FluxOnErrorResume.java:106)
	at reactor.core.publisher.Operators.error(Operators.java:198)
	at reactor.core.publisher.MonoError.subscribe(MonoError.java:53)
	at reactor.core.publisher.Mono.subscribe(Mono.java:4576)
	at reactor.core.publisher.FluxOnErrorResume$ResumeSubscriber.onError(FluxOnErrorResume.java:103)
	at reactor.core.publisher.MonoCompletionStage$MonoCompletionStageSubscription.apply(MonoCompletionStage.java:115)
	at reactor.core.publisher.MonoCompletionStage$MonoCompletionStageSubscription.apply(MonoCompletionStage.java:67)
	at java.base/java.util.concurrent.CompletableFuture.uniHandle(CompletableFuture.java:934)
	at java.base/java.util.concurrent.CompletableFuture$UniHandle.tryFire(CompletableFuture.java:911)
	at java.base/java.util.concurrent.CompletableFuture.postComplete(CompletableFuture.java:510)
	at java.base/java.util.concurrent.CompletableFuture.completeExceptionally(CompletableFuture.java:2162)
	at io.lettuce.core.AbstractRedisClient.lambda$initializeChannelAsync0$6(AbstractRedisClient.java:458)
	at io.netty.util.concurrent.DefaultPromise.notifyListener0(DefaultPromise.java:603)
	at io.netty.util.concurrent.DefaultPromise.notifyListenersNow(DefaultPromise.java:570)
	at io.netty.util.concurrent.DefaultPromise.notifyListeners(DefaultPromise.java:505)
	at io.netty.util.concurrent.DefaultPromise.setValue0(DefaultPromise.java:649)
	at io.netty.util.concurrent.DefaultPromise.setFailure0(DefaultPromise.java:642)
	at io.netty.util.concurrent.DefaultPromise.setFailure(DefaultPromise.java:123)
	at io.netty.channel.DefaultChannelPromise.setFailure(DefaultChannelPromise.java:89)
	at io.netty.bootstrap.Bootstrap.doResolveAndConnect0(Bootstrap.java:228)
	at io.netty.bootstrap.Bootstrap.access$000(Bootstrap.java:47)
	at io.netty.bootstrap.Bootstrap$1.operationComplete(Bootstrap.java:189)
	at io.netty.bootstrap.Bootstrap$1.operationComplete(Bootstrap.java:175)
	at io.netty.util.concurrent.DefaultPromise.notifyListener0(DefaultPromise.java:603)
	at io.netty.util.concurrent.DefaultPromise.notifyListenersNow(DefaultPromise.java:570)
	at io.netty.util.concurrent.DefaultPromise.notifyListeners(DefaultPromise.java:505)
	at io.netty.util.concurrent.DefaultPromise.setValue0(DefaultPromise.java:649)
	at io.netty.util.concurrent.DefaultPromise.setSuccess0(DefaultPromise.java:638)
	at io.netty.util.concurrent.DefaultPromise.trySuccess(DefaultPromise.java:118)
	at io.netty.channel.DefaultChannelPromise.trySuccess(DefaultChannelPromise.java:84)
	at io.netty.channel.AbstractChannel$AbstractUnsafe.safeSetSuccess(AbstractChannel.java:988)
	at io.netty.channel.AbstractChannel$AbstractUnsafe.register0(AbstractChannel.java:515)
	at io.netty.channel.AbstractChannel$AbstractUnsafe.access$200(AbstractChannel.java:428)
	at io.netty.channel.AbstractChannel$AbstractUnsafe$1.run(AbstractChannel.java:485)
	at io.netty.util.concurrent.AbstractEventExecutor.runTask(AbstractEventExecutor.java:173)
	at io.netty.util.concurrent.AbstractEventExecutor.safeExecute(AbstractEventExecutor.java:166)
	at io.netty.util.concurrent.SingleThreadEventExecutor.runAllTasks(SingleThreadEventExecutor.java:472)
	at io.netty.channel.nio.NioEventLoop.run(NioEventLoop.java:569)
	at io.netty.util.concurrent.SingleThreadEventExecutor$4.run(SingleThreadEventExecutor.java:998)
	at io.netty.util.internal.ThreadExecutorMap$2.run(ThreadExecutorMap.java:74)
	at io.netty.util.concurrent.FastThreadLocalRunnable.run(FastThreadLocalRunnable.java:30)
	... 1 common frames omitted
Caused by: java.net.UnknownHostException: No such host is known (redis-sentinel.redis.svc.cluster.local)
	at java.base/java.net.Inet6AddressImpl.lookupAllHostAddr(Native Method)
	at java.base/java.net.Inet6AddressImpl.lookupAllHostAddr(Inet6AddressImpl.java:52)
	at java.base/java.net.InetAddress$PlatformResolver.lookupByName(InetAddress.java:1048)
	at java.base/java.net.InetAddress.getAddressesFromNameService(InetAddress.java:1648)
	at java.base/java.net.InetAddress$NameServiceAddresses.get(InetAddress.java:997)
	at java.base/java.net.InetAddress.getAllByName0(InetAddress.java:1638)
	at java.base/java.net.InetAddress.getAllByName(InetAddress.java:1504)
	at java.base/java.net.InetAddress.getByName(InetAddress.java:1393)
	at io.netty.util.internal.SocketUtils$8.run(SocketUtils.java:156)
	at io.netty.util.internal.SocketUtils$8.run(SocketUtils.java:153)
	at java.base/java.security.AccessController.doPrivileged(AccessController.java:569)
	at io.netty.util.internal.SocketUtils.addressByName(SocketUtils.java:153)
	at io.netty.resolver.DefaultNameResolver.doResolve(DefaultNameResolver.java:41)
	at io.netty.resolver.SimpleNameResolver.resolve(SimpleNameResolver.java:61)
	at io.netty.resolver.SimpleNameResolver.resolve(SimpleNameResolver.java:53)
	at io.netty.resolver.InetSocketAddressResolver.doResolve(InetSocketAddressResolver.java:55)
	at io.netty.resolver.InetSocketAddressResolver.doResolve(InetSocketAddressResolver.java:31)
	at io.netty.resolver.AbstractAddressResolver.resolve(AbstractAddressResolver.java:106)
	at io.netty.bootstrap.Bootstrap.doResolveAndConnect0(Bootstrap.java:220)
	... 22 common frames omitted
2026-04-07 23:29:10.652 WARN  [main] org.hibernate.orm.deprecation - HHH90000025: OracleDialect does not need to be specified explicitly using 'hibernate.dialect' (remove the property setting and it will be selected by default)
2026-04-07 23:29:12.696 WARN  [main] o.s.b.a.o.j.JpaBaseConfiguration$JpaWebConfiguration - spring.jpa.open-in-view is enabled by default. Therefore, database queries may be performed during view rendering. Explicitly configure spring.jpa.open-in-view to disable this warning
2026-04-07 23:29:15.114 WARN  [lettuce-nioEventLoop-6-1] io.lettuce.core.RedisClient - Cannot connect Redis Sentinel at redis://redis-sentinel.redis.svc.cluster.local:26379?timeout=500000000ns: java.util.concurrent.CompletionException: java.net.UnknownHostException: No such host is known (redis-sentinel.redis.svc.cluster.local)
2026-04-07 23:29:15.122 WARN  [boundedElastic-1] o.s.b.a.d.r.RedisReactiveHealthIndicator - Redis health check failed
org.springframework.data.redis.RedisConnectionFailureException: Unable to connect to Redis
	at org.springframework.data.redis.connection.lettuce.LettuceConnectionFactory$ExceptionTranslatingConnectionProvider.translateException(LettuceConnectionFactory.java:1858)
	at org.springframework.data.redis.connection.lettuce.LettuceConnectionFactory$ExceptionTranslatingConnectionProvider.getConnection(LettuceConnectionFactory.java:1789)
	at org.springframework.data.redis.connection.lettuce.LettuceConnectionFactory$SharedConnection.getNativeConnection(LettuceConnectionFactory.java:1586)
	at org.springframework.data.redis.connection.lettuce.LettuceConnectionFactory$SharedConnection.lambda$getConnection$0(LettuceConnectionFactory.java:1566)
	at org.springframework.data.redis.connection.lettuce.LettuceConnectionFactory.doInLock(LettuceConnectionFactory.java:1527)
	at org.springframework.data.redis.connection.lettuce.LettuceConnectionFactory$SharedConnection.getConnection(LettuceConnectionFactory.java:1563)
	at org.springframework.data.redis.connection.lettuce.LettuceConnectionFactory.getSharedReactiveConnection(LettuceConnectionFactory.java:1274)
	at org.springframework.data.redis.connection.lettuce.LettuceConnectionFactory.getReactiveConnection(LettuceConnectionFactory.java:1149)
	at org.springframework.data.redis.connection.lettuce.LettuceConnectionFactory.getReactiveConnection(LettuceConnectionFactory.java:120)
	at reactor.core.publisher.MonoSupplier.call(MonoSupplier.java:67)
	at reactor.core.publisher.FluxSubscribeOnCallable$CallableSubscribeOnSubscription.run(FluxSubscribeOnCallable.java:228)
	at reactor.core.scheduler.SchedulerTask.call(SchedulerTask.java:68)
	at reactor.core.scheduler.SchedulerTask.call(SchedulerTask.java:28)
	at java.base/java.util.concurrent.FutureTask.run(FutureTask.java:264)
	at java.base/java.util.concurrent.ScheduledThreadPoolExecutor$ScheduledFutureTask.run(ScheduledThreadPoolExecutor.java:304)
	at java.base/java.util.concurrent.ThreadPoolExecutor.runWorker(ThreadPoolExecutor.java:1136)
	at java.base/java.util.concurrent.ThreadPoolExecutor$Worker.run(ThreadPoolExecutor.java:635)
	at java.base/java.lang.Thread.run(Thread.java:833)
Caused by: org.springframework.data.redis.connection.PoolException: Could not prepare the pool
	at org.springframework.data.redis.connection.lettuce.LettucePoolingConnectionProvider.lambda$getConnection$1(LettucePoolingConnectionProvider.java:101)
	at java.base/java.util.concurrent.ConcurrentHashMap.computeIfAbsent(ConcurrentHashMap.java:1708)
	at org.springframework.data.redis.connection.lettuce.LettucePoolingConnectionProvider.getConnection(LettucePoolingConnectionProvider.java:93)
	at org.springframework.data.redis.connection.lettuce.LettuceConnectionFactory$ExceptionTranslatingConnectionProvider.getConnection(LettuceConnectionFactory.java:1787)
	... 16 common frames omitted
Caused by: io.lettuce.core.RedisConnectionException: Cannot connect to a Redis Sentinel: [redis://redis-sentinel.redis.svc.cluster.local:26379?timeout=500000000ns]
	at io.lettuce.core.RedisConnectionException.create(RedisConnectionException.java:57)
	at io.lettuce.core.RedisConnectionException.create(RedisConnectionException.java:41)
	at io.lettuce.core.AbstractRedisClient.getConnection(AbstractRedisClient.java:354)
	at io.lettuce.core.RedisClient.connect(RedisClient.java:220)
	at org.springframework.data.redis.connection.lettuce.StandaloneConnectionProvider.lambda$getConnection$1(StandaloneConnectionProvider.java:112)
	at java.base/java.util.Optional.orElseGet(Optional.java:364)
	at org.springframework.data.redis.connection.lettuce.StandaloneConnectionProvider.getConnection(StandaloneConnectionProvider.java:112)
	at org.springframework.data.redis.connection.lettuce.LettucePoolingConnectionProvider.lambda$getConnection$0(LettucePoolingConnectionProvider.java:96)
	at io.lettuce.core.support.ConnectionPoolSupport$RedisPooledObjectFactory.create(ConnectionPoolSupport.java:270)
	at io.lettuce.core.support.ConnectionPoolSupport$RedisPooledObjectFactory.create(ConnectionPoolSupport.java:257)
	at org.apache.commons.pool2.BasePooledObjectFactory.makeObject(BasePooledObjectFactory.java:68)
	at org.apache.commons.pool2.impl.GenericObjectPool.create(GenericObjectPool.java:557)
	at org.apache.commons.pool2.impl.GenericObjectPool.ensureIdle(GenericObjectPool.java:630)
	at org.apache.commons.pool2.impl.GenericObjectPool.ensureMinIdle(GenericObjectPool.java:652)
	at org.apache.commons.pool2.impl.GenericObjectPool.preparePool(GenericObjectPool.java:970)
	at org.springframework.data.redis.connection.lettuce.LettucePoolingConnectionProvider.lambda$getConnection$1(LettucePoolingConnectionProvider.java:99)
	... 19 common frames omitted
Caused by: io.lettuce.core.RedisConnectionException: Cannot connect Redis Sentinel at redis://redis-sentinel.redis.svc.cluster.local:26379?timeout=500000000ns
	at io.lettuce.core.RedisClient.lambda$connectSentinelAsync$6(RedisClient.java:533)
	at reactor.core.publisher.Mono.lambda$onErrorMap$29(Mono.java:3862)
	at reactor.core.publisher.FluxOnErrorResume$ResumeSubscriber.onError(FluxOnErrorResume.java:94)
	at reactor.core.publisher.FluxOnErrorResume$ResumeSubscriber.onError(FluxOnErrorResume.java:106)
	at reactor.core.publisher.Operators.error(Operators.java:198)
	at reactor.core.publisher.MonoError.subscribe(MonoError.java:53)
	at reactor.core.publisher.Mono.subscribe(Mono.java:4576)
	at reactor.core.publisher.FluxOnErrorResume$ResumeSubscriber.onError(FluxOnErrorResume.java:103)
	at reactor.core.publisher.MonoCompletionStage$MonoCompletionStageSubscription.apply(MonoCompletionStage.java:115)
	at reactor.core.publisher.MonoCompletionStage$MonoCompletionStageSubscription.apply(MonoCompletionStage.java:67)
	at java.base/java.util.concurrent.CompletableFuture.uniHandle(CompletableFuture.java:934)
	at java.base/java.util.concurrent.CompletableFuture$UniHandle.tryFire(CompletableFuture.java:911)
	at java.base/java.util.concurrent.CompletableFuture.postComplete(CompletableFuture.java:510)
	at java.base/java.util.concurrent.CompletableFuture.completeExceptionally(CompletableFuture.java:2162)
	at io.lettuce.core.AbstractRedisClient.lambda$initializeChannelAsync0$6(AbstractRedisClient.java:458)
	at io.netty.util.concurrent.DefaultPromise.notifyListener0(DefaultPromise.java:603)
	at io.netty.util.concurrent.DefaultPromise.notifyListenersNow(DefaultPromise.java:570)
	at io.netty.util.concurrent.DefaultPromise.notifyListeners(DefaultPromise.java:505)
	at io.netty.util.concurrent.DefaultPromise.setValue0(DefaultPromise.java:649)
	at io.netty.util.concurrent.DefaultPromise.setFailure0(DefaultPromise.java:642)
	at io.netty.util.concurrent.DefaultPromise.setFailure(DefaultPromise.java:123)
	at io.netty.channel.DefaultChannelPromise.setFailure(DefaultChannelPromise.java:89)
	at io.netty.bootstrap.Bootstrap.doResolveAndConnect0(Bootstrap.java:228)
	at io.netty.bootstrap.Bootstrap.access$000(Bootstrap.java:47)
	at io.netty.bootstrap.Bootstrap$1.operationComplete(Bootstrap.java:189)
	at io.netty.bootstrap.Bootstrap$1.operationComplete(Bootstrap.java:175)
	at io.netty.util.concurrent.DefaultPromise.notifyListener0(DefaultPromise.java:603)
	at io.netty.util.concurrent.DefaultPromise.notifyListenersNow(DefaultPromise.java:570)
	at io.netty.util.concurrent.DefaultPromise.notifyListeners(DefaultPromise.java:505)
	at io.netty.util.concurrent.DefaultPromise.setValue0(DefaultPromise.java:649)
	at io.netty.util.concurrent.DefaultPromise.setSuccess0(DefaultPromise.java:638)
	at io.netty.util.concurrent.DefaultPromise.trySuccess(DefaultPromise.java:118)
	at io.netty.channel.DefaultChannelPromise.trySuccess(DefaultChannelPromise.java:84)
	at io.netty.channel.AbstractChannel$AbstractUnsafe.safeSetSuccess(AbstractChannel.java:988)
	at io.netty.channel.AbstractChannel$AbstractUnsafe.register0(AbstractChannel.java:515)
	at io.netty.channel.AbstractChannel$AbstractUnsafe.access$200(AbstractChannel.java:428)
	at io.netty.channel.AbstractChannel$AbstractUnsafe$1.run(AbstractChannel.java:485)
	at io.netty.util.concurrent.AbstractEventExecutor.runTask(AbstractEventExecutor.java:173)
	at io.netty.util.concurrent.AbstractEventExecutor.safeExecute(AbstractEventExecutor.java:166)
	at io.netty.util.concurrent.SingleThreadEventExecutor.runAllTasks(SingleThreadEventExecutor.java:472)
	at io.netty.channel.nio.NioEventLoop.run(NioEventLoop.java:569)
	at io.netty.util.concurrent.SingleThreadEventExecutor$4.run(SingleThreadEventExecutor.java:998)
	at io.netty.util.internal.ThreadExecutorMap$2.run(ThreadExecutorMap.java:74)
	at io.netty.util.concurrent.FastThreadLocalRunnable.run(FastThreadLocalRunnable.java:30)
	... 1 common frames omitted
Caused by: java.net.UnknownHostException: No such host is known (redis-sentinel.redis.svc.cluster.local)
	at java.base/java.net.Inet6AddressImpl.lookupAllHostAddr(Native Method)
	at java.base/java.net.Inet6AddressImpl.lookupAllHostAddr(Inet6AddressImpl.java:52)
	at java.base/java.net.InetAddress$PlatformResolver.lookupByName(InetAddress.java:1048)
	at java.base/java.net.InetAddress.getAddressesFromNameService(InetAddress.java:1648)
	at java.base/java.net.InetAddress$NameServiceAddresses.get(InetAddress.java:997)
	at java.base/java.net.InetAddress.getAllByName0(InetAddress.java:1638)
	at java.base/java.net.InetAddress.getAllByName(InetAddress.java:1504)
	at java.base/java.net.InetAddress.getByName(InetAddress.java:1393)
	at io.netty.util.internal.SocketUtils$8.run(SocketUtils.java:156)
	at io.netty.util.internal.SocketUtils$8.run(SocketUtils.java:153)
	at java.base/java.security.AccessController.doPrivileged(AccessController.java:569)
	at io.netty.util.internal.SocketUtils.addressByName(SocketUtils.java:153)
	at io.netty.resolver.DefaultNameResolver.doResolve(DefaultNameResolver.java:41)
	at io.netty.resolver.SimpleNameResolver.resolve(SimpleNameResolver.java:61)
	at io.netty.resolver.SimpleNameResolver.resolve(SimpleNameResolver.java:53)
	at io.netty.resolver.InetSocketAddressResolver.doResolve(InetSocketAddressResolver.java:55)
	at io.netty.resolver.InetSocketAddressResolver.doResolve(InetSocketAddressResolver.java:31)
	at io.netty.resolver.AbstractAddressResolver.resolve(AbstractAddressResolver.java:106)
	at io.netty.bootstrap.Bootstrap.doResolveAndConnect0(Bootstrap.java:220)
	... 22 common frames omitted
2026-04-07 23:30:52.684 WARN  [HikariPool-1:housekeeper] com.zaxxer.hikari.pool.PoolBase - HikariPool-1 - Failed to validate connection oracle.jdbc.driver.T4CConnection@1576ced5 (ORA-17008: Closed connection
https://docs.oracle.com/error-help/db/ora-17008/). Possibly consider using a shorter maxLifetime value.
2026-04-07 23:34:47.607 WARN  [main] org.hibernate.orm.deprecation - HHH90000025: OracleDialect does not need to be specified explicitly using 'hibernate.dialect' (remove the property setting and it will be selected by default)
2026-04-07 23:34:49.399 WARN  [main] o.s.b.a.o.j.JpaBaseConfiguration$JpaWebConfiguration - spring.jpa.open-in-view is enabled by default. Therefore, database queries may be performed during view rendering. Explicitly configure spring.jpa.open-in-view to disable this warning
2026-04-07 23:34:52.015 WARN  [lettuce-nioEventLoop-6-1] io.lettuce.core.RedisClient - Cannot connect Redis Sentinel at redis://redis-sentinel.redis.svc.cluster.local:26379?timeout=500000000ns: java.util.concurrent.CompletionException: java.net.UnknownHostException: No such host is known (redis-sentinel.redis.svc.cluster.local)
2026-04-07 23:34:52.020 WARN  [boundedElastic-1] o.s.b.a.d.r.RedisReactiveHealthIndicator - Redis health check failed
org.springframework.data.redis.RedisConnectionFailureException: Unable to connect to Redis
	at org.springframework.data.redis.connection.lettuce.LettuceConnectionFactory$ExceptionTranslatingConnectionProvider.translateException(LettuceConnectionFactory.java:1858)
	at org.springframework.data.redis.connection.lettuce.LettuceConnectionFactory$ExceptionTranslatingConnectionProvider.getConnection(LettuceConnectionFactory.java:1789)
	at org.springframework.data.redis.connection.lettuce.LettuceConnectionFactory$SharedConnection.getNativeConnection(LettuceConnectionFactory.java:1586)
	at org.springframework.data.redis.connection.lettuce.LettuceConnectionFactory$SharedConnection.lambda$getConnection$0(LettuceConnectionFactory.java:1566)
	at org.springframework.data.redis.connection.lettuce.LettuceConnectionFactory.doInLock(LettuceConnectionFactory.java:1527)
	at org.springframework.data.redis.connection.lettuce.LettuceConnectionFactory$SharedConnection.getConnection(LettuceConnectionFactory.java:1563)
	at org.springframework.data.redis.connection.lettuce.LettuceConnectionFactory.getSharedReactiveConnection(LettuceConnectionFactory.java:1274)
	at org.springframework.data.redis.connection.lettuce.LettuceConnectionFactory.getReactiveConnection(LettuceConnectionFactory.java:1149)
	at org.springframework.data.redis.connection.lettuce.LettuceConnectionFactory.getReactiveConnection(LettuceConnectionFactory.java:120)
	at reactor.core.publisher.MonoSupplier.call(MonoSupplier.java:67)
	at reactor.core.publisher.FluxSubscribeOnCallable$CallableSubscribeOnSubscription.run(FluxSubscribeOnCallable.java:228)
	at reactor.core.scheduler.SchedulerTask.call(SchedulerTask.java:68)
	at reactor.core.scheduler.SchedulerTask.call(SchedulerTask.java:28)
	at java.base/java.util.concurrent.FutureTask.run(FutureTask.java:264)
	at java.base/java.util.concurrent.ScheduledThreadPoolExecutor$ScheduledFutureTask.run(ScheduledThreadPoolExecutor.java:304)
	at java.base/java.util.concurrent.ThreadPoolExecutor.runWorker(ThreadPoolExecutor.java:1136)
	at java.base/java.util.concurrent.ThreadPoolExecutor$Worker.run(ThreadPoolExecutor.java:635)
	at java.base/java.lang.Thread.run(Thread.java:833)
Caused by: org.springframework.data.redis.connection.PoolException: Could not prepare the pool
	at org.springframework.data.redis.connection.lettuce.LettucePoolingConnectionProvider.lambda$getConnection$1(LettucePoolingConnectionProvider.java:101)
	at java.base/java.util.concurrent.ConcurrentHashMap.computeIfAbsent(ConcurrentHashMap.java:1708)
	at org.springframework.data.redis.connection.lettuce.LettucePoolingConnectionProvider.getConnection(LettucePoolingConnectionProvider.java:93)
	at org.springframework.data.redis.connection.lettuce.LettuceConnectionFactory$ExceptionTranslatingConnectionProvider.getConnection(LettuceConnectionFactory.java:1787)
	... 16 common frames omitted
Caused by: io.lettuce.core.RedisConnectionException: Cannot connect to a Redis Sentinel: [redis://redis-sentinel.redis.svc.cluster.local:26379?timeout=500000000ns]
	at io.lettuce.core.RedisConnectionException.create(RedisConnectionException.java:57)
	at io.lettuce.core.RedisConnectionException.create(RedisConnectionException.java:41)
	at io.lettuce.core.AbstractRedisClient.getConnection(AbstractRedisClient.java:354)
	at io.lettuce.core.RedisClient.connect(RedisClient.java:220)
	at org.springframework.data.redis.connection.lettuce.StandaloneConnectionProvider.lambda$getConnection$1(StandaloneConnectionProvider.java:112)
	at java.base/java.util.Optional.orElseGet(Optional.java:364)
	at org.springframework.data.redis.connection.lettuce.StandaloneConnectionProvider.getConnection(StandaloneConnectionProvider.java:112)
	at org.springframework.data.redis.connection.lettuce.LettucePoolingConnectionProvider.lambda$getConnection$0(LettucePoolingConnectionProvider.java:96)
	at io.lettuce.core.support.ConnectionPoolSupport$RedisPooledObjectFactory.create(ConnectionPoolSupport.java:270)
	at io.lettuce.core.support.ConnectionPoolSupport$RedisPooledObjectFactory.create(ConnectionPoolSupport.java:257)
	at org.apache.commons.pool2.BasePooledObjectFactory.makeObject(BasePooledObjectFactory.java:68)
	at org.apache.commons.pool2.impl.GenericObjectPool.create(GenericObjectPool.java:557)
	at org.apache.commons.pool2.impl.GenericObjectPool.ensureIdle(GenericObjectPool.java:630)
	at org.apache.commons.pool2.impl.GenericObjectPool.ensureMinIdle(GenericObjectPool.java:652)
	at org.apache.commons.pool2.impl.GenericObjectPool.preparePool(GenericObjectPool.java:970)
	at org.springframework.data.redis.connection.lettuce.LettucePoolingConnectionProvider.lambda$getConnection$1(LettucePoolingConnectionProvider.java:99)
	... 19 common frames omitted
Caused by: io.lettuce.core.RedisConnectionException: Cannot connect Redis Sentinel at redis://redis-sentinel.redis.svc.cluster.local:26379?timeout=500000000ns
	at io.lettuce.core.RedisClient.lambda$connectSentinelAsync$6(RedisClient.java:533)
	at reactor.core.publisher.Mono.lambda$onErrorMap$29(Mono.java:3862)
	at reactor.core.publisher.FluxOnErrorResume$ResumeSubscriber.onError(FluxOnErrorResume.java:94)
	at reactor.core.publisher.FluxOnErrorResume$ResumeSubscriber.onError(FluxOnErrorResume.java:106)
	at reactor.core.publisher.Operators.error(Operators.java:198)
	at reactor.core.publisher.MonoError.subscribe(MonoError.java:53)
	at reactor.core.publisher.Mono.subscribe(Mono.java:4576)
	at reactor.core.publisher.FluxOnErrorResume$ResumeSubscriber.onError(FluxOnErrorResume.java:103)
	at reactor.core.publisher.MonoCompletionStage$MonoCompletionStageSubscription.apply(MonoCompletionStage.java:115)
	at reactor.core.publisher.MonoCompletionStage$MonoCompletionStageSubscription.apply(MonoCompletionStage.java:67)
	at java.base/java.util.concurrent.CompletableFuture.uniHandle(CompletableFuture.java:934)
	at java.base/java.util.concurrent.CompletableFuture$UniHandle.tryFire(CompletableFuture.java:911)
	at java.base/java.util.concurrent.CompletableFuture.postComplete(CompletableFuture.java:510)
	at java.base/java.util.concurrent.CompletableFuture.completeExceptionally(CompletableFuture.java:2162)
	at io.lettuce.core.AbstractRedisClient.lambda$initializeChannelAsync0$6(AbstractRedisClient.java:458)
	at io.netty.util.concurrent.DefaultPromise.notifyListener0(DefaultPromise.java:603)
	at io.netty.util.concurrent.DefaultPromise.notifyListenersNow(DefaultPromise.java:570)
	at io.netty.util.concurrent.DefaultPromise.notifyListeners(DefaultPromise.java:505)
	at io.netty.util.concurrent.DefaultPromise.setValue0(DefaultPromise.java:649)
	at io.netty.util.concurrent.DefaultPromise.setFailure0(DefaultPromise.java:642)
	at io.netty.util.concurrent.DefaultPromise.setFailure(DefaultPromise.java:123)
	at io.netty.channel.DefaultChannelPromise.setFailure(DefaultChannelPromise.java:89)
	at io.netty.bootstrap.Bootstrap.doResolveAndConnect0(Bootstrap.java:228)
	at io.netty.bootstrap.Bootstrap.access$000(Bootstrap.java:47)
	at io.netty.bootstrap.Bootstrap$1.operationComplete(Bootstrap.java:189)
	at io.netty.bootstrap.Bootstrap$1.operationComplete(Bootstrap.java:175)
	at io.netty.util.concurrent.DefaultPromise.notifyListener0(DefaultPromise.java:603)
	at io.netty.util.concurrent.DefaultPromise.notifyListenersNow(DefaultPromise.java:570)
	at io.netty.util.concurrent.DefaultPromise.notifyListeners(DefaultPromise.java:505)
	at io.netty.util.concurrent.DefaultPromise.setValue0(DefaultPromise.java:649)
	at io.netty.util.concurrent.DefaultPromise.setSuccess0(DefaultPromise.java:638)
	at io.netty.util.concurrent.DefaultPromise.trySuccess(DefaultPromise.java:118)
	at io.netty.channel.DefaultChannelPromise.trySuccess(DefaultChannelPromise.java:84)
	at io.netty.channel.AbstractChannel$AbstractUnsafe.safeSetSuccess(AbstractChannel.java:988)
	at io.netty.channel.AbstractChannel$AbstractUnsafe.register0(AbstractChannel.java:515)
	at io.netty.channel.AbstractChannel$AbstractUnsafe.access$200(AbstractChannel.java:428)
	at io.netty.channel.AbstractChannel$AbstractUnsafe$1.run(AbstractChannel.java:485)
	at io.netty.util.concurrent.AbstractEventExecutor.runTask(AbstractEventExecutor.java:173)
	at io.netty.util.concurrent.AbstractEventExecutor.safeExecute(AbstractEventExecutor.java:166)
	at io.netty.util.concurrent.SingleThreadEventExecutor.runAllTasks(SingleThreadEventExecutor.java:472)
	at io.netty.channel.nio.NioEventLoop.run(NioEventLoop.java:569)
	at io.netty.util.concurrent.SingleThreadEventExecutor$4.run(SingleThreadEventExecutor.java:998)
	at io.netty.util.internal.ThreadExecutorMap$2.run(ThreadExecutorMap.java:74)
	at io.netty.util.concurrent.FastThreadLocalRunnable.run(FastThreadLocalRunnable.java:30)
	... 1 common frames omitted
Caused by: java.net.UnknownHostException: No such host is known (redis-sentinel.redis.svc.cluster.local)
	at java.base/java.net.Inet6AddressImpl.lookupAllHostAddr(Native Method)
	at java.base/java.net.Inet6AddressImpl.lookupAllHostAddr(Inet6AddressImpl.java:52)
	at java.base/java.net.InetAddress$PlatformResolver.lookupByName(InetAddress.java:1048)
	at java.base/java.net.InetAddress.getAddressesFromNameService(InetAddress.java:1648)
	at java.base/java.net.InetAddress$NameServiceAddresses.get(InetAddress.java:997)
	at java.base/java.net.InetAddress.getAllByName0(InetAddress.java:1638)
	at java.base/java.net.InetAddress.getAllByName(InetAddress.java:1504)
	at java.base/java.net.InetAddress.getByName(InetAddress.java:1393)
	at io.netty.util.internal.SocketUtils$8.run(SocketUtils.java:156)
	at io.netty.util.internal.SocketUtils$8.run(SocketUtils.java:153)
	at java.base/java.security.AccessController.doPrivileged(AccessController.java:569)
	at io.netty.util.internal.SocketUtils.addressByName(SocketUtils.java:153)
	at io.netty.resolver.DefaultNameResolver.doResolve(DefaultNameResolver.java:41)
	at io.netty.resolver.SimpleNameResolver.resolve(SimpleNameResolver.java:61)
	at io.netty.resolver.SimpleNameResolver.resolve(SimpleNameResolver.java:53)
	at io.netty.resolver.InetSocketAddressResolver.doResolve(InetSocketAddressResolver.java:55)
	at io.netty.resolver.InetSocketAddressResolver.doResolve(InetSocketAddressResolver.java:31)
	at io.netty.resolver.AbstractAddressResolver.resolve(AbstractAddressResolver.java:106)
	at io.netty.bootstrap.Bootstrap.doResolveAndConnect0(Bootstrap.java:220)
	... 22 common frames omitted
2026-04-07 23:36:42.231 WARN  [HikariPool-1:housekeeper] com.zaxxer.hikari.pool.PoolBase - HikariPool-1 - Failed to validate connection oracle.jdbc.driver.T4CConnection@5762a76c (ORA-17008: Closed connection
https://docs.oracle.com/error-help/db/ora-17008/). Possibly consider using a shorter maxLifetime value.
2026-04-07 23:41:18.697 WARN  [main] org.hibernate.orm.deprecation - HHH90000025: OracleDialect does not need to be specified explicitly using 'hibernate.dialect' (remove the property setting and it will be selected by default)
2026-04-07 23:41:20.803 WARN  [main] o.s.b.a.o.j.JpaBaseConfiguration$JpaWebConfiguration - spring.jpa.open-in-view is enabled by default. Therefore, database queries may be performed during view rendering. Explicitly configure spring.jpa.open-in-view to disable this warning
2026-04-07 23:41:25.326 WARN  [lettuce-nioEventLoop-6-1] io.lettuce.core.RedisClient - Cannot connect Redis Sentinel at redis://redis-sentinel.redis.svc.cluster.local:26379?timeout=500000000ns: java.util.concurrent.CompletionException: java.net.UnknownHostException: No such host is known (redis-sentinel.redis.svc.cluster.local)
2026-04-07 23:41:25.336 WARN  [boundedElastic-1] o.s.b.a.d.r.RedisReactiveHealthIndicator - Redis health check failed
org.springframework.data.redis.RedisConnectionFailureException: Unable to connect to Redis
	at org.springframework.data.redis.connection.lettuce.LettuceConnectionFactory$ExceptionTranslatingConnectionProvider.translateException(LettuceConnectionFactory.java:1858)
	at org.springframework.data.redis.connection.lettuce.LettuceConnectionFactory$ExceptionTranslatingConnectionProvider.getConnection(LettuceConnectionFactory.java:1789)
	at org.springframework.data.redis.connection.lettuce.LettuceConnectionFactory$SharedConnection.getNativeConnection(LettuceConnectionFactory.java:1586)
	at org.springframework.data.redis.connection.lettuce.LettuceConnectionFactory$SharedConnection.lambda$getConnection$0(LettuceConnectionFactory.java:1566)
	at org.springframework.data.redis.connection.lettuce.LettuceConnectionFactory.doInLock(LettuceConnectionFactory.java:1527)
	at org.springframework.data.redis.connection.lettuce.LettuceConnectionFactory$SharedConnection.getConnection(LettuceConnectionFactory.java:1563)
	at org.springframework.data.redis.connection.lettuce.LettuceConnectionFactory.getSharedReactiveConnection(LettuceConnectionFactory.java:1274)
	at org.springframework.data.redis.connection.lettuce.LettuceConnectionFactory.getReactiveConnection(LettuceConnectionFactory.java:1149)
	at org.springframework.data.redis.connection.lettuce.LettuceConnectionFactory.getReactiveConnection(LettuceConnectionFactory.java:120)
	at reactor.core.publisher.MonoSupplier.call(MonoSupplier.java:67)
	at reactor.core.publisher.FluxSubscribeOnCallable$CallableSubscribeOnSubscription.run(FluxSubscribeOnCallable.java:228)
	at reactor.core.scheduler.SchedulerTask.call(SchedulerTask.java:68)
	at reactor.core.scheduler.SchedulerTask.call(SchedulerTask.java:28)
	at java.base/java.util.concurrent.FutureTask.run(FutureTask.java:264)
	at java.base/java.util.concurrent.ScheduledThreadPoolExecutor$ScheduledFutureTask.run(ScheduledThreadPoolExecutor.java:304)
	at java.base/java.util.concurrent.ThreadPoolExecutor.runWorker(ThreadPoolExecutor.java:1136)
	at java.base/java.util.concurrent.ThreadPoolExecutor$Worker.run(ThreadPoolExecutor.java:635)
	at java.base/java.lang.Thread.run(Thread.java:833)
Caused by: org.springframework.data.redis.connection.PoolException: Could not prepare the pool
	at org.springframework.data.redis.connection.lettuce.LettucePoolingConnectionProvider.lambda$getConnection$1(LettucePoolingConnectionProvider.java:101)
	at java.base/java.util.concurrent.ConcurrentHashMap.computeIfAbsent(ConcurrentHashMap.java:1708)
	at org.springframework.data.redis.connection.lettuce.LettucePoolingConnectionProvider.getConnection(LettucePoolingConnectionProvider.java:93)
	at org.springframework.data.redis.connection.lettuce.LettuceConnectionFactory$ExceptionTranslatingConnectionProvider.getConnection(LettuceConnectionFactory.java:1787)
	... 16 common frames omitted
Caused by: io.lettuce.core.RedisConnectionException: Cannot connect to a Redis Sentinel: [redis://redis-sentinel.redis.svc.cluster.local:26379?timeout=500000000ns]
	at io.lettuce.core.RedisConnectionException.create(RedisConnectionException.java:57)
	at io.lettuce.core.RedisConnectionException.create(RedisConnectionException.java:41)
	at io.lettuce.core.AbstractRedisClient.getConnection(AbstractRedisClient.java:354)
	at io.lettuce.core.RedisClient.connect(RedisClient.java:220)
	at org.springframework.data.redis.connection.lettuce.StandaloneConnectionProvider.lambda$getConnection$1(StandaloneConnectionProvider.java:112)
	at java.base/java.util.Optional.orElseGet(Optional.java:364)
	at org.springframework.data.redis.connection.lettuce.StandaloneConnectionProvider.getConnection(StandaloneConnectionProvider.java:112)
	at org.springframework.data.redis.connection.lettuce.LettucePoolingConnectionProvider.lambda$getConnection$0(LettucePoolingConnectionProvider.java:96)
	at io.lettuce.core.support.ConnectionPoolSupport$RedisPooledObjectFactory.create(ConnectionPoolSupport.java:270)
	at io.lettuce.core.support.ConnectionPoolSupport$RedisPooledObjectFactory.create(ConnectionPoolSupport.java:257)
	at org.apache.commons.pool2.BasePooledObjectFactory.makeObject(BasePooledObjectFactory.java:68)
	at org.apache.commons.pool2.impl.GenericObjectPool.create(GenericObjectPool.java:557)
	at org.apache.commons.pool2.impl.GenericObjectPool.ensureIdle(GenericObjectPool.java:630)
	at org.apache.commons.pool2.impl.GenericObjectPool.ensureMinIdle(GenericObjectPool.java:652)
	at org.apache.commons.pool2.impl.GenericObjectPool.preparePool(GenericObjectPool.java:970)
	at org.springframework.data.redis.connection.lettuce.LettucePoolingConnectionProvider.lambda$getConnection$1(LettucePoolingConnectionProvider.java:99)
	... 19 common frames omitted
Caused by: io.lettuce.core.RedisConnectionException: Cannot connect Redis Sentinel at redis://redis-sentinel.redis.svc.cluster.local:26379?timeout=500000000ns
	at io.lettuce.core.RedisClient.lambda$connectSentinelAsync$6(RedisClient.java:533)
	at reactor.core.publisher.Mono.lambda$onErrorMap$29(Mono.java:3862)
	at reactor.core.publisher.FluxOnErrorResume$ResumeSubscriber.onError(FluxOnErrorResume.java:94)
	at reactor.core.publisher.FluxOnErrorResume$ResumeSubscriber.onError(FluxOnErrorResume.java:106)
	at reactor.core.publisher.Operators.error(Operators.java:198)
	at reactor.core.publisher.MonoError.subscribe(MonoError.java:53)
	at reactor.core.publisher.Mono.subscribe(Mono.java:4576)
	at reactor.core.publisher.FluxOnErrorResume$ResumeSubscriber.onError(FluxOnErrorResume.java:103)
	at reactor.core.publisher.MonoCompletionStage$MonoCompletionStageSubscription.apply(MonoCompletionStage.java:115)
	at reactor.core.publisher.MonoCompletionStage$MonoCompletionStageSubscription.apply(MonoCompletionStage.java:67)
	at java.base/java.util.concurrent.CompletableFuture.uniHandle(CompletableFuture.java:934)
	at java.base/java.util.concurrent.CompletableFuture$UniHandle.tryFire(CompletableFuture.java:911)
	at java.base/java.util.concurrent.CompletableFuture.postComplete(CompletableFuture.java:510)
	at java.base/java.util.concurrent.CompletableFuture.completeExceptionally(CompletableFuture.java:2162)
	at io.lettuce.core.AbstractRedisClient.lambda$initializeChannelAsync0$6(AbstractRedisClient.java:458)
	at io.netty.util.concurrent.DefaultPromise.notifyListener0(DefaultPromise.java:603)
	at io.netty.util.concurrent.DefaultPromise.notifyListenersNow(DefaultPromise.java:570)
	at io.netty.util.concurrent.DefaultPromise.notifyListeners(DefaultPromise.java:505)
	at io.netty.util.concurrent.DefaultPromise.setValue0(DefaultPromise.java:649)
	at io.netty.util.concurrent.DefaultPromise.setFailure0(DefaultPromise.java:642)
	at io.netty.util.concurrent.DefaultPromise.setFailure(DefaultPromise.java:123)
	at io.netty.channel.DefaultChannelPromise.setFailure(DefaultChannelPromise.java:89)
	at io.netty.bootstrap.Bootstrap.doResolveAndConnect0(Bootstrap.java:228)
	at io.netty.bootstrap.Bootstrap.access$000(Bootstrap.java:47)
	at io.netty.bootstrap.Bootstrap$1.operationComplete(Bootstrap.java:189)
	at io.netty.bootstrap.Bootstrap$1.operationComplete(Bootstrap.java:175)
	at io.netty.util.concurrent.DefaultPromise.notifyListener0(DefaultPromise.java:603)
	at io.netty.util.concurrent.DefaultPromise.notifyListenersNow(DefaultPromise.java:570)
	at io.netty.util.concurrent.DefaultPromise.notifyListeners(DefaultPromise.java:505)
	at io.netty.util.concurrent.DefaultPromise.setValue0(DefaultPromise.java:649)
	at io.netty.util.concurrent.DefaultPromise.setSuccess0(DefaultPromise.java:638)
	at io.netty.util.concurrent.DefaultPromise.trySuccess(DefaultPromise.java:118)
	at io.netty.channel.DefaultChannelPromise.trySuccess(DefaultChannelPromise.java:84)
	at io.netty.channel.AbstractChannel$AbstractUnsafe.safeSetSuccess(AbstractChannel.java:988)
	at io.netty.channel.AbstractChannel$AbstractUnsafe.register0(AbstractChannel.java:515)
	at io.netty.channel.AbstractChannel$AbstractUnsafe.access$200(AbstractChannel.java:428)
	at io.netty.channel.AbstractChannel$AbstractUnsafe$1.run(AbstractChannel.java:485)
	at io.netty.util.concurrent.AbstractEventExecutor.runTask(AbstractEventExecutor.java:173)
	at io.netty.util.concurrent.AbstractEventExecutor.safeExecute(AbstractEventExecutor.java:166)
	at io.netty.util.concurrent.SingleThreadEventExecutor.runAllTasks(SingleThreadEventExecutor.java:472)
	at io.netty.channel.nio.NioEventLoop.run(NioEventLoop.java:569)
	at io.netty.util.concurrent.SingleThreadEventExecutor$4.run(SingleThreadEventExecutor.java:998)
	at io.netty.util.internal.ThreadExecutorMap$2.run(ThreadExecutorMap.java:74)
	at io.netty.util.concurrent.FastThreadLocalRunnable.run(FastThreadLocalRunnable.java:30)
	... 1 common frames omitted
Caused by: java.net.UnknownHostException: No such host is known (redis-sentinel.redis.svc.cluster.local)
	at java.base/java.net.Inet6AddressImpl.lookupAllHostAddr(Native Method)
	at java.base/java.net.Inet6AddressImpl.lookupAllHostAddr(Inet6AddressImpl.java:52)
	at java.base/java.net.InetAddress$PlatformResolver.lookupByName(InetAddress.java:1048)
	at java.base/java.net.InetAddress.getAddressesFromNameService(InetAddress.java:1648)
	at java.base/java.net.InetAddress$NameServiceAddresses.get(InetAddress.java:997)
	at java.base/java.net.InetAddress.getAllByName0(InetAddress.java:1638)
	at java.base/java.net.InetAddress.getAllByName(InetAddress.java:1504)
	at java.base/java.net.InetAddress.getByName(InetAddress.java:1393)
	at io.netty.util.internal.SocketUtils$8.run(SocketUtils.java:156)
	at io.netty.util.internal.SocketUtils$8.run(SocketUtils.java:153)
	at java.base/java.security.AccessController.doPrivileged(AccessController.java:569)
	at io.netty.util.internal.SocketUtils.addressByName(SocketUtils.java:153)
	at io.netty.resolver.DefaultNameResolver.doResolve(DefaultNameResolver.java:41)
	at io.netty.resolver.SimpleNameResolver.resolve(SimpleNameResolver.java:61)
	at io.netty.resolver.SimpleNameResolver.resolve(SimpleNameResolver.java:53)
	at io.netty.resolver.InetSocketAddressResolver.doResolve(InetSocketAddressResolver.java:55)
	at io.netty.resolver.InetSocketAddressResolver.doResolve(InetSocketAddressResolver.java:31)
	at io.netty.resolver.AbstractAddressResolver.resolve(AbstractAddressResolver.java:106)
	at io.netty.bootstrap.Bootstrap.doResolveAndConnect0(Bootstrap.java:220)
	... 22 common frames omitted
